#
# There is insufficient memory for the Java Runtime Environment to continue.
# Native memory allocation (malloc) failed to allocate 1163904 bytes for Chunk::new
# Possible reasons:
#   The system is out of physical RAM or swap space
#   The process is running with CompressedOops enabled, and the Java Heap may be blocking the growth of the native heap
# Possible solutions:
#   Reduce memory load on the system
#   Increase physical memory or swap space
#   Check if swap backing store is full
#   Decrease Java heap size (-Xmx/-Xms)
#   Decrease number of Java threads
#   Decrease Java thread stack sizes (-Xss)
#   Set larger code cache with -XX:ReservedCodeCacheSize=
#   JVM is running with Zero Based Compressed Oops mode in which the Java heap is
#     placed in the first 32GB address space. The Java Heap base address is the
#     maximum limit for the native heap growth. Please use -XX:HeapBaseMinAddress
#     to set the Java Heap base and to place the Java Heap above 32GB virtual address.
# This output file may be truncated or incomplete.
#
#  Out of Memory Error (arena.cpp:189), pid=13084, tid=23232
#
# JRE version: Java(TM) SE Runtime Environment (17.0.12+8) (build 17.0.12+8-LTS-286)
# Java VM: Java HotSpot(TM) 64-Bit Server VM (17.0.12+8-LTS-286, mixed mode, sharing, tiered, compressed oops, compressed class ptrs, g1 gc, windows-amd64)
# No core dump will be written. Minidumps are not enabled by default on client versions of Windows
#

---------------  S U M M A R Y ------------

Command Line: --add-opens=java.base/java.lang=ALL-UNNAMED --add-opens=java.base/java.lang.invoke=ALL-UNNAMED --add-opens=java.base/java.util=ALL-UNNAMED --add-opens=java.prefs/java.util.prefs=ALL-UNNAMED --add-exports=jdk.compiler/com.sun.tools.javac.api=ALL-UNNAMED --add-exports=jdk.compiler/com.sun.tools.javac.util=ALL-UNNAMED --add-opens=java.base/java.util=ALL-UNNAMED --add-opens=java.prefs/java.util.prefs=ALL-UNNAMED --add-opens=java.base/java.nio.charset=ALL-UNNAMED --add-opens=java.base/java.net=ALL-UNNAMED --add-opens=java.base/java.util.concurrent=ALL-UNNAMED --add-opens=java.base/java.util.concurrent.atomic=ALL-UNNAMED --add-opens=java.xml/javax.xml.namespace=ALL-UNNAMED -XX:MaxMetaspaceSize=1024m -Xmx4096m -Dfile.encoding=UTF-8 -Duser.country=IN -Duser.language=en -Duser.variant -javaagent:C:\Users\Rohit\.gradle\wrapper\dists\gradle-9.0.0-bin\d6wjpkvcgsg3oed0qlfss3wgl\gradle-9.0.0\lib\agents\gradle-instrumentation-agent-9.0.0.jar org.gradle.launcher.daemon.bootstrap.GradleDaemon 9.0.0

Host: 13th Gen Intel(R) Core(TM) i5-13420H, 12 cores, 15G,  Windows 11 , 64 bit Build 26100 (10.0.26100.8246)
Time: Wed Apr 29 15:29:34 2026 India Standard Time elapsed time: 44.858858 seconds (0d 0h 0m 44s)

---------------  T H R E A D  ---------------

Current thread (0x000002be8a7165f0):  JavaThread "C2 CompilerThread0" daemon [_thread_in_native, id=23232, stack(0x000000fec4600000,0x000000fec4700000)]


Current CompileTask:
C2:  44859 15996       4       java.lang.invoke.MethodHandleImpl::makePairwiseConvertByEditor (627 bytes)

Stack: [0x000000fec4600000,0x000000fec4700000]
Native frames: (J=compiled Java code, j=interpreted, Vv=VM code, C=native code)
V  [jvm.dll+0x67a04a]
V  [jvm.dll+0x7da4ed]
V  [jvm.dll+0x7dbe33]
V  [jvm.dll+0x7dc4a3]
V  [jvm.dll+0x24508f]
V  [jvm.dll+0xab773]
V  [jvm.dll+0xabd3c]
V  [jvm.dll+0x361bee]
V  [jvm.dll+0x32c431]
V  [jvm.dll+0x32b8ca]
V  [jvm.dll+0x21683f]
V  [jvm.dll+0x215c6f]
V  [jvm.dll+0x1a2960]
V  [jvm.dll+0x22610b]
V  [jvm.dll+0x2242ab]
V  [jvm.dll+0x79075c]
V  [jvm.dll+0x78abea]
V  [jvm.dll+0x678f35]
C  [ucrtbase.dll+0x37b0]
C  [KERNEL32.DLL+0x2e8d7]
C  [ntdll.dll+0x8c3fc]


---------------  P R O C E S S  ---------------

Threads class SMR info:
_java_thread_list=0x000002becb8e1080, length=197, elements={
0x000002bee78ac680, 0x000002be8a6ebbe0, 0x000002be8a6ee230, 0x000002be8a6fffa0,
0x000002be8a702880, 0x000002be8a703cc0, 0x000002be8a705710, 0x000002be8a7165f0,
0x000002be8a741480, 0x000002be8a741d90, 0x000002be8ad07be0, 0x000002be8ada4f20,
0x000002bec5e6a010, 0x000002bec5f3c570, 0x000002bec60dae90, 0x000002bec60da3c0,
0x000002bec5e4f200, 0x000002bec5f6cee0, 0x000002bec5f6b080, 0x000002bec5f6d900,
0x000002bec5f6b590, 0x000002bec5f6d3f0, 0x000002bec5f6de10, 0x000002bec5f6e320,
0x000002bec5f6e830, 0x000002bec5f6c4c0, 0x000002bec5f6baa0, 0x000002bec5f6bfb0,
0x000002bec5f6c9d0, 0x000002bec750e830, 0x000002bec750f250, 0x000002bec7511fe0,
0x000002bec7510ba0, 0x000002bec75115c0, 0x000002bec7510180, 0x000002bec7511ad0,
0x000002bec750f760, 0x000002bec75124f0, 0x000002bec7510690, 0x000002bec750ed40,
0x000002bec7513930, 0x000002bec7513e40, 0x000002bec7514350, 0x000002bec7514860,
0x000002bec7515280, 0x000002bec7514d70, 0x000002bec7512f10, 0x000002bec7515790,
0x000002bec7515ca0, 0x000002bec75161b0, 0x000002bec7512a00, 0x000002bec7513420,
0x000002bec4dff9d0, 0x000002bec4dfd150, 0x000002bec4dfe590, 0x000002bec4dffee0,
0x000002bec4dfeaa0, 0x000002bec4dfdb70, 0x000002bec4dfd660, 0x000002bec4dfefb0,
0x000002bec4dfc730, 0x000002bec4dff4c0, 0x000002bec4dfe080, 0x000002bec4e003f0,
0x000002bec4dfcc40, 0x000002bec4e01830, 0x000002bec4e03180, 0x000002bec4e02c70,
0x000002bec4e01d40, 0x000002bec4e02760, 0x000002bec4e00e10, 0x000002bec4e00900,
0x000002bec4e03690, 0x000002bec4e03ba0, 0x000002bec4e040b0, 0x000002bec4e01320,
0x000002bec659fe60, 0x000002bec65a0d90, 0x000002bec659ef30, 0x000002bec65a0370,
0x000002bec659ea20, 0x000002bec65a0880, 0x000002bec659daf0, 0x000002bec659d5e0,
0x000002bec65a4540, 0x000002bec65a3100, 0x000002bec65a3b20, 0x000002bec65a4030,
0x000002bec65a2bf0, 0x000002bec65a4a50, 0x000002bec65a12a0, 0x000002bec65a1cc0,
0x000002bec65a4f60, 0x000002bec65a3610, 0x000002bec65a17b0, 0x000002bec65a21d0,
0x000002bec65a26e0, 0x000002bec7887a50, 0x000002bec7887f60, 0x000002bec7889dc0,
0x000002bec788acf0, 0x000002bec788a2d0, 0x000002bec788b200, 0x000002bec78898b0,
0x000002bec7888e90, 0x000002bec788a7e0, 0x000002bec788bc20, 0x000002bec788b710,
0x000002bec78893a0, 0x000002bec7888470, 0x000002bec788c130, 0x000002bec7888980,
0x000002bec788c640, 0x000002bec788d570, 0x000002bec788d060, 0x000002bec788e4a0,
0x000002bec788da80, 0x000002bec788e9b0, 0x000002bec788df90, 0x000002bec788cb50,
0x000002bec788f3d0, 0x000002bec788eec0, 0x000002bec6155e50, 0x000002bec6155940,
0x000002bec6154500, 0x000002bec61581c0, 0x000002bec6154a10, 0x000002bec6156d80,
0x000002bec6157290, 0x000002bec6156360, 0x000002bec61586d0, 0x000002bec6157cb0,
0x000002bec6154f20, 0x000002bec6158be0, 0x000002bec6155430, 0x000002bec615a020,
0x000002bec61590f0, 0x000002bec6159600, 0x000002bec6159b10, 0x000002bec6156870,
0x000002bec615a530, 0x000002bec615af50, 0x000002bec615aa40, 0x000002bec615b460,
0x000002bec615b970, 0x000002bec615be80, 0x000002beca5adc90, 0x000002beca5ad780,
0x000002beca5ad270, 0x000002beca5ae1a0, 0x000002beca5ae6b0, 0x000002beca5ab920,
0x000002beca5aebc0, 0x000002beca5aaf00, 0x000002beca5acd60, 0x000002beca5ab410,
0x000002beca5abe30, 0x000002beca5af0d0, 0x000002beca5af5e0, 0x000002beca5afaf0,
0x000002beca5ac340, 0x000002beca5b0000, 0x000002beca5ac850, 0x000002beca5b0510,
0x000002beca5b1e60, 0x000002beca5b0a20, 0x000002beca5b0f30, 0x000002beca5b2880,
0x000002beca5b1440, 0x000002beca5b1950, 0x000002beca5b2370, 0x000002bec67590b0,
0x000002bec67595c0, 0x000002bec675af10, 0x000002bec6759ad0, 0x000002bec6759fe0,
0x000002bec675b930, 0x000002bec675c350, 0x000002bec6758ba0, 0x000002bec675d280,
0x000002bec675aa00, 0x000002bec675dca0, 0x000002bec675e6c0, 0x000002bec675e1b0,
0x000002bec675c860, 0x000002bec675d790, 0x000002bec6760520, 0x000002bec7883770,
0x000002bec78850c0, 0x000002bec78855d0, 0x000002bec7885ae0, 0x000002becb5f7aa0,
0x000002becb5f84c0, 0x000002becb5f6660, 0x000002becb5f89d0, 0x000002becb5f7590,
0x000002becb5f93f0
}

Java Threads: ( => current thread )
  0x000002bee78ac680 JavaThread "main" [_thread_blocked, id=26808, stack(0x000000fec3900000,0x000000fec3a00000)]
  0x000002be8a6ebbe0 JavaThread "Reference Handler" daemon [_thread_blocked, id=14424, stack(0x000000fec4000000,0x000000fec4100000)]
  0x000002be8a6ee230 JavaThread "Finalizer" daemon [_thread_blocked, id=13420, stack(0x000000fec4100000,0x000000fec4200000)]
  0x000002be8a6fffa0 JavaThread "Signal Dispatcher" daemon [_thread_blocked, id=22336, stack(0x000000fec4200000,0x000000fec4300000)]
  0x000002be8a702880 JavaThread "Attach Listener" daemon [_thread_blocked, id=29144, stack(0x000000fec4300000,0x000000fec4400000)]
  0x000002be8a703cc0 JavaThread "Service Thread" daemon [_thread_blocked, id=22116, stack(0x000000fec4400000,0x000000fec4500000)]
  0x000002be8a705710 JavaThread "Monitor Deflation Thread" daemon [_thread_blocked, id=13984, stack(0x000000fec4500000,0x000000fec4600000)]
=>0x000002be8a7165f0 JavaThread "C2 CompilerThread0" daemon [_thread_in_native, id=23232, stack(0x000000fec4600000,0x000000fec4700000)]
  0x000002be8a741480 JavaThread "C1 CompilerThread0" daemon [_thread_blocked, id=23416, stack(0x000000fec4700000,0x000000fec4800000)]
  0x000002be8a741d90 JavaThread "Sweeper thread" daemon [_thread_blocked, id=26964, stack(0x000000fec4800000,0x000000fec4900000)]
  0x000002be8ad07be0 JavaThread "Common-Cleaner" daemon [_thread_blocked, id=19736, stack(0x000000fec4900000,0x000000fec4a00000)]
  0x000002be8ada4f20 JavaThread "Notification Thread" daemon [_thread_blocked, id=26104, stack(0x000000fec4a00000,0x000000fec4b00000)]
  0x000002bec5e6a010 JavaThread "Daemon health stats" [_thread_blocked, id=25656, stack(0x000000fec4d00000,0x000000fec4e00000)]
  0x000002bec5f3c570 JavaThread "Incoming local TCP Connector on port 50991" [_thread_in_native, id=25348, stack(0x000000fec5300000,0x000000fec5400000)]
  0x000002bec60dae90 JavaThread "Daemon periodic checks" [_thread_blocked, id=11744, stack(0x000000fec5400000,0x000000fec5500000)]
  0x000002bec60da3c0 JavaThread "Daemon" [_thread_blocked, id=4476, stack(0x000000fec5500000,0x000000fec5600000)]
  0x000002bec5e4f200 JavaThread "Handler for socket connection from /127.0.0.1:50991 to /127.0.0.1:50992" [_thread_in_native, id=28772, stack(0x000000fec5600000,0x000000fec5700000)]
  0x000002bec5f6cee0 JavaThread "Cancel handler" [_thread_blocked, id=24908, stack(0x000000fec5700000,0x000000fec5800000)]
  0x000002bec5f6b080 JavaThread "Daemon worker" [_thread_in_native, id=2884, stack(0x000000fec4c00000,0x000000fec4d00000)]
  0x000002bec5f6d900 JavaThread "Asynchronous log dispatcher for DefaultDaemonConnection: socket connection from /127.0.0.1:50991 to /127.0.0.1:50992" [_thread_blocked, id=29332, stack(0x000000fec5800000,0x000000fec5900000)]
  0x000002bec5f6b590 JavaThread "Stdin handler" [_thread_blocked, id=29316, stack(0x000000fec5900000,0x000000fec5a00000)]
  0x000002bec5f6d3f0 JavaThread "Daemon client event forwarder" [_thread_blocked, id=27136, stack(0x000000fec5a00000,0x000000fec5b00000)]
  0x000002bec5f6de10 JavaThread "Cache worker for journal cache (C:\Users\Rohit\.gradle\caches\journal-1)" [_thread_blocked, id=24856, stack(0x000000fec5b00000,0x000000fec5c00000)]
  0x000002bec5f6e320 JavaThread "File lock request listener" [_thread_in_native, id=18176, stack(0x000000fec5c00000,0x000000fec5d00000)]
  0x000002bec5f6e830 JavaThread "Cache worker for file hash cache (C:\Users\Rohit\.gradle\caches\9.0.0\fileHashes)" [_thread_blocked, id=8136, stack(0x000000fec5d00000,0x000000fec5e00000)]
  0x000002bec5f6c4c0 JavaThread "Cache worker for file hash cache (D:\my project\main project\FootFlex\forntend\android\.gradle\9.0.0\fileHashes)" [_thread_blocked, id=14732, stack(0x000000fec6600000,0x000000fec6700000)]
  0x000002bec5f6baa0 JavaThread "Cache worker for Build Output Cleanup Cache (D:\my project\main project\FootFlex\forntend\android\.gradle\buildOutputCleanup)" [_thread_blocked, id=17568, stack(0x000000fec6700000,0x000000fec6800000)]
  0x000002bec5f6bfb0 JavaThread "File watcher server" daemon [_thread_in_native, id=17000, stack(0x000000fec6800000,0x000000fec6900000)]
  0x000002bec5f6c9d0 JavaThread "File watcher consumer" daemon [_thread_blocked, id=6356, stack(0x000000fec6900000,0x000000fec6a00000)]
  0x000002bec750e830 JavaThread "Cache worker for checksums cache (D:\my project\main project\FootFlex\forntend\android\.gradle\9.0.0\checksums)" [_thread_blocked, id=4016, stack(0x000000fec6a00000,0x000000fec6b00000)]
  0x000002bec750f250 JavaThread "Cache worker for file content cache (C:\Users\Rohit\.gradle\caches\9.0.0\fileContent)" [_thread_blocked, id=27500, stack(0x000000fec6b00000,0x000000fec6c00000)]
  0x000002bec7511fe0 JavaThread "Cache worker for cache directory md-supplier (C:\Users\Rohit\.gradle\caches\9.0.0\md-supplier)" [_thread_blocked, id=14836, stack(0x000000fec6d00000,0x000000fec6e00000)]
  0x000002bec7510ba0 JavaThread "Cache worker for cache directory md-rule (C:\Users\Rohit\.gradle\caches\9.0.0\md-rule)" [_thread_blocked, id=16864, stack(0x000000fec6e00000,0x000000fec6f00000)]
  0x000002bec75115c0 JavaThread "jar transforms" [_thread_blocked, id=23956, stack(0x000000fec6f00000,0x000000fec7000000)]
  0x000002bec7510180 JavaThread "Cache worker for Build Output Cleanup Cache (D:\my project\main project\FootFlex\forntend\node_modules\@react-native\gradle-plugin\.gradle\buildOutputCleanup)" [_thread_blocked, id=15760, stack(0x000000fec7100000,0x000000fec7200000)]
  0x000002bec7511ad0 JavaThread "Unconstrained build operations" [_thread_blocked, id=14188, stack(0x000000fec7000000,0x000000fec7100000)]
  0x000002bec750f760 JavaThread "Unconstrained build operations Thread 2" [_thread_blocked, id=11424, stack(0x000000fec7200000,0x000000fec7300000)]
  0x000002bec75124f0 JavaThread "Unconstrained build operations Thread 3" [_thread_blocked, id=11268, stack(0x000000fec7300000,0x000000fec7400000)]
  0x000002bec7510690 JavaThread "Unconstrained build operations Thread 4" [_thread_blocked, id=15316, stack(0x000000fec7400000,0x000000fec7500000)]
  0x000002bec750ed40 JavaThread "Unconstrained build operations Thread 5" [_thread_blocked, id=28176, stack(0x000000fec7500000,0x000000fec7600000)]
  0x000002bec7513930 JavaThread "Unconstrained build operations Thread 6" [_thread_blocked, id=17024, stack(0x000000fec7600000,0x000000fec7700000)]
  0x000002bec7513e40 JavaThread "Unconstrained build operations Thread 7" [_thread_blocked, id=24192, stack(0x000000fec7800000,0x000000fec7900000)]
  0x000002bec7514350 JavaThread "Unconstrained build operations Thread 8" [_thread_blocked, id=14968, stack(0x000000fec7900000,0x000000fec7a00000)]
  0x000002bec7514860 JavaThread "Unconstrained build operations Thread 9" [_thread_blocked, id=23340, stack(0x000000fec7a00000,0x000000fec7b00000)]
  0x000002bec7515280 JavaThread "Unconstrained build operations Thread 10" [_thread_blocked, id=14596, stack(0x000000fec7b00000,0x000000fec7c00000)]
  0x000002bec7514d70 JavaThread "Unconstrained build operations Thread 11" [_thread_blocked, id=5612, stack(0x000000fec7c00000,0x000000fec7d00000)]
  0x000002bec7512f10 JavaThread "Unconstrained build operations Thread 12" [_thread_blocked, id=28164, stack(0x000000fec7d00000,0x000000fec7e00000)]
  0x000002bec7515790 JavaThread "Unconstrained build operations Thread 13" [_thread_blocked, id=22784, stack(0x000000fec7e00000,0x000000fec7f00000)]
  0x000002bec7515ca0 JavaThread "Unconstrained build operations Thread 14" [_thread_blocked, id=22272, stack(0x000000fec7f00000,0x000000fec8000000)]
  0x000002bec75161b0 JavaThread "Unconstrained build operations Thread 15" [_thread_blocked, id=10872, stack(0x000000fec8000000,0x000000fec8100000)]
  0x000002bec7512a00 JavaThread "Unconstrained build operations Thread 16" [_thread_blocked, id=19444, stack(0x000000fec8100000,0x000000fec8200000)]
  0x000002bec7513420 JavaThread "Unconstrained build operations Thread 17" [_thread_blocked, id=4720, stack(0x000000fec8200000,0x000000fec8300000)]
  0x000002bec4dff9d0 JavaThread "Unconstrained build operations Thread 18" [_thread_blocked, id=25912, stack(0x000000fec8300000,0x000000fec8400000)]
  0x000002bec4dfd150 JavaThread "Unconstrained build operations Thread 19" [_thread_blocked, id=14096, stack(0x000000fec8400000,0x000000fec8500000)]
  0x000002bec4dfe590 JavaThread "Unconstrained build operations Thread 20" [_thread_blocked, id=27304, stack(0x000000fec8500000,0x000000fec8600000)]
  0x000002bec4dffee0 JavaThread "Unconstrained build operations Thread 21" [_thread_blocked, id=404, stack(0x000000fec8600000,0x000000fec8700000)]
  0x000002bec4dfeaa0 JavaThread "Unconstrained build operations Thread 22" [_thread_blocked, id=11536, stack(0x000000fec8700000,0x000000fec8800000)]
  0x000002bec4dfdb70 JavaThread "Unconstrained build operations Thread 23" [_thread_blocked, id=26260, stack(0x000000fec8800000,0x000000fec8900000)]
  0x000002bec4dfd660 JavaThread "Unconstrained build operations Thread 24" [_thread_blocked, id=18668, stack(0x000000fec8900000,0x000000fec8a00000)]
  0x000002bec4dfefb0 JavaThread "Unconstrained build operations Thread 25" [_thread_blocked, id=22260, stack(0x000000fec8a00000,0x000000fec8b00000)]
  0x000002bec4dfc730 JavaThread "Unconstrained build operations Thread 26" [_thread_blocked, id=19816, stack(0x000000fec8b00000,0x000000fec8c00000)]
  0x000002bec4dff4c0 JavaThread "Unconstrained build operations Thread 27" [_thread_blocked, id=12764, stack(0x000000fec8c00000,0x000000fec8d00000)]
  0x000002bec4dfe080 JavaThread "Unconstrained build operations Thread 28" [_thread_blocked, id=14868, stack(0x000000fec8d00000,0x000000fec8e00000)]
  0x000002bec4e003f0 JavaThread "Unconstrained build operations Thread 29" [_thread_blocked, id=29400, stack(0x000000fec8e00000,0x000000fec8f00000)]
  0x000002bec4dfcc40 JavaThread "Unconstrained build operations Thread 30" [_thread_blocked, id=8672, stack(0x000000fec8f00000,0x000000fec9000000)]
  0x000002bec4e01830 JavaThread "Unconstrained build operations Thread 31" [_thread_blocked, id=17200, stack(0x000000fec9000000,0x000000fec9100000)]
  0x000002bec4e03180 JavaThread "Unconstrained build operations Thread 32" [_thread_blocked, id=27352, stack(0x000000fec9100000,0x000000fec9200000)]
  0x000002bec4e02c70 JavaThread "Unconstrained build operations Thread 33" [_thread_blocked, id=12156, stack(0x000000fec9200000,0x000000fec9300000)]
  0x000002bec4e01d40 JavaThread "Unconstrained build operations Thread 34" [_thread_blocked, id=7104, stack(0x000000fec9300000,0x000000fec9400000)]
  0x000002bec4e02760 JavaThread "Unconstrained build operations Thread 35" [_thread_blocked, id=13916, stack(0x000000fec9400000,0x000000fec9500000)]
  0x000002bec4e00e10 JavaThread "Unconstrained build operations Thread 36" [_thread_blocked, id=12604, stack(0x000000fec9500000,0x000000fec9600000)]
  0x000002bec4e00900 JavaThread "Unconstrained build operations Thread 37" [_thread_blocked, id=28620, stack(0x000000fec9600000,0x000000fec9700000)]
  0x000002bec4e03690 JavaThread "Unconstrained build operations Thread 38" [_thread_blocked, id=17892, stack(0x000000fec9700000,0x000000fec9800000)]
  0x000002bec4e03ba0 JavaThread "Unconstrained build operations Thread 39" [_thread_blocked, id=5692, stack(0x000000fec9800000,0x000000fec9900000)]
  0x000002bec4e040b0 JavaThread "build event listener" [_thread_blocked, id=27036, stack(0x000000fec7700000,0x000000fec7800000)]
  0x000002bec4e01320 JavaThread "Memory manager" [_thread_blocked, id=28596, stack(0x000000fec9900000,0x000000fec9a00000)]
  0x000002bec659fe60 JavaThread "ForkJoinPool.commonPool-worker-1" daemon [_thread_blocked, id=13592, stack(0x000000fec9a00000,0x000000fec9b00000)]
  0x000002bec65a0d90 JavaThread "ForkJoinPool.commonPool-worker-2" daemon [_thread_blocked, id=17656, stack(0x000000fec9b00000,0x000000fec9c00000)]
  0x000002bec659ef30 JavaThread "ForkJoinPool.commonPool-worker-3" daemon [_thread_blocked, id=26124, stack(0x000000fec9c00000,0x000000fec9d00000)]
  0x000002bec65a0370 JavaThread "ForkJoinPool.commonPool-worker-4" daemon [_thread_blocked, id=21920, stack(0x000000fec9d00000,0x000000fec9e00000)]
  0x000002bec659ea20 JavaThread "ForkJoinPool.commonPool-worker-5" daemon [_thread_blocked, id=14416, stack(0x000000fec9e00000,0x000000fec9f00000)]
  0x000002bec65a0880 JavaThread "ForkJoinPool.commonPool-worker-6" daemon [_thread_blocked, id=28820, stack(0x000000fec9f00000,0x000000feca000000)]
  0x000002bec659daf0 JavaThread "ForkJoinPool.commonPool-worker-7" daemon [_thread_blocked, id=9464, stack(0x000000feca000000,0x000000feca100000)]
  0x000002bec659d5e0 JavaThread "ForkJoinPool.commonPool-worker-8" daemon [_thread_blocked, id=8600, stack(0x000000feca100000,0x000000feca200000)]
  0x000002bec65a4540 JavaThread "ForkJoinPool.commonPool-worker-9" daemon [_thread_blocked, id=18788, stack(0x000000feca200000,0x000000feca300000)]
  0x000002bec65a3100 JavaThread "ForkJoinPool.commonPool-worker-10" daemon [_thread_blocked, id=2024, stack(0x000000feca300000,0x000000feca400000)]
  0x000002bec65a3b20 JavaThread "ForkJoinPool.commonPool-worker-11" daemon [_thread_blocked, id=20632, stack(0x000000feca400000,0x000000feca500000)]
  0x000002bec65a4030 JavaThread "included builds" [_thread_blocked, id=27192, stack(0x000000feca500000,0x000000feca600000)]
  0x000002bec65a2bf0 JavaThread "Execution worker" [_thread_blocked, id=13120, stack(0x000000feca600000,0x000000feca700000)]
  0x000002bec65a4a50 JavaThread "Execution worker Thread 2" [_thread_blocked, id=6840, stack(0x000000feca700000,0x000000feca800000)]
  0x000002bec65a12a0 JavaThread "Execution worker Thread 3" [_thread_blocked, id=26308, stack(0x000000feca800000,0x000000feca900000)]
  0x000002bec65a1cc0 JavaThread "Execution worker Thread 4" [_thread_blocked, id=17220, stack(0x000000feca900000,0x000000fecaa00000)]
  0x000002bec65a4f60 JavaThread "Execution worker Thread 5" [_thread_blocked, id=25968, stack(0x000000fecaa00000,0x000000fecab00000)]
  0x000002bec65a3610 JavaThread "Execution worker Thread 6" [_thread_blocked, id=27356, stack(0x000000fecab00000,0x000000fecac00000)]
  0x000002bec65a17b0 JavaThread "Execution worker Thread 7" [_thread_blocked, id=25448, stack(0x000000fecac00000,0x000000fecad00000)]
  0x000002bec65a21d0 JavaThread "Execution worker Thread 8" [_thread_blocked, id=26704, stack(0x000000fecad00000,0x000000fecae00000)]
  0x000002bec65a26e0 JavaThread "Execution worker Thread 9" [_thread_blocked, id=10516, stack(0x000000fecae00000,0x000000fecaf00000)]
  0x000002bec7887a50 JavaThread "Execution worker Thread 10" [_thread_blocked, id=15196, stack(0x000000fecaf00000,0x000000fecb000000)]
  0x000002bec7887f60 JavaThread "Execution worker Thread 11" [_thread_blocked, id=21176, stack(0x000000fecb000000,0x000000fecb100000)]
  0x000002bec7889dc0 JavaThread "Cache worker for execution history cache (D:\my project\main project\FootFlex\forntend\node_modules\@react-native\gradle-plugin\.gradle\9.0.0\executionHistory)" [_thread_blocked, id=28648, stack(0x000000fecb100000,0x000000fecb200000)]
  0x000002bec788acf0 JavaThread "Unconstrained build operations Thread 40" [_thread_blocked, id=4132, stack(0x000000fecb200000,0x000000fecb300000)]
  0x000002bec788a2d0 JavaThread "Unconstrained build operations Thread 41" [_thread_blocked, id=20048, stack(0x000000fecb300000,0x000000fecb400000)]
  0x000002bec788b200 JavaThread "Unconstrained build operations Thread 42" [_thread_blocked, id=24696, stack(0x000000fecb400000,0x000000fecb500000)]
  0x000002bec78898b0 JavaThread "Unconstrained build operations Thread 43" [_thread_blocked, id=12032, stack(0x000000fecb500000,0x000000fecb600000)]
  0x000002bec7888e90 JavaThread "Unconstrained build operations Thread 44" [_thread_blocked, id=27344, stack(0x000000fecb600000,0x000000fecb700000)]
  0x000002bec788a7e0 JavaThread "Unconstrained build operations Thread 45" [_thread_blocked, id=24952, stack(0x000000fecb700000,0x000000fecb800000)]
  0x000002bec788bc20 JavaThread "Unconstrained build operations Thread 46" [_thread_blocked, id=25016, stack(0x000000fecb800000,0x000000fecb900000)]
  0x000002bec788b710 JavaThread "Unconstrained build operations Thread 47" [_thread_blocked, id=8368, stack(0x000000fecb900000,0x000000fecba00000)]
  0x000002bec78893a0 JavaThread "Unconstrained build operations Thread 48" [_thread_blocked, id=28592, stack(0x000000fecba00000,0x000000fecbb00000)]
  0x000002bec7888470 JavaThread "Unconstrained build operations Thread 49" [_thread_blocked, id=19980, stack(0x000000fecbb00000,0x000000fecbc00000)]
  0x000002bec788c130 JavaThread "Unconstrained build operations Thread 50" [_thread_blocked, id=25480, stack(0x000000fecbc00000,0x000000fecbd00000)]
  0x000002bec7888980 JavaThread "Unconstrained build operations Thread 51" [_thread_blocked, id=28384, stack(0x000000fecbd00000,0x000000fecbe00000)]
  0x000002bec788c640 JavaThread "Unconstrained build operations Thread 52" [_thread_blocked, id=24152, stack(0x000000fecbe00000,0x000000fecbf00000)]
  0x000002bec788d570 JavaThread "Unconstrained build operations Thread 53" [_thread_blocked, id=29012, stack(0x000000fecbf00000,0x000000fecc000000)]
  0x000002bec788d060 JavaThread "Unconstrained build operations Thread 54" [_thread_blocked, id=14588, stack(0x000000fecc000000,0x000000fecc100000)]
  0x000002bec788e4a0 JavaThread "Unconstrained build operations Thread 55" [_thread_blocked, id=21860, stack(0x000000fecc100000,0x000000fecc200000)]
  0x000002bec788da80 JavaThread "Unconstrained build operations Thread 56" [_thread_blocked, id=27080, stack(0x000000fecc200000,0x000000fecc300000)]
  0x000002bec788e9b0 JavaThread "Unconstrained build operations Thread 57" [_thread_blocked, id=27004, stack(0x000000fecc300000,0x000000fecc400000)]
  0x000002bec788df90 JavaThread "Unconstrained build operations Thread 58" [_thread_blocked, id=23236, stack(0x000000fecc400000,0x000000fecc500000)]
  0x000002bec788cb50 JavaThread "Unconstrained build operations Thread 59" [_thread_blocked, id=23632, stack(0x000000fecc500000,0x000000fecc600000)]
  0x000002bec788f3d0 JavaThread "Unconstrained build operations Thread 60" [_thread_blocked, id=27588, stack(0x000000fecc600000,0x000000fecc700000)]
  0x000002bec788eec0 JavaThread "Unconstrained build operations Thread 61" [_thread_blocked, id=26572, stack(0x000000fecc700000,0x000000fecc800000)]
  0x000002bec6155e50 JavaThread "Unconstrained build operations Thread 62" [_thread_blocked, id=16780, stack(0x000000fecc800000,0x000000fecc900000)]
  0x000002bec6155940 JavaThread "Unconstrained build operations Thread 63" [_thread_blocked, id=22588, stack(0x000000fecc900000,0x000000fecca00000)]
  0x000002bec6154500 JavaThread "Unconstrained build operations Thread 64" [_thread_blocked, id=12092, stack(0x000000fecca00000,0x000000feccb00000)]
  0x000002bec61581c0 JavaThread "Unconstrained build operations Thread 65" [_thread_blocked, id=24496, stack(0x000000feccb00000,0x000000feccc00000)]
  0x000002bec6154a10 JavaThread "Unconstrained build operations Thread 66" [_thread_blocked, id=26592, stack(0x000000feccc00000,0x000000feccd00000)]
  0x000002bec6156d80 JavaThread "Unconstrained build operations Thread 67" [_thread_blocked, id=27052, stack(0x000000feccd00000,0x000000fecce00000)]
  0x000002bec6157290 JavaThread "Unconstrained build operations Thread 68" [_thread_blocked, id=24840, stack(0x000000fecce00000,0x000000feccf00000)]
  0x000002bec6156360 JavaThread "Unconstrained build operations Thread 69" [_thread_blocked, id=12960, stack(0x000000feccf00000,0x000000fecd000000)]
  0x000002bec61586d0 JavaThread "Unconstrained build operations Thread 70" [_thread_blocked, id=3400, stack(0x000000fecd000000,0x000000fecd100000)]
  0x000002bec6157cb0 JavaThread "Unconstrained build operations Thread 71" [_thread_blocked, id=23240, stack(0x000000fecd100000,0x000000fecd200000)]
  0x000002bec6154f20 JavaThread "Unconstrained build operations Thread 72" [_thread_blocked, id=26244, stack(0x000000fecd200000,0x000000fecd300000)]
  0x000002bec6158be0 JavaThread "Unconstrained build operations Thread 73" [_thread_blocked, id=17364, stack(0x000000fecd300000,0x000000fecd400000)]
  0x000002bec6155430 JavaThread "Unconstrained build operations Thread 74" [_thread_blocked, id=12104, stack(0x000000fecd400000,0x000000fecd500000)]
  0x000002bec615a020 JavaThread "Unconstrained build operations Thread 75" [_thread_blocked, id=3000, stack(0x000000fecd500000,0x000000fecd600000)]
  0x000002bec61590f0 JavaThread "Unconstrained build operations Thread 76" [_thread_blocked, id=16668, stack(0x000000fecd600000,0x000000fecd700000)]
  0x000002bec6159600 JavaThread "Unconstrained build operations Thread 77" [_thread_blocked, id=11932, stack(0x000000fecd700000,0x000000fecd800000)]
  0x000002bec6159b10 JavaThread "Unconstrained build operations Thread 78" [_thread_blocked, id=12944, stack(0x000000fecd800000,0x000000fecd900000)]
  0x000002bec6156870 JavaThread "Unconstrained build operations Thread 79" [_thread_blocked, id=24180, stack(0x000000fecd900000,0x000000fecda00000)]
  0x000002bec615a530 JavaThread "Unconstrained build operations Thread 80" [_thread_blocked, id=13888, stack(0x000000fecda00000,0x000000fecdb00000)]
  0x000002bec615af50 JavaThread "Unconstrained build operations Thread 81" [_thread_blocked, id=11724, stack(0x000000fecdb00000,0x000000fecdc00000)]
  0x000002bec615aa40 JavaThread "Unconstrained build operations Thread 82" [_thread_blocked, id=20212, stack(0x000000fecdc00000,0x000000fecdd00000)]
  0x000002bec615b460 JavaThread "Unconstrained build operations Thread 83" [_thread_blocked, id=23508, stack(0x000000fecdd00000,0x000000fecde00000)]
  0x000002bec615b970 JavaThread "Unconstrained build operations Thread 84" [_thread_blocked, id=9744, stack(0x000000fecde00000,0x000000fecdf00000)]
  0x000002bec615be80 JavaThread "Unconstrained build operations Thread 85" [_thread_blocked, id=26088, stack(0x000000fecdf00000,0x000000fece000000)]
  0x000002beca5adc90 JavaThread "Unconstrained build operations Thread 86" [_thread_blocked, id=9516, stack(0x000000fece000000,0x000000fece100000)]
  0x000002beca5ad780 JavaThread "Unconstrained build operations Thread 87" [_thread_blocked, id=22972, stack(0x000000fece100000,0x000000fece200000)]
  0x000002beca5ad270 JavaThread "Unconstrained build operations Thread 88" [_thread_blocked, id=10208, stack(0x000000fece200000,0x000000fece300000)]
  0x000002beca5ae1a0 JavaThread "Unconstrained build operations Thread 89" [_thread_blocked, id=4756, stack(0x000000fece300000,0x000000fece400000)]
  0x000002beca5ae6b0 JavaThread "Unconstrained build operations Thread 90" [_thread_blocked, id=28356, stack(0x000000fece400000,0x000000fece500000)]
  0x000002beca5ab920 JavaThread "Unconstrained build operations Thread 91" [_thread_blocked, id=22096, stack(0x000000fece500000,0x000000fece600000)]
  0x000002beca5aebc0 JavaThread "Unconstrained build operations Thread 92" [_thread_blocked, id=1840, stack(0x000000fece600000,0x000000fece700000)]
  0x000002beca5aaf00 JavaThread "Unconstrained build operations Thread 93" [_thread_blocked, id=25488, stack(0x000000fece700000,0x000000fece800000)]
  0x000002beca5acd60 JavaThread "Unconstrained build operations Thread 94" [_thread_blocked, id=21368, stack(0x000000fece800000,0x000000fece900000)]
  0x000002beca5ab410 JavaThread "Unconstrained build operations Thread 95" [_thread_blocked, id=3924, stack(0x000000fece900000,0x000000fecea00000)]
  0x000002beca5abe30 JavaThread "Unconstrained build operations Thread 96" [_thread_blocked, id=5652, stack(0x000000fecea00000,0x000000feceb00000)]
  0x000002beca5af0d0 JavaThread "Unconstrained build operations Thread 97" [_thread_blocked, id=26604, stack(0x000000feceb00000,0x000000fecec00000)]
  0x000002beca5af5e0 JavaThread "Unconstrained build operations Thread 98" [_thread_blocked, id=19996, stack(0x000000fecec00000,0x000000feced00000)]
  0x000002beca5afaf0 JavaThread "Unconstrained build operations Thread 99" [_thread_blocked, id=15772, stack(0x000000feced00000,0x000000fecee00000)]
  0x000002beca5ac340 JavaThread "Unconstrained build operations Thread 100" [_thread_blocked, id=25272, stack(0x000000fecee00000,0x000000fecef00000)]
  0x000002beca5b0000 JavaThread "Unconstrained build operations Thread 101" [_thread_blocked, id=25420, stack(0x000000fecef00000,0x000000fecf000000)]
  0x000002beca5ac850 JavaThread "Unconstrained build operations Thread 102" [_thread_blocked, id=28396, stack(0x000000fecf000000,0x000000fecf100000)]
  0x000002beca5b0510 JavaThread "Unconstrained build operations Thread 103" [_thread_blocked, id=12900, stack(0x000000fecf100000,0x000000fecf200000)]
  0x000002beca5b1e60 JavaThread "Unconstrained build operations Thread 104" [_thread_blocked, id=10068, stack(0x000000fecf200000,0x000000fecf300000)]
  0x000002beca5b0a20 JavaThread "Unconstrained build operations Thread 105" [_thread_blocked, id=29236, stack(0x000000fecf300000,0x000000fecf400000)]
  0x000002beca5b0f30 JavaThread "Unconstrained build operations Thread 106" [_thread_blocked, id=29572, stack(0x000000fecf400000,0x000000fecf500000)]
  0x000002beca5b2880 JavaThread "Unconstrained build operations Thread 107" [_thread_blocked, id=25144, stack(0x000000fecf500000,0x000000fecf600000)]
  0x000002beca5b1440 JavaThread "Unconstrained build operations Thread 108" [_thread_blocked, id=26144, stack(0x000000fecf600000,0x000000fecf700000)]
  0x000002beca5b1950 JavaThread "Unconstrained build operations Thread 109" [_thread_blocked, id=6032, stack(0x000000fecf700000,0x000000fecf800000)]
  0x000002beca5b2370 JavaThread "Unconstrained build operations Thread 110" [_thread_blocked, id=28668, stack(0x000000fecf800000,0x000000fecf900000)]
  0x000002bec67590b0 JavaThread "Unconstrained build operations Thread 111" [_thread_blocked, id=22236, stack(0x000000fecf900000,0x000000fecfa00000)]
  0x000002bec67595c0 JavaThread "Unconstrained build operations Thread 112" [_thread_blocked, id=20728, stack(0x000000fecfa00000,0x000000fecfb00000)]
  0x000002bec675af10 JavaThread "jar transforms Thread 2" [_thread_blocked, id=15160, stack(0x000000fecfb00000,0x000000fecfc00000)]
  0x000002bec6759ad0 JavaThread "jar transforms Thread 3" [_thread_blocked, id=4196, stack(0x000000fecfc00000,0x000000fecfd00000)]
  0x000002bec6759fe0 JavaThread "Unconstrained build operations Thread 113" [_thread_blocked, id=11344, stack(0x000000fecfd00000,0x000000fecfe00000)]
  0x000002bec675b930 JavaThread "Unconstrained build operations Thread 114" [_thread_blocked, id=3380, stack(0x000000fecfe00000,0x000000fecff00000)]
  0x000002bec675c350 JavaThread "Unconstrained build operations Thread 115" [_thread_blocked, id=22184, stack(0x000000fecff00000,0x000000fed0000000)]
  0x000002bec6758ba0 JavaThread "Unconstrained build operations Thread 116" [_thread_blocked, id=13884, stack(0x000000fed0000000,0x000000fed0100000)]
  0x000002bec675d280 JavaThread "Unconstrained build operations Thread 117" [_thread_blocked, id=4352, stack(0x000000fed0100000,0x000000fed0200000)]
  0x000002bec675aa00 JavaThread "Unconstrained build operations Thread 118" [_thread_blocked, id=260, stack(0x000000fed0200000,0x000000fed0300000)]
  0x000002bec675dca0 JavaThread "Unconstrained build operations Thread 119" [_thread_blocked, id=11696, stack(0x000000fed0300000,0x000000fed0400000)]
  0x000002bec675e6c0 JavaThread "Unconstrained build operations Thread 120" [_thread_blocked, id=10676, stack(0x000000fed0400000,0x000000fed0500000)]
  0x000002bec675e1b0 JavaThread "jar transforms Thread 4" [_thread_blocked, id=25712, stack(0x000000fed0600000,0x000000fed0700000)]
  0x000002bec675c860 JavaThread "jar transforms Thread 5" [_thread_blocked, id=29456, stack(0x000000fed0700000,0x000000fed0800000)]
  0x000002bec675d790 JavaThread "jar transforms Thread 6" [_thread_blocked, id=26316, stack(0x000000fed0800000,0x000000fed0900000)]
  0x000002bec6760520 JavaThread "build event listener" [_thread_blocked, id=16924, stack(0x000000fec6c00000,0x000000fec6d00000)]
  0x000002bec7883770 JavaThread "Problems report writer" [_thread_blocked, id=24916, stack(0x000000fed0900000,0x000000fed0a00000)]
  0x000002bec78850c0 JavaThread "jar transforms Thread 7" [_thread_blocked, id=29548, stack(0x000000fed0b00000,0x000000fed0c00000)]
  0x000002bec78855d0 JavaThread "jar transforms Thread 8" [_thread_blocked, id=2056, stack(0x000000fed0c00000,0x000000fed0d00000)]
  0x000002bec7885ae0 JavaThread "jar transforms Thread 9" [_thread_blocked, id=28876, stack(0x000000fed0d00000,0x000000fed0e00000)]
  0x000002becb5f7aa0 JavaThread "jar transforms Thread 10" [_thread_blocked, id=8668, stack(0x000000fec3600000,0x000000fec3700000)]
  0x000002becb5f84c0 JavaThread "jar transforms Thread 11" [_thread_blocked, id=12488, stack(0x000000fed0e00000,0x000000fed0f00000)]
  0x000002becb5f6660 JavaThread "jar transforms Thread 12" [_thread_blocked, id=17216, stack(0x000000fed0f00000,0x000000fed1000000)]
  0x000002becb5f89d0 JavaThread "Exec process" [_thread_blocked, id=24236, stack(0x000000fed1000000,0x000000fed1100000)]
  0x000002becb5f7590 JavaThread "Exec process Thread 2" [_thread_blocked, id=4168, stack(0x000000fed1100000,0x000000fed1200000)]
  0x000002becb5f93f0 JavaThread "Exec process Thread 3" [_thread_blocked, id=22968, stack(0x000000fed1200000,0x000000fed1300000)]

Other Threads:
  0x000002be8a6e82c0 VMThread "VM Thread" [stack: 0x000000fec3f00000,0x000000fec4000000] [id=26620]
  0x000002be8adceeb0 WatcherThread [stack: 0x000000fec4b00000,0x000000fec4c00000] [id=5460]
  0x000002bee791af70 GCTaskThread "GC Thread#0" [stack: 0x000000fec3a00000,0x000000fec3b00000] [id=27580]
  0x000002bec440db50 GCTaskThread "GC Thread#1" [stack: 0x000000fec4e00000,0x000000fec4f00000] [id=11416]
  0x000002bec44f7010 GCTaskThread "GC Thread#2" [stack: 0x000000fec4f00000,0x000000fec5000000] [id=8636]
  0x000002be8af87870 GCTaskThread "GC Thread#3" [stack: 0x000000fec5000000,0x000000fec5100000] [id=20640]
  0x000002be8af88a50 GCTaskThread "GC Thread#4" [stack: 0x000000fec5100000,0x000000fec5200000] [id=18356]
  0x000002bec44ed8a0 GCTaskThread "GC Thread#5" [stack: 0x000000fec5200000,0x000000fec5300000] [id=29252]
  0x000002bec44ee0e0 GCTaskThread "GC Thread#6" [stack: 0x000000fec6000000,0x000000fec6100000] [id=3688]
  0x000002bec44ed5e0 GCTaskThread "GC Thread#7" [stack: 0x000000fec6100000,0x000000fec6200000] [id=16052]
  0x000002bec44edb60 GCTaskThread "GC Thread#8" [stack: 0x000000fec6200000,0x000000fec6300000] [id=10692]
  0x000002bec44ee3a0 GCTaskThread "GC Thread#9" [stack: 0x000000fec6300000,0x000000fec6400000] [id=23972]
  0x000002bee792bdd0 ConcurrentGCThread "G1 Main Marker" [stack: 0x000000fec3b00000,0x000000fec3c00000] [id=17540]
  0x000002bee792d3c0 ConcurrentGCThread "G1 Conc#0" [stack: 0x000000fec3c00000,0x000000fec3d00000] [id=11924]
  0x000002bec96c9a00 ConcurrentGCThread "G1 Conc#1" [stack: 0x000000fec6400000,0x000000fec6500000] [id=22504]
  0x000002bec75cb5d0 ConcurrentGCThread "G1 Conc#2" [stack: 0x000000fec6500000,0x000000fec6600000] [id=11824]
  0x000002bee796da50 ConcurrentGCThread "G1 Refine#0" [stack: 0x000000fec3d00000,0x000000fec3e00000] [id=12984]
  0x000002bec919f350 ConcurrentGCThread "G1 Refine#1" [stack: 0x000000fec5e00000,0x000000fec5f00000] [id=12540]
  0x000002bec8645160 ConcurrentGCThread "G1 Refine#2" [stack: 0x000000fec5f00000,0x000000fec6000000] [id=29372]
  0x000002bee796e390 ConcurrentGCThread "G1 Service" [stack: 0x000000fec3e00000,0x000000fec3f00000] [id=26976]

Threads with active compile tasks:
C2 CompilerThread0    45924 15996       4       java.lang.invoke.MethodHandleImpl::makePairwiseConvertByEditor (627 bytes)

VM state: not at safepoint (normal execution)

VM Mutex/Monitor currently owned by a thread: None

Heap address: 0x0000000700000000, size: 4096 MB, Compressed Oops mode: Zero based, Oop shift amount: 3

CDS archive(s) mapped at: [0x000002be8b000000-0x000002be8bbd0000-0x000002be8bbd0000), size 12386304, SharedBaseAddress: 0x000002be8b000000, ArchiveRelocationMode: 1.
Compressed class space mapped at: 0x000002be8c000000-0x000002bec0000000, reserved size: 872415232
Narrow klass base: 0x000002be8b000000, Narrow klass shift: 0, Narrow klass range: 0x100000000

GC Precious Log:
 CPUs: 12 total, 12 available
 Memory: 16024M
 Large Page Support: Disabled
 NUMA Support: Disabled
 Compressed Oops: Enabled (Zero based)
 Heap Region Size: 2M
 Heap Min Capacity: 8M
 Heap Initial Capacity: 252M
 Heap Max Capacity: 4G
 Pre-touch: Disabled
 Parallel Workers: 10
 Concurrent Workers: 3
 Concurrent Refinement Workers: 10
 Periodic GC: Disabled

Heap:
 garbage-first heap   total 630784K, used 398085K [0x0000000700000000, 0x0000000800000000)
  region size 2048K, 113 young (231424K), 5 survivors (10240K)
 Metaspace       used 108180K, committed 109888K, reserved 983040K
  class space    used 15067K, committed 15872K, reserved 851968K

Heap Regions: E=young(eden), S=young(survivor), O=old, HS=humongous(starts), HC=humongous(continues), CS=collection set, F=free, OA=open archive, CA=closed archive, TAMS=top-at-mark-start (previous, next)
|   0|0x0000000700000000, 0x0000000700200000, 0x0000000700200000|100%|HS|  |TAMS 0x0000000700200000, 0x0000000700000000| Complete 
|   1|0x0000000700200000, 0x0000000700400000, 0x0000000700400000|100%|HC|  |TAMS 0x0000000700400000, 0x0000000700200000| Complete 
|   2|0x0000000700400000, 0x0000000700600000, 0x0000000700600000|100%| O|  |TAMS 0x0000000700600000, 0x0000000700400000| Untracked 
|   3|0x0000000700600000, 0x0000000700800000, 0x0000000700800000|100%| O|  |TAMS 0x0000000700800000, 0x0000000700600000| Untracked 
|   4|0x0000000700800000, 0x0000000700a00000, 0x0000000700a00000|100%| O|  |TAMS 0x0000000700a00000, 0x0000000700800000| Untracked 
|   5|0x0000000700a00000, 0x0000000700c00000, 0x0000000700c00000|100%| O|  |TAMS 0x0000000700c00000, 0x0000000700a00000| Untracked 
|   6|0x0000000700c00000, 0x0000000700e00000, 0x0000000700e00000|100%| O|  |TAMS 0x0000000700e00000, 0x0000000700c00000| Untracked 
|   7|0x0000000700e00000, 0x0000000701000000, 0x0000000701000000|100%| O|  |TAMS 0x0000000701000000, 0x0000000700e00000| Untracked 
|   8|0x0000000701000000, 0x0000000701200000, 0x0000000701200000|100%| O|  |TAMS 0x0000000701200000, 0x0000000701000000| Untracked 
|   9|0x0000000701200000, 0x0000000701400000, 0x0000000701400000|100%| O|  |TAMS 0x0000000701400000, 0x0000000701200000| Untracked 
|  10|0x0000000701400000, 0x0000000701600000, 0x0000000701600000|100%| O|  |TAMS 0x0000000701600000, 0x0000000701400000| Untracked 
|  11|0x0000000701600000, 0x0000000701800000, 0x0000000701800000|100%| O|  |TAMS 0x0000000701800000, 0x0000000701600000| Untracked 
|  12|0x0000000701800000, 0x0000000701a00000, 0x0000000701a00000|100%| O|  |TAMS 0x0000000701a00000, 0x0000000701800000| Untracked 
|  13|0x0000000701a00000, 0x0000000701c00000, 0x0000000701c00000|100%| O|  |TAMS 0x0000000701c00000, 0x0000000701a00000| Untracked 
|  14|0x0000000701c00000, 0x0000000701e00000, 0x0000000701e00000|100%| O|  |TAMS 0x0000000701e00000, 0x0000000701c00000| Untracked 
|  15|0x0000000701e00000, 0x0000000702000000, 0x0000000702000000|100%| O|  |TAMS 0x0000000702000000, 0x0000000701e00000| Untracked 
|  16|0x0000000702000000, 0x0000000702200000, 0x0000000702200000|100%| O|  |TAMS 0x0000000702000000, 0x0000000702000000| Untracked 
|  17|0x0000000702200000, 0x0000000702400000, 0x0000000702400000|100%| O|  |TAMS 0x0000000702400000, 0x0000000702200000| Untracked 
|  18|0x0000000702400000, 0x0000000702600000, 0x0000000702600000|100%| O|  |TAMS 0x0000000702600000, 0x0000000702400000| Untracked 
|  19|0x0000000702600000, 0x0000000702800000, 0x0000000702800000|100%| O|  |TAMS 0x0000000702800000, 0x0000000702600000| Untracked 
|  20|0x0000000702800000, 0x0000000702a00000, 0x0000000702a00000|100%| O|  |TAMS 0x0000000702a00000, 0x0000000702800000| Untracked 
|  21|0x0000000702a00000, 0x0000000702c00000, 0x0000000702c00000|100%|HS|  |TAMS 0x0000000702c00000, 0x0000000702a00000| Complete 
|  22|0x0000000702c00000, 0x0000000702e00000, 0x0000000702e00000|100%|HC|  |TAMS 0x0000000702e00000, 0x0000000702c00000| Complete 
|  23|0x0000000702e00000, 0x0000000703000000, 0x0000000703000000|100%|HS|  |TAMS 0x0000000703000000, 0x0000000702e00000| Complete 
|  24|0x0000000703000000, 0x0000000703200000, 0x0000000703200000|100%|HC|  |TAMS 0x0000000703200000, 0x0000000703000000| Complete 
|  25|0x0000000703200000, 0x0000000703400000, 0x0000000703400000|100%| O|  |TAMS 0x0000000703400000, 0x0000000703200000| Untracked 
|  26|0x0000000703400000, 0x0000000703600000, 0x0000000703600000|100%| O|  |TAMS 0x0000000703600000, 0x0000000703400000| Untracked 
|  27|0x0000000703600000, 0x0000000703800000, 0x0000000703800000|100%| O|  |TAMS 0x0000000703800000, 0x0000000703600000| Untracked 
|  28|0x0000000703800000, 0x0000000703a00000, 0x0000000703a00000|100%| O|  |TAMS 0x0000000703a00000, 0x0000000703800000| Untracked 
|  29|0x0000000703a00000, 0x0000000703c00000, 0x0000000703c00000|100%| O|  |TAMS 0x0000000703c00000, 0x0000000703a00000| Untracked 
|  30|0x0000000703c00000, 0x0000000703e00000, 0x0000000703e00000|100%| O|  |TAMS 0x0000000703e00000, 0x0000000703c00000| Untracked 
|  31|0x0000000703e00000, 0x0000000704000000, 0x0000000704000000|100%| O|  |TAMS 0x0000000704000000, 0x0000000703e00000| Untracked 
|  32|0x0000000704000000, 0x0000000704200000, 0x0000000704200000|100%| O|  |TAMS 0x0000000704000000, 0x0000000704000000| Untracked 
|  33|0x0000000704200000, 0x0000000704400000, 0x0000000704400000|100%| O|  |TAMS 0x0000000704400000, 0x0000000704200000| Untracked 
|  34|0x0000000704400000, 0x0000000704600000, 0x0000000704600000|100%| O|  |TAMS 0x0000000704600000, 0x0000000704400000| Untracked 
|  35|0x0000000704600000, 0x0000000704800000, 0x0000000704800000|100%| O|  |TAMS 0x0000000704800000, 0x0000000704600000| Untracked 
|  36|0x0000000704800000, 0x0000000704a00000, 0x0000000704a00000|100%| O|  |TAMS 0x0000000704800000, 0x0000000704800000| Untracked 
|  37|0x0000000704a00000, 0x0000000704c00000, 0x0000000704c00000|100%| O|  |TAMS 0x0000000704c00000, 0x0000000704a00000| Untracked 
|  38|0x0000000704c00000, 0x0000000704e00000, 0x0000000704e00000|100%| O|  |TAMS 0x0000000704e00000, 0x0000000704c00000| Untracked 
|  39|0x0000000704e00000, 0x0000000705000000, 0x0000000705000000|100%| O|  |TAMS 0x0000000705000000, 0x0000000704e00000| Untracked 
|  40|0x0000000705000000, 0x0000000705200000, 0x0000000705200000|100%| O|  |TAMS 0x000000070508be00, 0x0000000705000000| Untracked 
|  41|0x0000000705200000, 0x0000000705400000, 0x0000000705400000|100%| O|  |TAMS 0x0000000705200000, 0x0000000705200000| Untracked 
|  42|0x0000000705400000, 0x0000000705600000, 0x0000000705600000|100%|HS|  |TAMS 0x0000000705400000, 0x0000000705400000| Complete 
|  43|0x0000000705600000, 0x0000000705800000, 0x0000000705800000|100%|HC|  |TAMS 0x0000000705600000, 0x0000000705600000| Complete 
|  44|0x0000000705800000, 0x0000000705a00000, 0x0000000705a00000|100%| O|  |TAMS 0x0000000705800000, 0x0000000705800000| Untracked 
|  45|0x0000000705a00000, 0x0000000705c00000, 0x0000000705c00000|100%| O|  |TAMS 0x0000000705a00000, 0x0000000705a00000| Untracked 
|  46|0x0000000705c00000, 0x0000000705e00000, 0x0000000705e00000|100%| O|  |TAMS 0x0000000705c00000, 0x0000000705c00000| Untracked 
|  47|0x0000000705e00000, 0x0000000706000000, 0x0000000706000000|100%| O|  |TAMS 0x0000000705e00000, 0x0000000705e00000| Untracked 
|  48|0x0000000706000000, 0x0000000706200000, 0x0000000706200000|100%| O|  |TAMS 0x0000000706000000, 0x0000000706000000| Untracked 
|  49|0x0000000706200000, 0x0000000706400000, 0x0000000706400000|100%| O|  |TAMS 0x0000000706200000, 0x0000000706200000| Untracked 
|  50|0x0000000706400000, 0x0000000706600000, 0x0000000706600000|100%| O|  |TAMS 0x0000000706400000, 0x0000000706400000| Untracked 
|  51|0x0000000706600000, 0x0000000706800000, 0x0000000706800000|100%| O|  |TAMS 0x0000000706600000, 0x0000000706600000| Untracked 
|  52|0x0000000706800000, 0x0000000706a00000, 0x0000000706a00000|100%| O|  |TAMS 0x0000000706800000, 0x0000000706800000| Untracked 
|  53|0x0000000706a00000, 0x0000000706c00000, 0x0000000706c00000|100%| O|  |TAMS 0x0000000706a00000, 0x0000000706a00000| Untracked 
|  54|0x0000000706c00000, 0x0000000706e00000, 0x0000000706e00000|100%| O|  |TAMS 0x0000000706c00000, 0x0000000706c00000| Untracked 
|  55|0x0000000706e00000, 0x0000000707000000, 0x0000000707000000|100%| O|  |TAMS 0x0000000706e00000, 0x0000000706e00000| Untracked 
|  56|0x0000000707000000, 0x0000000707200000, 0x0000000707200000|100%| O|  |TAMS 0x0000000707000000, 0x0000000707000000| Untracked 
|  57|0x0000000707200000, 0x0000000707400000, 0x0000000707400000|100%| O|  |TAMS 0x0000000707200000, 0x0000000707200000| Untracked 
|  58|0x0000000707400000, 0x0000000707600000, 0x0000000707600000|100%| O|  |TAMS 0x0000000707400000, 0x0000000707400000| Untracked 
|  59|0x0000000707600000, 0x0000000707800000, 0x0000000707800000|100%| O|  |TAMS 0x0000000707600000, 0x0000000707600000| Untracked 
|  60|0x0000000707800000, 0x0000000707a00000, 0x0000000707a00000|100%| O|  |TAMS 0x0000000707800000, 0x0000000707800000| Untracked 
|  61|0x0000000707a00000, 0x0000000707c00000, 0x0000000707c00000|100%| O|  |TAMS 0x0000000707a00000, 0x0000000707a00000| Untracked 
|  62|0x0000000707c00000, 0x0000000707e00000, 0x0000000707e00000|100%| O|  |TAMS 0x0000000707c00000, 0x0000000707c00000| Untracked 
|  63|0x0000000707e00000, 0x0000000708000000, 0x0000000708000000|100%| O|  |TAMS 0x0000000707e00000, 0x0000000707e00000| Untracked 
|  64|0x0000000708000000, 0x0000000708200000, 0x0000000708200000|100%| O|  |TAMS 0x0000000708000000, 0x0000000708000000| Untracked 
|  65|0x0000000708200000, 0x0000000708400000, 0x0000000708400000|100%| O|  |TAMS 0x0000000708200000, 0x0000000708200000| Untracked 
|  66|0x0000000708400000, 0x0000000708600000, 0x0000000708600000|100%| O|  |TAMS 0x0000000708400000, 0x0000000708400000| Untracked 
|  67|0x0000000708600000, 0x0000000708800000, 0x0000000708800000|100%| O|  |TAMS 0x0000000708600000, 0x0000000708600000| Untracked 
|  68|0x0000000708800000, 0x0000000708a00000, 0x0000000708a00000|100%| O|  |TAMS 0x0000000708800000, 0x0000000708800000| Untracked 
|  69|0x0000000708a00000, 0x0000000708c00000, 0x0000000708c00000|100%| O|  |TAMS 0x0000000708a00000, 0x0000000708a00000| Untracked 
|  70|0x0000000708c00000, 0x0000000708e00000, 0x0000000708e00000|100%| O|  |TAMS 0x0000000708c00000, 0x0000000708c00000| Untracked 
|  71|0x0000000708e00000, 0x0000000709000000, 0x0000000709000000|100%| O|  |TAMS 0x0000000708e00000, 0x0000000708e00000| Untracked 
|  72|0x0000000709000000, 0x0000000709200000, 0x0000000709200000|100%| O|  |TAMS 0x0000000709000000, 0x0000000709000000| Untracked 
|  73|0x0000000709200000, 0x0000000709400000, 0x0000000709400000|100%| O|  |TAMS 0x0000000709200000, 0x0000000709200000| Untracked 
|  74|0x0000000709400000, 0x0000000709600000, 0x0000000709600000|100%| O|  |TAMS 0x0000000709400000, 0x0000000709400000| Untracked 
|  75|0x0000000709600000, 0x0000000709800000, 0x0000000709800000|100%| O|  |TAMS 0x0000000709600000, 0x0000000709600000| Untracked 
|  76|0x0000000709800000, 0x0000000709a00000, 0x0000000709a00000|100%| O|  |TAMS 0x0000000709800000, 0x0000000709800000| Untracked 
|  77|0x0000000709a00000, 0x0000000709c00000, 0x0000000709c00000|100%| O|  |TAMS 0x0000000709a00000, 0x0000000709a00000| Untracked 
|  78|0x0000000709c00000, 0x0000000709e00000, 0x0000000709e00000|100%| O|  |TAMS 0x0000000709c00000, 0x0000000709c00000| Untracked 
|  79|0x0000000709e00000, 0x000000070a000000, 0x000000070a000000|100%| O|  |TAMS 0x0000000709e00000, 0x0000000709e00000| Untracked 
|  80|0x000000070a000000, 0x000000070a200000, 0x000000070a200000|100%| O|  |TAMS 0x000000070a000000, 0x000000070a000000| Untracked 
|  81|0x000000070a200000, 0x000000070a400000, 0x000000070a400000|100%| O|  |TAMS 0x000000070a200000, 0x000000070a200000| Untracked 
|  82|0x000000070a400000, 0x000000070a600000, 0x000000070a600000|100%| O|  |TAMS 0x000000070a400000, 0x000000070a400000| Untracked 
|  83|0x000000070a600000, 0x000000070a800000, 0x000000070a800000|100%| O|  |TAMS 0x000000070a600000, 0x000000070a600000| Untracked 
|  84|0x000000070a800000, 0x000000070a879800, 0x000000070aa00000| 23%| O|  |TAMS 0x000000070a800000, 0x000000070a800000| Untracked 
|  85|0x000000070aa00000, 0x000000070aa00000, 0x000000070ac00000|  0%| F|  |TAMS 0x000000070aa00000, 0x000000070aa00000| Untracked 
|  86|0x000000070ac00000, 0x000000070ac00000, 0x000000070ae00000|  0%| F|  |TAMS 0x000000070ac00000, 0x000000070ac00000| Untracked 
|  87|0x000000070ae00000, 0x000000070ae00000, 0x000000070b000000|  0%| F|  |TAMS 0x000000070ae00000, 0x000000070ae00000| Untracked 
|  88|0x000000070b000000, 0x000000070b000000, 0x000000070b200000|  0%| F|  |TAMS 0x000000070b000000, 0x000000070b000000| Untracked 
|  89|0x000000070b200000, 0x000000070b200000, 0x000000070b400000|  0%| F|  |TAMS 0x000000070b200000, 0x000000070b200000| Untracked 
|  90|0x000000070b400000, 0x000000070b400000, 0x000000070b600000|  0%| F|  |TAMS 0x000000070b400000, 0x000000070b400000| Untracked 
|  91|0x000000070b600000, 0x000000070b600000, 0x000000070b800000|  0%| F|  |TAMS 0x000000070b600000, 0x000000070b600000| Untracked 
|  92|0x000000070b800000, 0x000000070b800000, 0x000000070ba00000|  0%| F|  |TAMS 0x000000070b800000, 0x000000070b800000| Untracked 
|  93|0x000000070ba00000, 0x000000070ba00000, 0x000000070bc00000|  0%| F|  |TAMS 0x000000070ba00000, 0x000000070ba00000| Untracked 
|  94|0x000000070bc00000, 0x000000070bc00000, 0x000000070be00000|  0%| F|  |TAMS 0x000000070bc00000, 0x000000070bc00000| Untracked 
|  95|0x000000070be00000, 0x000000070be00000, 0x000000070c000000|  0%| F|  |TAMS 0x000000070be00000, 0x000000070be00000| Untracked 
|  96|0x000000070c000000, 0x000000070c000000, 0x000000070c200000|  0%| F|  |TAMS 0x000000070c000000, 0x000000070c000000| Untracked 
|  97|0x000000070c200000, 0x000000070c200000, 0x000000070c400000|  0%| F|  |TAMS 0x000000070c200000, 0x000000070c200000| Untracked 
|  98|0x000000070c400000, 0x000000070c400000, 0x000000070c600000|  0%| F|  |TAMS 0x000000070c400000, 0x000000070c400000| Untracked 
|  99|0x000000070c600000, 0x000000070c600000, 0x000000070c800000|  0%| F|  |TAMS 0x000000070c600000, 0x000000070c600000| Untracked 
| 100|0x000000070c800000, 0x000000070c800000, 0x000000070ca00000|  0%| F|  |TAMS 0x000000070c800000, 0x000000070c800000| Untracked 
| 101|0x000000070ca00000, 0x000000070ca00000, 0x000000070cc00000|  0%| F|  |TAMS 0x000000070ca00000, 0x000000070ca00000| Untracked 
| 102|0x000000070cc00000, 0x000000070cc00000, 0x000000070ce00000|  0%| F|  |TAMS 0x000000070cc00000, 0x000000070cc00000| Untracked 
| 103|0x000000070ce00000, 0x000000070ce00000, 0x000000070d000000|  0%| F|  |TAMS 0x000000070ce00000, 0x000000070ce00000| Untracked 
| 104|0x000000070d000000, 0x000000070d000000, 0x000000070d200000|  0%| F|  |TAMS 0x000000070d000000, 0x000000070d000000| Untracked 
| 105|0x000000070d200000, 0x000000070d200000, 0x000000070d400000|  0%| F|  |TAMS 0x000000070d200000, 0x000000070d200000| Untracked 
| 106|0x000000070d400000, 0x000000070d400000, 0x000000070d600000|  0%| F|  |TAMS 0x000000070d400000, 0x000000070d400000| Untracked 
| 107|0x000000070d600000, 0x000000070d600000, 0x000000070d800000|  0%| F|  |TAMS 0x000000070d600000, 0x000000070d600000| Untracked 
| 108|0x000000070d800000, 0x000000070d800000, 0x000000070da00000|  0%| F|  |TAMS 0x000000070d800000, 0x000000070d800000| Untracked 
| 109|0x000000070da00000, 0x000000070da00000, 0x000000070dc00000|  0%| F|  |TAMS 0x000000070da00000, 0x000000070da00000| Untracked 
| 110|0x000000070dc00000, 0x000000070dc00000, 0x000000070de00000|  0%| F|  |TAMS 0x000000070dc00000, 0x000000070dc00000| Untracked 
| 111|0x000000070de00000, 0x000000070de00000, 0x000000070e000000|  0%| F|  |TAMS 0x000000070de00000, 0x000000070de00000| Untracked 
| 112|0x000000070e000000, 0x000000070e047dd0, 0x000000070e200000| 14%| S|CS|TAMS 0x000000070e000000, 0x000000070e000000| Complete 
| 113|0x000000070e200000, 0x000000070e400000, 0x000000070e400000|100%| S|CS|TAMS 0x000000070e200000, 0x000000070e200000| Complete 
| 114|0x000000070e400000, 0x000000070e600000, 0x000000070e600000|100%| S|CS|TAMS 0x000000070e400000, 0x000000070e400000| Complete 
| 115|0x000000070e600000, 0x000000070e800000, 0x000000070e800000|100%| S|CS|TAMS 0x000000070e600000, 0x000000070e600000| Complete 
| 116|0x000000070e800000, 0x000000070ea00000, 0x000000070ea00000|100%| S|CS|TAMS 0x000000070e800000, 0x000000070e800000| Complete 
| 117|0x000000070ea00000, 0x000000070ea00000, 0x000000070ec00000|  0%| F|  |TAMS 0x000000070ea00000, 0x000000070ea00000| Untracked 
| 118|0x000000070ec00000, 0x000000070ec00000, 0x000000070ee00000|  0%| F|  |TAMS 0x000000070ec00000, 0x000000070ec00000| Untracked 
| 119|0x000000070ee00000, 0x000000070ee00000, 0x000000070f000000|  0%| F|  |TAMS 0x000000070ee00000, 0x000000070ee00000| Untracked 
| 120|0x000000070f000000, 0x000000070f000000, 0x000000070f200000|  0%| F|  |TAMS 0x000000070f000000, 0x000000070f000000| Untracked 
| 121|0x000000070f200000, 0x000000070f200000, 0x000000070f400000|  0%| F|  |TAMS 0x000000070f200000, 0x000000070f200000| Untracked 
| 122|0x000000070f400000, 0x000000070f400000, 0x000000070f600000|  0%| F|  |TAMS 0x000000070f400000, 0x000000070f400000| Untracked 
| 123|0x000000070f600000, 0x000000070f600000, 0x000000070f800000|  0%| F|  |TAMS 0x000000070f600000, 0x000000070f600000| Untracked 
| 124|0x000000070f800000, 0x000000070f800000, 0x000000070fa00000|  0%| F|  |TAMS 0x000000070f800000, 0x000000070f800000| Untracked 
| 125|0x000000070fa00000, 0x000000070fa00000, 0x000000070fc00000|  0%| F|  |TAMS 0x000000070fa00000, 0x000000070fa00000| Untracked 
| 126|0x000000070fc00000, 0x000000070fc00000, 0x000000070fe00000|  0%| F|  |TAMS 0x000000070fc00000, 0x000000070fc00000| Untracked 
| 127|0x000000070fe00000, 0x000000070fe00000, 0x0000000710000000|  0%| F|  |TAMS 0x000000070fe00000, 0x000000070fe00000| Untracked 
| 128|0x0000000710000000, 0x0000000710000000, 0x0000000710200000|  0%| F|  |TAMS 0x0000000710000000, 0x0000000710000000| Untracked 
| 129|0x0000000710200000, 0x0000000710200000, 0x0000000710400000|  0%| F|  |TAMS 0x0000000710200000, 0x0000000710200000| Untracked 
| 130|0x0000000710400000, 0x0000000710400000, 0x0000000710600000|  0%| F|  |TAMS 0x0000000710400000, 0x0000000710400000| Untracked 
| 131|0x0000000710600000, 0x0000000710600000, 0x0000000710800000|  0%| F|  |TAMS 0x0000000710600000, 0x0000000710600000| Untracked 
| 132|0x0000000710800000, 0x0000000710800000, 0x0000000710a00000|  0%| F|  |TAMS 0x0000000710800000, 0x0000000710800000| Untracked 
| 133|0x0000000710a00000, 0x0000000710a00000, 0x0000000710c00000|  0%| F|  |TAMS 0x0000000710a00000, 0x0000000710a00000| Untracked 
| 134|0x0000000710c00000, 0x0000000710c00000, 0x0000000710e00000|  0%| F|  |TAMS 0x0000000710c00000, 0x0000000710c00000| Untracked 
| 135|0x0000000710e00000, 0x0000000710e00000, 0x0000000711000000|  0%| F|  |TAMS 0x0000000710e00000, 0x0000000710e00000| Untracked 
| 136|0x0000000711000000, 0x0000000711000000, 0x0000000711200000|  0%| F|  |TAMS 0x0000000711000000, 0x0000000711000000| Untracked 
| 137|0x0000000711200000, 0x0000000711200000, 0x0000000711400000|  0%| F|  |TAMS 0x0000000711200000, 0x0000000711200000| Untracked 
| 138|0x0000000711400000, 0x0000000711400000, 0x0000000711600000|  0%| F|  |TAMS 0x0000000711400000, 0x0000000711400000| Untracked 
| 139|0x0000000711600000, 0x0000000711600000, 0x0000000711800000|  0%| F|  |TAMS 0x0000000711600000, 0x0000000711600000| Untracked 
| 140|0x0000000711800000, 0x0000000711800000, 0x0000000711a00000|  0%| F|  |TAMS 0x0000000711800000, 0x0000000711800000| Untracked 
| 141|0x0000000711a00000, 0x0000000711a00000, 0x0000000711c00000|  0%| F|  |TAMS 0x0000000711a00000, 0x0000000711a00000| Untracked 
| 142|0x0000000711c00000, 0x0000000711c00000, 0x0000000711e00000|  0%| F|  |TAMS 0x0000000711c00000, 0x0000000711c00000| Untracked 
| 143|0x0000000711e00000, 0x0000000711e00000, 0x0000000712000000|  0%| F|  |TAMS 0x0000000711e00000, 0x0000000711e00000| Untracked 
| 144|0x0000000712000000, 0x0000000712000000, 0x0000000712200000|  0%| F|  |TAMS 0x0000000712000000, 0x0000000712000000| Untracked 
| 145|0x0000000712200000, 0x0000000712200000, 0x0000000712400000|  0%| F|  |TAMS 0x0000000712200000, 0x0000000712200000| Untracked 
| 146|0x0000000712400000, 0x0000000712400000, 0x0000000712600000|  0%| F|  |TAMS 0x0000000712400000, 0x0000000712400000| Untracked 
| 147|0x0000000712600000, 0x0000000712600000, 0x0000000712800000|  0%| F|  |TAMS 0x0000000712600000, 0x0000000712600000| Untracked 
| 148|0x0000000712800000, 0x0000000712800000, 0x0000000712a00000|  0%| F|  |TAMS 0x0000000712800000, 0x0000000712800000| Untracked 
| 149|0x0000000712a00000, 0x0000000712a00000, 0x0000000712c00000|  0%| F|  |TAMS 0x0000000712a00000, 0x0000000712a00000| Untracked 
| 150|0x0000000712c00000, 0x0000000712c00000, 0x0000000712e00000|  0%| F|  |TAMS 0x0000000712c00000, 0x0000000712c00000| Untracked 
| 151|0x0000000712e00000, 0x0000000712e00000, 0x0000000713000000|  0%| F|  |TAMS 0x0000000712e00000, 0x0000000712e00000| Untracked 
| 152|0x0000000713000000, 0x0000000713000000, 0x0000000713200000|  0%| F|  |TAMS 0x0000000713000000, 0x0000000713000000| Untracked 
| 153|0x0000000713200000, 0x0000000713200000, 0x0000000713400000|  0%| F|  |TAMS 0x0000000713200000, 0x0000000713200000| Untracked 
| 154|0x0000000713400000, 0x0000000713400000, 0x0000000713600000|  0%| F|  |TAMS 0x0000000713400000, 0x0000000713400000| Untracked 
| 155|0x0000000713600000, 0x0000000713600000, 0x0000000713800000|  0%| F|  |TAMS 0x0000000713600000, 0x0000000713600000| Untracked 
| 156|0x0000000713800000, 0x0000000713800000, 0x0000000713a00000|  0%| F|  |TAMS 0x0000000713800000, 0x0000000713800000| Untracked 
| 157|0x0000000713a00000, 0x0000000713a00000, 0x0000000713c00000|  0%| F|  |TAMS 0x0000000713a00000, 0x0000000713a00000| Untracked 
| 158|0x0000000713c00000, 0x0000000713c00000, 0x0000000713e00000|  0%| F|  |TAMS 0x0000000713c00000, 0x0000000713c00000| Untracked 
| 159|0x0000000713e00000, 0x0000000713e00000, 0x0000000714000000|  0%| F|  |TAMS 0x0000000713e00000, 0x0000000713e00000| Untracked 
| 160|0x0000000714000000, 0x0000000714000000, 0x0000000714200000|  0%| F|  |TAMS 0x0000000714000000, 0x0000000714000000| Untracked 
| 161|0x0000000714200000, 0x0000000714200000, 0x0000000714400000|  0%| F|  |TAMS 0x0000000714200000, 0x0000000714200000| Untracked 
| 162|0x0000000714400000, 0x0000000714400000, 0x0000000714600000|  0%| F|  |TAMS 0x0000000714400000, 0x0000000714400000| Untracked 
| 163|0x0000000714600000, 0x0000000714600000, 0x0000000714800000|  0%| F|  |TAMS 0x0000000714600000, 0x0000000714600000| Untracked 
| 164|0x0000000714800000, 0x0000000714800000, 0x0000000714a00000|  0%| F|  |TAMS 0x0000000714800000, 0x0000000714800000| Untracked 
| 165|0x0000000714a00000, 0x0000000714a00000, 0x0000000714c00000|  0%| F|  |TAMS 0x0000000714a00000, 0x0000000714a00000| Untracked 
| 166|0x0000000714c00000, 0x0000000714c00000, 0x0000000714e00000|  0%| F|  |TAMS 0x0000000714c00000, 0x0000000714c00000| Untracked 
| 167|0x0000000714e00000, 0x0000000714e00000, 0x0000000715000000|  0%| F|  |TAMS 0x0000000714e00000, 0x0000000714e00000| Untracked 
| 168|0x0000000715000000, 0x0000000715000000, 0x0000000715200000|  0%| F|  |TAMS 0x0000000715000000, 0x0000000715000000| Untracked 
| 169|0x0000000715200000, 0x0000000715200000, 0x0000000715400000|  0%| F|  |TAMS 0x0000000715200000, 0x0000000715200000| Untracked 
| 170|0x0000000715400000, 0x0000000715400000, 0x0000000715600000|  0%| F|  |TAMS 0x0000000715400000, 0x0000000715400000| Untracked 
| 171|0x0000000715600000, 0x0000000715600000, 0x0000000715800000|  0%| F|  |TAMS 0x0000000715600000, 0x0000000715600000| Untracked 
| 172|0x0000000715800000, 0x0000000715800000, 0x0000000715a00000|  0%| F|  |TAMS 0x0000000715800000, 0x0000000715800000| Untracked 
| 173|0x0000000715a00000, 0x0000000715a00000, 0x0000000715c00000|  0%| F|  |TAMS 0x0000000715a00000, 0x0000000715a00000| Untracked 
| 174|0x0000000715c00000, 0x0000000715c00000, 0x0000000715e00000|  0%| F|  |TAMS 0x0000000715c00000, 0x0000000715c00000| Untracked 
| 175|0x0000000715e00000, 0x0000000715e00000, 0x0000000716000000|  0%| F|  |TAMS 0x0000000715e00000, 0x0000000715e00000| Untracked 
| 176|0x0000000716000000, 0x0000000716000000, 0x0000000716200000|  0%| F|  |TAMS 0x0000000716000000, 0x0000000716000000| Untracked 
| 177|0x0000000716200000, 0x0000000716200000, 0x0000000716400000|  0%| F|  |TAMS 0x0000000716200000, 0x0000000716200000| Untracked 
| 178|0x0000000716400000, 0x0000000716400000, 0x0000000716600000|  0%| F|  |TAMS 0x0000000716400000, 0x0000000716400000| Untracked 
| 179|0x0000000716600000, 0x0000000716600000, 0x0000000716800000|  0%| F|  |TAMS 0x0000000716600000, 0x0000000716600000| Untracked 
| 180|0x0000000716800000, 0x0000000716800000, 0x0000000716a00000|  0%| F|  |TAMS 0x0000000716800000, 0x0000000716800000| Untracked 
| 181|0x0000000716a00000, 0x0000000716a00000, 0x0000000716c00000|  0%| F|  |TAMS 0x0000000716a00000, 0x0000000716a00000| Untracked 
| 182|0x0000000716c00000, 0x0000000716c00000, 0x0000000716e00000|  0%| F|  |TAMS 0x0000000716c00000, 0x0000000716c00000| Untracked 
| 183|0x0000000716e00000, 0x0000000716e00000, 0x0000000717000000|  0%| F|  |TAMS 0x0000000716e00000, 0x0000000716e00000| Untracked 
| 184|0x0000000717000000, 0x0000000717000000, 0x0000000717200000|  0%| F|  |TAMS 0x0000000717000000, 0x0000000717000000| Untracked 
| 185|0x0000000717200000, 0x0000000717200000, 0x0000000717400000|  0%| F|  |TAMS 0x0000000717200000, 0x0000000717200000| Untracked 
| 186|0x0000000717400000, 0x0000000717400000, 0x0000000717600000|  0%| F|  |TAMS 0x0000000717400000, 0x0000000717400000| Untracked 
| 187|0x0000000717600000, 0x0000000717600000, 0x0000000717800000|  0%| F|  |TAMS 0x0000000717600000, 0x0000000717600000| Untracked 
| 188|0x0000000717800000, 0x0000000717800000, 0x0000000717a00000|  0%| F|  |TAMS 0x0000000717800000, 0x0000000717800000| Untracked 
| 189|0x0000000717a00000, 0x0000000717a00000, 0x0000000717c00000|  0%| F|  |TAMS 0x0000000717a00000, 0x0000000717a00000| Untracked 
| 190|0x0000000717c00000, 0x0000000717c00000, 0x0000000717e00000|  0%| F|  |TAMS 0x0000000717c00000, 0x0000000717c00000| Untracked 
| 191|0x0000000717e00000, 0x0000000717e00000, 0x0000000718000000|  0%| F|  |TAMS 0x0000000717e00000, 0x0000000717e00000| Untracked 
| 192|0x0000000718000000, 0x0000000718000000, 0x0000000718200000|  0%| F|  |TAMS 0x0000000718000000, 0x0000000718000000| Untracked 
| 193|0x0000000718200000, 0x0000000718200000, 0x0000000718400000|  0%| F|  |TAMS 0x0000000718200000, 0x0000000718200000| Untracked 
| 194|0x0000000718400000, 0x0000000718400000, 0x0000000718600000|  0%| F|  |TAMS 0x0000000718400000, 0x0000000718400000| Untracked 
| 195|0x0000000718600000, 0x0000000718600000, 0x0000000718800000|  0%| F|  |TAMS 0x0000000718600000, 0x0000000718600000| Untracked 
| 196|0x0000000718800000, 0x0000000718800000, 0x0000000718a00000|  0%| F|  |TAMS 0x0000000718800000, 0x0000000718800000| Untracked 
| 197|0x0000000718a00000, 0x0000000718a00000, 0x0000000718c00000|  0%| F|  |TAMS 0x0000000718a00000, 0x0000000718a00000| Untracked 
| 198|0x0000000718c00000, 0x0000000718c00000, 0x0000000718e00000|  0%| F|  |TAMS 0x0000000718c00000, 0x0000000718c00000| Untracked 
| 199|0x0000000718e00000, 0x0000000718e00000, 0x0000000719000000|  0%| F|  |TAMS 0x0000000718e00000, 0x0000000718e00000| Untracked 
| 200|0x0000000719000000, 0x00000007191c9ec8, 0x0000000719200000| 89%| E|  |TAMS 0x0000000719000000, 0x0000000719000000| Complete 
| 201|0x0000000719200000, 0x0000000719400000, 0x0000000719400000|100%| E|CS|TAMS 0x0000000719200000, 0x0000000719200000| Complete 
| 202|0x0000000719400000, 0x0000000719600000, 0x0000000719600000|100%| E|CS|TAMS 0x0000000719400000, 0x0000000719400000| Complete 
| 203|0x0000000719600000, 0x0000000719800000, 0x0000000719800000|100%| E|  |TAMS 0x0000000719600000, 0x0000000719600000| Complete 
| 204|0x0000000719800000, 0x0000000719a00000, 0x0000000719a00000|100%| E|CS|TAMS 0x0000000719800000, 0x0000000719800000| Complete 
| 205|0x0000000719a00000, 0x0000000719c00000, 0x0000000719c00000|100%| E|CS|TAMS 0x0000000719a00000, 0x0000000719a00000| Complete 
| 206|0x0000000719c00000, 0x0000000719e00000, 0x0000000719e00000|100%| E|CS|TAMS 0x0000000719c00000, 0x0000000719c00000| Complete 
| 207|0x0000000719e00000, 0x000000071a000000, 0x000000071a000000|100%| E|CS|TAMS 0x0000000719e00000, 0x0000000719e00000| Complete 
| 208|0x000000071a000000, 0x000000071a200000, 0x000000071a200000|100%| E|CS|TAMS 0x000000071a000000, 0x000000071a000000| Complete 
| 209|0x000000071a200000, 0x000000071a400000, 0x000000071a400000|100%| E|CS|TAMS 0x000000071a200000, 0x000000071a200000| Complete 
| 210|0x000000071a400000, 0x000000071a600000, 0x000000071a600000|100%| E|CS|TAMS 0x000000071a400000, 0x000000071a400000| Complete 
| 211|0x000000071a600000, 0x000000071a800000, 0x000000071a800000|100%| E|CS|TAMS 0x000000071a600000, 0x000000071a600000| Complete 
| 212|0x000000071a800000, 0x000000071aa00000, 0x000000071aa00000|100%| E|CS|TAMS 0x000000071a800000, 0x000000071a800000| Complete 
| 213|0x000000071aa00000, 0x000000071ac00000, 0x000000071ac00000|100%| E|CS|TAMS 0x000000071aa00000, 0x000000071aa00000| Complete 
| 214|0x000000071ac00000, 0x000000071ae00000, 0x000000071ae00000|100%| E|CS|TAMS 0x000000071ac00000, 0x000000071ac00000| Complete 
| 215|0x000000071ae00000, 0x000000071b000000, 0x000000071b000000|100%| E|CS|TAMS 0x000000071ae00000, 0x000000071ae00000| Complete 
| 216|0x000000071b000000, 0x000000071b200000, 0x000000071b200000|100%| E|CS|TAMS 0x000000071b000000, 0x000000071b000000| Complete 
| 217|0x000000071b200000, 0x000000071b400000, 0x000000071b400000|100%| E|CS|TAMS 0x000000071b200000, 0x000000071b200000| Complete 
| 218|0x000000071b400000, 0x000000071b600000, 0x000000071b600000|100%| E|CS|TAMS 0x000000071b400000, 0x000000071b400000| Complete 
| 219|0x000000071b600000, 0x000000071b800000, 0x000000071b800000|100%| E|CS|TAMS 0x000000071b600000, 0x000000071b600000| Complete 
| 220|0x000000071b800000, 0x000000071ba00000, 0x000000071ba00000|100%| E|CS|TAMS 0x000000071b800000, 0x000000071b800000| Complete 
| 221|0x000000071ba00000, 0x000000071bc00000, 0x000000071bc00000|100%| E|CS|TAMS 0x000000071ba00000, 0x000000071ba00000| Complete 
| 222|0x000000071bc00000, 0x000000071be00000, 0x000000071be00000|100%| E|CS|TAMS 0x000000071bc00000, 0x000000071bc00000| Complete 
| 223|0x000000071be00000, 0x000000071c000000, 0x000000071c000000|100%| E|CS|TAMS 0x000000071be00000, 0x000000071be00000| Complete 
| 224|0x000000071c000000, 0x000000071c200000, 0x000000071c200000|100%| E|CS|TAMS 0x000000071c000000, 0x000000071c000000| Complete 
| 225|0x000000071c200000, 0x000000071c400000, 0x000000071c400000|100%| E|CS|TAMS 0x000000071c200000, 0x000000071c200000| Complete 
| 226|0x000000071c400000, 0x000000071c600000, 0x000000071c600000|100%| E|CS|TAMS 0x000000071c400000, 0x000000071c400000| Complete 
| 227|0x000000071c600000, 0x000000071c800000, 0x000000071c800000|100%| E|CS|TAMS 0x000000071c600000, 0x000000071c600000| Complete 
| 228|0x000000071c800000, 0x000000071ca00000, 0x000000071ca00000|100%| E|CS|TAMS 0x000000071c800000, 0x000000071c800000| Complete 
| 229|0x000000071ca00000, 0x000000071cc00000, 0x000000071cc00000|100%| E|CS|TAMS 0x000000071ca00000, 0x000000071ca00000| Complete 
| 230|0x000000071cc00000, 0x000000071ce00000, 0x000000071ce00000|100%| E|CS|TAMS 0x000000071cc00000, 0x000000071cc00000| Complete 
| 231|0x000000071ce00000, 0x000000071d000000, 0x000000071d000000|100%| E|CS|TAMS 0x000000071ce00000, 0x000000071ce00000| Complete 
| 232|0x000000071d000000, 0x000000071d200000, 0x000000071d200000|100%| E|CS|TAMS 0x000000071d000000, 0x000000071d000000| Complete 
| 233|0x000000071d200000, 0x000000071d400000, 0x000000071d400000|100%| E|CS|TAMS 0x000000071d200000, 0x000000071d200000| Complete 
| 234|0x000000071d400000, 0x000000071d600000, 0x000000071d600000|100%| E|CS|TAMS 0x000000071d400000, 0x000000071d400000| Complete 
| 235|0x000000071d600000, 0x000000071d800000, 0x000000071d800000|100%| E|CS|TAMS 0x000000071d600000, 0x000000071d600000| Complete 
| 236|0x000000071d800000, 0x000000071da00000, 0x000000071da00000|100%| E|CS|TAMS 0x000000071d800000, 0x000000071d800000| Complete 
| 237|0x000000071da00000, 0x000000071dc00000, 0x000000071dc00000|100%| E|CS|TAMS 0x000000071da00000, 0x000000071da00000| Complete 
| 238|0x000000071dc00000, 0x000000071de00000, 0x000000071de00000|100%| E|CS|TAMS 0x000000071dc00000, 0x000000071dc00000| Complete 
| 239|0x000000071de00000, 0x000000071e000000, 0x000000071e000000|100%| E|CS|TAMS 0x000000071de00000, 0x000000071de00000| Complete 
| 240|0x000000071e000000, 0x000000071e200000, 0x000000071e200000|100%| E|CS|TAMS 0x000000071e000000, 0x000000071e000000| Complete 
| 241|0x000000071e200000, 0x000000071e400000, 0x000000071e400000|100%| E|CS|TAMS 0x000000071e200000, 0x000000071e200000| Complete 
| 242|0x000000071e400000, 0x000000071e600000, 0x000000071e600000|100%| E|CS|TAMS 0x000000071e400000, 0x000000071e400000| Complete 
| 243|0x000000071e600000, 0x000000071e800000, 0x000000071e800000|100%| E|CS|TAMS 0x000000071e600000, 0x000000071e600000| Complete 
| 244|0x000000071e800000, 0x000000071ea00000, 0x000000071ea00000|100%| E|CS|TAMS 0x000000071e800000, 0x000000071e800000| Complete 
| 245|0x000000071ea00000, 0x000000071ec00000, 0x000000071ec00000|100%| E|CS|TAMS 0x000000071ea00000, 0x000000071ea00000| Complete 
| 246|0x000000071ec00000, 0x000000071ee00000, 0x000000071ee00000|100%| E|CS|TAMS 0x000000071ec00000, 0x000000071ec00000| Complete 
| 247|0x000000071ee00000, 0x000000071f000000, 0x000000071f000000|100%| E|CS|TAMS 0x000000071ee00000, 0x000000071ee00000| Complete 
| 248|0x000000071f000000, 0x000000071f200000, 0x000000071f200000|100%| E|CS|TAMS 0x000000071f000000, 0x000000071f000000| Complete 
| 249|0x000000071f200000, 0x000000071f400000, 0x000000071f400000|100%| E|CS|TAMS 0x000000071f200000, 0x000000071f200000| Complete 
| 250|0x000000071f400000, 0x000000071f600000, 0x000000071f600000|100%| E|CS|TAMS 0x000000071f400000, 0x000000071f400000| Complete 
| 251|0x000000071f600000, 0x000000071f800000, 0x000000071f800000|100%| E|CS|TAMS 0x000000071f600000, 0x000000071f600000| Complete 
| 252|0x000000071f800000, 0x000000071fa00000, 0x000000071fa00000|100%| E|CS|TAMS 0x000000071f800000, 0x000000071f800000| Complete 
| 253|0x000000071fa00000, 0x000000071fc00000, 0x000000071fc00000|100%| E|CS|TAMS 0x000000071fa00000, 0x000000071fa00000| Complete 
| 254|0x000000071fc00000, 0x000000071fe00000, 0x000000071fe00000|100%| E|CS|TAMS 0x000000071fc00000, 0x000000071fc00000| Complete 
| 255|0x000000071fe00000, 0x0000000720000000, 0x0000000720000000|100%| E|CS|TAMS 0x000000071fe00000, 0x000000071fe00000| Complete 
| 256|0x0000000720000000, 0x0000000720200000, 0x0000000720200000|100%| E|CS|TAMS 0x0000000720000000, 0x0000000720000000| Complete 
| 257|0x0000000720200000, 0x0000000720400000, 0x0000000720400000|100%| E|CS|TAMS 0x0000000720200000, 0x0000000720200000| Complete 
| 258|0x0000000720400000, 0x0000000720600000, 0x0000000720600000|100%| E|CS|TAMS 0x0000000720400000, 0x0000000720400000| Complete 
| 259|0x0000000720600000, 0x0000000720800000, 0x0000000720800000|100%| E|CS|TAMS 0x0000000720600000, 0x0000000720600000| Complete 
| 260|0x0000000720800000, 0x0000000720a00000, 0x0000000720a00000|100%| E|CS|TAMS 0x0000000720800000, 0x0000000720800000| Complete 
| 261|0x0000000720a00000, 0x0000000720c00000, 0x0000000720c00000|100%| E|CS|TAMS 0x0000000720a00000, 0x0000000720a00000| Complete 
| 262|0x0000000720c00000, 0x0000000720e00000, 0x0000000720e00000|100%| E|CS|TAMS 0x0000000720c00000, 0x0000000720c00000| Complete 
| 263|0x0000000720e00000, 0x0000000721000000, 0x0000000721000000|100%| E|CS|TAMS 0x0000000720e00000, 0x0000000720e00000| Complete 
| 264|0x0000000721000000, 0x0000000721200000, 0x0000000721200000|100%| E|CS|TAMS 0x0000000721000000, 0x0000000721000000| Complete 
| 265|0x0000000721200000, 0x0000000721400000, 0x0000000721400000|100%| E|CS|TAMS 0x0000000721200000, 0x0000000721200000| Complete 
| 266|0x0000000721400000, 0x0000000721600000, 0x0000000721600000|100%| E|CS|TAMS 0x0000000721400000, 0x0000000721400000| Complete 
| 267|0x0000000721600000, 0x0000000721800000, 0x0000000721800000|100%| E|CS|TAMS 0x0000000721600000, 0x0000000721600000| Complete 
| 268|0x0000000721800000, 0x0000000721a00000, 0x0000000721a00000|100%| E|CS|TAMS 0x0000000721800000, 0x0000000721800000| Complete 
| 269|0x0000000721a00000, 0x0000000721c00000, 0x0000000721c00000|100%| E|CS|TAMS 0x0000000721a00000, 0x0000000721a00000| Complete 
| 270|0x0000000721c00000, 0x0000000721e00000, 0x0000000721e00000|100%| E|CS|TAMS 0x0000000721c00000, 0x0000000721c00000| Complete 
| 271|0x0000000721e00000, 0x0000000722000000, 0x0000000722000000|100%| E|CS|TAMS 0x0000000721e00000, 0x0000000721e00000| Complete 
| 272|0x0000000722000000, 0x0000000722200000, 0x0000000722200000|100%| E|CS|TAMS 0x0000000722000000, 0x0000000722000000| Complete 
| 273|0x0000000722200000, 0x0000000722400000, 0x0000000722400000|100%| E|CS|TAMS 0x0000000722200000, 0x0000000722200000| Complete 
| 274|0x0000000722400000, 0x0000000722600000, 0x0000000722600000|100%| E|CS|TAMS 0x0000000722400000, 0x0000000722400000| Complete 
| 275|0x0000000722600000, 0x0000000722800000, 0x0000000722800000|100%| E|CS|TAMS 0x0000000722600000, 0x0000000722600000| Complete 
| 276|0x0000000722800000, 0x0000000722a00000, 0x0000000722a00000|100%| E|CS|TAMS 0x0000000722800000, 0x0000000722800000| Complete 
| 277|0x0000000722a00000, 0x0000000722c00000, 0x0000000722c00000|100%| E|CS|TAMS 0x0000000722a00000, 0x0000000722a00000| Complete 
| 278|0x0000000722c00000, 0x0000000722e00000, 0x0000000722e00000|100%| E|CS|TAMS 0x0000000722c00000, 0x0000000722c00000| Complete 
| 279|0x0000000722e00000, 0x0000000723000000, 0x0000000723000000|100%| E|CS|TAMS 0x0000000722e00000, 0x0000000722e00000| Complete 
| 280|0x0000000723000000, 0x0000000723200000, 0x0000000723200000|100%| E|CS|TAMS 0x0000000723000000, 0x0000000723000000| Complete 
| 281|0x0000000723200000, 0x0000000723400000, 0x0000000723400000|100%| E|CS|TAMS 0x0000000723200000, 0x0000000723200000| Complete 
| 282|0x0000000723400000, 0x0000000723600000, 0x0000000723600000|100%| E|CS|TAMS 0x0000000723400000, 0x0000000723400000| Complete 
| 283|0x0000000723600000, 0x0000000723800000, 0x0000000723800000|100%| E|CS|TAMS 0x0000000723600000, 0x0000000723600000| Complete 
| 284|0x0000000723800000, 0x0000000723a00000, 0x0000000723a00000|100%| E|CS|TAMS 0x0000000723800000, 0x0000000723800000| Complete 
| 285|0x0000000723a00000, 0x0000000723c00000, 0x0000000723c00000|100%| E|CS|TAMS 0x0000000723a00000, 0x0000000723a00000| Complete 
| 286|0x0000000723c00000, 0x0000000723e00000, 0x0000000723e00000|100%| E|CS|TAMS 0x0000000723c00000, 0x0000000723c00000| Complete 
| 287|0x0000000723e00000, 0x0000000724000000, 0x0000000724000000|100%| E|CS|TAMS 0x0000000723e00000, 0x0000000723e00000| Complete 
| 288|0x0000000724000000, 0x0000000724200000, 0x0000000724200000|100%| E|CS|TAMS 0x0000000724000000, 0x0000000724000000| Complete 
| 289|0x0000000724200000, 0x0000000724400000, 0x0000000724400000|100%| E|CS|TAMS 0x0000000724200000, 0x0000000724200000| Complete 
| 290|0x0000000724400000, 0x0000000724600000, 0x0000000724600000|100%| E|CS|TAMS 0x0000000724400000, 0x0000000724400000| Complete 
| 291|0x0000000724600000, 0x0000000724800000, 0x0000000724800000|100%| E|CS|TAMS 0x0000000724600000, 0x0000000724600000| Complete 
| 292|0x0000000724800000, 0x0000000724a00000, 0x0000000724a00000|100%| E|CS|TAMS 0x0000000724800000, 0x0000000724800000| Complete 
| 293|0x0000000724a00000, 0x0000000724c00000, 0x0000000724c00000|100%| E|CS|TAMS 0x0000000724a00000, 0x0000000724a00000| Complete 
| 294|0x0000000724c00000, 0x0000000724e00000, 0x0000000724e00000|100%| E|CS|TAMS 0x0000000724c00000, 0x0000000724c00000| Complete 
| 295|0x0000000724e00000, 0x0000000725000000, 0x0000000725000000|100%| E|CS|TAMS 0x0000000724e00000, 0x0000000724e00000| Complete 
| 296|0x0000000725000000, 0x0000000725200000, 0x0000000725200000|100%| E|CS|TAMS 0x0000000725000000, 0x0000000725000000| Complete 
| 297|0x0000000725200000, 0x0000000725400000, 0x0000000725400000|100%| E|CS|TAMS 0x0000000725200000, 0x0000000725200000| Complete 
| 298|0x0000000725400000, 0x0000000725600000, 0x0000000725600000|100%| E|CS|TAMS 0x0000000725400000, 0x0000000725400000| Complete 
| 299|0x0000000725600000, 0x0000000725800000, 0x0000000725800000|100%| E|CS|TAMS 0x0000000725600000, 0x0000000725600000| Complete 
| 300|0x0000000725800000, 0x0000000725a00000, 0x0000000725a00000|100%| E|CS|TAMS 0x0000000725800000, 0x0000000725800000| Complete 
| 301|0x0000000725a00000, 0x0000000725c00000, 0x0000000725c00000|100%| E|CS|TAMS 0x0000000725a00000, 0x0000000725a00000| Complete 
| 302|0x0000000725c00000, 0x0000000725e00000, 0x0000000725e00000|100%| E|CS|TAMS 0x0000000725c00000, 0x0000000725c00000| Complete 
| 303|0x0000000725e00000, 0x0000000726000000, 0x0000000726000000|100%| E|CS|TAMS 0x0000000725e00000, 0x0000000725e00000| Complete 
| 304|0x0000000726000000, 0x0000000726200000, 0x0000000726200000|100%| E|CS|TAMS 0x0000000726000000, 0x0000000726000000| Complete 
| 305|0x0000000726200000, 0x0000000726400000, 0x0000000726400000|100%| E|CS|TAMS 0x0000000726200000, 0x0000000726200000| Complete 
| 306|0x0000000726400000, 0x0000000726600000, 0x0000000726600000|100%| E|CS|TAMS 0x0000000726400000, 0x0000000726400000| Complete 
| 307|0x0000000726600000, 0x0000000726800000, 0x0000000726800000|100%| E|CS|TAMS 0x0000000726600000, 0x0000000726600000| Complete 

Card table byte_map: [0x000002befeec0000,0x000002beff6c0000] _byte_map_base: 0x000002befb6c0000

Marking Bits (Prev, Next): (CMBitMap*) 0x000002bee791b4e0, (CMBitMap*) 0x000002bee791b4a0
 Prev Bits: [0x000002be84000000, 0x000002be88000000)
 Next Bits: [0x000002be80000000, 0x000002be84000000)

Polling page: 0x000002bee5770000

Metaspace:

Usage:
  Non-class:     90.93 MB used.
      Class:     14.71 MB used.
       Both:    105.65 MB used.

Virtual space:
  Non-class space:      128.00 MB reserved,      91.81 MB ( 72%) committed,  2 nodes.
      Class space:      832.00 MB reserved,      15.50 MB (  2%) committed,  1 nodes.
             Both:      960.00 MB reserved,     107.31 MB ( 11%) committed. 

Chunk freelists:
   Non-Class:  3.92 MB
       Class:  490.00 KB
        Both:  4.40 MB

MaxMetaspaceSize: 1.00 GB
CompressedClassSpaceSize: 832.00 MB
Initial GC threshold: 21.00 MB
Current GC threshold: 118.06 MB
CDS: on
MetaspaceReclaimPolicy: balanced
 - commit_granule_bytes: 65536.
 - commit_granule_words: 8192.
 - virtual_space_node_default_size: 8388608.
 - enlarge_chunks_in_place: 1.
 - new_chunks_are_fully_committed: 0.
 - uncommit_free_chunks: 1.
 - use_allocation_guard: 0.
 - handle_deallocations: 1.


Internal statistics:

num_allocs_failed_limit: 9.
num_arena_births: 2266.
num_arena_deaths: 0.
num_vsnodes_births: 3.
num_vsnodes_deaths: 0.
num_space_committed: 1717.
num_space_uncommitted: 0.
num_chunks_returned_to_freelist: 9.
num_chunks_taken_from_freelist: 7409.
num_chunk_merges: 9.
num_chunk_splits: 4720.
num_chunks_enlarged: 2857.
num_inconsistent_stats: 0.

CodeHeap 'non-profiled nmethods': size=120000Kb used=10024Kb max_used=10024Kb free=109975Kb
 bounds [0x000002bef6c30000, 0x000002bef7600000, 0x000002befe160000]
CodeHeap 'profiled nmethods': size=120000Kb used=27773Kb max_used=27773Kb free=92226Kb
 bounds [0x000002beef160000, 0x000002bef0c90000, 0x000002bef6690000]
CodeHeap 'non-nmethods': size=5760Kb used=1768Kb max_used=1853Kb free=3991Kb
 bounds [0x000002bef6690000, 0x000002bef6900000, 0x000002bef6c30000]
 total_blobs=14604 nmethods=13739 adapters=776
 compilation: enabled
              stopped_count=0, restarted_count=0
 full_count=0

Compilation events (20 events):
Event: 42.701 Thread 0x000002be8a741480 nmethod 15991 0x000002bef0c7cf10 code [0x000002bef0c7d0c0, 0x000002bef0c7d308]
Event: 42.704 Thread 0x000002be8a741480 15993       3       org.codehaus.groovy.runtime.metaclass.MetaMethodIndex::<init> (114 bytes)
Event: 42.705 Thread 0x000002be8a741480 nmethod 15993 0x000002bef0c7d410 code [0x000002bef0c7d6c0, 0x000002bef0c7e678]
Event: 42.708 Thread 0x000002be8a741480 15994       3       java.lang.invoke.LambdaForm$DMH/0x000002be8c2e0800::invokeVirtual (18 bytes)
Event: 42.709 Thread 0x000002be8a741480 nmethod 15994 0x000002bef0c7eb10 code [0x000002bef0c7ece0, 0x000002bef0c7f238]
Event: 42.715 Thread 0x000002be8a7165f0 15995       4       java.lang.invoke.MethodHandleImpl::countNonNull (42 bytes)
Event: 42.718 Thread 0x000002be8a7165f0 nmethod 15995 0x000002bef75f9c90 code [0x000002bef75f9e00, 0x000002bef75f9f18]
Event: 42.718 Thread 0x000002be8a7165f0 15996       4       java.lang.invoke.MethodHandleImpl::makePairwiseConvertByEditor (627 bytes)
Event: 42.718 Thread 0x000002be8a741480 15997       1       groovy.lang.Closure::getMaximumNumberOfParameters (5 bytes)
Event: 42.718 Thread 0x000002be8a741480 nmethod 15997 0x000002bef75fa010 code [0x000002bef75fa1a0, 0x000002bef75fa278]
Event: 42.719 Thread 0x000002be8a741480 15998       3       org.gradle.internal.classpath.InstrumentedClosuresHelper::enterInstrumentedClosure (10 bytes)
Event: 42.719 Thread 0x000002be8a741480 nmethod 15998 0x000002bef0c7f390 code [0x000002bef0c7f560, 0x000002bef0c7f978]
Event: 42.719 Thread 0x000002be8a741480 15999       3       org.gradle.internal.classpath.PerThreadInstrumentedClosuresTracker::enterClosure (17 bytes)
Event: 42.719 Thread 0x000002be8a741480 nmethod 15999 0x000002bef0c7fb10 code [0x000002bef0c7fcc0, 0x000002bef0c80078]
Event: 43.757 Thread 0x000002be8a741480 16003       3       org.gradle.internal.serialize.InputStreamBackedDecoder::readString (8 bytes)
Event: 43.758 Thread 0x000002be8a741480 nmethod 16003 0x000002bef0c80190 code [0x000002bef0c80340, 0x000002bef0c804e8]
Event: 43.758 Thread 0x000002be8a741480 16004       3       org.gradle.internal.serialize.InputStreamBackedDecoder::readLong (8 bytes)
Event: 43.758 Thread 0x000002be8a741480 nmethod 16004 0x000002bef0c80610 code [0x000002bef0c807c0, 0x000002bef0c80908]
Event: 43.758 Thread 0x000002be8a741480 16005       3       java.util.Date::<init> (10 bytes)
Event: 43.758 Thread 0x000002be8a741480 nmethod 16005 0x000002bef0c80a10 code [0x000002bef0c80ba0, 0x000002bef0c80d18]

GC Heap History (20 events):
Event: 23.132 GC heap before
{Heap before GC invocations=37 (full 0):
 garbage-first heap   total 315392K, used 225925K [0x0000000700000000, 0x0000000800000000)
  region size 2048K, 72 young (147456K), 1 survivors (2048K)
 Metaspace       used 74189K, committed 75264K, reserved 917504K
  class space    used 10577K, committed 11072K, reserved 851968K
}
Event: 23.143 GC heap after
{Heap after GC invocations=38 (full 0):
 garbage-first heap   total 315392K, used 99699K [0x0000000700000000, 0x0000000800000000)
  region size 2048K, 9 young (18432K), 9 survivors (18432K)
 Metaspace       used 74189K, committed 75264K, reserved 917504K
  class space    used 10577K, committed 11072K, reserved 851968K
}
Event: 25.522 GC heap before
{Heap before GC invocations=38 (full 0):
 garbage-first heap   total 315392K, used 238963K [0x0000000700000000, 0x0000000800000000)
  region size 2048K, 76 young (155648K), 9 survivors (18432K)
 Metaspace       used 84055K, committed 85184K, reserved 983040K
  class space    used 11752K, committed 12288K, reserved 851968K
}
Event: 25.532 GC heap after
{Heap after GC invocations=39 (full 0):
 garbage-first heap   total 315392K, used 111194K [0x0000000700000000, 0x0000000800000000)
  region size 2048K, 5 young (10240K), 5 survivors (10240K)
 Metaspace       used 84055K, committed 85184K, reserved 983040K
  class space    used 11752K, committed 12288K, reserved 851968K
}
Event: 27.394 GC heap before
{Heap before GC invocations=39 (full 0):
 garbage-first heap   total 315392K, used 240218K [0x0000000700000000, 0x0000000800000000)
  region size 2048K, 68 young (139264K), 5 survivors (10240K)
 Metaspace       used 91306K, committed 92544K, reserved 983040K
  class space    used 12718K, committed 13312K, reserved 851968K
}
Event: 27.403 GC heap after
{Heap after GC invocations=40 (full 0):
 garbage-first heap   total 315392K, used 117557K [0x0000000700000000, 0x0000000800000000)
  region size 2048K, 8 young (16384K), 8 survivors (16384K)
 Metaspace       used 91306K, committed 92544K, reserved 983040K
  class space    used 12718K, committed 13312K, reserved 851968K
}
Event: 29.242 GC heap before
{Heap before GC invocations=40 (full 0):
 garbage-first heap   total 315392K, used 246581K [0x0000000700000000, 0x0000000800000000)
  region size 2048K, 71 young (145408K), 8 survivors (16384K)
 Metaspace       used 99083K, committed 100352K, reserved 983040K
  class space    used 13899K, committed 14528K, reserved 851968K
}
Event: 29.255 GC heap after
{Heap after GC invocations=41 (full 0):
 garbage-first heap   total 315392K, used 122279K [0x0000000700000000, 0x0000000800000000)
  region size 2048K, 6 young (12288K), 6 survivors (12288K)
 Metaspace       used 99083K, committed 100352K, reserved 983040K
  class space    used 13899K, committed 14528K, reserved 851968K
}
Event: 31.227 GC heap before
{Heap before GC invocations=41 (full 0):
 garbage-first heap   total 315392K, used 247207K [0x0000000700000000, 0x0000000800000000)
  region size 2048K, 68 young (139264K), 6 survivors (12288K)
 Metaspace       used 103755K, committed 105088K, reserved 983040K
  class space    used 14559K, committed 15232K, reserved 851968K
}
Event: 31.245 GC heap after
{Heap after GC invocations=42 (full 0):
 garbage-first heap   total 315392K, used 136184K [0x0000000700000000, 0x0000000800000000)
  region size 2048K, 9 young (18432K), 9 survivors (18432K)
 Metaspace       used 103755K, committed 105088K, reserved 983040K
  class space    used 14559K, committed 15232K, reserved 851968K
}
Event: 32.097 GC heap before
{Heap before GC invocations=42 (full 0):
 garbage-first heap   total 315392K, used 246776K [0x0000000700000000, 0x0000000800000000)
  region size 2048K, 64 young (131072K), 9 survivors (18432K)
 Metaspace       used 103960K, committed 105344K, reserved 983040K
  class space    used 14564K, committed 15232K, reserved 851968K
}
Event: 32.118 GC heap after
{Heap after GC invocations=43 (full 0):
 garbage-first heap   total 315392K, used 140217K [0x0000000700000000, 0x0000000800000000)
  region size 2048K, 4 young (8192K), 4 survivors (8192K)
 Metaspace       used 103960K, committed 105344K, reserved 983040K
  class space    used 14564K, committed 15232K, reserved 851968K
}
Event: 33.987 GC heap before
{Heap before GC invocations=43 (full 0):
 garbage-first heap   total 315392K, used 250809K [0x0000000700000000, 0x0000000800000000)
  region size 2048K, 58 young (118784K), 4 survivors (8192K)
 Metaspace       used 105870K, committed 107392K, reserved 983040K
  class space    used 14827K, committed 15552K, reserved 851968K
}
Event: 34.003 GC heap after
{Heap after GC invocations=44 (full 0):
 garbage-first heap   total 315392K, used 156372K [0x0000000700000000, 0x0000000800000000)
  region size 2048K, 8 young (16384K), 8 survivors (16384K)
 Metaspace       used 105870K, committed 107392K, reserved 983040K
  class space    used 14827K, committed 15552K, reserved 851968K
}
Event: 34.558 GC heap before
{Heap before GC invocations=44 (full 0):
 garbage-first heap   total 315392K, used 244436K [0x0000000700000000, 0x0000000800000000)
  region size 2048K, 52 young (106496K), 8 survivors (16384K)
 Metaspace       used 106039K, committed 107520K, reserved 983040K
  class space    used 14837K, committed 15552K, reserved 851968K
}
Event: 34.568 GC heap after
{Heap after GC invocations=45 (full 0):
 garbage-first heap   total 315392K, used 163856K [0x0000000700000000, 0x0000000800000000)
  region size 2048K, 4 young (8192K), 4 survivors (8192K)
 Metaspace       used 106039K, committed 107520K, reserved 983040K
  class space    used 14837K, committed 15552K, reserved 851968K
}
Event: 35.388 GC heap before
{Heap before GC invocations=45 (full 0):
 garbage-first heap   total 315392K, used 247824K [0x0000000700000000, 0x0000000800000000)
  region size 2048K, 46 young (94208K), 4 survivors (8192K)
 Metaspace       used 106352K, committed 107904K, reserved 983040K
  class space    used 14870K, committed 15616K, reserved 851968K
}
Event: 35.398 GC heap after
{Heap after GC invocations=46 (full 0):
 garbage-first heap   total 315392K, used 174080K [0x0000000700000000, 0x0000000800000000)
  region size 2048K, 6 young (12288K), 6 survivors (12288K)
 Metaspace       used 106352K, committed 107904K, reserved 983040K
  class space    used 14870K, committed 15616K, reserved 851968K
}
Event: 36.300 GC heap before
{Heap before GC invocations=46 (full 0):
 garbage-first heap   total 315392K, used 247808K [0x0000000700000000, 0x0000000800000000)
  region size 2048K, 43 young (88064K), 6 survivors (12288K)
 Metaspace       used 107746K, committed 109248K, reserved 983040K
  class space    used 15006K, committed 15744K, reserved 851968K
}
Event: 36.315 GC heap after
{Heap after GC invocations=47 (full 0):
 garbage-first heap   total 630784K, used 180997K [0x0000000700000000, 0x0000000800000000)
  region size 2048K, 5 young (10240K), 5 survivors (10240K)
 Metaspace       used 107746K, committed 109248K, reserved 983040K
  class space    used 15006K, committed 15744K, reserved 851968K
}

Deoptimization events (20 events):
Event: 38.137 Thread 0x000002bec615be80 Uncommon trap: trap_request=0xffffff45 fr.pc=0x000002bef75b2358 relative=0x00000000000001b8
Event: 38.137 Thread 0x000002bec615be80 Uncommon trap: reason=unstable_if action=reinterpret pc=0x000002bef75b2358 method=java.util.concurrent.locks.ReentrantLock$FairSync.tryAcquire(I)Z @ 20 c2
Event: 38.137 Thread 0x000002bec615be80 DEOPT PACKING pc=0x000002bef75b2358 sp=0x000000fecdffc970
Event: 38.137 Thread 0x000002bec615be80 DEOPT UNPACKING pc=0x000002bef66e23a3 sp=0x000000fecdffc920 mode 2
Event: 42.700 Thread 0x000002bec5f6b080 Uncommon trap: trap_request=0xffffffde fr.pc=0x000002bef72e8ba4 relative=0x0000000000003f84
Event: 42.700 Thread 0x000002bec5f6b080 Uncommon trap: reason=class_check action=maybe_recompile pc=0x000002bef72e8ba4 method=java.lang.reflect.AccessibleObject.checkCanSetAccessible(Ljava/lang/Class;Ljava/lang/Class;Z)Z @ 71 c2
Event: 42.700 Thread 0x000002bec5f6b080 DEOPT PACKING pc=0x000002bef72e8ba4 sp=0x000000fec4cf8c20
Event: 42.700 Thread 0x000002bec5f6b080 DEOPT UNPACKING pc=0x000002bef66e23a3 sp=0x000000fec4cf8c38 mode 2
Event: 42.712 Thread 0x000002bec5f6b080 Uncommon trap: trap_request=0xfffffff4 fr.pc=0x000002bef6e8ba6c relative=0x0000000000001bac
Event: 42.712 Thread 0x000002bec5f6b080 Uncommon trap: reason=null_check action=make_not_entrant pc=0x000002bef6e8ba6c method=java.lang.invoke.LambdaForm$Name.replaceNames([Ljava/lang/invoke/LambdaForm$Name;[Ljava/lang/invoke/LambdaForm$Name;II)Ljava/lang/invoke/LambdaForm$Name; @ 37 c2
Event: 42.712 Thread 0x000002bec5f6b080 DEOPT PACKING pc=0x000002bef6e8ba6c sp=0x000000fec4cf9090
Event: 42.712 Thread 0x000002bec5f6b080 DEOPT UNPACKING pc=0x000002bef66e23a3 sp=0x000000fec4cf9058 mode 2
Event: 42.712 Thread 0x000002bec5f6b080 Uncommon trap: trap_request=0xfffffff4 fr.pc=0x000002bef71460a8 relative=0x00000000000007e8
Event: 42.712 Thread 0x000002bec5f6b080 Uncommon trap: reason=null_check action=make_not_entrant pc=0x000002bef71460a8 method=java.lang.invoke.InvokerBytecodeGenerator.emitPushArgument(Ljava/lang/Class;Ljava/lang/Object;)V @ 6 c2
Event: 42.712 Thread 0x000002bec5f6b080 DEOPT PACKING pc=0x000002bef71460a8 sp=0x000000fec4cf8ea0
Event: 42.712 Thread 0x000002bec5f6b080 DEOPT UNPACKING pc=0x000002bef66e23a3 sp=0x000000fec4cf8dd8 mode 2
Event: 42.713 Thread 0x000002bec5f6b080 Uncommon trap: trap_request=0xfffffff4 fr.pc=0x000002bef6f51474 relative=0x00000000000005d4
Event: 42.713 Thread 0x000002bec5f6b080 Uncommon trap: reason=null_check action=make_not_entrant pc=0x000002bef6f51474 method=java.lang.invoke.InvokerBytecodeGenerator.emitPushArgument(Ljava/lang/Class;Ljava/lang/Object;)V @ 6 c2
Event: 42.713 Thread 0x000002bec5f6b080 DEOPT PACKING pc=0x000002bef6f51474 sp=0x000000fec4cf8e00
Event: 42.713 Thread 0x000002bec5f6b080 DEOPT UNPACKING pc=0x000002bef66e23a3 sp=0x000000fec4cf8dc0 mode 2

Classes unloaded (0 events):
No events

Classes redefined (0 events):
No events

Internal exceptions (20 events):
Event: 35.455 Thread 0x000002bec5f6b080 Exception <a 'java/lang/ClassNotFoundException'{0x0000000713388a28}: build_aado3tc1obop1famj8t0zn9seCustomizer> (0x0000000713388a28) 
thrown [s\open\src\hotspot\share\classfile\systemDictionary.cpp, line 256]
Event: 35.480 Thread 0x000002bec5f6b080 Exception <a 'java/lang/ClassNotFoundException'{0x00000007130ba330}: build_aado3tc1obop1famj8t0zn9seBeanInfo> (0x00000007130ba330) 
thrown [s\open\src\hotspot\share\classfile\systemDictionary.cpp, line 256]
Event: 35.481 Thread 0x000002bec5f6b080 Exception <a 'java/lang/ClassNotFoundException'{0x00000007130c19b8}: build_aado3tc1obop1famj8t0zn9seCustomizer> (0x00000007130c19b8) 
thrown [s\open\src\hotspot\share\classfile\systemDictionary.cpp, line 256]
Event: 35.520 Thread 0x000002bec5f6b080 Exception <a 'java/lang/ClassNotFoundException'{0x0000000712e8ef00}: build_aado3tc1obop1famj8t0zn9se$_run_closure1BeanInfo> (0x0000000712e8ef00) 
thrown [s\open\src\hotspot\share\classfile\systemDictionary.cpp, line 256]
Event: 35.520 Thread 0x000002bec5f6b080 Exception <a 'java/lang/ClassNotFoundException'{0x0000000712e9af88}: build_aado3tc1obop1famj8t0zn9se$_run_closure1Customizer> (0x0000000712e9af88) 
thrown [s\open\src\hotspot\share\classfile\systemDictionary.cpp, line 256]
Event: 35.717 Thread 0x000002bec5f6b080 Exception <a 'java/lang/ClassNotFoundException'{0x000000071280e298}: build_4b9u7v9r6xl42hvzbhixo9jcaBeanInfo> (0x000000071280e298) 
thrown [s\open\src\hotspot\share\classfile\systemDictionary.cpp, line 256]
Event: 35.718 Thread 0x000002bec5f6b080 Exception <a 'java/lang/ClassNotFoundException'{0x0000000712815988}: build_4b9u7v9r6xl42hvzbhixo9jcaCustomizer> (0x0000000712815988) 
thrown [s\open\src\hotspot\share\classfile\systemDictionary.cpp, line 256]
Event: 35.730 Thread 0x000002bec5f6b080 Exception <a 'java/lang/ClassNotFoundException'{0x0000000712883160}: build_4b9u7v9r6xl42hvzbhixo9jca$_run_closure1BeanInfo> (0x0000000712883160) 
thrown [s\open\src\hotspot\share\classfile\systemDictionary.cpp, line 256]
Event: 35.731 Thread 0x000002bec5f6b080 Exception <a 'java/lang/ClassNotFoundException'{0x000000071288be40}: build_4b9u7v9r6xl42hvzbhixo9jca$_run_closure1Customizer> (0x000000071288be40) 
thrown [s\open\src\hotspot\share\classfile\systemDictionary.cpp, line 256]
Event: 36.641 Thread 0x000002bec5f6b080 Exception <a 'java/lang/ClassNotFoundException'{0x00000007229547b0}: build_4b9u7v9r6xl42hvzbhixo9jcaBeanInfo> (0x00000007229547b0) 
thrown [s\open\src\hotspot\share\classfile\systemDictionary.cpp, line 256]
Event: 36.642 Thread 0x000002bec5f6b080 Exception <a 'java/lang/ClassNotFoundException'{0x000000072295be38}: build_4b9u7v9r6xl42hvzbhixo9jcaCustomizer> (0x000000072295be38) 
thrown [s\open\src\hotspot\share\classfile\systemDictionary.cpp, line 256]
Event: 36.952 Thread 0x000002bec5f6b080 Exception <a 'java/lang/ClassNotFoundException'{0x0000000721d14d38}: build_4b9u7v9r6xl42hvzbhixo9jca$_run_closure1BeanInfo> (0x0000000721d14d38) 
thrown [s\open\src\hotspot\share\classfile\systemDictionary.cpp, line 256]
Event: 36.953 Thread 0x000002bec5f6b080 Exception <a 'java/lang/ClassNotFoundException'{0x0000000721d1ff30}: build_4b9u7v9r6xl42hvzbhixo9jca$_run_closure1Customizer> (0x0000000721d1ff30) 
thrown [s\open\src\hotspot\share\classfile\systemDictionary.cpp, line 256]
Event: 37.247 Thread 0x000002bec5f6b080 Exception <a 'java/lang/ClassNotFoundException'{0x0000000721565648}: build_96qcz8hjlr3r5n6mnvtuuewn6BeanInfo> (0x0000000721565648) 
thrown [s\open\src\hotspot\share\classfile\systemDictionary.cpp, line 256]
Event: 37.249 Thread 0x000002bec5f6b080 Exception <a 'java/lang/ClassNotFoundException'{0x000000072156cd38}: build_96qcz8hjlr3r5n6mnvtuuewn6Customizer> (0x000000072156cd38) 
thrown [s\open\src\hotspot\share\classfile\systemDictionary.cpp, line 256]
Event: 38.531 Thread 0x000002bec5f6b080 Exception <a 'java/lang/ClassNotFoundException'{0x0000000719cdccb8}: build_96qcz8hjlr3r5n6mnvtuuewn6BeanInfo> (0x0000000719cdccb8) 
thrown [s\open\src\hotspot\share\classfile\systemDictionary.cpp, line 256]
Event: 38.531 Thread 0x000002bec5f6b080 Exception <a 'java/lang/ClassNotFoundException'{0x0000000719ce4340}: build_96qcz8hjlr3r5n6mnvtuuewn6Customizer> (0x0000000719ce4340) 
thrown [s\open\src\hotspot\share\classfile\systemDictionary.cpp, line 256]
Event: 42.712 Thread 0x000002bec5f6b080 Implicit null exception at 0x000002bef6e8a38c to 0x000002bef6e8ba34
Event: 42.712 Thread 0x000002bec5f6b080 Implicit null exception at 0x000002bef71459ab to 0x000002bef7146090
Event: 42.713 Thread 0x000002bec5f6b080 Implicit null exception at 0x000002bef6f50ef7 to 0x000002bef6f51460

VM Operations (20 events):
Event: 35.388 Executing VM operation: G1CollectForAllocation
Event: 35.398 Executing VM operation: G1CollectForAllocation done
Event: 35.582 Executing VM operation: HandshakeAllThreads
Event: 35.583 Executing VM operation: HandshakeAllThreads done
Event: 36.008 Executing VM operation: ICBufferFull
Event: 36.009 Executing VM operation: ICBufferFull done
Event: 36.299 Executing VM operation: G1CollectForAllocation
Event: 36.319 Executing VM operation: G1CollectForAllocation done
Event: 37.330 Executing VM operation: Cleanup
Event: 37.331 Executing VM operation: Cleanup done
Event: 38.340 Executing VM operation: Cleanup
Event: 38.345 Executing VM operation: Cleanup done
Event: 39.355 Executing VM operation: Cleanup
Event: 39.355 Executing VM operation: Cleanup done
Event: 42.392 Executing VM operation: Cleanup
Event: 42.392 Executing VM operation: Cleanup done
Event: 43.406 Executing VM operation: Cleanup
Event: 43.406 Executing VM operation: Cleanup done
Event: 44.417 Executing VM operation: Cleanup
Event: 44.417 Executing VM operation: Cleanup done

Events (20 events):
Event: 35.656 loading class com/sun/org/apache/xerces/internal/impl/Constants$ArrayEnumeration
Event: 35.656 loading class com/sun/org/apache/xerces/internal/impl/Constants$ArrayEnumeration done
Event: 35.657 loading class com/sun/org/apache/xerces/internal/impl/io/MalformedByteSequenceException
Event: 35.657 loading class java/io/CharConversionException
Event: 35.657 loading class java/io/CharConversionException done
Event: 35.657 loading class com/sun/org/apache/xerces/internal/impl/io/MalformedByteSequenceException done
Event: 35.657 loading class com/sun/org/apache/xerces/internal/dom/DeepNodeListImpl
Event: 35.657 loading class com/sun/org/apache/xerces/internal/dom/DeepNodeListImpl done
Event: 35.658 loading class com/sun/org/apache/xerces/internal/dom/DeferredElementImpl
Event: 35.658 loading class com/sun/org/apache/xerces/internal/dom/DeferredElementImpl done
Event: 35.658 loading class com/sun/org/apache/xerces/internal/dom/AttributeMap
Event: 35.658 loading class com/sun/org/apache/xerces/internal/dom/NamedNodeMapImpl
Event: 35.659 loading class com/sun/org/apache/xerces/internal/dom/NamedNodeMapImpl done
Event: 35.659 loading class com/sun/org/apache/xerces/internal/dom/AttributeMap done
Event: 35.659 loading class com/sun/org/apache/xerces/internal/dom/DeferredAttrImpl
Event: 35.659 loading class com/sun/org/apache/xerces/internal/dom/AttrImpl
Event: 35.659 loading class com/sun/org/apache/xerces/internal/dom/AttrImpl done
Event: 35.659 loading class com/sun/org/apache/xerces/internal/dom/DeferredAttrImpl done
Event: 38.689 Thread 0x000002bec9b6e530 Thread exited: 0x000002bec9b6e530
Event: 40.868 Thread 0x000002bec9b71fa0 Thread exited: 0x000002bec9b71fa0


Dynamic libraries:
0x00007ff6d2bf0000 - 0x00007ff6d2c00000 	C:\Program Files\Java\jdk-17\bin\java.exe
0x00007ffe88bc0000 - 0x00007ffe88e27000 	C:\WINDOWS\SYSTEM32\ntdll.dll
0x00007ffe877b0000 - 0x00007ffe87879000 	C:\WINDOWS\System32\KERNEL32.DLL
0x00007ffe85490000 - 0x00007ffe85884000 	C:\WINDOWS\System32\KERNELBASE.dll
0x00007ffe86710000 - 0x00007ffe8685b000 	C:\WINDOWS\System32\ucrtbase.dll
0x00007ffe7d9c0000 - 0x00007ffe7d9d9000 	C:\Program Files\Java\jdk-17\bin\jli.dll
0x00007ffe7d9a0000 - 0x00007ffe7d9bb000 	C:\Program Files\Java\jdk-17\bin\VCRUNTIME140.dll
0x00007ffe87480000 - 0x00007ffe87536000 	C:\WINDOWS\System32\ADVAPI32.dll
0x00007ffe88570000 - 0x00007ffe88619000 	C:\WINDOWS\System32\msvcrt.dll
0x00007ffe86be0000 - 0x00007ffe86c87000 	C:\WINDOWS\System32\sechost.dll
0x00007ffe875e0000 - 0x00007ffe876f8000 	C:\WINDOWS\System32\RPCRT4.dll
0x00007ffe88620000 - 0x00007ffe887e5000 	C:\WINDOWS\System32\USER32.dll
0x00007ffe86860000 - 0x00007ffe86887000 	C:\WINDOWS\System32\win32u.dll
0x00007ffe62620000 - 0x00007ffe628b3000 	C:\WINDOWS\WinSxS\amd64_microsoft.windows.common-controls_6595b64144ccf1df_6.0.26100.8115_none_3e075c82e3354f9c\COMCTL32.dll
0x00007ffe88430000 - 0x00007ffe8845b000 	C:\WINDOWS\System32\GDI32.dll
0x00007ffe85a00000 - 0x00007ffe85b2b000 	C:\WINDOWS\System32\gdi32full.dll
0x00007ffe86660000 - 0x00007ffe86703000 	C:\WINDOWS\System32\msvcp_win.dll
0x00007ffe79bc0000 - 0x00007ffe79bcb000 	C:\WINDOWS\SYSTEM32\VERSION.dll
0x00007ffe87b70000 - 0x00007ffe87ba2000 	C:\WINDOWS\System32\IMM32.DLL
0x00007ffe7d990000 - 0x00007ffe7d99c000 	C:\Program Files\Java\jdk-17\bin\vcruntime140_1.dll
0x00007ffe3ed00000 - 0x00007ffe3ed8e000 	C:\Program Files\Java\jdk-17\bin\msvcp140.dll
0x00007ffd93640000 - 0x00007ffd94220000 	C:\Program Files\Java\jdk-17\bin\server\jvm.dll
0x00007ffe87c00000 - 0x00007ffe87c08000 	C:\WINDOWS\System32\PSAPI.DLL
0x00007ffe50880000 - 0x00007ffe5088a000 	C:\WINDOWS\SYSTEM32\WSOCK32.dll
0x00007ffe717d0000 - 0x00007ffe71806000 	C:\WINDOWS\SYSTEM32\WINMM.dll
0x00007ffe87550000 - 0x00007ffe875d0000 	C:\WINDOWS\System32\WS2_32.dll
0x00007ffe84220000 - 0x00007ffe8423b000 	C:\WINDOWS\SYSTEM32\kernel.appcore.dll
0x00007ffe7ab40000 - 0x00007ffe7ab4a000 	C:\Program Files\Java\jdk-17\bin\jimage.dll
0x00007ffe833f0000 - 0x00007ffe83632000 	C:\WINDOWS\SYSTEM32\DBGHELP.DLL
0x00007ffe887f0000 - 0x00007ffe88b72000 	C:\WINDOWS\System32\combase.dll
0x00007ffe87a90000 - 0x00007ffe87b68000 	C:\WINDOWS\System32\OLEAUT32.dll
0x00007ffe61e10000 - 0x00007ffe61e4b000 	C:\WINDOWS\SYSTEM32\dbgcore.DLL
0x00007ffe85cb0000 - 0x00007ffe85d55000 	C:\WINDOWS\System32\bcryptPrimitives.dll
0x00007ffe50500000 - 0x00007ffe5050e000 	C:\Program Files\Java\jdk-17\bin\instrument.dll
0x00007ffe5fe90000 - 0x00007ffe5feb5000 	C:\Program Files\Java\jdk-17\bin\java.dll
0x00007ffe3ec20000 - 0x00007ffe3ecf7000 	C:\Program Files\Java\jdk-17\bin\jsvml.dll
0x00007ffe86d10000 - 0x00007ffe87477000 	C:\WINDOWS\System32\SHELL32.dll
0x00007ffe85890000 - 0x00007ffe859fa000 	C:\WINDOWS\System32\wintypes.dll
0x00007ffe85d60000 - 0x00007ffe865c8000 	C:\WINDOWS\System32\windows.storage.dll
0x00007ffe88130000 - 0x00007ffe88228000 	C:\WINDOWS\System32\SHCORE.dll
0x00007ffe86b70000 - 0x00007ffe86bd6000 	C:\WINDOWS\System32\shlwapi.dll
0x00007ffe853b0000 - 0x00007ffe853d9000 	C:\WINDOWS\SYSTEM32\profapi.dll
0x00007ffe3dee0000 - 0x00007ffe3def8000 	C:\Program Files\Java\jdk-17\bin\zip.dll
0x00007ffe431d0000 - 0x00007ffe431e9000 	C:\Program Files\Java\jdk-17\bin\net.dll
0x00007ffe7b290000 - 0x00007ffe7b3bd000 	C:\WINDOWS\SYSTEM32\WINHTTP.dll
0x00007ffe84800000 - 0x00007ffe8486c000 	C:\WINDOWS\system32\mswsock.dll
0x00007ffe42bc0000 - 0x00007ffe42bd6000 	C:\Program Files\Java\jdk-17\bin\nio.dll
0x00007ffe51970000 - 0x00007ffe51980000 	C:\Program Files\Java\jdk-17\bin\verify.dll
0x00007ffe08cb0000 - 0x00007ffe08cd7000 	C:\Users\Rohit\.gradle\native\1def1411415f61bf3af743bc5b6707747c0891f09f0c88961ee8f79bc544acac\windows-amd64\native-platform.dll
0x00007ffdee700000 - 0x00007ffdee777000 	C:\Users\Rohit\.gradle\native\0.2.8\x86_64-windows-gnu\gradle-fileevents.dll
0x00007ffe51c00000 - 0x00007ffe51c0a000 	C:\Program Files\Java\jdk-17\bin\management.dll
0x00007ffe519c0000 - 0x00007ffe519cb000 	C:\Program Files\Java\jdk-17\bin\management_ext.dll
0x00007ffe83c50000 - 0x00007ffe83c82000 	C:\WINDOWS\SYSTEM32\IPHLPAPI.DLL
0x00007ffe87c10000 - 0x00007ffe87c1a000 	C:\WINDOWS\System32\NSI.dll
0x00007ffe7cae0000 - 0x00007ffe7cafd000 	C:\WINDOWS\SYSTEM32\dhcpcsvc6.DLL
0x00007ffe7cab0000 - 0x00007ffe7cad5000 	C:\WINDOWS\SYSTEM32\dhcpcsvc.DLL
0x00007ffe83cf0000 - 0x00007ffe83e22000 	C:\WINDOWS\SYSTEM32\DNSAPI.dll
0x00007ffe84af0000 - 0x00007ffe84b0b000 	C:\WINDOWS\SYSTEM32\CRYPTSP.dll
0x00007ffe84180000 - 0x00007ffe841b9000 	C:\WINDOWS\system32\rsaenh.dll
0x00007ffe848b0000 - 0x00007ffe848e3000 	C:\WINDOWS\SYSTEM32\USERENV.dll
0x00007ffe85380000 - 0x00007ffe853aa000 	C:\WINDOWS\SYSTEM32\bcrypt.dll
0x00007ffe84ae0000 - 0x00007ffe84aec000 	C:\WINDOWS\SYSTEM32\CRYPTBASE.dll
0x00007ffe4fe00000 - 0x00007ffe4fe0e000 	C:\Program Files\Java\jdk-17\bin\sunmscapi.dll
0x00007ffe85b30000 - 0x00007ffe85ca7000 	C:\WINDOWS\System32\CRYPT32.dll
0x00007ffe84db0000 - 0x00007ffe84de0000 	C:\WINDOWS\SYSTEM32\ncrypt.dll
0x00007ffe84d60000 - 0x00007ffe84d9f000 	C:\WINDOWS\SYSTEM32\NTASN1.dll
0x00007ffe62a40000 - 0x00007ffe62a48000 	C:\WINDOWS\system32\wshunix.dll

dbghelp: loaded successfully - version: 4.0.5 - missing functions: none
symbol engine: initialized successfully - sym options: 0x614 - pdb path: .;C:\Program Files\Java\jdk-17\bin;C:\WINDOWS\SYSTEM32;C:\WINDOWS\WinSxS\amd64_microsoft.windows.common-controls_6595b64144ccf1df_6.0.26100.8115_none_3e075c82e3354f9c;C:\Program Files\Java\jdk-17\bin\server;C:\Users\Rohit\.gradle\native\1def1411415f61bf3af743bc5b6707747c0891f09f0c88961ee8f79bc544acac\windows-amd64;C:\Users\Rohit\.gradle\native\0.2.8\x86_64-windows-gnu

VM Arguments:
jvm_args: --add-opens=java.base/java.lang=ALL-UNNAMED --add-opens=java.base/java.lang.invoke=ALL-UNNAMED --add-opens=java.base/java.util=ALL-UNNAMED --add-opens=java.prefs/java.util.prefs=ALL-UNNAMED --add-exports=jdk.compiler/com.sun.tools.javac.api=ALL-UNNAMED --add-exports=jdk.compiler/com.sun.tools.javac.util=ALL-UNNAMED --add-opens=java.base/java.util=ALL-UNNAMED --add-opens=java.prefs/java.util.prefs=ALL-UNNAMED --add-opens=java.base/java.nio.charset=ALL-UNNAMED --add-opens=java.base/java.net=ALL-UNNAMED --add-opens=java.base/java.util.concurrent=ALL-UNNAMED --add-opens=java.base/java.util.concurrent.atomic=ALL-UNNAMED --add-opens=java.xml/javax.xml.namespace=ALL-UNNAMED -XX:MaxMetaspaceSize=1024m -Xmx4096m -Dfile.encoding=UTF-8 -Duser.country=IN -Duser.language=en -Duser.variant -javaagent:C:\Users\Rohit\.gradle\wrapper\dists\gradle-9.0.0-bin\d6wjpkvcgsg3oed0qlfss3wgl\gradle-9.0.0\lib\agents\gradle-instrumentation-agent-9.0.0.jar 
java_command: org.gradle.launcher.daemon.bootstrap.GradleDaemon 9.0.0
java_class_path (initial): C:\Users\Rohit\.gradle\wrapper\dists\gradle-9.0.0-bin\d6wjpkvcgsg3oed0qlfss3wgl\gradle-9.0.0\lib\gradle-daemon-main-9.0.0.jar
Launcher Type: SUN_STANDARD

[Global flags]
     intx CICompilerCount                          = 4                                         {product} {ergonomic}
   size_t CompressedClassSpaceSize                 = 872415232                                 {product} {ergonomic}
     uint ConcGCThreads                            = 3                                         {product} {ergonomic}
     uint G1ConcRefinementThreads                  = 10                                        {product} {ergonomic}
   size_t G1HeapRegionSize                         = 2097152                                   {product} {ergonomic}
    uintx GCDrainStackTargetSize                   = 64                                        {product} {ergonomic}
   size_t InitialHeapSize                          = 264241152                                 {product} {ergonomic}
   size_t MarkStackSize                            = 4194304                                   {product} {ergonomic}
   size_t MaxHeapSize                              = 4294967296                                {product} {command line}
   size_t MaxMetaspaceSize                         = 1073741824                                {product} {command line}
   size_t MaxNewSize                               = 2575302656                                {product} {ergonomic}
   size_t MinHeapDeltaBytes                        = 2097152                                   {product} {ergonomic}
   size_t MinHeapSize                              = 8388608                                   {product} {ergonomic}
    uintx NonNMethodCodeHeapSize                   = 5839372                                {pd product} {ergonomic}
    uintx NonProfiledCodeHeapSize                  = 122909434                              {pd product} {ergonomic}
    uintx ProfiledCodeHeapSize                     = 122909434                              {pd product} {ergonomic}
    uintx ReservedCodeCacheSize                    = 251658240                              {pd product} {ergonomic}
     bool SegmentedCodeCache                       = true                                      {product} {ergonomic}
   size_t SoftMaxHeapSize                          = 4294967296                             {manageable} {ergonomic}
     bool UseCompressedClassPointers               = true                           {product lp64_product} {ergonomic}
     bool UseCompressedOops                        = true                           {product lp64_product} {ergonomic}
     bool UseG1GC                                  = true                                      {product} {ergonomic}
     bool UseLargePagesIndividualAllocation        = false                                  {pd product} {ergonomic}

Logging:
Log output configuration:
 #0: stdout all=warning uptime,level,tags
 #1: stderr all=off uptime,level,tags

Environment Variables:
JAVA_HOME=C:\Program Files\Java\jdk-17
PATH=D:\my project\main project\FootFlex\forntend\node_modules\.bin;D:\my project\main project\FootFlex\forntend\node_modules\.bin;D:\my project\main project\FootFlex\node_modules\.bin;D:\my project\main project\node_modules\.bin;D:\my project\node_modules\.bin;D:\node_modules\.bin;C:\Program Files\nodejs\node_modules\npm\node_modules\@npmcli\run-script\lib\node-gyp-bin;c:\Users\Rohit\AppData\Roaming\Code\User\globalStorage\github.copilot-chat\debugCommand;c:\Users\Rohit\AppData\Roaming\Code\User\globalStorage\github.copilot-chat\copilotCli;C:\Users\Rohit\AppData\Local\Programs\Microsoft VS Code;C:\Program Files\Java\jdk-17\bin;C:\Program Files\Common Files\Oracle\Java\javapath;C:\oraclexe\app\oracle\product\10.2.0\server\bin;C:\windows\system32;C:\windows;C:\windows\System32\Wbem;C:\windows\System32\WindowsPowerShell\v1.0\;C:\windows\System32\OpenSSH\;C:\Program Files (x86)\NVIDIA Corporation\PhysX\Common;C:\Program Files\NVIDIA Corporation\NVIDIA NvDLISR;C:\Users\Administrator\AppData\Local\Microsoft\WindowsApps;C:\Program Files\HP\OMEN-Broadcast\Common;C:\ProgramData\chocolatey\bin;C:\Program Files\nodejs\;C:\xampp\php;C:\ProgramData\ComposerSetup\bin;C:\Program Files\Git\cmd;C:\Program Files\Microsoft SQL Server\150\Tools\Binn\;C:\Program Files\Microsoft SQL Server\Client SDK\ODBC\170\Tools\Binn\;C:\Program Files\dotnet\;%SystemRoot%\system32;%SystemRoot%;%SystemRoot%\System32\Wbem;%SYSTEMROOT%\System32\WindowsPowerShell\v1.0\;%SYSTEMROOT%\System32\OpenSSH\;C:\Users\Rohit\AppData\Local\Programs\Python\Python313\Scripts\;C:\Users\Rohit\AppData\Local\Programs\Python\Python313\;C:\Users\Rohit\AppData\Local\Microsoft\WindowsApps;C:\Users\Rohit\AppData\Local\Programs\Microsoft VS Code\bin;C:\Program Files\Java\jdk-17\bin;D:\Android\Flutter\SDK\flutter\bin;C:\Users\Rohit\AppData\Local\GitHubDesktop\bin;C:\Users\Rohit\AppData\Roaming\npm;C:\Users\Rohit\AppData\Local\Android\Sdk;C:\Users\Rohit\AppData\Roaming\Composer\vendor\bin;C:\Users\Rohit\.dotnet\tools;C:\Program File
USERNAME=Rohit
LANG=en_US.UTF-8
OS=Windows_NT
PROCESSOR_IDENTIFIER=Intel64 Family 6 Model 186 Stepping 2, GenuineIntel



---------------  S Y S T E M  ---------------

OS:
 Windows 11 , 64 bit Build 26100 (10.0.26100.8246)
OS uptime: 0 days 6:30 hours
Hyper-V role detected

CPU: total 12 (initial active 12) (6 cores per cpu, 2 threads per core) family 6 model 186 stepping 2 microcode 0x4122, cx8, cmov, fxsr, ht, mmx, 3dnowpref, sse, sse2, sse3, ssse3, sse4.1, sse4.2, popcnt, lzcnt, tsc, tscinvbit, avx, avx2, aes, erms, clmul, bmi1, bmi2, adx, sha, fma, vzeroupper, clflush, clflushopt, clwb, hv

Memory: 4k page, system-wide physical 16024M (2252M free)
TotalPageFile size 32408M (AvailPageFile size 1M)
current process WorkingSet (physical memory assigned to process): 827M, peak: 840M
current process commit charge ("private bytes"): 1006M, peak: 1017M

vm_info: Java HotSpot(TM) 64-Bit Server VM (17.0.12+8-LTS-286) for windows-amd64 JRE (17.0.12+8-LTS-286), built on Jun  5 2024 06:46:59 by "mach5one" with MS VC++ 17.6 (VS2022)

END.
