#
# There is insufficient memory for the Java Runtime Environment to continue.
# Native memory allocation (malloc) failed to allocate 1798416 bytes for Chunk::new
# Possible reasons:
#   The system is out of physical RAM or swap space
#   The process is running with CompressedOops enabled, and the Java Heap may be blocking the growth of the native heap
# Possible solutions:
#   Reduce memory load on the system
#   Increase physical memory or swap space
#   Check if swap backing store is full
#   Decrease Java heap size (-Xmx/-Xms)
#   Decrease number of Java threads
#   Decrease Java thread stack sizes (-Xss)
#   Set larger code cache with -XX:ReservedCodeCacheSize=
#   JVM is running with Unscaled Compressed Oops mode in which the Java heap is
#     placed in the first 4GB address space. The Java Heap base address is the
#     maximum limit for the native heap growth. Please use -XX:HeapBaseMinAddress
#     to set the Java Heap base and to place the Java Heap above 4GB virtual address.
# This output file may be truncated or incomplete.
#
#  Out of Memory Error (arena.cpp:189), pid=18936, tid=21860
#
# JRE version: Java(TM) SE Runtime Environment (17.0.12+8) (build 17.0.12+8-LTS-286)
# Java VM: Java HotSpot(TM) 64-Bit Server VM (17.0.12+8-LTS-286, mixed mode, sharing, tiered, compressed oops, compressed class ptrs, g1 gc, windows-amd64)
# No core dump will be written. Minidumps are not enabled by default on client versions of Windows
#

---------------  S U M M A R Y ------------

Command Line: --add-opens=java.base/java.lang=ALL-UNNAMED --add-opens=java.base/java.lang.invoke=ALL-UNNAMED --add-opens=java.base/java.util=ALL-UNNAMED --add-opens=java.prefs/java.util.prefs=ALL-UNNAMED --add-exports=jdk.compiler/com.sun.tools.javac.api=ALL-UNNAMED --add-exports=jdk.compiler/com.sun.tools.javac.util=ALL-UNNAMED --add-opens=java.base/java.util=ALL-UNNAMED --add-opens=java.prefs/java.util.prefs=ALL-UNNAMED --add-opens=java.base/java.nio.charset=ALL-UNNAMED --add-opens=java.base/java.net=ALL-UNNAMED --add-opens=java.base/java.util.concurrent=ALL-UNNAMED --add-opens=java.base/java.util.concurrent.atomic=ALL-UNNAMED --add-opens=java.xml/javax.xml.namespace=ALL-UNNAMED -XX:MaxMetaspaceSize=512m -Xmx2048m -Dfile.encoding=windows-1252 -Duser.country=IN -Duser.language=en -Duser.variant -javaagent:C:\Users\Rohit\.gradle\wrapper\dists\gradle-9.0.0-bin\d6wjpkvcgsg3oed0qlfss3wgl\gradle-9.0.0\lib\agents\gradle-instrumentation-agent-9.0.0.jar org.gradle.launcher.daemon.bootstrap.GradleDaemon 9.0.0

Host: 13th Gen Intel(R) Core(TM) i5-13420H, 12 cores, 15G,  Windows 11 , 64 bit Build 26100 (10.0.26100.8246)
Time: Wed Apr 29 15:14:16 2026 India Standard Time elapsed time: 105.597476 seconds (0d 0h 1m 45s)

---------------  T H R E A D  ---------------

Current thread (0x0000028ffb00f6a0):  JavaThread "C2 CompilerThread0" daemon [_thread_in_native, id=21860, stack(0x00000090e0300000,0x00000090e0400000)]


Current CompileTask:
C2: 105598 18088       4       org.gradle.internal.file.impl.DefaultDeleter::deleteRecursively (146 bytes)

Stack: [0x00000090e0300000,0x00000090e0400000]
Native frames: (J=compiled Java code, j=interpreted, Vv=VM code, C=native code)
V  [jvm.dll+0x67a04a]
V  [jvm.dll+0x7da4ed]
V  [jvm.dll+0x7dbe33]
V  [jvm.dll+0x7dc4a3]
V  [jvm.dll+0x24508f]
V  [jvm.dll+0xab773]
V  [jvm.dll+0xabd3c]
V  [jvm.dll+0x361b9f]
V  [jvm.dll+0x32c431]
V  [jvm.dll+0x32b8ca]
V  [jvm.dll+0x21683f]
V  [jvm.dll+0x215c6f]
V  [jvm.dll+0x1a2960]
V  [jvm.dll+0x22610b]
V  [jvm.dll+0x2242ab]
V  [jvm.dll+0x79075c]
V  [jvm.dll+0x78abea]
V  [jvm.dll+0x678f35]
C  [ucrtbase.dll+0x37b0]
C  [KERNEL32.DLL+0x2e8d7]
C  [ntdll.dll+0x8c3fc]


---------------  P R O C E S S  ---------------

Threads class SMR info:
_java_thread_list=0x0000028f88c30a50, length=199, elements={
0x0000028fbd679660, 0x0000028fdbd12db0, 0x0000028fdbd13880, 0x0000028ffb004f70,
0x0000028ffb005840, 0x0000028ffb006110, 0x0000028ffb0069e0, 0x0000028ffb00f6a0,
0x0000028ffb017570, 0x0000028ffb017e80, 0x0000028ffb111c70, 0x0000028ffb1f7740,
0x0000028ffc6bf6b0, 0x0000028ffd3624a0, 0x0000028ffb6e0330, 0x0000028ffd339440,
0x0000028ffbf0a950, 0x0000028ffca94540, 0x0000028ffca93610, 0x0000028ffca93100,
0x0000028ffca93b20, 0x0000028ffca94030, 0x0000028ffca92bf0, 0x0000028ffd978750,
0x0000028ffd9768f0, 0x0000028ffd976e00, 0x0000028ffd979170, 0x0000028ffd977310,
0x0000028ffd977820, 0x0000028ffd978240, 0x0000028ffd977d30, 0x0000028ffd979680,
0x0000028ffd9763e0, 0x0000028ffd97bf00, 0x0000028ffd97a0a0, 0x0000028ffd97aac0,
0x0000028ffd97afd0, 0x0000028ffd97ce30, 0x0000028ffd97c920, 0x0000028ffd97d340,
0x0000028ffd97b4e0, 0x0000028ffd97b9f0, 0x0000028fff35bda0, 0x0000028fff35c2b0,
0x0000028fff35d1e0, 0x0000028fff35d6f0, 0x0000028fff35c7c0, 0x0000028fff35a960,
0x0000028fff35ccd0, 0x0000028fff35b890, 0x0000028fff359f40, 0x0000028fff35dc00,
0x0000028fff35ae70, 0x0000028fff35b380, 0x0000028fff35a450, 0x0000028fff360480,
0x0000028fff360990, 0x0000028fff360ea0, 0x0000028fff35ff70, 0x0000028fff3618c0,
0x0000028fff3613b0, 0x0000028fff35e110, 0x0000028fff35e620, 0x0000028fff35eb30,
0x0000028fff35f040, 0x0000028fff35f550, 0x0000028fff35fa60, 0x0000028fff102490,
0x0000028fff103de0, 0x0000028fff101560, 0x0000028fff100630, 0x0000028fff1029a0,
0x0000028fff100b40, 0x0000028fff101f80, 0x0000028fff104800, 0x0000028fff102eb0,
0x0000028fff1042f0, 0x0000028fff105730, 0x0000028fff106b70, 0x0000028fff106660,
0x0000028fff105c40, 0x0000028fff107aa0, 0x0000028fff106150, 0x0000028fff107080,
0x0000028fff107fb0, 0x0000028fff107590, 0x0000028ffb908ce0, 0x0000028ffb9091f0,
0x0000028ffb909700, 0x0000028ffb909c10, 0x0000028ffb90b050, 0x0000028ffb907db0,
0x0000028ffb9082c0, 0x0000028ffb90a630, 0x0000028ffb90ab40, 0x0000028ffb9078a0,
0x0000028ffb90ba70, 0x0000028ffb90bf80, 0x0000028ffb90b560, 0x0000028ffb90c490,
0x0000028ffb90c9a0, 0x0000028ffb90ceb0, 0x0000028ffb90d3c0, 0x0000028ffb90d8d0,
0x0000028ffb90a120, 0x0000028ffb90f220, 0x0000028ffb90dde0, 0x0000028ffb90e2f0,
0x0000028ffb90e800, 0x0000028ffb90ed10, 0x0000028fffccd060, 0x0000028fffcd0300,
0x0000028fffccdf90, 0x0000028fffccf3d0, 0x0000028fffccf8e0, 0x0000028fffcce9b0,
0x0000028fffcceec0, 0x0000028fffcd0810, 0x0000028fffcce4a0, 0x0000028fffccfdf0,
0x0000028fffccd570, 0x0000028fffccda80, 0x0000028fff99f270, 0x0000028fff9a1af0,
0x0000028fff99e850, 0x0000028fff99e340, 0x0000028fff9a06b0, 0x0000028fff9a2000,
0x0000028fff9a01a0, 0x0000028fff9a2510, 0x0000028fff99fc90, 0x0000028fff9a10d0,
0x0000028fff9a0bc0, 0x0000028fff99f780, 0x0000028fff9a15e0, 0x0000028fff99ed60,
0x0000028fff9a52a0, 0x0000028fff9a2a20, 0x0000028fff9a57b0, 0x0000028fff9a4370,
0x0000028fff9a2f30, 0x0000028fff9a3e60, 0x0000028fff9a3440, 0x0000028fff9a3950,
0x0000028fff9a4880, 0x0000028fff9a4d90, 0x0000028ffc027440, 0x0000028ffc026000,
0x0000028ffc029cc0, 0x0000028ffc0297b0, 0x0000028ffc028880, 0x0000028ffc026f30,
0x0000028ffc028d90, 0x0000028ffc0292a0, 0x0000028ffc027950, 0x0000028ffc02a1d0,
0x0000028ffc027e60, 0x0000028ffc026510, 0x0000028ffc02b610, 0x0000028ffc026a20,
0x0000028ffc02bb20, 0x0000028ffc02a6e0, 0x0000028ffc02abf0, 0x0000028ffc02b100,
0x0000028ffc028370, 0x0000028ffc02d470, 0x0000028ffc02c030, 0x0000028ffc02d980,
0x0000028ffc02c540, 0x0000028ffc02ca50, 0x0000028ffc02cf60, 0x0000028ffe6ce6a0,
0x0000028ffe6cd770, 0x0000028ffe6cdc80, 0x0000028ffe6cf5d0, 0x0000028ffe6ce190,
0x0000028ffe6cebb0, 0x0000028ffe6cf0c0, 0x0000028ffe6cfae0, 0x0000028ffe6cfff0,
0x0000028ffe6cd260, 0x0000028ffe6d0500, 0x0000028ffe6ccd50, 0x0000028ffe6d3cb0,
0x0000028ffe6d3290, 0x0000028ffe6d46d0, 0x0000028ffe6d1430, 0x0000028ffdb398c0,
0x0000028ffdb3a2e0, 0x0000028ffdb3a7f0, 0x0000028ffdb37040, 0x0000028ffdb3b720,
0x0000028ffdb3b210, 0x0000028ffdb3bc30, 0x0000028ffdb38480, 0x0000028ffdb3c140,
0x0000028ffd97d850, 0x0000028ffd97c410, 0x0000028fff1033c0
}

Java Threads: ( => current thread )
  0x0000028fbd679660 JavaThread "main" [_thread_blocked, id=1740, stack(0x00000090df600000,0x00000090df700000)]
  0x0000028fdbd12db0 JavaThread "Reference Handler" daemon [_thread_blocked, id=416, stack(0x00000090dfd00000,0x00000090dfe00000)]
  0x0000028fdbd13880 JavaThread "Finalizer" daemon [_thread_blocked, id=21528, stack(0x00000090dfe00000,0x00000090dff00000)]
  0x0000028ffb004f70 JavaThread "Signal Dispatcher" daemon [_thread_blocked, id=29252, stack(0x00000090dff00000,0x00000090e0000000)]
  0x0000028ffb005840 JavaThread "Attach Listener" daemon [_thread_blocked, id=9428, stack(0x00000090e0000000,0x00000090e0100000)]
  0x0000028ffb006110 JavaThread "Service Thread" daemon [_thread_blocked, id=25680, stack(0x00000090e0100000,0x00000090e0200000)]
  0x0000028ffb0069e0 JavaThread "Monitor Deflation Thread" daemon [_thread_blocked, id=25804, stack(0x00000090e0200000,0x00000090e0300000)]
=>0x0000028ffb00f6a0 JavaThread "C2 CompilerThread0" daemon [_thread_in_native, id=21860, stack(0x00000090e0300000,0x00000090e0400000)]
  0x0000028ffb017570 JavaThread "C1 CompilerThread0" daemon [_thread_blocked, id=23376, stack(0x00000090e0400000,0x00000090e0500000)]
  0x0000028ffb017e80 JavaThread "Sweeper thread" daemon [_thread_blocked, id=15772, stack(0x00000090e0500000,0x00000090e0600000)]
  0x0000028ffb111c70 JavaThread "Common-Cleaner" daemon [_thread_blocked, id=29572, stack(0x00000090e0600000,0x00000090e0700000)]
  0x0000028ffb1f7740 JavaThread "Notification Thread" daemon [_thread_blocked, id=18464, stack(0x00000090e0700000,0x00000090e0800000)]
  0x0000028ffc6bf6b0 JavaThread "Daemon health stats" [_thread_blocked, id=27452, stack(0x00000090e1000000,0x00000090e1100000)]
  0x0000028ffd3624a0 JavaThread "Incoming local TCP Connector on port 51202" [_thread_in_native, id=25660, stack(0x00000090e0a00000,0x00000090e0b00000)]
  0x0000028ffb6e0330 JavaThread "Daemon periodic checks" [_thread_blocked, id=24976, stack(0x00000090e1100000,0x00000090e1200000)]
  0x0000028ffd339440 JavaThread "Daemon" [_thread_blocked, id=28996, stack(0x00000090e1200000,0x00000090e1300000)]
  0x0000028ffbf0a950 JavaThread "Handler for socket connection from /127.0.0.1:51202 to /127.0.0.1:51203" [_thread_in_native, id=26992, stack(0x00000090e1300000,0x00000090e1400000)]
  0x0000028ffca94540 JavaThread "Cancel handler" [_thread_blocked, id=25556, stack(0x00000090e1400000,0x00000090e1500000)]
  0x0000028ffca93610 JavaThread "Daemon worker" [_thread_blocked, id=23236, stack(0x00000090e1500000,0x00000090e1600000)]
  0x0000028ffca93100 JavaThread "Asynchronous log dispatcher for DefaultDaemonConnection: socket connection from /127.0.0.1:51202 to /127.0.0.1:51203" [_thread_blocked, id=25332, stack(0x00000090e1600000,0x00000090e1700000)]
  0x0000028ffca93b20 JavaThread "Stdin handler" [_thread_blocked, id=24016, stack(0x00000090e1700000,0x00000090e1800000)]
  0x0000028ffca94030 JavaThread "Daemon client event forwarder" [_thread_blocked, id=22556, stack(0x00000090e1800000,0x00000090e1900000)]
  0x0000028ffca92bf0 JavaThread "Cache worker for journal cache (C:\Users\Rohit\.gradle\caches\journal-1)" [_thread_blocked, id=4696, stack(0x00000090e1900000,0x00000090e1a00000)]
  0x0000028ffd978750 JavaThread "File lock request listener" [_thread_in_native, id=17904, stack(0x00000090e1a00000,0x00000090e1b00000)]
  0x0000028ffd9768f0 JavaThread "Cache worker for file hash cache (C:\Users\Rohit\.gradle\caches\9.0.0\fileHashes)" [_thread_blocked, id=15348, stack(0x00000090e1b00000,0x00000090e1c00000)]
  0x0000028ffd976e00 JavaThread "Cache worker for file hash cache (D:\my project\main project\FootFlex\forntend\android\.gradle\9.0.0\fileHashes)" [_thread_blocked, id=24464, stack(0x00000090e2200000,0x00000090e2300000)]
  0x0000028ffd979170 JavaThread "Cache worker for Build Output Cleanup Cache (D:\my project\main project\FootFlex\forntend\android\.gradle\buildOutputCleanup)" [_thread_blocked, id=404, stack(0x00000090e2300000,0x00000090e2400000)]
  0x0000028ffd977310 JavaThread "File watcher server" daemon [_thread_in_native, id=26000, stack(0x00000090e2400000,0x00000090e2500000)]
  0x0000028ffd977820 JavaThread "File watcher consumer" daemon [_thread_blocked, id=1444, stack(0x00000090e2500000,0x00000090e2600000)]
  0x0000028ffd978240 JavaThread "Cache worker for checksums cache (D:\my project\main project\FootFlex\forntend\android\.gradle\9.0.0\checksums)" [_thread_blocked, id=10872, stack(0x00000090e2600000,0x00000090e2700000)]
  0x0000028ffd977d30 JavaThread "Cache worker for file content cache (C:\Users\Rohit\.gradle\caches\9.0.0\fileContent)" [_thread_blocked, id=27240, stack(0x00000090e0900000,0x00000090e0a00000)]
  0x0000028ffd979680 JavaThread "Cache worker for cache directory md-supplier (C:\Users\Rohit\.gradle\caches\9.0.0\md-supplier)" [_thread_blocked, id=22424, stack(0x00000090e2800000,0x00000090e2900000)]
  0x0000028ffd9763e0 JavaThread "Cache worker for cache directory md-rule (C:\Users\Rohit\.gradle\caches\9.0.0\md-rule)" [_thread_blocked, id=3132, stack(0x00000090e2700000,0x00000090e2800000)]
  0x0000028ffd97bf00 JavaThread "jar transforms" [_thread_blocked, id=19444, stack(0x00000090e2b00000,0x00000090e2c00000)]
  0x0000028ffd97a0a0 JavaThread "Cache worker for Build Output Cleanup Cache (D:\my project\main project\FootFlex\forntend\node_modules\@react-native\gradle-plugin\.gradle\buildOutputCleanup)" [_thread_blocked, id=24420, stack(0x00000090e2c00000,0x00000090e2d00000)]
  0x0000028ffd97aac0 JavaThread "Unconstrained build operations" [_thread_blocked, id=4168, stack(0x00000090e2900000,0x00000090e2a00000)]
  0x0000028ffd97afd0 JavaThread "Unconstrained build operations Thread 2" [_thread_blocked, id=25704, stack(0x00000090e2a00000,0x00000090e2b00000)]
  0x0000028ffd97ce30 JavaThread "Unconstrained build operations Thread 3" [_thread_blocked, id=29236, stack(0x00000090e2d00000,0x00000090e2e00000)]
  0x0000028ffd97c920 JavaThread "Unconstrained build operations Thread 4" [_thread_blocked, id=24628, stack(0x00000090e2e00000,0x00000090e2f00000)]
  0x0000028ffd97d340 JavaThread "Unconstrained build operations Thread 5" [_thread_blocked, id=20068, stack(0x00000090e2f00000,0x00000090e3000000)]
  0x0000028ffd97b4e0 JavaThread "Unconstrained build operations Thread 6" [_thread_blocked, id=8368, stack(0x00000090e3000000,0x00000090e3100000)]
  0x0000028ffd97b9f0 JavaThread "Unconstrained build operations Thread 7" [_thread_blocked, id=29276, stack(0x00000090e3300000,0x00000090e3400000)]
  0x0000028fff35bda0 JavaThread "Unconstrained build operations Thread 8" [_thread_blocked, id=9820, stack(0x00000090e3400000,0x00000090e3500000)]
  0x0000028fff35c2b0 JavaThread "Unconstrained build operations Thread 9" [_thread_blocked, id=24736, stack(0x00000090e3500000,0x00000090e3600000)]
  0x0000028fff35d1e0 JavaThread "Unconstrained build operations Thread 10" [_thread_blocked, id=14248, stack(0x00000090e3600000,0x00000090e3700000)]
  0x0000028fff35d6f0 JavaThread "Unconstrained build operations Thread 11" [_thread_blocked, id=10896, stack(0x00000090e3700000,0x00000090e3800000)]
  0x0000028fff35c7c0 JavaThread "Unconstrained build operations Thread 12" [_thread_blocked, id=9448, stack(0x00000090e3800000,0x00000090e3900000)]
  0x0000028fff35a960 JavaThread "Unconstrained build operations Thread 13" [_thread_blocked, id=23340, stack(0x00000090e3900000,0x00000090e3a00000)]
  0x0000028fff35ccd0 JavaThread "Unconstrained build operations Thread 14" [_thread_blocked, id=14776, stack(0x00000090e3a00000,0x00000090e3b00000)]
  0x0000028fff35b890 JavaThread "Unconstrained build operations Thread 15" [_thread_blocked, id=10128, stack(0x00000090e3b00000,0x00000090e3c00000)]
  0x0000028fff359f40 JavaThread "Unconstrained build operations Thread 16" [_thread_blocked, id=11848, stack(0x00000090e3c00000,0x00000090e3d00000)]
  0x0000028fff35dc00 JavaThread "Unconstrained build operations Thread 17" [_thread_blocked, id=29456, stack(0x00000090e3d00000,0x00000090e3e00000)]
  0x0000028fff35ae70 JavaThread "Unconstrained build operations Thread 18" [_thread_blocked, id=21620, stack(0x00000090e3e00000,0x00000090e3f00000)]
  0x0000028fff35b380 JavaThread "Unconstrained build operations Thread 19" [_thread_blocked, id=26828, stack(0x00000090e3f00000,0x00000090e4000000)]
  0x0000028fff35a450 JavaThread "Unconstrained build operations Thread 20" [_thread_blocked, id=16072, stack(0x00000090e4000000,0x00000090e4100000)]
  0x0000028fff360480 JavaThread "Unconstrained build operations Thread 21" [_thread_blocked, id=28608, stack(0x00000090e4100000,0x00000090e4200000)]
  0x0000028fff360990 JavaThread "Unconstrained build operations Thread 22" [_thread_blocked, id=26664, stack(0x00000090e4200000,0x00000090e4300000)]
  0x0000028fff360ea0 JavaThread "Unconstrained build operations Thread 23" [_thread_blocked, id=27060, stack(0x00000090e4300000,0x00000090e4400000)]
  0x0000028fff35ff70 JavaThread "Unconstrained build operations Thread 24" [_thread_blocked, id=26052, stack(0x00000090e4400000,0x00000090e4500000)]
  0x0000028fff3618c0 JavaThread "Unconstrained build operations Thread 25" [_thread_blocked, id=12076, stack(0x00000090e4500000,0x00000090e4600000)]
  0x0000028fff3613b0 JavaThread "Unconstrained build operations Thread 26" [_thread_blocked, id=19328, stack(0x00000090e4600000,0x00000090e4700000)]
  0x0000028fff35e110 JavaThread "Unconstrained build operations Thread 27" [_thread_blocked, id=18664, stack(0x00000090e4700000,0x00000090e4800000)]
  0x0000028fff35e620 JavaThread "Unconstrained build operations Thread 28" [_thread_blocked, id=17476, stack(0x00000090e4800000,0x00000090e4900000)]
  0x0000028fff35eb30 JavaThread "Unconstrained build operations Thread 29" [_thread_blocked, id=23920, stack(0x00000090e4900000,0x00000090e4a00000)]
  0x0000028fff35f040 JavaThread "Unconstrained build operations Thread 30" [_thread_blocked, id=21320, stack(0x00000090e4a00000,0x00000090e4b00000)]
  0x0000028fff35f550 JavaThread "Unconstrained build operations Thread 31" [_thread_blocked, id=200, stack(0x00000090e4b00000,0x00000090e4c00000)]
  0x0000028fff35fa60 JavaThread "Unconstrained build operations Thread 32" [_thread_blocked, id=5088, stack(0x00000090e4c00000,0x00000090e4d00000)]
  0x0000028fff102490 JavaThread "Unconstrained build operations Thread 33" [_thread_blocked, id=26112, stack(0x00000090e4d00000,0x00000090e4e00000)]
  0x0000028fff103de0 JavaThread "Unconstrained build operations Thread 34" [_thread_blocked, id=29452, stack(0x00000090e4e00000,0x00000090e4f00000)]
  0x0000028fff101560 JavaThread "Unconstrained build operations Thread 35" [_thread_blocked, id=19448, stack(0x00000090e4f00000,0x00000090e5000000)]
  0x0000028fff100630 JavaThread "Unconstrained build operations Thread 36" [_thread_blocked, id=15888, stack(0x00000090e5000000,0x00000090e5100000)]
  0x0000028fff1029a0 JavaThread "Unconstrained build operations Thread 37" [_thread_blocked, id=25484, stack(0x00000090e5100000,0x00000090e5200000)]
  0x0000028fff100b40 JavaThread "Unconstrained build operations Thread 38" [_thread_blocked, id=10276, stack(0x00000090e5200000,0x00000090e5300000)]
  0x0000028fff101f80 JavaThread "Unconstrained build operations Thread 39" [_thread_blocked, id=23440, stack(0x00000090e5300000,0x00000090e5400000)]
  0x0000028fff104800 JavaThread "build event listener" [_thread_blocked, id=28288, stack(0x00000090e3200000,0x00000090e3300000)]
  0x0000028fff102eb0 JavaThread "Memory manager" [_thread_blocked, id=25372, stack(0x00000090e5400000,0x00000090e5500000)]
  0x0000028fff1042f0 JavaThread "ForkJoinPool.commonPool-worker-1" daemon [_thread_blocked, id=17564, stack(0x00000090e5600000,0x00000090e5700000)]
  0x0000028fff105730 JavaThread "ForkJoinPool.commonPool-worker-3" daemon [_thread_blocked, id=11756, stack(0x00000090e5800000,0x00000090e5900000)]
  0x0000028fff106b70 JavaThread "ForkJoinPool.commonPool-worker-4" daemon [_thread_blocked, id=15092, stack(0x00000090e5900000,0x00000090e5a00000)]
  0x0000028fff106660 JavaThread "ForkJoinPool.commonPool-worker-5" daemon [_thread_blocked, id=18668, stack(0x00000090e5a00000,0x00000090e5b00000)]
  0x0000028fff105c40 JavaThread "ForkJoinPool.commonPool-worker-6" daemon [_thread_blocked, id=13388, stack(0x00000090e5b00000,0x00000090e5c00000)]
  0x0000028fff107aa0 JavaThread "ForkJoinPool.commonPool-worker-7" daemon [_thread_blocked, id=29680, stack(0x00000090e5c00000,0x00000090e5d00000)]
  0x0000028fff106150 JavaThread "ForkJoinPool.commonPool-worker-8" daemon [_thread_blocked, id=14436, stack(0x00000090e5d00000,0x00000090e5e00000)]
  0x0000028fff107080 JavaThread "ForkJoinPool.commonPool-worker-9" daemon [_thread_blocked, id=21272, stack(0x00000090e5e00000,0x00000090e5f00000)]
  0x0000028fff107fb0 JavaThread "ForkJoinPool.commonPool-worker-10" daemon [_thread_blocked, id=25820, stack(0x00000090e5f00000,0x00000090e6000000)]
  0x0000028fff107590 JavaThread "ForkJoinPool.commonPool-worker-11" daemon [_thread_blocked, id=9920, stack(0x00000090e6000000,0x00000090e6100000)]
  0x0000028ffb908ce0 JavaThread "included builds" [_thread_blocked, id=27388, stack(0x00000090e6100000,0x00000090e6200000)]
  0x0000028ffb9091f0 JavaThread "Execution worker" [_thread_in_native, id=18992, stack(0x00000090e6200000,0x00000090e6300000)]
  0x0000028ffb909700 JavaThread "Execution worker Thread 2" [_thread_blocked, id=14172, stack(0x00000090e6300000,0x00000090e6400000)]
  0x0000028ffb909c10 JavaThread "Execution worker Thread 3" [_thread_blocked, id=27124, stack(0x00000090e6400000,0x00000090e6500000)]
  0x0000028ffb90b050 JavaThread "Execution worker Thread 4" [_thread_blocked, id=28892, stack(0x00000090e6500000,0x00000090e6600000)]
  0x0000028ffb907db0 JavaThread "Execution worker Thread 5" [_thread_blocked, id=8596, stack(0x00000090e6600000,0x00000090e6700000)]
  0x0000028ffb9082c0 JavaThread "Execution worker Thread 6" [_thread_blocked, id=28032, stack(0x00000090e6700000,0x00000090e6800000)]
  0x0000028ffb90a630 JavaThread "Execution worker Thread 7" [_thread_blocked, id=26596, stack(0x00000090e6800000,0x00000090e6900000)]
  0x0000028ffb90ab40 JavaThread "Execution worker Thread 8" [_thread_blocked, id=24812, stack(0x00000090e6900000,0x00000090e6a00000)]
  0x0000028ffb9078a0 JavaThread "Execution worker Thread 9" [_thread_blocked, id=20984, stack(0x00000090e6a00000,0x00000090e6b00000)]
  0x0000028ffb90ba70 JavaThread "Execution worker Thread 10" [_thread_blocked, id=12036, stack(0x00000090e6b00000,0x00000090e6c00000)]
  0x0000028ffb90bf80 JavaThread "Execution worker Thread 11" [_thread_blocked, id=28916, stack(0x00000090e6c00000,0x00000090e6d00000)]
  0x0000028ffb90b560 JavaThread "Cache worker for execution history cache (D:\my project\main project\FootFlex\forntend\node_modules\@react-native\gradle-plugin\.gradle\9.0.0\executionHistory)" [_thread_blocked, id=19408, stack(0x00000090e6d00000,0x00000090e6e00000)]
  0x0000028ffb90c490 JavaThread "Unconstrained build operations Thread 40" [_thread_blocked, id=15272, stack(0x00000090e5500000,0x00000090e5600000)]
  0x0000028ffb90c9a0 JavaThread "Unconstrained build operations Thread 41" [_thread_blocked, id=28240, stack(0x00000090e6e00000,0x00000090e6f00000)]
  0x0000028ffb90ceb0 JavaThread "Unconstrained build operations Thread 42" [_thread_blocked, id=29500, stack(0x00000090e6f00000,0x00000090e7000000)]
  0x0000028ffb90d3c0 JavaThread "Unconstrained build operations Thread 43" [_thread_blocked, id=2512, stack(0x00000090e7000000,0x00000090e7100000)]
  0x0000028ffb90d8d0 JavaThread "Unconstrained build operations Thread 44" [_thread_blocked, id=19532, stack(0x00000090e7100000,0x00000090e7200000)]
  0x0000028ffb90a120 JavaThread "Unconstrained build operations Thread 45" [_thread_blocked, id=23888, stack(0x00000090e7200000,0x00000090e7300000)]
  0x0000028ffb90f220 JavaThread "Unconstrained build operations Thread 46" [_thread_blocked, id=9456, stack(0x00000090e7300000,0x00000090e7400000)]
  0x0000028ffb90dde0 JavaThread "Unconstrained build operations Thread 47" [_thread_blocked, id=22336, stack(0x00000090e7400000,0x00000090e7500000)]
  0x0000028ffb90e2f0 JavaThread "Unconstrained build operations Thread 48" [_thread_blocked, id=9992, stack(0x00000090e7500000,0x00000090e7600000)]
  0x0000028ffb90e800 JavaThread "Unconstrained build operations Thread 49" [_thread_blocked, id=29044, stack(0x00000090e7600000,0x00000090e7700000)]
  0x0000028ffb90ed10 JavaThread "Unconstrained build operations Thread 50" [_thread_blocked, id=6356, stack(0x00000090e7700000,0x00000090e7800000)]
  0x0000028fffccd060 JavaThread "Unconstrained build operations Thread 51" [_thread_blocked, id=25832, stack(0x00000090e7800000,0x00000090e7900000)]
  0x0000028fffcd0300 JavaThread "Unconstrained build operations Thread 52" [_thread_blocked, id=27800, stack(0x00000090e7900000,0x00000090e7a00000)]
  0x0000028fffccdf90 JavaThread "Unconstrained build operations Thread 53" [_thread_blocked, id=25760, stack(0x00000090e7a00000,0x00000090e7b00000)]
  0x0000028fffccf3d0 JavaThread "Unconstrained build operations Thread 54" [_thread_blocked, id=228, stack(0x00000090e7b00000,0x00000090e7c00000)]
  0x0000028fffccf8e0 JavaThread "Unconstrained build operations Thread 55" [_thread_blocked, id=13644, stack(0x00000090e7c00000,0x00000090e7d00000)]
  0x0000028fffcce9b0 JavaThread "Unconstrained build operations Thread 56" [_thread_blocked, id=21204, stack(0x00000090e7d00000,0x00000090e7e00000)]
  0x0000028fffcceec0 JavaThread "Unconstrained build operations Thread 57" [_thread_blocked, id=12780, stack(0x00000090e7e00000,0x00000090e7f00000)]
  0x0000028fffcd0810 JavaThread "Unconstrained build operations Thread 58" [_thread_blocked, id=29664, stack(0x00000090e7f00000,0x00000090e8000000)]
  0x0000028fffcce4a0 JavaThread "Unconstrained build operations Thread 59" [_thread_blocked, id=21280, stack(0x00000090e8000000,0x00000090e8100000)]
  0x0000028fffccfdf0 JavaThread "Unconstrained build operations Thread 60" [_thread_blocked, id=13204, stack(0x00000090e8100000,0x00000090e8200000)]
  0x0000028fffccd570 JavaThread "Unconstrained build operations Thread 61" [_thread_blocked, id=18448, stack(0x00000090e8200000,0x00000090e8300000)]
  0x0000028fffccda80 JavaThread "Unconstrained build operations Thread 62" [_thread_blocked, id=25420, stack(0x00000090e8300000,0x00000090e8400000)]
  0x0000028fff99f270 JavaThread "Unconstrained build operations Thread 63" [_thread_blocked, id=6236, stack(0x00000090e8400000,0x00000090e8500000)]
  0x0000028fff9a1af0 JavaThread "Unconstrained build operations Thread 64" [_thread_blocked, id=21640, stack(0x00000090e8500000,0x00000090e8600000)]
  0x0000028fff99e850 JavaThread "Unconstrained build operations Thread 65" [_thread_blocked, id=23592, stack(0x00000090e8600000,0x00000090e8700000)]
  0x0000028fff99e340 JavaThread "Unconstrained build operations Thread 66" [_thread_blocked, id=23240, stack(0x00000090e8700000,0x00000090e8800000)]
  0x0000028fff9a06b0 JavaThread "Unconstrained build operations Thread 67" [_thread_blocked, id=23400, stack(0x00000090e8800000,0x00000090e8900000)]
  0x0000028fff9a2000 JavaThread "Unconstrained build operations Thread 68" [_thread_blocked, id=29528, stack(0x00000090e8900000,0x00000090e8a00000)]
  0x0000028fff9a01a0 JavaThread "Unconstrained build operations Thread 69" [_thread_blocked, id=28108, stack(0x00000090e3100000,0x00000090e3200000)]
  0x0000028fff9a2510 JavaThread "Unconstrained build operations Thread 70" [_thread_blocked, id=27548, stack(0x00000090e8a00000,0x00000090e8b00000)]
  0x0000028fff99fc90 JavaThread "Unconstrained build operations Thread 71" [_thread_blocked, id=17636, stack(0x00000090e8b00000,0x00000090e8c00000)]
  0x0000028fff9a10d0 JavaThread "Unconstrained build operations Thread 72" [_thread_blocked, id=12400, stack(0x00000090e8c00000,0x00000090e8d00000)]
  0x0000028fff9a0bc0 JavaThread "Unconstrained build operations Thread 73" [_thread_blocked, id=22276, stack(0x00000090e8d00000,0x00000090e8e00000)]
  0x0000028fff99f780 JavaThread "Unconstrained build operations Thread 74" [_thread_blocked, id=27588, stack(0x00000090e8e00000,0x00000090e8f00000)]
  0x0000028fff9a15e0 JavaThread "Unconstrained build operations Thread 75" [_thread_blocked, id=29036, stack(0x00000090e8f00000,0x00000090e9000000)]
  0x0000028fff99ed60 JavaThread "Unconstrained build operations Thread 76" [_thread_blocked, id=8300, stack(0x00000090e9000000,0x00000090e9100000)]
  0x0000028fff9a52a0 JavaThread "Unconstrained build operations Thread 77" [_thread_blocked, id=29488, stack(0x00000090e9100000,0x00000090e9200000)]
  0x0000028fff9a2a20 JavaThread "Unconstrained build operations Thread 78" [_thread_blocked, id=17008, stack(0x00000090e9200000,0x00000090e9300000)]
  0x0000028fff9a57b0 JavaThread "Unconstrained build operations Thread 79" [_thread_blocked, id=27120, stack(0x00000090e9300000,0x00000090e9400000)]
  0x0000028fff9a4370 JavaThread "Unconstrained build operations Thread 80" [_thread_blocked, id=29616, stack(0x00000090e9400000,0x00000090e9500000)]
  0x0000028fff9a2f30 JavaThread "Unconstrained build operations Thread 81" [_thread_blocked, id=29476, stack(0x00000090e9500000,0x00000090e9600000)]
  0x0000028fff9a3e60 JavaThread "Unconstrained build operations Thread 82" [_thread_blocked, id=20600, stack(0x00000090e9600000,0x00000090e9700000)]
  0x0000028fff9a3440 JavaThread "Unconstrained build operations Thread 83" [_thread_blocked, id=15200, stack(0x00000090e9700000,0x00000090e9800000)]
  0x0000028fff9a3950 JavaThread "Unconstrained build operations Thread 84" [_thread_blocked, id=15084, stack(0x00000090e9800000,0x00000090e9900000)]
  0x0000028fff9a4880 JavaThread "Unconstrained build operations Thread 85" [_thread_blocked, id=6160, stack(0x00000090e9900000,0x00000090e9a00000)]
  0x0000028fff9a4d90 JavaThread "Unconstrained build operations Thread 86" [_thread_blocked, id=24600, stack(0x00000090e9a00000,0x00000090e9b00000)]
  0x0000028ffc027440 JavaThread "Unconstrained build operations Thread 87" [_thread_blocked, id=25992, stack(0x00000090e9b00000,0x00000090e9c00000)]
  0x0000028ffc026000 JavaThread "Unconstrained build operations Thread 88" [_thread_blocked, id=26908, stack(0x00000090e9c00000,0x00000090e9d00000)]
  0x0000028ffc029cc0 JavaThread "Unconstrained build operations Thread 89" [_thread_blocked, id=17596, stack(0x00000090e9d00000,0x00000090e9e00000)]
  0x0000028ffc0297b0 JavaThread "Unconstrained build operations Thread 90" [_thread_blocked, id=15520, stack(0x00000090e9e00000,0x00000090e9f00000)]
  0x0000028ffc028880 JavaThread "Unconstrained build operations Thread 91" [_thread_blocked, id=26164, stack(0x00000090e9f00000,0x00000090ea000000)]
  0x0000028ffc026f30 JavaThread "Unconstrained build operations Thread 92" [_thread_blocked, id=29288, stack(0x00000090ea000000,0x00000090ea100000)]
  0x0000028ffc028d90 JavaThread "Unconstrained build operations Thread 93" [_thread_blocked, id=23688, stack(0x00000090ea100000,0x00000090ea200000)]
  0x0000028ffc0292a0 JavaThread "Unconstrained build operations Thread 94" [_thread_blocked, id=1392, stack(0x00000090ea200000,0x00000090ea300000)]
  0x0000028ffc027950 JavaThread "Unconstrained build operations Thread 95" [_thread_blocked, id=20212, stack(0x00000090ea300000,0x00000090ea400000)]
  0x0000028ffc02a1d0 JavaThread "Unconstrained build operations Thread 96" [_thread_blocked, id=22312, stack(0x00000090ea400000,0x00000090ea500000)]
  0x0000028ffc027e60 JavaThread "Unconstrained build operations Thread 97" [_thread_blocked, id=29100, stack(0x00000090ea500000,0x00000090ea600000)]
  0x0000028ffc026510 JavaThread "Unconstrained build operations Thread 98" [_thread_blocked, id=29020, stack(0x00000090ea600000,0x00000090ea700000)]
  0x0000028ffc02b610 JavaThread "Unconstrained build operations Thread 99" [_thread_blocked, id=16344, stack(0x00000090ea700000,0x00000090ea800000)]
  0x0000028ffc026a20 JavaThread "Unconstrained build operations Thread 100" [_thread_blocked, id=10208, stack(0x00000090ea800000,0x00000090ea900000)]
  0x0000028ffc02bb20 JavaThread "Unconstrained build operations Thread 101" [_thread_blocked, id=22716, stack(0x00000090ea900000,0x00000090eaa00000)]
  0x0000028ffc02a6e0 JavaThread "Unconstrained build operations Thread 102" [_thread_blocked, id=21220, stack(0x00000090eab00000,0x00000090eac00000)]
  0x0000028ffc02abf0 JavaThread "Unconstrained build operations Thread 103" [_thread_blocked, id=21588, stack(0x00000090eac00000,0x00000090ead00000)]
  0x0000028ffc02b100 JavaThread "Unconstrained build operations Thread 104" [_thread_blocked, id=18760, stack(0x00000090ead00000,0x00000090eae00000)]
  0x0000028ffc028370 JavaThread "Unconstrained build operations Thread 105" [_thread_blocked, id=17664, stack(0x00000090eae00000,0x00000090eaf00000)]
  0x0000028ffc02d470 JavaThread "Unconstrained build operations Thread 106" [_thread_blocked, id=29436, stack(0x00000090eaf00000,0x00000090eb000000)]
  0x0000028ffc02c030 JavaThread "Unconstrained build operations Thread 107" [_thread_blocked, id=27004, stack(0x00000090eb000000,0x00000090eb100000)]
  0x0000028ffc02d980 JavaThread "Unconstrained build operations Thread 108" [_thread_blocked, id=4740, stack(0x00000090eb100000,0x00000090eb200000)]
  0x0000028ffc02c540 JavaThread "Unconstrained build operations Thread 109" [_thread_blocked, id=4504, stack(0x00000090eb200000,0x00000090eb300000)]
  0x0000028ffc02ca50 JavaThread "Unconstrained build operations Thread 110" [_thread_blocked, id=29344, stack(0x00000090eb300000,0x00000090eb400000)]
  0x0000028ffc02cf60 JavaThread "Unconstrained build operations Thread 111" [_thread_blocked, id=22464, stack(0x00000090eb400000,0x00000090eb500000)]
  0x0000028ffe6ce6a0 JavaThread "Unconstrained build operations Thread 112" [_thread_blocked, id=24188, stack(0x00000090eb500000,0x00000090eb600000)]
  0x0000028ffe6cd770 JavaThread "jar transforms Thread 2" [_thread_blocked, id=27036, stack(0x00000090eb600000,0x00000090eb700000)]
  0x0000028ffe6cdc80 JavaThread "jar transforms Thread 3" [_thread_blocked, id=28944, stack(0x00000090eb700000,0x00000090eb800000)]
  0x0000028ffe6cf5d0 JavaThread "Unconstrained build operations Thread 113" [_thread_blocked, id=23196, stack(0x00000090eb800000,0x00000090eb900000)]
  0x0000028ffe6ce190 JavaThread "Unconstrained build operations Thread 114" [_thread_blocked, id=27724, stack(0x00000090eb900000,0x00000090eba00000)]
  0x0000028ffe6cebb0 JavaThread "Unconstrained build operations Thread 115" [_thread_blocked, id=29508, stack(0x00000090eba00000,0x00000090ebb00000)]
  0x0000028ffe6cf0c0 JavaThread "Unconstrained build operations Thread 116" [_thread_blocked, id=24856, stack(0x00000090ebb00000,0x00000090ebc00000)]
  0x0000028ffe6cfae0 JavaThread "Unconstrained build operations Thread 117" [_thread_blocked, id=26264, stack(0x00000090ebc00000,0x00000090ebd00000)]
  0x0000028ffe6cfff0 JavaThread "Unconstrained build operations Thread 118" [_thread_blocked, id=11284, stack(0x00000090ebd00000,0x00000090ebe00000)]
  0x0000028ffe6cd260 JavaThread "Unconstrained build operations Thread 119" [_thread_blocked, id=22740, stack(0x00000090ebe00000,0x00000090ebf00000)]
  0x0000028ffe6d0500 JavaThread "Unconstrained build operations Thread 120" [_thread_blocked, id=15608, stack(0x00000090ebf00000,0x00000090ec000000)]
  0x0000028ffe6ccd50 JavaThread "jar transforms Thread 4" [_thread_blocked, id=21368, stack(0x00000090ec100000,0x00000090ec200000)]
  0x0000028ffe6d3cb0 JavaThread "jar transforms Thread 5" [_thread_blocked, id=23544, stack(0x00000090ec000000,0x00000090ec100000)]
  0x0000028ffe6d3290 JavaThread "jar transforms Thread 6" [_thread_blocked, id=20896, stack(0x00000090ec200000,0x00000090ec300000)]
  0x0000028ffe6d46d0 JavaThread "build event listener" [_thread_blocked, id=23080, stack(0x00000090ec300000,0x00000090ec400000)]
  0x0000028ffe6d1430 JavaThread "Problems report writer" [_thread_blocked, id=20672, stack(0x00000090ec500000,0x00000090ec600000)]
  0x0000028ffdb398c0 JavaThread "jar transforms Thread 7" [_thread_blocked, id=28264, stack(0x00000090ec800000,0x00000090ec900000)]
  0x0000028ffdb3a2e0 JavaThread "jar transforms Thread 8" [_thread_blocked, id=28884, stack(0x00000090ec900000,0x00000090eca00000)]
  0x0000028ffdb3a7f0 JavaThread "jar transforms Thread 9" [_thread_blocked, id=3080, stack(0x00000090eca00000,0x00000090ecb00000)]
  0x0000028ffdb37040 JavaThread "jar transforms Thread 10" [_thread_blocked, id=2336, stack(0x00000090ecb00000,0x00000090ecc00000)]
  0x0000028ffdb3b720 JavaThread "jar transforms Thread 11" [_thread_blocked, id=11352, stack(0x00000090ecc00000,0x00000090ecd00000)]
  0x0000028ffdb3b210 JavaThread "jar transforms Thread 12" [_thread_blocked, id=8564, stack(0x00000090ecd00000,0x00000090ece00000)]
  0x0000028ffdb3bc30 JavaThread "Exec process" [_thread_blocked, id=5872, stack(0x00000090ec700000,0x00000090ec800000)]
  0x0000028ffdb38480 JavaThread "Exec process Thread 2" [_thread_blocked, id=14588, stack(0x00000090ece00000,0x00000090ecf00000)]
  0x0000028ffdb3c140 JavaThread "Exec process Thread 3" [_thread_blocked, id=29280, stack(0x00000090ecf00000,0x00000090ed000000)]
  0x0000028ffd97d850 JavaThread "pool-3-thread-1" [_thread_blocked, id=12944, stack(0x00000090df500000,0x00000090df600000)]
  0x0000028ffd97c410 JavaThread "build event listener" [_thread_blocked, id=9300, stack(0x00000090eaa00000,0x00000090eab00000)]
  0x0000028fff1033c0 JavaThread "Cache worker for execution history cache (D:\my project\main project\FootFlex\forntend\android\.gradle\9.0.0\executionHistory)" [_thread_blocked, id=29228, stack(0x00000090ed000000,0x00000090ed100000)]

Other Threads:
  0x0000028fdbd11770 VMThread "VM Thread" [stack: 0x00000090dfc00000,0x00000090dfd00000] [id=26892]
  0x0000028fbd6ef9f0 WatcherThread [stack: 0x00000090e0800000,0x00000090e0900000] [id=23288]
  0x0000028fbd6d56c0 GCTaskThread "GC Thread#0" [stack: 0x00000090df700000,0x00000090df800000] [id=2596]
  0x0000028ffb2c41c0 GCTaskThread "GC Thread#1" [stack: 0x00000090e0b00000,0x00000090e0c00000] [id=12348]
  0x0000028ffb2c2bc0 GCTaskThread "GC Thread#2" [stack: 0x00000090e0c00000,0x00000090e0d00000] [id=25656]
  0x0000028ffb2c2900 GCTaskThread "GC Thread#3" [stack: 0x00000090e0d00000,0x00000090e0e00000] [id=1660]
  0x0000028ffb2c3f00 GCTaskThread "GC Thread#4" [stack: 0x00000090e0e00000,0x00000090e0f00000] [id=4728]
  0x0000028ffb2c3400 GCTaskThread "GC Thread#5" [stack: 0x00000090e0f00000,0x00000090e1000000] [id=24864]
  0x0000028ffb2c36c0 GCTaskThread "GC Thread#6" [stack: 0x00000090e1c00000,0x00000090e1d00000] [id=27372]
  0x0000028ffb2c3c40 GCTaskThread "GC Thread#7" [stack: 0x00000090e1d00000,0x00000090e1e00000] [id=28508]
  0x0000028f80070540 GCTaskThread "GC Thread#8" [stack: 0x00000090e1e00000,0x00000090e1f00000] [id=24180]
  0x0000028f8006fd00 GCTaskThread "GC Thread#9" [stack: 0x00000090e1f00000,0x00000090e2000000] [id=24152]
  0x0000028fbd6e6520 ConcurrentGCThread "G1 Main Marker" [stack: 0x00000090df800000,0x00000090df900000] [id=2488]
  0x0000028fbd6e7b10 ConcurrentGCThread "G1 Conc#0" [stack: 0x00000090df900000,0x00000090dfa00000] [id=11400]
  0x0000028f80072640 ConcurrentGCThread "G1 Conc#1" [stack: 0x00000090e2000000,0x00000090e2100000] [id=22828]
  0x0000028f80070800 ConcurrentGCThread "G1 Conc#2" [stack: 0x00000090e2100000,0x00000090e2200000] [id=24940]
  0x0000028fdbbc4190 ConcurrentGCThread "G1 Refine#0" [stack: 0x00000090dfa00000,0x00000090dfb00000] [id=28128]
  0x0000028fdbbc5880 ConcurrentGCThread "G1 Service" [stack: 0x00000090dfb00000,0x00000090dfc00000] [id=2884]

Threads with active compile tasks:
C2 CompilerThread0   105720 18088       4       org.gradle.internal.file.impl.DefaultDeleter::deleteRecursively (146 bytes)

VM state: not at safepoint (normal execution)

VM Mutex/Monitor currently owned by a thread: None

Heap address: 0x0000000080000000, size: 2048 MB, Compressed Oops mode: 32-bit

CDS archive(s) mapped at: [0x0000028fdc000000-0x0000028fdcbd0000-0x0000028fdcbd0000), size 12386304, SharedBaseAddress: 0x0000028fdc000000, ArchiveRelocationMode: 1.
Compressed class space mapped at: 0x0000028fdd000000-0x0000028ff7000000, reserved size: 436207616
Narrow klass base: 0x0000028fdc000000, Narrow klass shift: 0, Narrow klass range: 0x100000000

GC Precious Log:
 CPUs: 12 total, 12 available
 Memory: 16024M
 Large Page Support: Disabled
 NUMA Support: Disabled
 Compressed Oops: Enabled (32-bit)
 Heap Region Size: 1M
 Heap Min Capacity: 8M
 Heap Initial Capacity: 252M
 Heap Max Capacity: 2G
 Pre-touch: Disabled
 Parallel Workers: 10
 Concurrent Workers: 3
 Concurrent Refinement Workers: 10
 Periodic GC: Disabled

Heap:
 garbage-first heap   total 669696K, used 476954K [0x0000000080000000, 0x0000000100000000)
  region size 1024K, 249 young (254976K), 27 survivors (27648K)
 Metaspace       used 113525K, committed 115584K, reserved 557056K
  class space    used 15741K, committed 16704K, reserved 425984K

Heap Regions: E=young(eden), S=young(survivor), O=old, HS=humongous(starts), HC=humongous(continues), CS=collection set, F=free, OA=open archive, CA=closed archive, TAMS=top-at-mark-start (previous, next)
|   0|0x0000000080000000, 0x0000000080100000, 0x0000000080100000|100%|HS|  |TAMS 0x0000000080100000, 0x0000000080000000| Complete 
|   1|0x0000000080100000, 0x0000000080200000, 0x0000000080200000|100%|HC|  |TAMS 0x0000000080200000, 0x0000000080100000| Complete 
|   2|0x0000000080200000, 0x0000000080300000, 0x0000000080300000|100%|HC|  |TAMS 0x0000000080300000, 0x0000000080200000| Complete 
|   3|0x0000000080300000, 0x0000000080400000, 0x0000000080400000|100%| O|  |TAMS 0x0000000080400000, 0x0000000080300000| Untracked 
|   4|0x0000000080400000, 0x0000000080500000, 0x0000000080500000|100%| O|  |TAMS 0x0000000080500000, 0x0000000080400000| Untracked 
|   5|0x0000000080500000, 0x0000000080600000, 0x0000000080600000|100%| O|  |TAMS 0x0000000080600000, 0x0000000080500000| Untracked 
|   6|0x0000000080600000, 0x0000000080700000, 0x0000000080700000|100%|HS|  |TAMS 0x0000000080700000, 0x0000000080600000| Complete 
|   7|0x0000000080700000, 0x0000000080800000, 0x0000000080800000|100%| O|  |TAMS 0x0000000080800000, 0x0000000080700000| Untracked 
|   8|0x0000000080800000, 0x0000000080900000, 0x0000000080900000|100%| O|  |TAMS 0x0000000080900000, 0x0000000080800000| Untracked 
|   9|0x0000000080900000, 0x0000000080a00000, 0x0000000080a00000|100%| O|  |TAMS 0x0000000080a00000, 0x0000000080900000| Untracked 
|  10|0x0000000080a00000, 0x0000000080b00000, 0x0000000080b00000|100%| O|  |TAMS 0x0000000080b00000, 0x0000000080a00000| Untracked 
|  11|0x0000000080b00000, 0x0000000080c00000, 0x0000000080c00000|100%| O|  |TAMS 0x0000000080c00000, 0x0000000080b00000| Untracked 
|  12|0x0000000080c00000, 0x0000000080d00000, 0x0000000080d00000|100%| O|  |TAMS 0x0000000080d00000, 0x0000000080c00000| Untracked 
|  13|0x0000000080d00000, 0x0000000080e00000, 0x0000000080e00000|100%| O|  |TAMS 0x0000000080e00000, 0x0000000080d00000| Untracked 
|  14|0x0000000080e00000, 0x0000000080f00000, 0x0000000080f00000|100%| O|  |TAMS 0x0000000080f00000, 0x0000000080e00000| Untracked 
|  15|0x0000000080f00000, 0x0000000081000000, 0x0000000081000000|100%| O|  |TAMS 0x0000000081000000, 0x0000000080f00000| Untracked 
|  16|0x0000000081000000, 0x0000000081100000, 0x0000000081100000|100%| O|  |TAMS 0x0000000081100000, 0x0000000081000000| Untracked 
|  17|0x0000000081100000, 0x0000000081200000, 0x0000000081200000|100%| O|  |TAMS 0x0000000081200000, 0x0000000081100000| Untracked 
|  18|0x0000000081200000, 0x0000000081300000, 0x0000000081300000|100%| O|  |TAMS 0x0000000081300000, 0x0000000081200000| Untracked 
|  19|0x0000000081300000, 0x0000000081400000, 0x0000000081400000|100%| O|  |TAMS 0x0000000081400000, 0x0000000081300000| Untracked 
|  20|0x0000000081400000, 0x0000000081500000, 0x0000000081500000|100%| O|  |TAMS 0x0000000081500000, 0x0000000081400000| Untracked 
|  21|0x0000000081500000, 0x0000000081600000, 0x0000000081600000|100%| O|  |TAMS 0x0000000081600000, 0x0000000081500000| Untracked 
|  22|0x0000000081600000, 0x0000000081700000, 0x0000000081700000|100%| O|  |TAMS 0x0000000081700000, 0x0000000081600000| Untracked 
|  23|0x0000000081700000, 0x0000000081800000, 0x0000000081800000|100%| O|  |TAMS 0x0000000081800000, 0x0000000081700000| Untracked 
|  24|0x0000000081800000, 0x0000000081900000, 0x0000000081900000|100%| O|  |TAMS 0x0000000081900000, 0x0000000081800000| Untracked 
|  25|0x0000000081900000, 0x0000000081a00000, 0x0000000081a00000|100%| O|  |TAMS 0x0000000081a00000, 0x0000000081900000| Untracked 
|  26|0x0000000081a00000, 0x0000000081b00000, 0x0000000081b00000|100%| O|  |TAMS 0x0000000081b00000, 0x0000000081a00000| Untracked 
|  27|0x0000000081b00000, 0x0000000081c00000, 0x0000000081c00000|100%| O|  |TAMS 0x0000000081c00000, 0x0000000081b00000| Untracked 
|  28|0x0000000081c00000, 0x0000000081d00000, 0x0000000081d00000|100%| O|  |TAMS 0x0000000081d00000, 0x0000000081c00000| Untracked 
|  29|0x0000000081d00000, 0x0000000081e00000, 0x0000000081e00000|100%| O|  |TAMS 0x0000000081e00000, 0x0000000081d00000| Untracked 
|  30|0x0000000081e00000, 0x0000000081f00000, 0x0000000081f00000|100%| O|  |TAMS 0x0000000081f00000, 0x0000000081e00000| Untracked 
|  31|0x0000000081f00000, 0x0000000082000000, 0x0000000082000000|100%| O|  |TAMS 0x0000000082000000, 0x0000000081f00000| Untracked 
|  32|0x0000000082000000, 0x0000000082100000, 0x0000000082100000|100%| O|  |TAMS 0x0000000082100000, 0x0000000082000000| Untracked 
|  33|0x0000000082100000, 0x0000000082200000, 0x0000000082200000|100%| O|  |TAMS 0x0000000082200000, 0x0000000082100000| Untracked 
|  34|0x0000000082200000, 0x0000000082300000, 0x0000000082300000|100%| O|  |TAMS 0x0000000082300000, 0x0000000082200000| Untracked 
|  35|0x0000000082300000, 0x0000000082400000, 0x0000000082400000|100%| O|  |TAMS 0x0000000082400000, 0x0000000082300000| Untracked 
|  36|0x0000000082400000, 0x0000000082500000, 0x0000000082500000|100%| O|  |TAMS 0x0000000082500000, 0x0000000082400000| Untracked 
|  37|0x0000000082500000, 0x0000000082600000, 0x0000000082600000|100%|HS|  |TAMS 0x0000000082600000, 0x0000000082500000| Complete 
|  38|0x0000000082600000, 0x0000000082700000, 0x0000000082700000|100%|HC|  |TAMS 0x0000000082700000, 0x0000000082600000| Complete 
|  39|0x0000000082700000, 0x0000000082800000, 0x0000000082800000|100%|HC|  |TAMS 0x0000000082800000, 0x0000000082700000| Complete 
|  40|0x0000000082800000, 0x0000000082900000, 0x0000000082900000|100%|HS|  |TAMS 0x0000000082900000, 0x0000000082800000| Complete 
|  41|0x0000000082900000, 0x0000000082a00000, 0x0000000082a00000|100%|HC|  |TAMS 0x0000000082a00000, 0x0000000082900000| Complete 
|  42|0x0000000082a00000, 0x0000000082b00000, 0x0000000082b00000|100%|HC|  |TAMS 0x0000000082b00000, 0x0000000082a00000| Complete 
|  43|0x0000000082b00000, 0x0000000082c00000, 0x0000000082c00000|100%| O|  |TAMS 0x0000000082c00000, 0x0000000082b00000| Untracked 
|  44|0x0000000082c00000, 0x0000000082d00000, 0x0000000082d00000|100%| O|  |TAMS 0x0000000082d00000, 0x0000000082c00000| Untracked 
|  45|0x0000000082d00000, 0x0000000082e00000, 0x0000000082e00000|100%| O|  |TAMS 0x0000000082e00000, 0x0000000082d00000| Untracked 
|  46|0x0000000082e00000, 0x0000000082f00000, 0x0000000082f00000|100%| O|  |TAMS 0x0000000082f00000, 0x0000000082e00000| Untracked 
|  47|0x0000000082f00000, 0x0000000083000000, 0x0000000083000000|100%| O|  |TAMS 0x0000000083000000, 0x0000000082f00000| Untracked 
|  48|0x0000000083000000, 0x0000000083100000, 0x0000000083100000|100%| O|  |TAMS 0x0000000083100000, 0x0000000083000000| Untracked 
|  49|0x0000000083100000, 0x0000000083200000, 0x0000000083200000|100%| O|  |TAMS 0x0000000083200000, 0x0000000083100000| Untracked 
|  50|0x0000000083200000, 0x0000000083300000, 0x0000000083300000|100%|HS|  |TAMS 0x0000000083200000, 0x0000000083200000| Complete 
|  51|0x0000000083300000, 0x0000000083400000, 0x0000000083400000|100%| O|  |TAMS 0x0000000083400000, 0x0000000083300000| Untracked 
|  52|0x0000000083400000, 0x0000000083500000, 0x0000000083500000|100%| O|  |TAMS 0x0000000083500000, 0x0000000083400000| Untracked 
|  53|0x0000000083500000, 0x0000000083600000, 0x0000000083600000|100%| O|  |TAMS 0x0000000083600000, 0x0000000083500000| Untracked 
|  54|0x0000000083600000, 0x0000000083700000, 0x0000000083700000|100%| O|  |TAMS 0x0000000083700000, 0x0000000083600000| Untracked 
|  55|0x0000000083700000, 0x0000000083800000, 0x0000000083800000|100%| O|  |TAMS 0x0000000083800000, 0x0000000083700000| Untracked 
|  56|0x0000000083800000, 0x0000000083900000, 0x0000000083900000|100%| O|  |TAMS 0x0000000083900000, 0x0000000083800000| Untracked 
|  57|0x0000000083900000, 0x0000000083a00000, 0x0000000083a00000|100%|HS|  |TAMS 0x0000000083900000, 0x0000000083900000| Complete 
|  58|0x0000000083a00000, 0x0000000083b00000, 0x0000000083b00000|100%|HS|  |TAMS 0x0000000083a00000, 0x0000000083a00000| Complete 
|  59|0x0000000083b00000, 0x0000000083c00000, 0x0000000083c00000|100%| O|  |TAMS 0x0000000083b00000, 0x0000000083b00000| Untracked 
|  60|0x0000000083c00000, 0x0000000083d00000, 0x0000000083d00000|100%| O|  |TAMS 0x0000000083d00000, 0x0000000083c00000| Untracked 
|  61|0x0000000083d00000, 0x0000000083e00000, 0x0000000083e00000|100%| O|  |TAMS 0x0000000083e00000, 0x0000000083d00000| Untracked 
|  62|0x0000000083e00000, 0x0000000083f00000, 0x0000000083f00000|100%| O|  |TAMS 0x0000000083f00000, 0x0000000083e00000| Untracked 
|  63|0x0000000083f00000, 0x0000000084000000, 0x0000000084000000|100%| O|  |TAMS 0x0000000084000000, 0x0000000083f00000| Untracked 
|  64|0x0000000084000000, 0x0000000084100000, 0x0000000084100000|100%| O|  |TAMS 0x0000000084100000, 0x0000000084000000| Untracked 
|  65|0x0000000084100000, 0x0000000084200000, 0x0000000084200000|100%| O|  |TAMS 0x0000000084200000, 0x0000000084100000| Untracked 
|  66|0x0000000084200000, 0x0000000084300000, 0x0000000084300000|100%|HS|  |TAMS 0x0000000084200000, 0x0000000084200000| Complete 
|  67|0x0000000084300000, 0x0000000084400000, 0x0000000084400000|100%| O|  |TAMS 0x0000000084300000, 0x0000000084300000| Untracked 
|  68|0x0000000084400000, 0x0000000084500000, 0x0000000084500000|100%| O|  |TAMS 0x0000000084400000, 0x0000000084400000| Untracked 
|  69|0x0000000084500000, 0x0000000084600000, 0x0000000084600000|100%| O|  |TAMS 0x0000000084600000, 0x0000000084500000| Untracked 
|  70|0x0000000084600000, 0x0000000084700000, 0x0000000084700000|100%| O|  |TAMS 0x0000000084700000, 0x0000000084600000| Untracked 
|  71|0x0000000084700000, 0x0000000084800000, 0x0000000084800000|100%| O|  |TAMS 0x0000000084800000, 0x0000000084700000| Untracked 
|  72|0x0000000084800000, 0x0000000084900000, 0x0000000084900000|100%| O|  |TAMS 0x0000000084900000, 0x0000000084800000| Untracked 
|  73|0x0000000084900000, 0x0000000084a00000, 0x0000000084a00000|100%| O|  |TAMS 0x0000000084a00000, 0x0000000084900000| Untracked 
|  74|0x0000000084a00000, 0x0000000084b00000, 0x0000000084b00000|100%| O|  |TAMS 0x0000000084b00000, 0x0000000084a00000| Untracked 
|  75|0x0000000084b00000, 0x0000000084c00000, 0x0000000084c00000|100%| O|  |TAMS 0x0000000084c00000, 0x0000000084b00000| Untracked 
|  76|0x0000000084c00000, 0x0000000084d00000, 0x0000000084d00000|100%|HS|  |TAMS 0x0000000084d00000, 0x0000000084c00000| Complete 
|  77|0x0000000084d00000, 0x0000000084e00000, 0x0000000084e00000|100%|HS|  |TAMS 0x0000000084e00000, 0x0000000084d00000| Complete 
|  78|0x0000000084e00000, 0x0000000084f00000, 0x0000000084f00000|100%|HS|  |TAMS 0x0000000084f00000, 0x0000000084e00000| Complete 
|  79|0x0000000084f00000, 0x0000000085000000, 0x0000000085000000|100%|HS|  |TAMS 0x0000000085000000, 0x0000000084f00000| Complete 
|  80|0x0000000085000000, 0x0000000085100000, 0x0000000085100000|100%| O|  |TAMS 0x0000000085100000, 0x0000000085000000| Untracked 
|  81|0x0000000085100000, 0x0000000085200000, 0x0000000085200000|100%|HS|  |TAMS 0x0000000085200000, 0x0000000085100000| Complete 
|  82|0x0000000085200000, 0x0000000085300000, 0x0000000085300000|100%|HS|  |TAMS 0x0000000085300000, 0x0000000085200000| Complete 
|  83|0x0000000085300000, 0x0000000085400000, 0x0000000085400000|100%| O|  |TAMS 0x0000000085400000, 0x0000000085300000| Untracked 
|  84|0x0000000085400000, 0x0000000085500000, 0x0000000085500000|100%|HS|  |TAMS 0x0000000085500000, 0x0000000085400000| Complete 
|  85|0x0000000085500000, 0x0000000085600000, 0x0000000085600000|100%|HC|  |TAMS 0x0000000085600000, 0x0000000085500000| Complete 
|  86|0x0000000085600000, 0x0000000085700000, 0x0000000085700000|100%|HC|  |TAMS 0x0000000085700000, 0x0000000085600000| Complete 
|  87|0x0000000085700000, 0x0000000085800000, 0x0000000085800000|100%|HS|  |TAMS 0x0000000085800000, 0x0000000085700000| Complete 
|  88|0x0000000085800000, 0x0000000085900000, 0x0000000085900000|100%| O|  |TAMS 0x0000000085900000, 0x0000000085800000| Untracked 
|  89|0x0000000085900000, 0x0000000085a00000, 0x0000000085a00000|100%| O|  |TAMS 0x0000000085a00000, 0x0000000085900000| Untracked 
|  90|0x0000000085a00000, 0x0000000085b00000, 0x0000000085b00000|100%| O|  |TAMS 0x0000000085b00000, 0x0000000085a00000| Untracked 
|  91|0x0000000085b00000, 0x0000000085c00000, 0x0000000085c00000|100%| O|  |TAMS 0x0000000085c00000, 0x0000000085b00000| Untracked 
|  92|0x0000000085c00000, 0x0000000085d00000, 0x0000000085d00000|100%| O|  |TAMS 0x0000000085d00000, 0x0000000085c00000| Untracked 
|  93|0x0000000085d00000, 0x0000000085e00000, 0x0000000085e00000|100%| O|  |TAMS 0x0000000085e00000, 0x0000000085d00000| Untracked 
|  94|0x0000000085e00000, 0x0000000085f00000, 0x0000000085f00000|100%| O|  |TAMS 0x0000000085f00000, 0x0000000085e00000| Untracked 
|  95|0x0000000085f00000, 0x0000000086000000, 0x0000000086000000|100%| O|  |TAMS 0x0000000086000000, 0x0000000085f00000| Untracked 
|  96|0x0000000086000000, 0x0000000086100000, 0x0000000086100000|100%| O|  |TAMS 0x0000000086000000, 0x0000000086000000| Untracked 
|  97|0x0000000086100000, 0x0000000086200000, 0x0000000086200000|100%| O|  |TAMS 0x0000000086100000, 0x0000000086100000| Untracked 
|  98|0x0000000086200000, 0x0000000086300000, 0x0000000086300000|100%| O|  |TAMS 0x0000000086200000, 0x0000000086200000| Untracked 
|  99|0x0000000086300000, 0x0000000086400000, 0x0000000086400000|100%| O|  |TAMS 0x0000000086400000, 0x0000000086300000| Untracked 
| 100|0x0000000086400000, 0x0000000086500000, 0x0000000086500000|100%| O|  |TAMS 0x0000000086500000, 0x0000000086400000| Untracked 
| 101|0x0000000086500000, 0x0000000086600000, 0x0000000086600000|100%| O|  |TAMS 0x0000000086600000, 0x0000000086500000| Untracked 
| 102|0x0000000086600000, 0x0000000086700000, 0x0000000086700000|100%| O|  |TAMS 0x0000000086700000, 0x0000000086600000| Untracked 
| 103|0x0000000086700000, 0x0000000086800000, 0x0000000086800000|100%| O|  |TAMS 0x0000000086800000, 0x0000000086700000| Untracked 
| 104|0x0000000086800000, 0x0000000086900000, 0x0000000086900000|100%| O|  |TAMS 0x0000000086900000, 0x0000000086800000| Untracked 
| 105|0x0000000086900000, 0x0000000086a00000, 0x0000000086a00000|100%| O|  |TAMS 0x0000000086a00000, 0x0000000086900000| Untracked 
| 106|0x0000000086a00000, 0x0000000086b00000, 0x0000000086b00000|100%| O|  |TAMS 0x0000000086b00000, 0x0000000086a00000| Untracked 
| 107|0x0000000086b00000, 0x0000000086c00000, 0x0000000086c00000|100%| O|  |TAMS 0x0000000086c00000, 0x0000000086b00000| Untracked 
| 108|0x0000000086c00000, 0x0000000086d00000, 0x0000000086d00000|100%| O|  |TAMS 0x0000000086d00000, 0x0000000086c00000| Untracked 
| 109|0x0000000086d00000, 0x0000000086e00000, 0x0000000086e00000|100%| O|  |TAMS 0x0000000086e00000, 0x0000000086d00000| Untracked 
| 110|0x0000000086e00000, 0x0000000086f00000, 0x0000000086f00000|100%| O|  |TAMS 0x0000000086f00000, 0x0000000086e00000| Untracked 
| 111|0x0000000086f00000, 0x0000000087000000, 0x0000000087000000|100%| O|  |TAMS 0x0000000087000000, 0x0000000086f00000| Untracked 
| 112|0x0000000087000000, 0x0000000087100000, 0x0000000087100000|100%| O|  |TAMS 0x0000000087100000, 0x0000000087000000| Untracked 
| 113|0x0000000087100000, 0x0000000087200000, 0x0000000087200000|100%| O|  |TAMS 0x0000000087200000, 0x0000000087100000| Untracked 
| 114|0x0000000087200000, 0x0000000087300000, 0x0000000087300000|100%| O|  |TAMS 0x0000000087300000, 0x0000000087200000| Untracked 
| 115|0x0000000087300000, 0x0000000087400000, 0x0000000087400000|100%| O|  |TAMS 0x0000000087400000, 0x0000000087300000| Untracked 
| 116|0x0000000087400000, 0x0000000087500000, 0x0000000087500000|100%| O|  |TAMS 0x0000000087500000, 0x0000000087400000| Untracked 
| 117|0x0000000087500000, 0x0000000087600000, 0x0000000087600000|100%| O|  |TAMS 0x0000000087600000, 0x0000000087500000| Untracked 
| 118|0x0000000087600000, 0x0000000087700000, 0x0000000087700000|100%| O|  |TAMS 0x0000000087700000, 0x0000000087600000| Untracked 
| 119|0x0000000087700000, 0x0000000087800000, 0x0000000087800000|100%| O|  |TAMS 0x0000000087800000, 0x0000000087700000| Untracked 
| 120|0x0000000087800000, 0x0000000087900000, 0x0000000087900000|100%| O|  |TAMS 0x0000000087900000, 0x0000000087800000| Untracked 
| 121|0x0000000087900000, 0x0000000087a00000, 0x0000000087a00000|100%| O|  |TAMS 0x0000000087a00000, 0x0000000087900000| Untracked 
| 122|0x0000000087a00000, 0x0000000087b00000, 0x0000000087b00000|100%| O|  |TAMS 0x0000000087b00000, 0x0000000087a00000| Untracked 
| 123|0x0000000087b00000, 0x0000000087c00000, 0x0000000087c00000|100%| O|  |TAMS 0x0000000087c00000, 0x0000000087b00000| Untracked 
| 124|0x0000000087c00000, 0x0000000087d00000, 0x0000000087d00000|100%| O|  |TAMS 0x0000000087d00000, 0x0000000087c00000| Untracked 
| 125|0x0000000087d00000, 0x0000000087e00000, 0x0000000087e00000|100%| O|  |TAMS 0x0000000087e00000, 0x0000000087d00000| Untracked 
| 126|0x0000000087e00000, 0x0000000087f00000, 0x0000000087f00000|100%| O|  |TAMS 0x0000000087f00000, 0x0000000087e00000| Untracked 
| 127|0x0000000087f00000, 0x0000000088000000, 0x0000000088000000|100%| O|  |TAMS 0x0000000088000000, 0x0000000087f00000| Untracked 
| 128|0x0000000088000000, 0x0000000088100000, 0x0000000088100000|100%| O|  |TAMS 0x0000000088100000, 0x0000000088000000| Untracked 
| 129|0x0000000088100000, 0x0000000088200000, 0x0000000088200000|100%| O|  |TAMS 0x0000000088200000, 0x0000000088100000| Untracked 
| 130|0x0000000088200000, 0x0000000088300000, 0x0000000088300000|100%| O|  |TAMS 0x0000000088300000, 0x0000000088200000| Untracked 
| 131|0x0000000088300000, 0x0000000088400000, 0x0000000088400000|100%| O|  |TAMS 0x0000000088400000, 0x0000000088300000| Untracked 
| 132|0x0000000088400000, 0x0000000088500000, 0x0000000088500000|100%| O|  |TAMS 0x0000000088500000, 0x0000000088400000| Untracked 
| 133|0x0000000088500000, 0x0000000088600000, 0x0000000088600000|100%|HS|  |TAMS 0x0000000088600000, 0x0000000088500000| Complete 
| 134|0x0000000088600000, 0x0000000088700000, 0x0000000088700000|100%|HS|  |TAMS 0x0000000088700000, 0x0000000088600000| Complete 
| 135|0x0000000088700000, 0x0000000088800000, 0x0000000088800000|100%|HS|  |TAMS 0x0000000088800000, 0x0000000088700000| Complete 
| 136|0x0000000088800000, 0x0000000088900000, 0x0000000088900000|100%| O|  |TAMS 0x0000000088900000, 0x0000000088800000| Untracked 
| 137|0x0000000088900000, 0x0000000088a00000, 0x0000000088a00000|100%| O|  |TAMS 0x0000000088a00000, 0x0000000088900000| Untracked 
| 138|0x0000000088a00000, 0x0000000088b00000, 0x0000000088b00000|100%| O|  |TAMS 0x0000000088a00000, 0x0000000088a00000| Untracked 
| 139|0x0000000088b00000, 0x0000000088c00000, 0x0000000088c00000|100%| O|  |TAMS 0x0000000088c00000, 0x0000000088b00000| Untracked 
| 140|0x0000000088c00000, 0x0000000088d00000, 0x0000000088d00000|100%| O|  |TAMS 0x0000000088c00000, 0x0000000088c00000| Untracked 
| 141|0x0000000088d00000, 0x0000000088e00000, 0x0000000088e00000|100%|HS|  |TAMS 0x0000000088d00000, 0x0000000088d00000| Complete 
| 142|0x0000000088e00000, 0x0000000088f00000, 0x0000000088f00000|100%| O|  |TAMS 0x0000000088f00000, 0x0000000088e00000| Untracked 
| 143|0x0000000088f00000, 0x0000000089000000, 0x0000000089000000|100%| O|  |TAMS 0x0000000089000000, 0x0000000088f00000| Untracked 
| 144|0x0000000089000000, 0x0000000089100000, 0x0000000089100000|100%| O|  |TAMS 0x0000000089100000, 0x0000000089000000| Untracked 
| 145|0x0000000089100000, 0x0000000089200000, 0x0000000089200000|100%| O|  |TAMS 0x0000000089200000, 0x0000000089100000| Untracked 
| 146|0x0000000089200000, 0x0000000089300000, 0x0000000089300000|100%| O|  |TAMS 0x0000000089300000, 0x0000000089200000| Untracked 
| 147|0x0000000089300000, 0x0000000089400000, 0x0000000089400000|100%| O|  |TAMS 0x0000000089400000, 0x0000000089300000| Untracked 
| 148|0x0000000089400000, 0x0000000089500000, 0x0000000089500000|100%| O|  |TAMS 0x0000000089500000, 0x0000000089400000| Untracked 
| 149|0x0000000089500000, 0x0000000089600000, 0x0000000089600000|100%| O|  |TAMS 0x0000000089600000, 0x0000000089500000| Untracked 
| 150|0x0000000089600000, 0x0000000089700000, 0x0000000089700000|100%| O|  |TAMS 0x0000000089700000, 0x0000000089600000| Untracked 
| 151|0x0000000089700000, 0x0000000089800000, 0x0000000089800000|100%| O|  |TAMS 0x0000000089800000, 0x0000000089700000| Untracked 
| 152|0x0000000089800000, 0x0000000089900000, 0x0000000089900000|100%| O|  |TAMS 0x0000000089900000, 0x0000000089800000| Untracked 
| 153|0x0000000089900000, 0x0000000089a00000, 0x0000000089a00000|100%| O|  |TAMS 0x0000000089a00000, 0x0000000089900000| Untracked 
| 154|0x0000000089a00000, 0x0000000089b00000, 0x0000000089b00000|100%| O|  |TAMS 0x0000000089b00000, 0x0000000089a00000| Untracked 
| 155|0x0000000089b00000, 0x0000000089c00000, 0x0000000089c00000|100%| O|  |TAMS 0x0000000089c00000, 0x0000000089b00000| Untracked 
| 156|0x0000000089c00000, 0x0000000089d00000, 0x0000000089d00000|100%| O|  |TAMS 0x0000000089d00000, 0x0000000089c00000| Untracked 
| 157|0x0000000089d00000, 0x0000000089e00000, 0x0000000089e00000|100%| O|  |TAMS 0x0000000089e00000, 0x0000000089d00000| Untracked 
| 158|0x0000000089e00000, 0x0000000089f00000, 0x0000000089f00000|100%| O|  |TAMS 0x0000000089f00000, 0x0000000089e00000| Untracked 
| 159|0x0000000089f00000, 0x000000008a000000, 0x000000008a000000|100%|HS|  |TAMS 0x000000008a000000, 0x0000000089f00000| Complete 
| 160|0x000000008a000000, 0x000000008a100000, 0x000000008a100000|100%|HS|  |TAMS 0x000000008a100000, 0x000000008a000000| Complete 
| 161|0x000000008a100000, 0x000000008a200000, 0x000000008a200000|100%|HS|  |TAMS 0x000000008a200000, 0x000000008a100000| Complete 
| 162|0x000000008a200000, 0x000000008a300000, 0x000000008a300000|100%| O|  |TAMS 0x000000008a300000, 0x000000008a200000| Untracked 
| 163|0x000000008a300000, 0x000000008a400000, 0x000000008a400000|100%| O|  |TAMS 0x000000008a400000, 0x000000008a300000| Untracked 
| 164|0x000000008a400000, 0x000000008a500000, 0x000000008a500000|100%|HS|  |TAMS 0x000000008a400000, 0x000000008a400000| Complete 
| 165|0x000000008a500000, 0x000000008a600000, 0x000000008a600000|100%|HS|  |TAMS 0x000000008a500000, 0x000000008a500000| Complete 
| 166|0x000000008a600000, 0x000000008a700000, 0x000000008a700000|100%| O|  |TAMS 0x000000008a700000, 0x000000008a600000| Untracked 
| 167|0x000000008a700000, 0x000000008a800000, 0x000000008a800000|100%| O|  |TAMS 0x000000008a800000, 0x000000008a700000| Untracked 
| 168|0x000000008a800000, 0x000000008a900000, 0x000000008a900000|100%| O|  |TAMS 0x000000008a900000, 0x000000008a800000| Untracked 
| 169|0x000000008a900000, 0x000000008aa00000, 0x000000008aa00000|100%| O|  |TAMS 0x000000008aa00000, 0x000000008a900000| Untracked 
| 170|0x000000008aa00000, 0x000000008ab00000, 0x000000008ab00000|100%| O|  |TAMS 0x000000008ab00000, 0x000000008aa00000| Untracked 
| 171|0x000000008ab00000, 0x000000008ac00000, 0x000000008ac00000|100%| O|  |TAMS 0x000000008ac00000, 0x000000008ab00000| Untracked 
| 172|0x000000008ac00000, 0x000000008ad00000, 0x000000008ad00000|100%| O|  |TAMS 0x000000008ad00000, 0x000000008ac00000| Untracked 
| 173|0x000000008ad00000, 0x000000008ae00000, 0x000000008ae00000|100%| O|  |TAMS 0x000000008ae00000, 0x000000008ad00000| Untracked 
| 174|0x000000008ae00000, 0x000000008af00000, 0x000000008af00000|100%| O|  |TAMS 0x000000008af00000, 0x000000008ae00000| Untracked 
| 175|0x000000008af00000, 0x000000008b000000, 0x000000008b000000|100%| O|  |TAMS 0x000000008b000000, 0x000000008af00000| Untracked 
| 176|0x000000008b000000, 0x000000008b100000, 0x000000008b100000|100%| O|  |TAMS 0x000000008b100000, 0x000000008b000000| Untracked 
| 177|0x000000008b100000, 0x000000008b200000, 0x000000008b200000|100%| O|  |TAMS 0x000000008b200000, 0x000000008b100000| Untracked 
| 178|0x000000008b200000, 0x000000008b300000, 0x000000008b300000|100%| O|  |TAMS 0x000000008b300000, 0x000000008b200000| Untracked 
| 179|0x000000008b300000, 0x000000008b400000, 0x000000008b400000|100%| O|  |TAMS 0x000000008b400000, 0x000000008b300000| Untracked 
| 180|0x000000008b400000, 0x000000008b500000, 0x000000008b500000|100%|HS|  |TAMS 0x000000008b400000, 0x000000008b400000| Complete 
| 181|0x000000008b500000, 0x000000008b600000, 0x000000008b600000|100%| O|  |TAMS 0x000000008b5ade00, 0x000000008b500000| Untracked 
| 182|0x000000008b600000, 0x000000008b700000, 0x000000008b700000|100%| O|  |TAMS 0x000000008b600000, 0x000000008b600000| Untracked 
| 183|0x000000008b700000, 0x000000008b800000, 0x000000008b800000|100%| O|  |TAMS 0x000000008b700000, 0x000000008b700000| Untracked 
| 184|0x000000008b800000, 0x000000008b900000, 0x000000008b900000|100%| O|  |TAMS 0x000000008b800000, 0x000000008b800000| Untracked 
| 185|0x000000008b900000, 0x000000008ba00000, 0x000000008ba00000|100%| O|  |TAMS 0x000000008b900000, 0x000000008b900000| Untracked 
| 186|0x000000008ba00000, 0x000000008bb00000, 0x000000008bb00000|100%| O|  |TAMS 0x000000008ba00000, 0x000000008ba00000| Untracked 
| 187|0x000000008bb00000, 0x000000008bc00000, 0x000000008bc00000|100%| O|  |TAMS 0x000000008bb00000, 0x000000008bb00000| Untracked 
| 188|0x000000008bc00000, 0x000000008bd00000, 0x000000008bd00000|100%|HS|  |TAMS 0x000000008bc00000, 0x000000008bc00000| Complete 
| 189|0x000000008bd00000, 0x000000008be00000, 0x000000008be00000|100%|HC|  |TAMS 0x000000008bd00000, 0x000000008bd00000| Complete 
| 190|0x000000008be00000, 0x000000008bf00000, 0x000000008bf00000|100%|HS|  |TAMS 0x000000008be00000, 0x000000008be00000| Complete 
| 191|0x000000008bf00000, 0x000000008c000000, 0x000000008c000000|100%|HS|  |TAMS 0x000000008bf00000, 0x000000008bf00000| Complete 
| 192|0x000000008c000000, 0x000000008c100000, 0x000000008c100000|100%|HS|  |TAMS 0x000000008c000000, 0x000000008c000000| Complete 
| 193|0x000000008c100000, 0x000000008c200000, 0x000000008c200000|100%| O|  |TAMS 0x000000008c100000, 0x000000008c100000| Untracked 
| 194|0x000000008c200000, 0x000000008c300000, 0x000000008c300000|100%| O|  |TAMS 0x000000008c200000, 0x000000008c200000| Untracked 
| 195|0x000000008c300000, 0x000000008c400000, 0x000000008c400000|100%| O|  |TAMS 0x000000008c300000, 0x000000008c300000| Untracked 
| 196|0x000000008c400000, 0x000000008c500000, 0x000000008c500000|100%| O|  |TAMS 0x000000008c400000, 0x000000008c400000| Untracked 
| 197|0x000000008c500000, 0x000000008c600000, 0x000000008c600000|100%| O|  |TAMS 0x000000008c500000, 0x000000008c500000| Untracked 
| 198|0x000000008c600000, 0x000000008c700000, 0x000000008c700000|100%| O|  |TAMS 0x000000008c600000, 0x000000008c600000| Untracked 
| 199|0x000000008c700000, 0x000000008c800000, 0x000000008c800000|100%| O|  |TAMS 0x000000008c700000, 0x000000008c700000| Untracked 
| 200|0x000000008c800000, 0x000000008c900000, 0x000000008c900000|100%| O|  |TAMS 0x000000008c800000, 0x000000008c800000| Untracked 
| 201|0x000000008c900000, 0x000000008ca00000, 0x000000008ca00000|100%| O|  |TAMS 0x000000008c900000, 0x000000008c900000| Untracked 
| 202|0x000000008ca00000, 0x000000008cb00000, 0x000000008cb00000|100%| O|  |TAMS 0x000000008ca00000, 0x000000008ca00000| Untracked 
| 203|0x000000008cb00000, 0x000000008cc00000, 0x000000008cc00000|100%| O|  |TAMS 0x000000008cb00000, 0x000000008cb00000| Untracked 
| 204|0x000000008cc00000, 0x000000008cd00000, 0x000000008cd00000|100%| O|  |TAMS 0x000000008cc00000, 0x000000008cc00000| Untracked 
| 205|0x000000008cd00000, 0x000000008ce00000, 0x000000008ce00000|100%| O|  |TAMS 0x000000008cd00000, 0x000000008cd00000| Untracked 
| 206|0x000000008ce00000, 0x000000008cf00000, 0x000000008cf00000|100%| O|  |TAMS 0x000000008ce00000, 0x000000008ce00000| Untracked 
| 207|0x000000008cf00000, 0x000000008d000000, 0x000000008d000000|100%| O|  |TAMS 0x000000008cf00000, 0x000000008cf00000| Untracked 
| 208|0x000000008d000000, 0x000000008d100000, 0x000000008d100000|100%| O|  |TAMS 0x000000008d000000, 0x000000008d000000| Untracked 
| 209|0x000000008d100000, 0x000000008d200000, 0x000000008d200000|100%| O|  |TAMS 0x000000008d100000, 0x000000008d100000| Untracked 
| 210|0x000000008d200000, 0x000000008d300000, 0x000000008d300000|100%| O|  |TAMS 0x000000008d200000, 0x000000008d200000| Untracked 
| 211|0x000000008d300000, 0x000000008d400000, 0x000000008d400000|100%| O|  |TAMS 0x000000008d300000, 0x000000008d300000| Untracked 
| 212|0x000000008d400000, 0x000000008d500000, 0x000000008d500000|100%| O|  |TAMS 0x000000008d400000, 0x000000008d400000| Untracked 
| 213|0x000000008d500000, 0x000000008d600000, 0x000000008d600000|100%| O|  |TAMS 0x000000008d500000, 0x000000008d500000| Untracked 
| 214|0x000000008d600000, 0x000000008d611600, 0x000000008d700000|  6%| O|  |TAMS 0x000000008d600000, 0x000000008d600000| Untracked 
| 215|0x000000008d700000, 0x000000008d800000, 0x000000008d800000|100%|HS|  |TAMS 0x000000008d700000, 0x000000008d700000| Complete 
| 216|0x000000008d800000, 0x000000008d900000, 0x000000008d900000|100%|HS|  |TAMS 0x000000008d800000, 0x000000008d800000| Complete 
| 217|0x000000008d900000, 0x000000008da00000, 0x000000008da00000|100%|HS|  |TAMS 0x000000008d900000, 0x000000008d900000| Complete 
| 218|0x000000008da00000, 0x000000008db00000, 0x000000008db00000|100%|HS|  |TAMS 0x000000008da00000, 0x000000008da00000| Complete 
| 219|0x000000008db00000, 0x000000008dc00000, 0x000000008dc00000|100%|HS|  |TAMS 0x000000008db00000, 0x000000008db00000| Complete 
| 220|0x000000008dc00000, 0x000000008dc00000, 0x000000008dd00000|  0%| F|  |TAMS 0x000000008dc00000, 0x000000008dc00000| Untracked 
| 221|0x000000008dd00000, 0x000000008dd00000, 0x000000008de00000|  0%| F|  |TAMS 0x000000008dd00000, 0x000000008dd00000| Untracked 
| 222|0x000000008de00000, 0x000000008de00000, 0x000000008df00000|  0%| F|  |TAMS 0x000000008de00000, 0x000000008de00000| Untracked 
| 223|0x000000008df00000, 0x000000008df00000, 0x000000008e000000|  0%| F|  |TAMS 0x000000008df00000, 0x000000008df00000| Untracked 
| 224|0x000000008e000000, 0x000000008e000000, 0x000000008e100000|  0%| F|  |TAMS 0x000000008e000000, 0x000000008e000000| Untracked 
| 225|0x000000008e100000, 0x000000008e100000, 0x000000008e200000|  0%| F|  |TAMS 0x000000008e100000, 0x000000008e100000| Untracked 
| 226|0x000000008e200000, 0x000000008e200000, 0x000000008e300000|  0%| F|  |TAMS 0x000000008e200000, 0x000000008e200000| Untracked 
| 227|0x000000008e300000, 0x000000008e300000, 0x000000008e400000|  0%| F|  |TAMS 0x000000008e300000, 0x000000008e300000| Untracked 
| 228|0x000000008e400000, 0x000000008e400000, 0x000000008e500000|  0%| F|  |TAMS 0x000000008e400000, 0x000000008e400000| Untracked 
| 229|0x000000008e500000, 0x000000008e500000, 0x000000008e600000|  0%| F|  |TAMS 0x000000008e500000, 0x000000008e500000| Untracked 
| 230|0x000000008e600000, 0x000000008e600000, 0x000000008e700000|  0%| F|  |TAMS 0x000000008e600000, 0x000000008e600000| Untracked 
| 231|0x000000008e700000, 0x000000008e700000, 0x000000008e800000|  0%| F|  |TAMS 0x000000008e700000, 0x000000008e700000| Untracked 
| 232|0x000000008e800000, 0x000000008e800000, 0x000000008e900000|  0%| F|  |TAMS 0x000000008e800000, 0x000000008e800000| Untracked 
| 233|0x000000008e900000, 0x000000008e900000, 0x000000008ea00000|  0%| F|  |TAMS 0x000000008e900000, 0x000000008e900000| Untracked 
| 234|0x000000008ea00000, 0x000000008ea00000, 0x000000008eb00000|  0%| F|  |TAMS 0x000000008ea00000, 0x000000008ea00000| Untracked 
| 235|0x000000008eb00000, 0x000000008eb00000, 0x000000008ec00000|  0%| F|  |TAMS 0x000000008eb00000, 0x000000008eb00000| Untracked 
| 236|0x000000008ec00000, 0x000000008ec00000, 0x000000008ed00000|  0%| F|  |TAMS 0x000000008ec00000, 0x000000008ec00000| Untracked 
| 237|0x000000008ed00000, 0x000000008ed00000, 0x000000008ee00000|  0%| F|  |TAMS 0x000000008ed00000, 0x000000008ed00000| Untracked 
| 238|0x000000008ee00000, 0x000000008ee00000, 0x000000008ef00000|  0%| F|  |TAMS 0x000000008ee00000, 0x000000008ee00000| Untracked 
| 239|0x000000008ef00000, 0x000000008ef00000, 0x000000008f000000|  0%| F|  |TAMS 0x000000008ef00000, 0x000000008ef00000| Untracked 
| 240|0x000000008f000000, 0x000000008f000000, 0x000000008f100000|  0%| F|  |TAMS 0x000000008f000000, 0x000000008f000000| Untracked 
| 241|0x000000008f100000, 0x000000008f100000, 0x000000008f200000|  0%| F|  |TAMS 0x000000008f100000, 0x000000008f100000| Untracked 
| 242|0x000000008f200000, 0x000000008f200000, 0x000000008f300000|  0%| F|  |TAMS 0x000000008f200000, 0x000000008f200000| Untracked 
| 243|0x000000008f300000, 0x000000008f300000, 0x000000008f400000|  0%| F|  |TAMS 0x000000008f300000, 0x000000008f300000| Untracked 
| 244|0x000000008f400000, 0x000000008f400000, 0x000000008f500000|  0%| F|  |TAMS 0x000000008f400000, 0x000000008f400000| Untracked 
| 245|0x000000008f500000, 0x000000008f500000, 0x000000008f600000|  0%| F|  |TAMS 0x000000008f500000, 0x000000008f500000| Untracked 
| 246|0x000000008f600000, 0x000000008f600000, 0x000000008f700000|  0%| F|  |TAMS 0x000000008f600000, 0x000000008f600000| Untracked 
| 247|0x000000008f700000, 0x000000008f700000, 0x000000008f800000|  0%| F|  |TAMS 0x000000008f700000, 0x000000008f700000| Untracked 
| 248|0x000000008f800000, 0x000000008f800000, 0x000000008f900000|  0%| F|  |TAMS 0x000000008f800000, 0x000000008f800000| Untracked 
| 249|0x000000008f900000, 0x000000008f900000, 0x000000008fa00000|  0%| F|  |TAMS 0x000000008f900000, 0x000000008f900000| Untracked 
| 250|0x000000008fa00000, 0x000000008fa00000, 0x000000008fb00000|  0%| F|  |TAMS 0x000000008fa00000, 0x000000008fa00000| Untracked 
| 251|0x000000008fb00000, 0x000000008fb00000, 0x000000008fc00000|  0%| F|  |TAMS 0x000000008fb00000, 0x000000008fb00000| Untracked 
| 252|0x000000008fc00000, 0x000000008fc00000, 0x000000008fd00000|  0%| F|  |TAMS 0x000000008fc00000, 0x000000008fc00000| Untracked 
| 253|0x000000008fd00000, 0x000000008fd00000, 0x000000008fe00000|  0%| F|  |TAMS 0x000000008fd00000, 0x000000008fd00000| Untracked 
| 254|0x000000008fe00000, 0x000000008fe00000, 0x000000008ff00000|  0%| F|  |TAMS 0x000000008fe00000, 0x000000008fe00000| Untracked 
| 255|0x000000008ff00000, 0x000000008ff00000, 0x0000000090000000|  0%| F|  |TAMS 0x000000008ff00000, 0x000000008ff00000| Untracked 
| 256|0x0000000090000000, 0x0000000090000000, 0x0000000090100000|  0%| F|  |TAMS 0x0000000090000000, 0x0000000090000000| Untracked 
| 257|0x0000000090100000, 0x0000000090100000, 0x0000000090200000|  0%| F|  |TAMS 0x0000000090100000, 0x0000000090100000| Untracked 
| 258|0x0000000090200000, 0x0000000090200000, 0x0000000090300000|  0%| F|  |TAMS 0x0000000090200000, 0x0000000090200000| Untracked 
| 259|0x0000000090300000, 0x0000000090300000, 0x0000000090400000|  0%| F|  |TAMS 0x0000000090300000, 0x0000000090300000| Untracked 
| 260|0x0000000090400000, 0x0000000090400000, 0x0000000090500000|  0%| F|  |TAMS 0x0000000090400000, 0x0000000090400000| Untracked 
| 261|0x0000000090500000, 0x0000000090500000, 0x0000000090600000|  0%| F|  |TAMS 0x0000000090500000, 0x0000000090500000| Untracked 
| 262|0x0000000090600000, 0x0000000090600000, 0x0000000090700000|  0%| F|  |TAMS 0x0000000090600000, 0x0000000090600000| Untracked 
| 263|0x0000000090700000, 0x0000000090700000, 0x0000000090800000|  0%| F|  |TAMS 0x0000000090700000, 0x0000000090700000| Untracked 
| 264|0x0000000090800000, 0x0000000090800000, 0x0000000090900000|  0%| F|  |TAMS 0x0000000090800000, 0x0000000090800000| Untracked 
| 265|0x0000000090900000, 0x0000000090900000, 0x0000000090a00000|  0%| F|  |TAMS 0x0000000090900000, 0x0000000090900000| Untracked 
| 266|0x0000000090a00000, 0x0000000090a00000, 0x0000000090b00000|  0%| F|  |TAMS 0x0000000090a00000, 0x0000000090a00000| Untracked 
| 267|0x0000000090b00000, 0x0000000090b00000, 0x0000000090c00000|  0%| F|  |TAMS 0x0000000090b00000, 0x0000000090b00000| Untracked 
| 268|0x0000000090c00000, 0x0000000090c00000, 0x0000000090d00000|  0%| F|  |TAMS 0x0000000090c00000, 0x0000000090c00000| Untracked 
| 269|0x0000000090d00000, 0x0000000090d00000, 0x0000000090e00000|  0%| F|  |TAMS 0x0000000090d00000, 0x0000000090d00000| Untracked 
| 270|0x0000000090e00000, 0x0000000090e00000, 0x0000000090f00000|  0%| F|  |TAMS 0x0000000090e00000, 0x0000000090e00000| Untracked 
| 271|0x0000000090f00000, 0x0000000090f00000, 0x0000000091000000|  0%| F|  |TAMS 0x0000000090f00000, 0x0000000090f00000| Untracked 
| 272|0x0000000091000000, 0x0000000091000000, 0x0000000091100000|  0%| F|  |TAMS 0x0000000091000000, 0x0000000091000000| Untracked 
| 273|0x0000000091100000, 0x0000000091100000, 0x0000000091200000|  0%| F|  |TAMS 0x0000000091100000, 0x0000000091100000| Untracked 
| 274|0x0000000091200000, 0x0000000091200000, 0x0000000091300000|  0%| F|  |TAMS 0x0000000091200000, 0x0000000091200000| Untracked 
| 275|0x0000000091300000, 0x0000000091300000, 0x0000000091400000|  0%| F|  |TAMS 0x0000000091300000, 0x0000000091300000| Untracked 
| 276|0x0000000091400000, 0x0000000091400000, 0x0000000091500000|  0%| F|  |TAMS 0x0000000091400000, 0x0000000091400000| Untracked 
| 277|0x0000000091500000, 0x0000000091500000, 0x0000000091600000|  0%| F|  |TAMS 0x0000000091500000, 0x0000000091500000| Untracked 
| 278|0x0000000091600000, 0x0000000091600000, 0x0000000091700000|  0%| F|  |TAMS 0x0000000091600000, 0x0000000091600000| Untracked 
| 279|0x0000000091700000, 0x0000000091700000, 0x0000000091800000|  0%| F|  |TAMS 0x0000000091700000, 0x0000000091700000| Untracked 
| 280|0x0000000091800000, 0x0000000091800000, 0x0000000091900000|  0%| F|  |TAMS 0x0000000091800000, 0x0000000091800000| Untracked 
| 281|0x0000000091900000, 0x0000000091900000, 0x0000000091a00000|  0%| F|  |TAMS 0x0000000091900000, 0x0000000091900000| Untracked 
| 282|0x0000000091a00000, 0x0000000091a00000, 0x0000000091b00000|  0%| F|  |TAMS 0x0000000091a00000, 0x0000000091a00000| Untracked 
| 283|0x0000000091b00000, 0x0000000091b00000, 0x0000000091c00000|  0%| F|  |TAMS 0x0000000091b00000, 0x0000000091b00000| Untracked 
| 284|0x0000000091c00000, 0x0000000091c00000, 0x0000000091d00000|  0%| F|  |TAMS 0x0000000091c00000, 0x0000000091c00000| Untracked 
| 285|0x0000000091d00000, 0x0000000091d00000, 0x0000000091e00000|  0%| F|  |TAMS 0x0000000091d00000, 0x0000000091d00000| Untracked 
| 286|0x0000000091e00000, 0x0000000091e00000, 0x0000000091f00000|  0%| F|  |TAMS 0x0000000091e00000, 0x0000000091e00000| Untracked 
| 287|0x0000000091f00000, 0x0000000091f00000, 0x0000000092000000|  0%| F|  |TAMS 0x0000000091f00000, 0x0000000091f00000| Untracked 
| 288|0x0000000092000000, 0x0000000092000000, 0x0000000092100000|  0%| F|  |TAMS 0x0000000092000000, 0x0000000092000000| Untracked 
| 289|0x0000000092100000, 0x0000000092100000, 0x0000000092200000|  0%| F|  |TAMS 0x0000000092100000, 0x0000000092100000| Untracked 
| 290|0x0000000092200000, 0x0000000092200000, 0x0000000092300000|  0%| F|  |TAMS 0x0000000092200000, 0x0000000092200000| Untracked 
| 291|0x0000000092300000, 0x0000000092300000, 0x0000000092400000|  0%| F|  |TAMS 0x0000000092300000, 0x0000000092300000| Untracked 
| 292|0x0000000092400000, 0x0000000092400000, 0x0000000092500000|  0%| F|  |TAMS 0x0000000092400000, 0x0000000092400000| Untracked 
| 293|0x0000000092500000, 0x0000000092500000, 0x0000000092600000|  0%| F|  |TAMS 0x0000000092500000, 0x0000000092500000| Untracked 
| 294|0x0000000092600000, 0x0000000092600000, 0x0000000092700000|  0%| F|  |TAMS 0x0000000092600000, 0x0000000092600000| Untracked 
| 295|0x0000000092700000, 0x0000000092700000, 0x0000000092800000|  0%| F|  |TAMS 0x0000000092700000, 0x0000000092700000| Untracked 
| 296|0x0000000092800000, 0x0000000092800000, 0x0000000092900000|  0%| F|  |TAMS 0x0000000092800000, 0x0000000092800000| Untracked 
| 297|0x0000000092900000, 0x0000000092900000, 0x0000000092a00000|  0%| F|  |TAMS 0x0000000092900000, 0x0000000092900000| Untracked 
| 298|0x0000000092a00000, 0x0000000092a00000, 0x0000000092b00000|  0%| F|  |TAMS 0x0000000092a00000, 0x0000000092a00000| Untracked 
| 299|0x0000000092b00000, 0x0000000092b00000, 0x0000000092c00000|  0%| F|  |TAMS 0x0000000092b00000, 0x0000000092b00000| Untracked 
| 300|0x0000000092c00000, 0x0000000092c00000, 0x0000000092d00000|  0%| F|  |TAMS 0x0000000092c00000, 0x0000000092c00000| Untracked 
| 301|0x0000000092d00000, 0x0000000092d00000, 0x0000000092e00000|  0%| F|  |TAMS 0x0000000092d00000, 0x0000000092d00000| Untracked 
| 302|0x0000000092e00000, 0x0000000092e00000, 0x0000000092f00000|  0%| F|  |TAMS 0x0000000092e00000, 0x0000000092e00000| Untracked 
| 303|0x0000000092f00000, 0x0000000092f00000, 0x0000000093000000|  0%| F|  |TAMS 0x0000000092f00000, 0x0000000092f00000| Untracked 
| 304|0x0000000093000000, 0x0000000093000000, 0x0000000093100000|  0%| F|  |TAMS 0x0000000093000000, 0x0000000093000000| Untracked 
| 305|0x0000000093100000, 0x0000000093100000, 0x0000000093200000|  0%| F|  |TAMS 0x0000000093100000, 0x0000000093100000| Untracked 
| 306|0x0000000093200000, 0x0000000093200000, 0x0000000093300000|  0%| F|  |TAMS 0x0000000093200000, 0x0000000093200000| Untracked 
| 307|0x0000000093300000, 0x0000000093300000, 0x0000000093400000|  0%| F|  |TAMS 0x0000000093300000, 0x0000000093300000| Untracked 
| 308|0x0000000093400000, 0x0000000093400000, 0x0000000093500000|  0%| F|  |TAMS 0x0000000093400000, 0x0000000093400000| Untracked 
| 309|0x0000000093500000, 0x0000000093500000, 0x0000000093600000|  0%| F|  |TAMS 0x0000000093500000, 0x0000000093500000| Untracked 
| 310|0x0000000093600000, 0x0000000093600000, 0x0000000093700000|  0%| F|  |TAMS 0x0000000093600000, 0x0000000093600000| Untracked 
| 311|0x0000000093700000, 0x0000000093700000, 0x0000000093800000|  0%| F|  |TAMS 0x0000000093700000, 0x0000000093700000| Untracked 
| 312|0x0000000093800000, 0x0000000093800000, 0x0000000093900000|  0%| F|  |TAMS 0x0000000093800000, 0x0000000093800000| Untracked 
| 313|0x0000000093900000, 0x0000000093900000, 0x0000000093a00000|  0%| F|  |TAMS 0x0000000093900000, 0x0000000093900000| Untracked 
| 314|0x0000000093a00000, 0x0000000093a00000, 0x0000000093b00000|  0%| F|  |TAMS 0x0000000093a00000, 0x0000000093a00000| Untracked 
| 315|0x0000000093b00000, 0x0000000093b00000, 0x0000000093c00000|  0%| F|  |TAMS 0x0000000093b00000, 0x0000000093b00000| Untracked 
| 316|0x0000000093c00000, 0x0000000093c00000, 0x0000000093d00000|  0%| F|  |TAMS 0x0000000093c00000, 0x0000000093c00000| Untracked 
| 317|0x0000000093d00000, 0x0000000093d00000, 0x0000000093e00000|  0%| F|  |TAMS 0x0000000093d00000, 0x0000000093d00000| Untracked 
| 318|0x0000000093e00000, 0x0000000093e00000, 0x0000000093f00000|  0%| F|  |TAMS 0x0000000093e00000, 0x0000000093e00000| Untracked 
| 319|0x0000000093f00000, 0x0000000093f00000, 0x0000000094000000|  0%| F|  |TAMS 0x0000000093f00000, 0x0000000093f00000| Untracked 
| 320|0x0000000094000000, 0x0000000094000000, 0x0000000094100000|  0%| F|  |TAMS 0x0000000094000000, 0x0000000094000000| Untracked 
| 321|0x0000000094100000, 0x0000000094100000, 0x0000000094200000|  0%| F|  |TAMS 0x0000000094100000, 0x0000000094100000| Untracked 
| 322|0x0000000094200000, 0x0000000094200000, 0x0000000094300000|  0%| F|  |TAMS 0x0000000094200000, 0x0000000094200000| Untracked 
| 323|0x0000000094300000, 0x0000000094300000, 0x0000000094400000|  0%| F|  |TAMS 0x0000000094300000, 0x0000000094300000| Untracked 
| 324|0x0000000094400000, 0x0000000094400000, 0x0000000094500000|  0%| F|  |TAMS 0x0000000094400000, 0x0000000094400000| Untracked 
| 325|0x0000000094500000, 0x0000000094500000, 0x0000000094600000|  0%| F|  |TAMS 0x0000000094500000, 0x0000000094500000| Untracked 
| 326|0x0000000094600000, 0x0000000094600000, 0x0000000094700000|  0%| F|  |TAMS 0x0000000094600000, 0x0000000094600000| Untracked 
| 327|0x0000000094700000, 0x0000000094700000, 0x0000000094800000|  0%| F|  |TAMS 0x0000000094700000, 0x0000000094700000| Untracked 
| 328|0x0000000094800000, 0x0000000094800000, 0x0000000094900000|  0%| F|  |TAMS 0x0000000094800000, 0x0000000094800000| Untracked 
| 329|0x0000000094900000, 0x0000000094900000, 0x0000000094a00000|  0%| F|  |TAMS 0x0000000094900000, 0x0000000094900000| Untracked 
| 330|0x0000000094a00000, 0x0000000094a00000, 0x0000000094b00000|  0%| F|  |TAMS 0x0000000094a00000, 0x0000000094a00000| Untracked 
| 331|0x0000000094b00000, 0x0000000094b00000, 0x0000000094c00000|  0%| F|  |TAMS 0x0000000094b00000, 0x0000000094b00000| Untracked 
| 332|0x0000000094c00000, 0x0000000094c00000, 0x0000000094d00000|  0%| F|  |TAMS 0x0000000094c00000, 0x0000000094c00000| Untracked 
| 333|0x0000000094d00000, 0x0000000094d00000, 0x0000000094e00000|  0%| F|  |TAMS 0x0000000094d00000, 0x0000000094d00000| Untracked 
| 334|0x0000000094e00000, 0x0000000094e00000, 0x0000000094f00000|  0%| F|  |TAMS 0x0000000094e00000, 0x0000000094e00000| Untracked 
| 335|0x0000000094f00000, 0x0000000094f00000, 0x0000000095000000|  0%| F|  |TAMS 0x0000000094f00000, 0x0000000094f00000| Untracked 
| 336|0x0000000095000000, 0x0000000095000000, 0x0000000095100000|  0%| F|  |TAMS 0x0000000095000000, 0x0000000095000000| Untracked 
| 337|0x0000000095100000, 0x0000000095100000, 0x0000000095200000|  0%| F|  |TAMS 0x0000000095100000, 0x0000000095100000| Untracked 
| 338|0x0000000095200000, 0x0000000095200000, 0x0000000095300000|  0%| F|  |TAMS 0x0000000095200000, 0x0000000095200000| Untracked 
| 339|0x0000000095300000, 0x0000000095300000, 0x0000000095400000|  0%| F|  |TAMS 0x0000000095300000, 0x0000000095300000| Untracked 
| 340|0x0000000095400000, 0x0000000095400000, 0x0000000095500000|  0%| F|  |TAMS 0x0000000095400000, 0x0000000095400000| Untracked 
| 341|0x0000000095500000, 0x0000000095500000, 0x0000000095600000|  0%| F|  |TAMS 0x0000000095500000, 0x0000000095500000| Untracked 
| 342|0x0000000095600000, 0x00000000956b5580, 0x0000000095700000| 70%| S|CS|TAMS 0x0000000095600000, 0x0000000095600000| Complete 
| 343|0x0000000095700000, 0x0000000095800000, 0x0000000095800000|100%| S|CS|TAMS 0x0000000095700000, 0x0000000095700000| Complete 
| 344|0x0000000095800000, 0x0000000095900000, 0x0000000095900000|100%| S|CS|TAMS 0x0000000095800000, 0x0000000095800000| Complete 
| 345|0x0000000095900000, 0x0000000095a00000, 0x0000000095a00000|100%| S|CS|TAMS 0x0000000095900000, 0x0000000095900000| Complete 
| 346|0x0000000095a00000, 0x0000000095b00000, 0x0000000095b00000|100%| S|CS|TAMS 0x0000000095a00000, 0x0000000095a00000| Complete 
| 347|0x0000000095b00000, 0x0000000095c00000, 0x0000000095c00000|100%| S|CS|TAMS 0x0000000095b00000, 0x0000000095b00000| Complete 
| 348|0x0000000095c00000, 0x0000000095d00000, 0x0000000095d00000|100%| S|CS|TAMS 0x0000000095c00000, 0x0000000095c00000| Complete 
| 349|0x0000000095d00000, 0x0000000095e00000, 0x0000000095e00000|100%| S|CS|TAMS 0x0000000095d00000, 0x0000000095d00000| Complete 
| 350|0x0000000095e00000, 0x0000000095f00000, 0x0000000095f00000|100%| S|CS|TAMS 0x0000000095e00000, 0x0000000095e00000| Complete 
| 351|0x0000000095f00000, 0x0000000096000000, 0x0000000096000000|100%| S|CS|TAMS 0x0000000095f00000, 0x0000000095f00000| Complete 
| 352|0x0000000096000000, 0x0000000096100000, 0x0000000096100000|100%| S|CS|TAMS 0x0000000096000000, 0x0000000096000000| Complete 
| 353|0x0000000096100000, 0x0000000096200000, 0x0000000096200000|100%| S|CS|TAMS 0x0000000096100000, 0x0000000096100000| Complete 
| 354|0x0000000096200000, 0x0000000096300000, 0x0000000096300000|100%| S|CS|TAMS 0x0000000096200000, 0x0000000096200000| Complete 
| 355|0x0000000096300000, 0x0000000096400000, 0x0000000096400000|100%| S|CS|TAMS 0x0000000096300000, 0x0000000096300000| Complete 
| 356|0x0000000096400000, 0x0000000096500000, 0x0000000096500000|100%| S|CS|TAMS 0x0000000096400000, 0x0000000096400000| Complete 
| 357|0x0000000096500000, 0x0000000096600000, 0x0000000096600000|100%| S|CS|TAMS 0x0000000096500000, 0x0000000096500000| Complete 
| 358|0x0000000096600000, 0x0000000096700000, 0x0000000096700000|100%| S|CS|TAMS 0x0000000096600000, 0x0000000096600000| Complete 
| 359|0x0000000096700000, 0x0000000096800000, 0x0000000096800000|100%| S|CS|TAMS 0x0000000096700000, 0x0000000096700000| Complete 
| 360|0x0000000096800000, 0x0000000096900000, 0x0000000096900000|100%| S|CS|TAMS 0x0000000096800000, 0x0000000096800000| Complete 
| 361|0x0000000096900000, 0x0000000096a00000, 0x0000000096a00000|100%| S|CS|TAMS 0x0000000096900000, 0x0000000096900000| Complete 
| 362|0x0000000096a00000, 0x0000000096b00000, 0x0000000096b00000|100%| S|CS|TAMS 0x0000000096a00000, 0x0000000096a00000| Complete 
| 363|0x0000000096b00000, 0x0000000096c00000, 0x0000000096c00000|100%| S|CS|TAMS 0x0000000096b00000, 0x0000000096b00000| Complete 
| 364|0x0000000096c00000, 0x0000000096d00000, 0x0000000096d00000|100%| S|CS|TAMS 0x0000000096c00000, 0x0000000096c00000| Complete 
| 365|0x0000000096d00000, 0x0000000096e00000, 0x0000000096e00000|100%| S|CS|TAMS 0x0000000096d00000, 0x0000000096d00000| Complete 
| 366|0x0000000096e00000, 0x0000000096f00000, 0x0000000096f00000|100%| S|CS|TAMS 0x0000000096e00000, 0x0000000096e00000| Complete 
| 367|0x0000000096f00000, 0x0000000097000000, 0x0000000097000000|100%| S|CS|TAMS 0x0000000096f00000, 0x0000000096f00000| Complete 
| 368|0x0000000097000000, 0x0000000097100000, 0x0000000097100000|100%| S|CS|TAMS 0x0000000097000000, 0x0000000097000000| Complete 
| 369|0x0000000097100000, 0x0000000097100000, 0x0000000097200000|  0%| F|  |TAMS 0x0000000097100000, 0x0000000097100000| Untracked 
| 370|0x0000000097200000, 0x0000000097200000, 0x0000000097300000|  0%| F|  |TAMS 0x0000000097200000, 0x0000000097200000| Untracked 
| 371|0x0000000097300000, 0x0000000097300000, 0x0000000097400000|  0%| F|  |TAMS 0x0000000097300000, 0x0000000097300000| Untracked 
| 372|0x0000000097400000, 0x0000000097400000, 0x0000000097500000|  0%| F|  |TAMS 0x0000000097400000, 0x0000000097400000| Untracked 
| 373|0x0000000097500000, 0x0000000097500000, 0x0000000097600000|  0%| F|  |TAMS 0x0000000097500000, 0x0000000097500000| Untracked 
| 374|0x0000000097600000, 0x0000000097600000, 0x0000000097700000|  0%| F|  |TAMS 0x0000000097600000, 0x0000000097600000| Untracked 
| 375|0x0000000097700000, 0x0000000097700000, 0x0000000097800000|  0%| F|  |TAMS 0x0000000097700000, 0x0000000097700000| Untracked 
| 376|0x0000000097800000, 0x0000000097800000, 0x0000000097900000|  0%| F|  |TAMS 0x0000000097800000, 0x0000000097800000| Untracked 
| 377|0x0000000097900000, 0x0000000097900000, 0x0000000097a00000|  0%| F|  |TAMS 0x0000000097900000, 0x0000000097900000| Untracked 
| 378|0x0000000097a00000, 0x0000000097a00000, 0x0000000097b00000|  0%| F|  |TAMS 0x0000000097a00000, 0x0000000097a00000| Untracked 
| 379|0x0000000097b00000, 0x0000000097b00000, 0x0000000097c00000|  0%| F|  |TAMS 0x0000000097b00000, 0x0000000097b00000| Untracked 
| 380|0x0000000097c00000, 0x0000000097c00000, 0x0000000097d00000|  0%| F|  |TAMS 0x0000000097c00000, 0x0000000097c00000| Untracked 
| 381|0x0000000097d00000, 0x0000000097d00000, 0x0000000097e00000|  0%| F|  |TAMS 0x0000000097d00000, 0x0000000097d00000| Untracked 
| 382|0x0000000097e00000, 0x0000000097e00000, 0x0000000097f00000|  0%| F|  |TAMS 0x0000000097e00000, 0x0000000097e00000| Untracked 
| 383|0x0000000097f00000, 0x0000000097f00000, 0x0000000098000000|  0%| F|  |TAMS 0x0000000097f00000, 0x0000000097f00000| Untracked 
| 384|0x0000000098000000, 0x0000000098000000, 0x0000000098100000|  0%| F|  |TAMS 0x0000000098000000, 0x0000000098000000| Untracked 
| 385|0x0000000098100000, 0x0000000098100000, 0x0000000098200000|  0%| F|  |TAMS 0x0000000098100000, 0x0000000098100000| Untracked 
| 386|0x0000000098200000, 0x0000000098200000, 0x0000000098300000|  0%| F|  |TAMS 0x0000000098200000, 0x0000000098200000| Untracked 
| 387|0x0000000098300000, 0x0000000098300000, 0x0000000098400000|  0%| F|  |TAMS 0x0000000098300000, 0x0000000098300000| Untracked 
| 388|0x0000000098400000, 0x0000000098400000, 0x0000000098500000|  0%| F|  |TAMS 0x0000000098400000, 0x0000000098400000| Untracked 
| 389|0x0000000098500000, 0x0000000098500000, 0x0000000098600000|  0%| F|  |TAMS 0x0000000098500000, 0x0000000098500000| Untracked 
| 390|0x0000000098600000, 0x0000000098600000, 0x0000000098700000|  0%| F|  |TAMS 0x0000000098600000, 0x0000000098600000| Untracked 
| 391|0x0000000098700000, 0x0000000098700000, 0x0000000098800000|  0%| F|  |TAMS 0x0000000098700000, 0x0000000098700000| Untracked 
| 392|0x0000000098800000, 0x0000000098800000, 0x0000000098900000|  0%| F|  |TAMS 0x0000000098800000, 0x0000000098800000| Untracked 
| 393|0x0000000098900000, 0x0000000098900000, 0x0000000098a00000|  0%| F|  |TAMS 0x0000000098900000, 0x0000000098900000| Untracked 
| 394|0x0000000098a00000, 0x0000000098a00000, 0x0000000098b00000|  0%| F|  |TAMS 0x0000000098a00000, 0x0000000098a00000| Untracked 
| 395|0x0000000098b00000, 0x0000000098b00000, 0x0000000098c00000|  0%| F|  |TAMS 0x0000000098b00000, 0x0000000098b00000| Untracked 
| 396|0x0000000098c00000, 0x0000000098c00000, 0x0000000098d00000|  0%| F|  |TAMS 0x0000000098c00000, 0x0000000098c00000| Untracked 
| 397|0x0000000098d00000, 0x0000000098d00000, 0x0000000098e00000|  0%| F|  |TAMS 0x0000000098d00000, 0x0000000098d00000| Untracked 
| 398|0x0000000098e00000, 0x0000000098e00000, 0x0000000098f00000|  0%| F|  |TAMS 0x0000000098e00000, 0x0000000098e00000| Untracked 
| 399|0x0000000098f00000, 0x0000000098f00000, 0x0000000099000000|  0%| F|  |TAMS 0x0000000098f00000, 0x0000000098f00000| Untracked 
| 400|0x0000000099000000, 0x0000000099000000, 0x0000000099100000|  0%| F|  |TAMS 0x0000000099000000, 0x0000000099000000| Untracked 
| 401|0x0000000099100000, 0x0000000099100000, 0x0000000099200000|  0%| F|  |TAMS 0x0000000099100000, 0x0000000099100000| Untracked 
| 402|0x0000000099200000, 0x0000000099200000, 0x0000000099300000|  0%| F|  |TAMS 0x0000000099200000, 0x0000000099200000| Untracked 
| 403|0x0000000099300000, 0x0000000099300000, 0x0000000099400000|  0%| F|  |TAMS 0x0000000099300000, 0x0000000099300000| Untracked 
| 404|0x0000000099400000, 0x0000000099400000, 0x0000000099500000|  0%| F|  |TAMS 0x0000000099400000, 0x0000000099400000| Untracked 
| 405|0x0000000099500000, 0x0000000099500000, 0x0000000099600000|  0%| F|  |TAMS 0x0000000099500000, 0x0000000099500000| Untracked 
| 406|0x0000000099600000, 0x0000000099600000, 0x0000000099700000|  0%| F|  |TAMS 0x0000000099600000, 0x0000000099600000| Untracked 
| 407|0x0000000099700000, 0x0000000099700000, 0x0000000099800000|  0%| F|  |TAMS 0x0000000099700000, 0x0000000099700000| Untracked 
| 408|0x0000000099800000, 0x0000000099800000, 0x0000000099900000|  0%| F|  |TAMS 0x0000000099800000, 0x0000000099800000| Untracked 
| 409|0x0000000099900000, 0x0000000099900000, 0x0000000099a00000|  0%| F|  |TAMS 0x0000000099900000, 0x0000000099900000| Untracked 
| 410|0x0000000099a00000, 0x0000000099a00000, 0x0000000099b00000|  0%| F|  |TAMS 0x0000000099a00000, 0x0000000099a00000| Untracked 
| 411|0x0000000099b00000, 0x0000000099b00000, 0x0000000099c00000|  0%| F|  |TAMS 0x0000000099b00000, 0x0000000099b00000| Untracked 
| 412|0x0000000099c00000, 0x0000000099c00000, 0x0000000099d00000|  0%| F|  |TAMS 0x0000000099c00000, 0x0000000099c00000| Untracked 
| 413|0x0000000099d00000, 0x0000000099d00000, 0x0000000099e00000|  0%| F|  |TAMS 0x0000000099d00000, 0x0000000099d00000| Untracked 
| 414|0x0000000099e00000, 0x0000000099e00000, 0x0000000099f00000|  0%| F|  |TAMS 0x0000000099e00000, 0x0000000099e00000| Untracked 
| 415|0x0000000099f00000, 0x0000000099f00000, 0x000000009a000000|  0%| F|  |TAMS 0x0000000099f00000, 0x0000000099f00000| Untracked 
| 416|0x000000009a000000, 0x000000009a000000, 0x000000009a100000|  0%| F|  |TAMS 0x000000009a000000, 0x000000009a000000| Untracked 
| 417|0x000000009a100000, 0x000000009a100000, 0x000000009a200000|  0%| F|  |TAMS 0x000000009a100000, 0x000000009a100000| Untracked 
| 418|0x000000009a200000, 0x000000009a200000, 0x000000009a300000|  0%| F|  |TAMS 0x000000009a200000, 0x000000009a200000| Untracked 
| 419|0x000000009a300000, 0x000000009a300000, 0x000000009a400000|  0%| F|  |TAMS 0x000000009a300000, 0x000000009a300000| Untracked 
| 420|0x000000009a400000, 0x000000009a400000, 0x000000009a500000|  0%| F|  |TAMS 0x000000009a400000, 0x000000009a400000| Untracked 
| 421|0x000000009a500000, 0x000000009a500000, 0x000000009a600000|  0%| F|  |TAMS 0x000000009a500000, 0x000000009a500000| Untracked 
| 422|0x000000009a600000, 0x000000009a600000, 0x000000009a700000|  0%| F|  |TAMS 0x000000009a600000, 0x000000009a600000| Untracked 
| 423|0x000000009a700000, 0x000000009a700000, 0x000000009a800000|  0%| F|  |TAMS 0x000000009a700000, 0x000000009a700000| Untracked 
| 424|0x000000009a800000, 0x000000009a800000, 0x000000009a900000|  0%| F|  |TAMS 0x000000009a800000, 0x000000009a800000| Untracked 
| 425|0x000000009a900000, 0x000000009a900000, 0x000000009aa00000|  0%| F|  |TAMS 0x000000009a900000, 0x000000009a900000| Untracked 
| 426|0x000000009aa00000, 0x000000009aa00000, 0x000000009ab00000|  0%| F|  |TAMS 0x000000009aa00000, 0x000000009aa00000| Untracked 
| 427|0x000000009ab00000, 0x000000009ab00000, 0x000000009ac00000|  0%| F|  |TAMS 0x000000009ab00000, 0x000000009ab00000| Untracked 
| 428|0x000000009ac00000, 0x000000009ac00000, 0x000000009ad00000|  0%| F|  |TAMS 0x000000009ac00000, 0x000000009ac00000| Untracked 
| 429|0x000000009ad00000, 0x000000009ad00000, 0x000000009ae00000|  0%| F|  |TAMS 0x000000009ad00000, 0x000000009ad00000| Untracked 
| 430|0x000000009ae00000, 0x000000009ae00000, 0x000000009af00000|  0%| F|  |TAMS 0x000000009ae00000, 0x000000009ae00000| Untracked 
| 431|0x000000009af00000, 0x000000009af00000, 0x000000009b000000|  0%| F|  |TAMS 0x000000009af00000, 0x000000009af00000| Untracked 
| 432|0x000000009b000000, 0x000000009b0b5988, 0x000000009b100000| 70%| E|  |TAMS 0x000000009b000000, 0x000000009b000000| Complete 
| 433|0x000000009b100000, 0x000000009b200000, 0x000000009b200000|100%| E|CS|TAMS 0x000000009b100000, 0x000000009b100000| Complete 
| 434|0x000000009b200000, 0x000000009b300000, 0x000000009b300000|100%| E|CS|TAMS 0x000000009b200000, 0x000000009b200000| Complete 
| 435|0x000000009b300000, 0x000000009b400000, 0x000000009b400000|100%| E|CS|TAMS 0x000000009b300000, 0x000000009b300000| Complete 
| 436|0x000000009b400000, 0x000000009b500000, 0x000000009b500000|100%| E|CS|TAMS 0x000000009b400000, 0x000000009b400000| Complete 
| 437|0x000000009b500000, 0x000000009b600000, 0x000000009b600000|100%| E|CS|TAMS 0x000000009b500000, 0x000000009b500000| Complete 
| 438|0x000000009b600000, 0x000000009b700000, 0x000000009b700000|100%| E|CS|TAMS 0x000000009b600000, 0x000000009b600000| Complete 
| 439|0x000000009b700000, 0x000000009b800000, 0x000000009b800000|100%| E|CS|TAMS 0x000000009b700000, 0x000000009b700000| Complete 
| 440|0x000000009b800000, 0x000000009b900000, 0x000000009b900000|100%| E|CS|TAMS 0x000000009b800000, 0x000000009b800000| Complete 
| 441|0x000000009b900000, 0x000000009ba00000, 0x000000009ba00000|100%| E|CS|TAMS 0x000000009b900000, 0x000000009b900000| Complete 
| 442|0x000000009ba00000, 0x000000009bb00000, 0x000000009bb00000|100%| E|CS|TAMS 0x000000009ba00000, 0x000000009ba00000| Complete 
| 443|0x000000009bb00000, 0x000000009bc00000, 0x000000009bc00000|100%| E|CS|TAMS 0x000000009bb00000, 0x000000009bb00000| Complete 
| 444|0x000000009bc00000, 0x000000009bd00000, 0x000000009bd00000|100%| E|CS|TAMS 0x000000009bc00000, 0x000000009bc00000| Complete 
| 445|0x000000009bd00000, 0x000000009be00000, 0x000000009be00000|100%| E|CS|TAMS 0x000000009bd00000, 0x000000009bd00000| Complete 
| 446|0x000000009be00000, 0x000000009bf00000, 0x000000009bf00000|100%| E|CS|TAMS 0x000000009be00000, 0x000000009be00000| Complete 
| 447|0x000000009bf00000, 0x000000009c000000, 0x000000009c000000|100%| E|CS|TAMS 0x000000009bf00000, 0x000000009bf00000| Complete 
| 448|0x000000009c000000, 0x000000009c100000, 0x000000009c100000|100%| E|CS|TAMS 0x000000009c000000, 0x000000009c000000| Complete 
| 449|0x000000009c100000, 0x000000009c200000, 0x000000009c200000|100%| E|CS|TAMS 0x000000009c100000, 0x000000009c100000| Complete 
| 450|0x000000009c200000, 0x000000009c300000, 0x000000009c300000|100%| E|CS|TAMS 0x000000009c200000, 0x000000009c200000| Complete 
| 451|0x000000009c300000, 0x000000009c400000, 0x000000009c400000|100%| E|CS|TAMS 0x000000009c300000, 0x000000009c300000| Complete 
| 452|0x000000009c400000, 0x000000009c500000, 0x000000009c500000|100%| E|CS|TAMS 0x000000009c400000, 0x000000009c400000| Complete 
| 453|0x000000009c500000, 0x000000009c600000, 0x000000009c600000|100%| E|  |TAMS 0x000000009c500000, 0x000000009c500000| Complete 
| 454|0x000000009c600000, 0x000000009c700000, 0x000000009c700000|100%| E|CS|TAMS 0x000000009c600000, 0x000000009c600000| Complete 
| 455|0x000000009c700000, 0x000000009c800000, 0x000000009c800000|100%| E|CS|TAMS 0x000000009c700000, 0x000000009c700000| Complete 
| 456|0x000000009c800000, 0x000000009c900000, 0x000000009c900000|100%| E|CS|TAMS 0x000000009c800000, 0x000000009c800000| Complete 
| 457|0x000000009c900000, 0x000000009ca00000, 0x000000009ca00000|100%| E|CS|TAMS 0x000000009c900000, 0x000000009c900000| Complete 
| 458|0x000000009ca00000, 0x000000009cb00000, 0x000000009cb00000|100%| E|CS|TAMS 0x000000009ca00000, 0x000000009ca00000| Complete 
| 459|0x000000009cb00000, 0x000000009cc00000, 0x000000009cc00000|100%| E|CS|TAMS 0x000000009cb00000, 0x000000009cb00000| Complete 
| 460|0x000000009cc00000, 0x000000009cd00000, 0x000000009cd00000|100%| E|CS|TAMS 0x000000009cc00000, 0x000000009cc00000| Complete 
| 461|0x000000009cd00000, 0x000000009ce00000, 0x000000009ce00000|100%| E|CS|TAMS 0x000000009cd00000, 0x000000009cd00000| Complete 
| 462|0x000000009ce00000, 0x000000009cf00000, 0x000000009cf00000|100%| E|CS|TAMS 0x000000009ce00000, 0x000000009ce00000| Complete 
| 463|0x000000009cf00000, 0x000000009d000000, 0x000000009d000000|100%| E|CS|TAMS 0x000000009cf00000, 0x000000009cf00000| Complete 
| 464|0x000000009d000000, 0x000000009d100000, 0x000000009d100000|100%| E|CS|TAMS 0x000000009d000000, 0x000000009d000000| Complete 
| 465|0x000000009d100000, 0x000000009d200000, 0x000000009d200000|100%| E|CS|TAMS 0x000000009d100000, 0x000000009d100000| Complete 
| 466|0x000000009d200000, 0x000000009d300000, 0x000000009d300000|100%| E|CS|TAMS 0x000000009d200000, 0x000000009d200000| Complete 
| 467|0x000000009d300000, 0x000000009d400000, 0x000000009d400000|100%| E|CS|TAMS 0x000000009d300000, 0x000000009d300000| Complete 
| 468|0x000000009d400000, 0x000000009d500000, 0x000000009d500000|100%| E|CS|TAMS 0x000000009d400000, 0x000000009d400000| Complete 
| 469|0x000000009d500000, 0x000000009d600000, 0x000000009d600000|100%| E|CS|TAMS 0x000000009d500000, 0x000000009d500000| Complete 
| 470|0x000000009d600000, 0x000000009d700000, 0x000000009d700000|100%| E|CS|TAMS 0x000000009d600000, 0x000000009d600000| Complete 
| 471|0x000000009d700000, 0x000000009d800000, 0x000000009d800000|100%| E|CS|TAMS 0x000000009d700000, 0x000000009d700000| Complete 
| 472|0x000000009d800000, 0x000000009d900000, 0x000000009d900000|100%| E|CS|TAMS 0x000000009d800000, 0x000000009d800000| Complete 
| 473|0x000000009d900000, 0x000000009da00000, 0x000000009da00000|100%| E|CS|TAMS 0x000000009d900000, 0x000000009d900000| Complete 
| 474|0x000000009da00000, 0x000000009db00000, 0x000000009db00000|100%| E|CS|TAMS 0x000000009da00000, 0x000000009da00000| Complete 
| 475|0x000000009db00000, 0x000000009dc00000, 0x000000009dc00000|100%| E|CS|TAMS 0x000000009db00000, 0x000000009db00000| Complete 
| 476|0x000000009dc00000, 0x000000009dd00000, 0x000000009dd00000|100%| E|CS|TAMS 0x000000009dc00000, 0x000000009dc00000| Complete 
| 477|0x000000009dd00000, 0x000000009de00000, 0x000000009de00000|100%| E|CS|TAMS 0x000000009dd00000, 0x000000009dd00000| Complete 
| 478|0x000000009de00000, 0x000000009df00000, 0x000000009df00000|100%| E|CS|TAMS 0x000000009de00000, 0x000000009de00000| Complete 
| 479|0x000000009df00000, 0x000000009e000000, 0x000000009e000000|100%| E|CS|TAMS 0x000000009df00000, 0x000000009df00000| Complete 
| 480|0x000000009e000000, 0x000000009e100000, 0x000000009e100000|100%| E|CS|TAMS 0x000000009e000000, 0x000000009e000000| Complete 
| 481|0x000000009e100000, 0x000000009e200000, 0x000000009e200000|100%| E|CS|TAMS 0x000000009e100000, 0x000000009e100000| Complete 
| 482|0x000000009e200000, 0x000000009e300000, 0x000000009e300000|100%| E|CS|TAMS 0x000000009e200000, 0x000000009e200000| Complete 
| 483|0x000000009e300000, 0x000000009e400000, 0x000000009e400000|100%| E|CS|TAMS 0x000000009e300000, 0x000000009e300000| Complete 
| 484|0x000000009e400000, 0x000000009e500000, 0x000000009e500000|100%| E|CS|TAMS 0x000000009e400000, 0x000000009e400000| Complete 
| 485|0x000000009e500000, 0x000000009e600000, 0x000000009e600000|100%| E|CS|TAMS 0x000000009e500000, 0x000000009e500000| Complete 
| 486|0x000000009e600000, 0x000000009e700000, 0x000000009e700000|100%| E|CS|TAMS 0x000000009e600000, 0x000000009e600000| Complete 
| 487|0x000000009e700000, 0x000000009e800000, 0x000000009e800000|100%| E|CS|TAMS 0x000000009e700000, 0x000000009e700000| Complete 
| 488|0x000000009e800000, 0x000000009e900000, 0x000000009e900000|100%| E|CS|TAMS 0x000000009e800000, 0x000000009e800000| Complete 
| 489|0x000000009e900000, 0x000000009ea00000, 0x000000009ea00000|100%| E|CS|TAMS 0x000000009e900000, 0x000000009e900000| Complete 
| 490|0x000000009ea00000, 0x000000009eb00000, 0x000000009eb00000|100%| E|CS|TAMS 0x000000009ea00000, 0x000000009ea00000| Complete 
| 491|0x000000009eb00000, 0x000000009ec00000, 0x000000009ec00000|100%| E|CS|TAMS 0x000000009eb00000, 0x000000009eb00000| Complete 
| 492|0x000000009ec00000, 0x000000009ed00000, 0x000000009ed00000|100%| E|CS|TAMS 0x000000009ec00000, 0x000000009ec00000| Complete 
| 493|0x000000009ed00000, 0x000000009ee00000, 0x000000009ee00000|100%| E|CS|TAMS 0x000000009ed00000, 0x000000009ed00000| Complete 
| 494|0x000000009ee00000, 0x000000009ef00000, 0x000000009ef00000|100%| E|CS|TAMS 0x000000009ee00000, 0x000000009ee00000| Complete 
| 495|0x000000009ef00000, 0x000000009f000000, 0x000000009f000000|100%| E|CS|TAMS 0x000000009ef00000, 0x000000009ef00000| Complete 
| 496|0x000000009f000000, 0x000000009f100000, 0x000000009f100000|100%| E|CS|TAMS 0x000000009f000000, 0x000000009f000000| Complete 
| 497|0x000000009f100000, 0x000000009f200000, 0x000000009f200000|100%| E|CS|TAMS 0x000000009f100000, 0x000000009f100000| Complete 
| 498|0x000000009f200000, 0x000000009f300000, 0x000000009f300000|100%| E|CS|TAMS 0x000000009f200000, 0x000000009f200000| Complete 
| 499|0x000000009f300000, 0x000000009f400000, 0x000000009f400000|100%| E|CS|TAMS 0x000000009f300000, 0x000000009f300000| Complete 
| 500|0x000000009f400000, 0x000000009f500000, 0x000000009f500000|100%| E|CS|TAMS 0x000000009f400000, 0x000000009f400000| Complete 
| 501|0x000000009f500000, 0x000000009f600000, 0x000000009f600000|100%| E|CS|TAMS 0x000000009f500000, 0x000000009f500000| Complete 
| 502|0x000000009f600000, 0x000000009f700000, 0x000000009f700000|100%| E|CS|TAMS 0x000000009f600000, 0x000000009f600000| Complete 
| 503|0x000000009f700000, 0x000000009f800000, 0x000000009f800000|100%| E|CS|TAMS 0x000000009f700000, 0x000000009f700000| Complete 
| 504|0x000000009f800000, 0x000000009f900000, 0x000000009f900000|100%| E|CS|TAMS 0x000000009f800000, 0x000000009f800000| Complete 
| 505|0x000000009f900000, 0x000000009fa00000, 0x000000009fa00000|100%| E|CS|TAMS 0x000000009f900000, 0x000000009f900000| Complete 
| 506|0x000000009fa00000, 0x000000009fb00000, 0x000000009fb00000|100%| E|CS|TAMS 0x000000009fa00000, 0x000000009fa00000| Complete 
| 507|0x000000009fb00000, 0x000000009fc00000, 0x000000009fc00000|100%| E|CS|TAMS 0x000000009fb00000, 0x000000009fb00000| Complete 
| 508|0x000000009fc00000, 0x000000009fd00000, 0x000000009fd00000|100%| E|CS|TAMS 0x000000009fc00000, 0x000000009fc00000| Complete 
| 509|0x000000009fd00000, 0x000000009fe00000, 0x000000009fe00000|100%| E|CS|TAMS 0x000000009fd00000, 0x000000009fd00000| Complete 
| 510|0x000000009fe00000, 0x000000009ff00000, 0x000000009ff00000|100%| E|CS|TAMS 0x000000009fe00000, 0x000000009fe00000| Complete 
| 511|0x000000009ff00000, 0x00000000a0000000, 0x00000000a0000000|100%| E|CS|TAMS 0x000000009ff00000, 0x000000009ff00000| Complete 
| 512|0x00000000a0000000, 0x00000000a0100000, 0x00000000a0100000|100%| E|CS|TAMS 0x00000000a0000000, 0x00000000a0000000| Complete 
| 513|0x00000000a0100000, 0x00000000a0200000, 0x00000000a0200000|100%| E|CS|TAMS 0x00000000a0100000, 0x00000000a0100000| Complete 
| 514|0x00000000a0200000, 0x00000000a0300000, 0x00000000a0300000|100%| E|CS|TAMS 0x00000000a0200000, 0x00000000a0200000| Complete 
| 515|0x00000000a0300000, 0x00000000a0400000, 0x00000000a0400000|100%| E|CS|TAMS 0x00000000a0300000, 0x00000000a0300000| Complete 
| 516|0x00000000a0400000, 0x00000000a0500000, 0x00000000a0500000|100%| E|CS|TAMS 0x00000000a0400000, 0x00000000a0400000| Complete 
| 517|0x00000000a0500000, 0x00000000a0600000, 0x00000000a0600000|100%| E|CS|TAMS 0x00000000a0500000, 0x00000000a0500000| Complete 
| 518|0x00000000a0600000, 0x00000000a0700000, 0x00000000a0700000|100%| E|CS|TAMS 0x00000000a0600000, 0x00000000a0600000| Complete 
| 519|0x00000000a0700000, 0x00000000a0800000, 0x00000000a0800000|100%| E|CS|TAMS 0x00000000a0700000, 0x00000000a0700000| Complete 
| 520|0x00000000a0800000, 0x00000000a0900000, 0x00000000a0900000|100%| E|CS|TAMS 0x00000000a0800000, 0x00000000a0800000| Complete 
| 521|0x00000000a0900000, 0x00000000a0a00000, 0x00000000a0a00000|100%| E|CS|TAMS 0x00000000a0900000, 0x00000000a0900000| Complete 
| 522|0x00000000a0a00000, 0x00000000a0b00000, 0x00000000a0b00000|100%| E|CS|TAMS 0x00000000a0a00000, 0x00000000a0a00000| Complete 
| 523|0x00000000a0b00000, 0x00000000a0c00000, 0x00000000a0c00000|100%| E|CS|TAMS 0x00000000a0b00000, 0x00000000a0b00000| Complete 
| 524|0x00000000a0c00000, 0x00000000a0d00000, 0x00000000a0d00000|100%| E|CS|TAMS 0x00000000a0c00000, 0x00000000a0c00000| Complete 
| 525|0x00000000a0d00000, 0x00000000a0e00000, 0x00000000a0e00000|100%| E|CS|TAMS 0x00000000a0d00000, 0x00000000a0d00000| Complete 
| 526|0x00000000a0e00000, 0x00000000a0f00000, 0x00000000a0f00000|100%| E|CS|TAMS 0x00000000a0e00000, 0x00000000a0e00000| Complete 
| 527|0x00000000a0f00000, 0x00000000a1000000, 0x00000000a1000000|100%| E|CS|TAMS 0x00000000a0f00000, 0x00000000a0f00000| Complete 
| 528|0x00000000a1000000, 0x00000000a1100000, 0x00000000a1100000|100%| E|CS|TAMS 0x00000000a1000000, 0x00000000a1000000| Complete 
| 529|0x00000000a1100000, 0x00000000a1200000, 0x00000000a1200000|100%| E|CS|TAMS 0x00000000a1100000, 0x00000000a1100000| Complete 
| 530|0x00000000a1200000, 0x00000000a1300000, 0x00000000a1300000|100%| E|CS|TAMS 0x00000000a1200000, 0x00000000a1200000| Complete 
| 531|0x00000000a1300000, 0x00000000a1400000, 0x00000000a1400000|100%| E|CS|TAMS 0x00000000a1300000, 0x00000000a1300000| Complete 
| 532|0x00000000a1400000, 0x00000000a1500000, 0x00000000a1500000|100%| E|CS|TAMS 0x00000000a1400000, 0x00000000a1400000| Complete 
| 533|0x00000000a1500000, 0x00000000a1600000, 0x00000000a1600000|100%| E|CS|TAMS 0x00000000a1500000, 0x00000000a1500000| Complete 
| 534|0x00000000a1600000, 0x00000000a1700000, 0x00000000a1700000|100%| E|CS|TAMS 0x00000000a1600000, 0x00000000a1600000| Complete 
| 535|0x00000000a1700000, 0x00000000a1800000, 0x00000000a1800000|100%| E|CS|TAMS 0x00000000a1700000, 0x00000000a1700000| Complete 
| 536|0x00000000a1800000, 0x00000000a1900000, 0x00000000a1900000|100%| E|CS|TAMS 0x00000000a1800000, 0x00000000a1800000| Complete 
| 537|0x00000000a1900000, 0x00000000a1a00000, 0x00000000a1a00000|100%| E|CS|TAMS 0x00000000a1900000, 0x00000000a1900000| Complete 
| 538|0x00000000a1a00000, 0x00000000a1b00000, 0x00000000a1b00000|100%| E|CS|TAMS 0x00000000a1a00000, 0x00000000a1a00000| Complete 
| 539|0x00000000a1b00000, 0x00000000a1c00000, 0x00000000a1c00000|100%| E|CS|TAMS 0x00000000a1b00000, 0x00000000a1b00000| Complete 
| 540|0x00000000a1c00000, 0x00000000a1d00000, 0x00000000a1d00000|100%| E|CS|TAMS 0x00000000a1c00000, 0x00000000a1c00000| Complete 
| 541|0x00000000a1d00000, 0x00000000a1e00000, 0x00000000a1e00000|100%| E|CS|TAMS 0x00000000a1d00000, 0x00000000a1d00000| Complete 
| 542|0x00000000a1e00000, 0x00000000a1f00000, 0x00000000a1f00000|100%| E|CS|TAMS 0x00000000a1e00000, 0x00000000a1e00000| Complete 
| 543|0x00000000a1f00000, 0x00000000a2000000, 0x00000000a2000000|100%| E|CS|TAMS 0x00000000a1f00000, 0x00000000a1f00000| Complete 
| 544|0x00000000a2000000, 0x00000000a2100000, 0x00000000a2100000|100%| E|CS|TAMS 0x00000000a2000000, 0x00000000a2000000| Complete 
| 545|0x00000000a2100000, 0x00000000a2200000, 0x00000000a2200000|100%| E|CS|TAMS 0x00000000a2100000, 0x00000000a2100000| Complete 
| 546|0x00000000a2200000, 0x00000000a2300000, 0x00000000a2300000|100%| E|CS|TAMS 0x00000000a2200000, 0x00000000a2200000| Complete 
| 547|0x00000000a2300000, 0x00000000a2400000, 0x00000000a2400000|100%| E|CS|TAMS 0x00000000a2300000, 0x00000000a2300000| Complete 
| 548|0x00000000a2400000, 0x00000000a2500000, 0x00000000a2500000|100%| E|CS|TAMS 0x00000000a2400000, 0x00000000a2400000| Complete 
| 549|0x00000000a2500000, 0x00000000a2600000, 0x00000000a2600000|100%| E|CS|TAMS 0x00000000a2500000, 0x00000000a2500000| Complete 
| 550|0x00000000a2600000, 0x00000000a2700000, 0x00000000a2700000|100%| E|CS|TAMS 0x00000000a2600000, 0x00000000a2600000| Complete 
| 551|0x00000000a2700000, 0x00000000a2800000, 0x00000000a2800000|100%| E|CS|TAMS 0x00000000a2700000, 0x00000000a2700000| Complete 
| 552|0x00000000a2800000, 0x00000000a2900000, 0x00000000a2900000|100%| E|CS|TAMS 0x00000000a2800000, 0x00000000a2800000| Complete 
| 553|0x00000000a2900000, 0x00000000a2a00000, 0x00000000a2a00000|100%| E|CS|TAMS 0x00000000a2900000, 0x00000000a2900000| Complete 
| 554|0x00000000a2a00000, 0x00000000a2b00000, 0x00000000a2b00000|100%| E|CS|TAMS 0x00000000a2a00000, 0x00000000a2a00000| Complete 
| 555|0x00000000a2b00000, 0x00000000a2c00000, 0x00000000a2c00000|100%| E|CS|TAMS 0x00000000a2b00000, 0x00000000a2b00000| Complete 
| 556|0x00000000a2c00000, 0x00000000a2d00000, 0x00000000a2d00000|100%| E|CS|TAMS 0x00000000a2c00000, 0x00000000a2c00000| Complete 
| 557|0x00000000a2d00000, 0x00000000a2e00000, 0x00000000a2e00000|100%| E|CS|TAMS 0x00000000a2d00000, 0x00000000a2d00000| Complete 
| 558|0x00000000a2e00000, 0x00000000a2f00000, 0x00000000a2f00000|100%| E|CS|TAMS 0x00000000a2e00000, 0x00000000a2e00000| Complete 
| 559|0x00000000a2f00000, 0x00000000a3000000, 0x00000000a3000000|100%| E|CS|TAMS 0x00000000a2f00000, 0x00000000a2f00000| Complete 
| 560|0x00000000a3000000, 0x00000000a3100000, 0x00000000a3100000|100%| E|CS|TAMS 0x00000000a3000000, 0x00000000a3000000| Complete 
| 561|0x00000000a3100000, 0x00000000a3200000, 0x00000000a3200000|100%| E|CS|TAMS 0x00000000a3100000, 0x00000000a3100000| Complete 
| 562|0x00000000a3200000, 0x00000000a3300000, 0x00000000a3300000|100%| E|CS|TAMS 0x00000000a3200000, 0x00000000a3200000| Complete 
| 563|0x00000000a3300000, 0x00000000a3400000, 0x00000000a3400000|100%| E|CS|TAMS 0x00000000a3300000, 0x00000000a3300000| Complete 
| 564|0x00000000a3400000, 0x00000000a3500000, 0x00000000a3500000|100%| E|CS|TAMS 0x00000000a3400000, 0x00000000a3400000| Complete 
| 565|0x00000000a3500000, 0x00000000a3600000, 0x00000000a3600000|100%| E|CS|TAMS 0x00000000a3500000, 0x00000000a3500000| Complete 
| 566|0x00000000a3600000, 0x00000000a3700000, 0x00000000a3700000|100%| E|CS|TAMS 0x00000000a3600000, 0x00000000a3600000| Complete 
| 567|0x00000000a3700000, 0x00000000a3800000, 0x00000000a3800000|100%| E|CS|TAMS 0x00000000a3700000, 0x00000000a3700000| Complete 
| 568|0x00000000a3800000, 0x00000000a3900000, 0x00000000a3900000|100%| E|CS|TAMS 0x00000000a3800000, 0x00000000a3800000| Complete 
| 569|0x00000000a3900000, 0x00000000a3a00000, 0x00000000a3a00000|100%| E|CS|TAMS 0x00000000a3900000, 0x00000000a3900000| Complete 
| 570|0x00000000a3a00000, 0x00000000a3b00000, 0x00000000a3b00000|100%| E|CS|TAMS 0x00000000a3a00000, 0x00000000a3a00000| Complete 
| 571|0x00000000a3b00000, 0x00000000a3c00000, 0x00000000a3c00000|100%| E|CS|TAMS 0x00000000a3b00000, 0x00000000a3b00000| Complete 
| 572|0x00000000a3c00000, 0x00000000a3d00000, 0x00000000a3d00000|100%| E|CS|TAMS 0x00000000a3c00000, 0x00000000a3c00000| Complete 
| 573|0x00000000a3d00000, 0x00000000a3e00000, 0x00000000a3e00000|100%| E|CS|TAMS 0x00000000a3d00000, 0x00000000a3d00000| Complete 
| 574|0x00000000a3e00000, 0x00000000a3f00000, 0x00000000a3f00000|100%| E|CS|TAMS 0x00000000a3e00000, 0x00000000a3e00000| Complete 
| 575|0x00000000a3f00000, 0x00000000a4000000, 0x00000000a4000000|100%| E|CS|TAMS 0x00000000a3f00000, 0x00000000a3f00000| Complete 
| 576|0x00000000a4000000, 0x00000000a4100000, 0x00000000a4100000|100%| E|CS|TAMS 0x00000000a4000000, 0x00000000a4000000| Complete 
| 577|0x00000000a4100000, 0x00000000a4200000, 0x00000000a4200000|100%| E|CS|TAMS 0x00000000a4100000, 0x00000000a4100000| Complete 
| 578|0x00000000a4200000, 0x00000000a4300000, 0x00000000a4300000|100%| E|CS|TAMS 0x00000000a4200000, 0x00000000a4200000| Complete 
| 579|0x00000000a4300000, 0x00000000a4400000, 0x00000000a4400000|100%| E|CS|TAMS 0x00000000a4300000, 0x00000000a4300000| Complete 
| 580|0x00000000a4400000, 0x00000000a4500000, 0x00000000a4500000|100%| E|CS|TAMS 0x00000000a4400000, 0x00000000a4400000| Complete 
| 581|0x00000000a4500000, 0x00000000a4600000, 0x00000000a4600000|100%| E|CS|TAMS 0x00000000a4500000, 0x00000000a4500000| Complete 
| 582|0x00000000a4600000, 0x00000000a4700000, 0x00000000a4700000|100%| E|CS|TAMS 0x00000000a4600000, 0x00000000a4600000| Complete 
| 583|0x00000000a4700000, 0x00000000a4800000, 0x00000000a4800000|100%| E|CS|TAMS 0x00000000a4700000, 0x00000000a4700000| Complete 
| 584|0x00000000a4800000, 0x00000000a4900000, 0x00000000a4900000|100%| E|CS|TAMS 0x00000000a4800000, 0x00000000a4800000| Complete 
| 585|0x00000000a4900000, 0x00000000a4a00000, 0x00000000a4a00000|100%| E|CS|TAMS 0x00000000a4900000, 0x00000000a4900000| Complete 
| 586|0x00000000a4a00000, 0x00000000a4b00000, 0x00000000a4b00000|100%| E|CS|TAMS 0x00000000a4a00000, 0x00000000a4a00000| Complete 
| 587|0x00000000a4b00000, 0x00000000a4c00000, 0x00000000a4c00000|100%| E|CS|TAMS 0x00000000a4b00000, 0x00000000a4b00000| Complete 
| 588|0x00000000a4c00000, 0x00000000a4d00000, 0x00000000a4d00000|100%| E|CS|TAMS 0x00000000a4c00000, 0x00000000a4c00000| Complete 
| 589|0x00000000a4d00000, 0x00000000a4e00000, 0x00000000a4e00000|100%| E|CS|TAMS 0x00000000a4d00000, 0x00000000a4d00000| Complete 
| 590|0x00000000a4e00000, 0x00000000a4f00000, 0x00000000a4f00000|100%| E|CS|TAMS 0x00000000a4e00000, 0x00000000a4e00000| Complete 
| 591|0x00000000a4f00000, 0x00000000a5000000, 0x00000000a5000000|100%| E|CS|TAMS 0x00000000a4f00000, 0x00000000a4f00000| Complete 
| 592|0x00000000a5000000, 0x00000000a5100000, 0x00000000a5100000|100%| E|CS|TAMS 0x00000000a5000000, 0x00000000a5000000| Complete 
| 593|0x00000000a5100000, 0x00000000a5200000, 0x00000000a5200000|100%| E|CS|TAMS 0x00000000a5100000, 0x00000000a5100000| Complete 
| 594|0x00000000a5200000, 0x00000000a5300000, 0x00000000a5300000|100%| E|CS|TAMS 0x00000000a5200000, 0x00000000a5200000| Complete 
| 595|0x00000000a5300000, 0x00000000a5400000, 0x00000000a5400000|100%| E|CS|TAMS 0x00000000a5300000, 0x00000000a5300000| Complete 
| 596|0x00000000a5400000, 0x00000000a5500000, 0x00000000a5500000|100%| E|CS|TAMS 0x00000000a5400000, 0x00000000a5400000| Complete 
| 597|0x00000000a5500000, 0x00000000a5600000, 0x00000000a5600000|100%| E|CS|TAMS 0x00000000a5500000, 0x00000000a5500000| Complete 
| 598|0x00000000a5600000, 0x00000000a5700000, 0x00000000a5700000|100%| E|CS|TAMS 0x00000000a5600000, 0x00000000a5600000| Complete 
| 599|0x00000000a5700000, 0x00000000a5800000, 0x00000000a5800000|100%| E|CS|TAMS 0x00000000a5700000, 0x00000000a5700000| Complete 
| 600|0x00000000a5800000, 0x00000000a5900000, 0x00000000a5900000|100%| E|CS|TAMS 0x00000000a5800000, 0x00000000a5800000| Complete 
| 601|0x00000000a5900000, 0x00000000a5a00000, 0x00000000a5a00000|100%| E|CS|TAMS 0x00000000a5900000, 0x00000000a5900000| Complete 
| 602|0x00000000a5a00000, 0x00000000a5b00000, 0x00000000a5b00000|100%| E|CS|TAMS 0x00000000a5a00000, 0x00000000a5a00000| Complete 
| 603|0x00000000a5b00000, 0x00000000a5c00000, 0x00000000a5c00000|100%| E|CS|TAMS 0x00000000a5b00000, 0x00000000a5b00000| Complete 
| 604|0x00000000a5c00000, 0x00000000a5d00000, 0x00000000a5d00000|100%| E|CS|TAMS 0x00000000a5c00000, 0x00000000a5c00000| Complete 
| 605|0x00000000a5d00000, 0x00000000a5e00000, 0x00000000a5e00000|100%| E|CS|TAMS 0x00000000a5d00000, 0x00000000a5d00000| Complete 
| 606|0x00000000a5e00000, 0x00000000a5f00000, 0x00000000a5f00000|100%| E|CS|TAMS 0x00000000a5e00000, 0x00000000a5e00000| Complete 
| 607|0x00000000a5f00000, 0x00000000a6000000, 0x00000000a6000000|100%| E|CS|TAMS 0x00000000a5f00000, 0x00000000a5f00000| Complete 
| 608|0x00000000a6000000, 0x00000000a6100000, 0x00000000a6100000|100%| E|CS|TAMS 0x00000000a6000000, 0x00000000a6000000| Complete 
| 609|0x00000000a6100000, 0x00000000a6200000, 0x00000000a6200000|100%| E|CS|TAMS 0x00000000a6100000, 0x00000000a6100000| Complete 
| 610|0x00000000a6200000, 0x00000000a6300000, 0x00000000a6300000|100%| E|CS|TAMS 0x00000000a6200000, 0x00000000a6200000| Complete 
| 611|0x00000000a6300000, 0x00000000a6400000, 0x00000000a6400000|100%| E|CS|TAMS 0x00000000a6300000, 0x00000000a6300000| Complete 
| 612|0x00000000a6400000, 0x00000000a6500000, 0x00000000a6500000|100%| E|CS|TAMS 0x00000000a6400000, 0x00000000a6400000| Complete 
| 613|0x00000000a6500000, 0x00000000a6600000, 0x00000000a6600000|100%| E|CS|TAMS 0x00000000a6500000, 0x00000000a6500000| Complete 
| 614|0x00000000a6600000, 0x00000000a6700000, 0x00000000a6700000|100%| E|CS|TAMS 0x00000000a6600000, 0x00000000a6600000| Complete 
| 615|0x00000000a6700000, 0x00000000a6800000, 0x00000000a6800000|100%| E|CS|TAMS 0x00000000a6700000, 0x00000000a6700000| Complete 
| 616|0x00000000a6800000, 0x00000000a6900000, 0x00000000a6900000|100%| E|CS|TAMS 0x00000000a6800000, 0x00000000a6800000| Complete 
| 617|0x00000000a6900000, 0x00000000a6a00000, 0x00000000a6a00000|100%| E|CS|TAMS 0x00000000a6900000, 0x00000000a6900000| Complete 
| 618|0x00000000a6a00000, 0x00000000a6b00000, 0x00000000a6b00000|100%| E|CS|TAMS 0x00000000a6a00000, 0x00000000a6a00000| Complete 
| 619|0x00000000a6b00000, 0x00000000a6c00000, 0x00000000a6c00000|100%| E|CS|TAMS 0x00000000a6b00000, 0x00000000a6b00000| Complete 
| 620|0x00000000a6c00000, 0x00000000a6d00000, 0x00000000a6d00000|100%| E|CS|TAMS 0x00000000a6c00000, 0x00000000a6c00000| Complete 
| 621|0x00000000a6d00000, 0x00000000a6e00000, 0x00000000a6e00000|100%| E|CS|TAMS 0x00000000a6d00000, 0x00000000a6d00000| Complete 
| 622|0x00000000a6e00000, 0x00000000a6f00000, 0x00000000a6f00000|100%| E|CS|TAMS 0x00000000a6e00000, 0x00000000a6e00000| Complete 
| 623|0x00000000a6f00000, 0x00000000a7000000, 0x00000000a7000000|100%| E|CS|TAMS 0x00000000a6f00000, 0x00000000a6f00000| Complete 
| 624|0x00000000a7000000, 0x00000000a7100000, 0x00000000a7100000|100%| E|CS|TAMS 0x00000000a7000000, 0x00000000a7000000| Complete 
| 625|0x00000000a7100000, 0x00000000a7200000, 0x00000000a7200000|100%| E|CS|TAMS 0x00000000a7100000, 0x00000000a7100000| Complete 
| 626|0x00000000a7200000, 0x00000000a7300000, 0x00000000a7300000|100%| E|CS|TAMS 0x00000000a7200000, 0x00000000a7200000| Complete 
| 627|0x00000000a7300000, 0x00000000a7400000, 0x00000000a7400000|100%| E|CS|TAMS 0x00000000a7300000, 0x00000000a7300000| Complete 
| 628|0x00000000a7400000, 0x00000000a7500000, 0x00000000a7500000|100%| E|CS|TAMS 0x00000000a7400000, 0x00000000a7400000| Complete 
| 629|0x00000000a7500000, 0x00000000a7600000, 0x00000000a7600000|100%| E|CS|TAMS 0x00000000a7500000, 0x00000000a7500000| Complete 
| 630|0x00000000a7600000, 0x00000000a7700000, 0x00000000a7700000|100%| E|CS|TAMS 0x00000000a7600000, 0x00000000a7600000| Complete 
| 631|0x00000000a7700000, 0x00000000a7800000, 0x00000000a7800000|100%| E|CS|TAMS 0x00000000a7700000, 0x00000000a7700000| Complete 
| 632|0x00000000a7800000, 0x00000000a7900000, 0x00000000a7900000|100%| E|CS|TAMS 0x00000000a7800000, 0x00000000a7800000| Complete 
| 633|0x00000000a7900000, 0x00000000a7a00000, 0x00000000a7a00000|100%| E|CS|TAMS 0x00000000a7900000, 0x00000000a7900000| Complete 
| 634|0x00000000a7a00000, 0x00000000a7b00000, 0x00000000a7b00000|100%| E|CS|TAMS 0x00000000a7a00000, 0x00000000a7a00000| Complete 
| 635|0x00000000a7b00000, 0x00000000a7c00000, 0x00000000a7c00000|100%| E|CS|TAMS 0x00000000a7b00000, 0x00000000a7b00000| Complete 
| 636|0x00000000a7c00000, 0x00000000a7d00000, 0x00000000a7d00000|100%| E|CS|TAMS 0x00000000a7c00000, 0x00000000a7c00000| Complete 
| 637|0x00000000a7d00000, 0x00000000a7e00000, 0x00000000a7e00000|100%| E|CS|TAMS 0x00000000a7d00000, 0x00000000a7d00000| Complete 
| 638|0x00000000a7e00000, 0x00000000a7f00000, 0x00000000a7f00000|100%| E|CS|TAMS 0x00000000a7e00000, 0x00000000a7e00000| Complete 
| 639|0x00000000a7f00000, 0x00000000a8000000, 0x00000000a8000000|100%| E|CS|TAMS 0x00000000a7f00000, 0x00000000a7f00000| Complete 
| 640|0x00000000a8000000, 0x00000000a8100000, 0x00000000a8100000|100%| E|CS|TAMS 0x00000000a8000000, 0x00000000a8000000| Complete 
| 641|0x00000000a8100000, 0x00000000a8200000, 0x00000000a8200000|100%| E|CS|TAMS 0x00000000a8100000, 0x00000000a8100000| Complete 
| 642|0x00000000a8200000, 0x00000000a8300000, 0x00000000a8300000|100%| E|CS|TAMS 0x00000000a8200000, 0x00000000a8200000| Complete 
| 643|0x00000000a8300000, 0x00000000a8400000, 0x00000000a8400000|100%| E|CS|TAMS 0x00000000a8300000, 0x00000000a8300000| Complete 
| 644|0x00000000a8400000, 0x00000000a8500000, 0x00000000a8500000|100%| E|CS|TAMS 0x00000000a8400000, 0x00000000a8400000| Complete 
| 645|0x00000000a8500000, 0x00000000a8600000, 0x00000000a8600000|100%| E|CS|TAMS 0x00000000a8500000, 0x00000000a8500000| Complete 
| 646|0x00000000a8600000, 0x00000000a8700000, 0x00000000a8700000|100%| E|CS|TAMS 0x00000000a8600000, 0x00000000a8600000| Complete 
| 647|0x00000000a8700000, 0x00000000a8800000, 0x00000000a8800000|100%| E|CS|TAMS 0x00000000a8700000, 0x00000000a8700000| Complete 
| 648|0x00000000a8800000, 0x00000000a8900000, 0x00000000a8900000|100%| E|CS|TAMS 0x00000000a8800000, 0x00000000a8800000| Complete 
| 649|0x00000000a8900000, 0x00000000a8a00000, 0x00000000a8a00000|100%| E|CS|TAMS 0x00000000a8900000, 0x00000000a8900000| Complete 
| 650|0x00000000a8a00000, 0x00000000a8b00000, 0x00000000a8b00000|100%| E|CS|TAMS 0x00000000a8a00000, 0x00000000a8a00000| Complete 
| 651|0x00000000a8b00000, 0x00000000a8c00000, 0x00000000a8c00000|100%| E|CS|TAMS 0x00000000a8b00000, 0x00000000a8b00000| Complete 
| 652|0x00000000a8c00000, 0x00000000a8d00000, 0x00000000a8d00000|100%| E|CS|TAMS 0x00000000a8c00000, 0x00000000a8c00000| Complete 
| 653|0x00000000a8d00000, 0x00000000a8e00000, 0x00000000a8e00000|100%| E|CS|TAMS 0x00000000a8d00000, 0x00000000a8d00000| Complete 

Card table byte_map: [0x0000028fd4880000,0x0000028fd4c80000] _byte_map_base: 0x0000028fd4480000

Marking Bits (Prev, Next): (CMBitMap*) 0x0000028fbd6d5bf0, (CMBitMap*) 0x0000028fbd6d5c30
 Prev Bits: [0x0000028fd5080000, 0x0000028fd7080000)
 Next Bits: [0x0000028fd7080000, 0x0000028fd9080000)

Polling page: 0x0000028fbb330000

Metaspace:

Usage:
  Non-class:     95.49 MB used.
      Class:     15.37 MB used.
       Both:    110.86 MB used.

Virtual space:
  Non-class space:      128.00 MB reserved,      96.56 MB ( 75%) committed,  2 nodes.
      Class space:      416.00 MB reserved,      16.31 MB (  4%) committed,  1 nodes.
             Both:      544.00 MB reserved,     112.88 MB ( 21%) committed. 

Chunk freelists:
   Non-Class:  15.18 MB
       Class:  15.66 MB
        Both:  30.83 MB

MaxMetaspaceSize: 512.00 MB
CompressedClassSpaceSize: 416.00 MB
Initial GC threshold: 21.00 MB
Current GC threshold: 178.06 MB
CDS: on
MetaspaceReclaimPolicy: balanced
 - commit_granule_bytes: 65536.
 - commit_granule_words: 8192.
 - virtual_space_node_default_size: 8388608.
 - enlarge_chunks_in_place: 1.
 - new_chunks_are_fully_committed: 0.
 - uncommit_free_chunks: 1.
 - use_allocation_guard: 0.
 - handle_deallocations: 1.


Internal statistics:

num_allocs_failed_limit: 12.
num_arena_births: 2834.
num_arena_deaths: 0.
num_vsnodes_births: 3.
num_vsnodes_deaths: 0.
num_space_committed: 1805.
num_space_uncommitted: 0.
num_chunks_returned_to_freelist: 12.
num_chunks_taken_from_freelist: 8376.
num_chunk_merges: 9.
num_chunk_splits: 5247.
num_chunks_enlarged: 3059.
num_inconsistent_stats: 0.

CodeHeap 'non-profiled nmethods': size=120000Kb used=12493Kb max_used=12493Kb free=107506Kb
 bounds [0x0000028fcca00000, 0x0000028fcd640000, 0x0000028fd3f30000]
CodeHeap 'profiled nmethods': size=120000Kb used=29863Kb max_used=29863Kb free=90136Kb
 bounds [0x0000028fc4f30000, 0x0000028fc6c60000, 0x0000028fcc460000]
CodeHeap 'non-nmethods': size=5760Kb used=1771Kb max_used=1834Kb free=3988Kb
 bounds [0x0000028fcc460000, 0x0000028fcc6d0000, 0x0000028fcca00000]
 total_blobs=16040 nmethods=15171 adapters=780
 compilation: enabled
              stopped_count=0, restarted_count=0
 full_count=0

Compilation events (20 events):
Event: 103.415 Thread 0x0000028ffb017570 nmethod 18077 0x0000028fc6c53090 code [0x0000028fc6c53300, 0x0000028fc6c53f18]
Event: 103.415 Thread 0x0000028ffb017570 18079       3       org.gradle.internal.remote.internal.inet.SocketConnection$SocketOutputStream::writeBufferToChannel (33 bytes)
Event: 103.415 Thread 0x0000028ffb017570 nmethod 18079 0x0000028fc6c54590 code [0x0000028fc6c54760, 0x0000028fc6c54b18]
Event: 103.696 Thread 0x0000028ffb017570 18080       3       kotlin.text.Regex::matchEntire (25 bytes)
Event: 103.699 Thread 0x0000028ffb017570 nmethod 18080 0x0000028fc6c54c90 code [0x0000028fc6c54f00, 0x0000028fc6c557b8]
Event: 103.699 Thread 0x0000028ffb017570 18081       3       kotlin.text.RegexKt::access$matchEntire (6 bytes)
Event: 103.700 Thread 0x0000028ffb017570 nmethod 18081 0x0000028fc6c55b10 code [0x0000028fc6c55ce0, 0x0000028fc6c55ff8]
Event: 103.700 Thread 0x0000028ffb017570 18082       3       kotlin.internal.ProgressionUtilKt::mod (16 bytes)
Event: 103.700 Thread 0x0000028ffb017570 nmethod 18082 0x0000028fc6c56190 code [0x0000028fc6c56320, 0x0000028fc6c56478]
Event: 103.766 Thread 0x0000028ffb017570 18083       3       org.gradle.launcher.daemon.protocol.DaemonMessageSerializer$OutputMessageSerializer::write (10 bytes)
Event: 103.767 Thread 0x0000028ffb017570 nmethod 18083 0x0000028fc6c56510 code [0x0000028fc6c566c0, 0x0000028fc6c56a28]
Event: 103.767 Thread 0x0000028ffb017570 18084       3       org.gradle.launcher.daemon.protocol.DaemonMessageSerializer$OutputMessageSerializer::write (15 bytes)
Event: 103.768 Thread 0x0000028ffb017570 nmethod 18084 0x0000028fc6c56b90 code [0x0000028fc6c56d40, 0x0000028fc6c56f48]
Event: 104.047 Thread 0x0000028ffb017570 18085       3       com.android.build.gradle.internal.cxx.process.ChunkBytesToLineOutputStream::writeBufferToInfo (73 bytes)
Event: 104.051 Thread 0x0000028ffb017570 nmethod 18085 0x0000028fc6c57090 code [0x0000028fc6c573c0, 0x0000028fc6c58588]
Event: 104.061 Thread 0x0000028ffb017570 18086       3       org.gradle.execution.plan.DefaultFinalizedExecutionPlan::tryAcquireLocksForNode (48 bytes)
Event: 104.062 Thread 0x0000028ffb017570 nmethod 18086 0x0000028fc6c58c90 code [0x0000028fc6c58ec0, 0x0000028fc6c595d8]
Event: 104.062 Thread 0x0000028ffb017570 18087       3       org.gradle.internal.execution.steps.BeforeExecutionContext::getBeforeExecutionState (8 bytes)
Event: 104.063 Thread 0x0000028ffb017570 nmethod 18087 0x0000028fc6c59890 code [0x0000028fc6c59a40, 0x0000028fc6c59d78]
Event: 104.215 Thread 0x0000028ffb00f6a0 18088       4       org.gradle.internal.file.impl.DefaultDeleter::deleteRecursively (146 bytes)

GC Heap History (20 events):
Event: 42.546 GC heap before
{Heap before GC invocations=53 (full 0):
 garbage-first heap   total 272384K, used 224289K [0x0000000080000000, 0x0000000100000000)
  region size 1024K, 62 young (63488K), 3 survivors (3072K)
 Metaspace       used 106138K, committed 107648K, reserved 557056K
  class space    used 14848K, committed 15616K, reserved 425984K
}
Event: 42.552 GC heap after
{Heap after GC invocations=54 (full 0):
 garbage-first heap   total 272384K, used 165733K [0x0000000080000000, 0x0000000100000000)
  region size 1024K, 4 young (4096K), 4 survivors (4096K)
 Metaspace       used 106138K, committed 107648K, reserved 557056K
  class space    used 14848K, committed 15616K, reserved 425984K
}
Event: 43.765 GC heap before
{Heap before GC invocations=54 (full 0):
 garbage-first heap   total 272384K, used 202597K [0x0000000080000000, 0x0000000100000000)
  region size 1024K, 38 young (38912K), 4 survivors (4096K)
 Metaspace       used 107435K, committed 108928K, reserved 557056K
  class space    used 14979K, committed 15744K, reserved 425984K
}
Event: 43.777 GC heap after
{Heap after GC invocations=55 (full 0):
 garbage-first heap   total 272384K, used 177386K [0x0000000080000000, 0x0000000100000000)
  region size 1024K, 8 young (8192K), 8 survivors (8192K)
 Metaspace       used 107435K, committed 108928K, reserved 557056K
  class space    used 14979K, committed 15744K, reserved 425984K
}
Event: 44.560 GC heap before
{Heap before GC invocations=56 (full 0):
 garbage-first heap   total 306176K, used 218346K [0x0000000080000000, 0x0000000100000000)
  region size 1024K, 49 young (50176K), 8 survivors (8192K)
 Metaspace       used 107852K, committed 109440K, reserved 557056K
  class space    used 15017K, committed 15808K, reserved 425984K
}
Event: 44.576 GC heap after
{Heap after GC invocations=57 (full 0):
 garbage-first heap   total 306176K, used 183944K [0x0000000080000000, 0x0000000100000000)
  region size 1024K, 7 young (7168K), 7 survivors (7168K)
 Metaspace       used 107852K, committed 109440K, reserved 557056K
  class space    used 15017K, committed 15808K, reserved 425984K
}
Event: 44.619 GC heap before
{Heap before GC invocations=57 (full 0):
 garbage-first heap   total 306176K, used 190088K [0x0000000080000000, 0x0000000100000000)
  region size 1024K, 14 young (14336K), 7 survivors (7168K)
 Metaspace       used 107852K, committed 109440K, reserved 557056K
  class space    used 15017K, committed 15808K, reserved 425984K
}
Event: 44.630 GC heap after
{Heap after GC invocations=58 (full 0):
 garbage-first heap   total 306176K, used 177763K [0x0000000080000000, 0x0000000100000000)
  region size 1024K, 2 young (2048K), 2 survivors (2048K)
 Metaspace       used 107852K, committed 109440K, reserved 557056K
  class space    used 15017K, committed 15808K, reserved 425984K
}
Event: 44.955 GC heap before
{Heap before GC invocations=58 (full 0):
 garbage-first heap   total 306176K, used 241251K [0x0000000080000000, 0x0000000100000000)
  region size 1024K, 65 young (66560K), 2 survivors (2048K)
 Metaspace       used 107852K, committed 109440K, reserved 557056K
  class space    used 15017K, committed 15808K, reserved 425984K
}
Event: 44.961 GC heap after
{Heap after GC invocations=59 (full 0):
 garbage-first heap   total 306176K, used 179719K [0x0000000080000000, 0x0000000100000000)
  region size 1024K, 4 young (4096K), 4 survivors (4096K)
 Metaspace       used 107852K, committed 109440K, reserved 557056K
  class space    used 15017K, committed 15808K, reserved 425984K
}
Event: 46.127 GC heap before
{Heap before GC invocations=60 (full 0):
 garbage-first heap   total 334848K, used 246279K [0x0000000080000000, 0x0000000100000000)
  region size 1024K, 67 young (68608K), 4 survivors (4096K)
 Metaspace       used 108079K, committed 109696K, reserved 557056K
  class space    used 15045K, committed 15872K, reserved 425984K
}
Event: 46.137 GC heap after
{Heap after GC invocations=61 (full 0):
 garbage-first heap   total 334848K, used 188726K [0x0000000080000000, 0x0000000100000000)
  region size 1024K, 9 young (9216K), 9 survivors (9216K)
 Metaspace       used 108079K, committed 109696K, reserved 557056K
  class space    used 15045K, committed 15872K, reserved 425984K
}
Event: 46.187 GC heap before
{Heap before GC invocations=61 (full 0):
 garbage-first heap   total 334848K, used 194870K [0x0000000080000000, 0x0000000100000000)
  region size 1024K, 16 young (16384K), 9 survivors (9216K)
 Metaspace       used 108079K, committed 109696K, reserved 557056K
  class space    used 15045K, committed 15872K, reserved 425984K
}
Event: 46.201 GC heap after
{Heap after GC invocations=62 (full 0):
 garbage-first heap   total 334848K, used 187484K [0x0000000080000000, 0x0000000100000000)
  region size 1024K, 2 young (2048K), 2 survivors (2048K)
 Metaspace       used 108079K, committed 109696K, reserved 557056K
  class space    used 15045K, committed 15872K, reserved 425984K
}
Event: 46.858 GC heap before
{Heap before GC invocations=62 (full 0):
 garbage-first heap   total 334848K, used 266332K [0x0000000080000000, 0x0000000100000000)
  region size 1024K, 80 young (81920K), 2 survivors (2048K)
 Metaspace       used 108081K, committed 109696K, reserved 557056K
  class space    used 15045K, committed 15872K, reserved 425984K
}
Event: 46.872 GC heap after
{Heap after GC invocations=63 (full 0):
 garbage-first heap   total 669696K, used 189841K [0x0000000080000000, 0x0000000100000000)
  region size 1024K, 5 young (5120K), 5 survivors (5120K)
 Metaspace       used 108081K, committed 109696K, reserved 557056K
  class space    used 15045K, committed 15872K, reserved 425984K
}
Event: 53.331 GC heap before
{Heap before GC invocations=63 (full 0):
 garbage-first heap   total 669696K, used 512401K [0x0000000080000000, 0x0000000100000000)
  region size 1024K, 317 young (324608K), 5 survivors (5120K)
 Metaspace       used 110052K, committed 111936K, reserved 557056K
  class space    used 15399K, committed 16320K, reserved 425984K
}
Event: 53.362 GC heap after
{Heap after GC invocations=64 (full 0):
 garbage-first heap   total 669696K, used 213003K [0x0000000080000000, 0x0000000100000000)
  region size 1024K, 25 young (25600K), 25 survivors (25600K)
 Metaspace       used 110052K, committed 111936K, reserved 557056K
  class space    used 15399K, committed 16320K, reserved 425984K
}
Event: 59.331 GC heap before
{Heap before GC invocations=64 (full 0):
 garbage-first heap   total 669696K, used 513035K [0x0000000080000000, 0x0000000100000000)
  region size 1024K, 310 young (317440K), 25 survivors (25600K)
 Metaspace       used 110716K, committed 112640K, reserved 557056K
  class space    used 15508K, committed 16448K, reserved 425984K
}
Event: 59.391 GC heap after
{Heap after GC invocations=65 (full 0):
 garbage-first heap   total 669696K, used 244506K [0x0000000080000000, 0x0000000100000000)
  region size 1024K, 27 young (27648K), 27 survivors (27648K)
 Metaspace       used 110716K, committed 112640K, reserved 557056K
  class space    used 15508K, committed 16448K, reserved 425984K
}

Deoptimization events (20 events):
Event: 92.614 Thread 0x0000028ffb9091f0 Uncommon trap: trap_request=0xffffffc6 fr.pc=0x0000028fcd277984 relative=0x00000000000007c4
Event: 92.614 Thread 0x0000028ffb9091f0 Uncommon trap: reason=bimorphic_or_optimized_type_check action=maybe_recompile pc=0x0000028fcd277984 method=java.util.stream.Streams$StreamBuilderImpl.forEachRemaining(Ljava/util/function/Consumer;)V @ 19 c2
Event: 92.614 Thread 0x0000028ffb9091f0 DEOPT PACKING pc=0x0000028fcd277984 sp=0x00000090e62fe800
Event: 92.614 Thread 0x0000028ffb9091f0 DEOPT UNPACKING pc=0x0000028fcc4b23a3 sp=0x00000090e62fe7e8 mode 2
Event: 98.639 Thread 0x0000028ffb9091f0 Uncommon trap: trap_request=0xffffff45 fr.pc=0x0000028fcd613dec relative=0x00000000000009ac
Event: 98.639 Thread 0x0000028ffb9091f0 Uncommon trap: reason=unstable_if action=reinterpret pc=0x0000028fcd613dec method=sun.nio.fs.WindowsPath.getPathForWin32Calls()Ljava/lang/String; @ 17 c2
Event: 98.639 Thread 0x0000028ffb9091f0 DEOPT PACKING pc=0x0000028fcd613dec sp=0x00000090e62fa980
Event: 98.639 Thread 0x0000028ffb9091f0 DEOPT UNPACKING pc=0x0000028fcc4b23a3 sp=0x00000090e62fa8a8 mode 2
Event: 98.639 Thread 0x0000028ffb9091f0 Uncommon trap: trap_request=0xffffff45 fr.pc=0x0000028fcd2254b0 relative=0x0000000000000090
Event: 98.639 Thread 0x0000028ffb9091f0 Uncommon trap: reason=unstable_if action=reinterpret pc=0x0000028fcd2254b0 method=sun.nio.fs.WindowsPath.getPathForWin32Calls()Ljava/lang/String; @ 17 c2
Event: 98.639 Thread 0x0000028ffb9091f0 DEOPT PACKING pc=0x0000028fcd2254b0 sp=0x00000090e62fa880
Event: 98.640 Thread 0x0000028ffb9091f0 DEOPT UNPACKING pc=0x0000028fcc4b23a3 sp=0x00000090e62fa7f8 mode 2
Event: 104.059 Thread 0x0000028ffb9091f0 Uncommon trap: trap_request=0xffffffc6 fr.pc=0x0000028fccfa5298 relative=0x00000000000002d8
Event: 104.060 Thread 0x0000028ffb9091f0 Uncommon trap: reason=bimorphic_or_optimized_type_check action=maybe_recompile pc=0x0000028fccfa5298 method=org.gradle.internal.snapshot.ChildMapFactory.childMapFromSorted(Ljava/util/List;)Lorg/gradle/internal/snapshot/ChildMap; @ 1 c2
Event: 104.060 Thread 0x0000028ffb9091f0 DEOPT PACKING pc=0x0000028fccfa5298 sp=0x00000090e62fdfd0
Event: 104.060 Thread 0x0000028ffb9091f0 DEOPT UNPACKING pc=0x0000028fcc4b23a3 sp=0x00000090e62fdf98 mode 2
Event: 104.060 Thread 0x0000028ffb9091f0 Uncommon trap: trap_request=0xffffffc6 fr.pc=0x0000028fcd277984 relative=0x00000000000007c4
Event: 104.060 Thread 0x0000028ffb9091f0 Uncommon trap: reason=bimorphic_or_optimized_type_check action=maybe_recompile pc=0x0000028fcd277984 method=java.util.stream.Streams$StreamBuilderImpl.forEachRemaining(Ljava/util/function/Consumer;)V @ 19 c2
Event: 104.060 Thread 0x0000028ffb9091f0 DEOPT PACKING pc=0x0000028fcd277984 sp=0x00000090e62fe090
Event: 104.060 Thread 0x0000028ffb9091f0 DEOPT UNPACKING pc=0x0000028fcc4b23a3 sp=0x00000090e62fe078 mode 2

Classes unloaded (0 events):
No events

Classes redefined (0 events):
No events

Internal exceptions (20 events):
Event: 62.143 Thread 0x0000028ffca93610 Exception <a 'java/lang/ClassNotFoundException'{0x000000009e8fdc48}: org/gradle/api/tasks/DeleteCustomizer> (0x000000009e8fdc48) 
thrown [s\open\src\hotspot\share\classfile\systemDictionary.cpp, line 256]
Event: 62.145 Thread 0x0000028ffca93610 Exception <a 'java/lang/ClassNotFoundException'{0x000000009e71e1c8}: org/gradle/api/tasks/Delete_DecoratedCustomizer> (0x000000009e71e1c8) 
thrown [s\open\src\hotspot\share\classfile\systemDictionary.cpp, line 256]
Event: 62.152 Thread 0x0000028ffca93610 Exception <a 'java/lang/ClassNotFoundException'{0x000000009e77b7f0}: org/gradle/api/internal/model/DefaultObjectFactoryBeanInfo> (0x000000009e77b7f0) 
thrown [s\open\src\hotspot\share\classfile\systemDictionary.cpp, line 256]
Event: 62.153 Thread 0x0000028ffca93610 Exception <a 'java/lang/ClassNotFoundException'{0x000000009e78a850}: org/gradle/api/internal/model/DefaultObjectFactoryCustomizer> (0x000000009e78a850) 
thrown [s\open\src\hotspot\share\classfile\systemDictionary.cpp, line 256]
Event: 62.179 Thread 0x0000028ffca93610 Implicit null exception at 0x0000028fcd520601 to 0x0000028fcd52110c
Event: 62.186 Thread 0x0000028ffca93610 Implicit null exception at 0x0000028fcd3b9510 to 0x0000028fcd3b95d8
Event: 62.220 Thread 0x0000028ffca93610 Exception <a 'java/lang/ClassNotFoundException'{0x000000009e464778}: com/android/build/gradle/tasks/ExternalNativeCleanTask_DecoratedBeanInfo> (0x000000009e464778) 
thrown [s\open\src\hotspot\share\classfile\systemDictionary.cpp, line 256]
Event: 62.221 Thread 0x0000028ffca93610 Exception <a 'java/lang/ClassNotFoundException'{0x000000009e4736f8}: com/android/build/gradle/tasks/ExternalNativeCleanTaskBeanInfo> (0x000000009e4736f8) 
thrown [s\open\src\hotspot\share\classfile\systemDictionary.cpp, line 256]
Event: 62.222 Thread 0x0000028ffca93610 Exception <a 'java/lang/ClassNotFoundException'{0x000000009e482b20}: com/android/build/gradle/internal/tasks/NonIncrementalTaskBeanInfo> (0x000000009e482b20) 
thrown [s\open\src\hotspot\share\classfile\systemDictionary.cpp, line 256]
Event: 62.223 Thread 0x0000028ffca93610 Exception <a 'java/lang/ClassNotFoundException'{0x000000009e491d08}: com/android/build/gradle/internal/tasks/AndroidVariantTaskBeanInfo> (0x000000009e491d08) 
thrown [s\open\src\hotspot\share\classfile\systemDictionary.cpp, line 256]
Event: 62.224 Thread 0x0000028ffca93610 Exception <a 'java/lang/ClassNotFoundException'{0x000000009e4a0cb8}: com/android/build/gradle/internal/tasks/BaseTaskBeanInfo> (0x000000009e4a0cb8) 
thrown [s\open\src\hotspot\share\classfile\systemDictionary.cpp, line 256]
Event: 62.225 Thread 0x0000028ffca93610 Exception <a 'java/lang/ClassNotFoundException'{0x000000009e4afc88}: com/android/build/gradle/internal/tasks/BaseTaskCustomizer> (0x000000009e4afc88) 
thrown [s\open\src\hotspot\share\classfile\systemDictionary.cpp, line 256]
Event: 62.227 Thread 0x0000028ffca93610 Exception <a 'java/lang/ClassNotFoundException'{0x000000009e4ce048}: com/android/build/gradle/internal/tasks/AndroidVariantTaskCustomizer> (0x000000009e4ce048) 
thrown [s\open\src\hotspot\share\classfile\systemDictionary.cpp, line 256]
Event: 62.228 Thread 0x0000028ffca93610 Exception <a 'java/lang/ClassNotFoundException'{0x000000009e4ebae0}: com/android/build/gradle/internal/tasks/NonIncrementalTaskCustomizer> (0x000000009e4ebae0) 
thrown [s\open\src\hotspot\share\classfile\systemDictionary.cpp, line 256]
Event: 62.229 Thread 0x0000028ffca93610 Exception <a 'java/lang/ClassNotFoundException'{0x000000009e30b9c8}: com/android/build/gradle/tasks/ExternalNativeCleanTaskCustomizer> (0x000000009e30b9c8) 
thrown [s\open\src\hotspot\share\classfile\systemDictionary.cpp, line 256]
Event: 62.231 Thread 0x0000028ffca93610 Exception <a 'java/lang/ClassNotFoundException'{0x000000009e32d950}: com/android/build/gradle/tasks/ExternalNativeCleanTask_DecoratedCustomizer> (0x000000009e32d950) 
thrown [s\open\src\hotspot\share\classfile\systemDictionary.cpp, line 256]
Event: 62.236 Thread 0x0000028ffca93610 Exception <a 'java/lang/IncompatibleClassChangeError'{0x000000009e374ab0}: Found class java.lang.Object, but interface was expected> (0x000000009e374ab0) 
thrown [s\open\src\hotspot\share\interpreter\linkResolver.cpp, line 826]
Event: 62.594 Thread 0x0000028ffca93610 Exception <a 'java/lang/NoSuchMethodError'{0x000000009cf405c8}: static Lcom/android/build/gradle/internal/profile/ProjectData;.<clinit>()V> (0x000000009cf405c8) 
thrown [s\open\src\hotspot\share\prims\jni.cpp, line 1112]
Event: 62.614 Thread 0x0000028ffca93610 Exception <a 'java/lang/NoSuchMethodError'{0x000000009cfa9340}: static Lcom/android/build/gradle/internal/profile/TaskMetadata;.<clinit>()V> (0x000000009cfa9340) 
thrown [s\open\src\hotspot\share\prims\jni.cpp, line 1112]
Event: 62.703 Thread 0x0000028ffca93610 Exception <a 'sun/nio/fs/WindowsException'{0x000000009ccda758}> (0x000000009ccda758) 
thrown [s\open\src\hotspot\share\prims\jni.cpp, line 516]

VM Operations (20 events):
Event: 89.629 Executing VM operation: Cleanup
Event: 89.629 Executing VM operation: Cleanup done
Event: 90.643 Executing VM operation: Cleanup
Event: 90.644 Executing VM operation: Cleanup done
Event: 92.654 Executing VM operation: Cleanup
Event: 92.654 Executing VM operation: Cleanup done
Event: 93.666 Executing VM operation: Cleanup
Event: 93.666 Executing VM operation: Cleanup done
Event: 94.681 Executing VM operation: Cleanup
Event: 94.681 Executing VM operation: Cleanup done
Event: 98.733 Executing VM operation: Cleanup
Event: 98.733 Executing VM operation: Cleanup done
Event: 99.744 Executing VM operation: Cleanup
Event: 99.744 Executing VM operation: Cleanup done
Event: 102.785 Executing VM operation: Cleanup
Event: 102.785 Executing VM operation: Cleanup done
Event: 103.796 Executing VM operation: Cleanup
Event: 103.797 Executing VM operation: Cleanup done
Event: 104.811 Executing VM operation: Cleanup
Event: 104.811 Executing VM operation: Cleanup done

Events (20 events):
Event: 58.970 Thread 0x0000028ffedee980 Thread added: 0x0000028ffedee980
Event: 59.259 Thread 0x0000028ffb017e80 flushing nmethod 0x0000028fc4fc9490
Event: 59.279 Thread 0x0000028ffb017e80 flushing nmethod 0x0000028fc5cf3b10
Event: 59.279 Thread 0x0000028ffb017e80 flushing nmethod 0x0000028fc5d1b290
Event: 60.376 Thread 0x0000028ffedee980 Thread exited: 0x0000028ffedee980
Event: 60.988 Thread 0x0000028ffedea9c0 Thread exited: 0x0000028ffedea9c0
Event: 61.566 Thread 0x0000028ffedecef0 Thread added: 0x0000028ffedecef0
Event: 61.950 Thread 0x0000028ffedecef0 Thread exited: 0x0000028ffedecef0
Event: 62.013 Thread 0x0000028ffedeaf10 Thread added: 0x0000028ffedeaf10
Event: 62.115 Thread 0x0000028ffedef970 Thread added: 0x0000028ffedef970
Event: 62.707 loading class java/nio/channels/Channels$1
Event: 62.707 loading class java/nio/channels/Channels$1 done
Event: 62.710 Thread 0x0000028ffd97d850 Thread added: 0x0000028ffd97d850
Event: 62.711 Thread 0x0000028ffd97c410 Thread added: 0x0000028ffd97c410
Event: 62.722 Thread 0x0000028fff1033c0 Thread added: 0x0000028fff1033c0
Event: 65.981 Thread 0x0000028ffedef970 Thread exited: 0x0000028ffedef970
Event: 66.377 Thread 0x0000028ffedeaf10 Thread exited: 0x0000028ffedeaf10
Event: 76.465 loading class java/time/Instant$1
Event: 76.465 loading class java/time/Instant$1 done
Event: 81.271 Thread 0x0000028fff101a70 Thread exited: 0x0000028fff101a70


Dynamic libraries:
0x00007ff6d2bf0000 - 0x00007ff6d2c00000 	C:\Program Files\Java\jdk-17\bin\java.exe
0x00007ffe88bc0000 - 0x00007ffe88e27000 	C:\WINDOWS\SYSTEM32\ntdll.dll
0x00007ffe877b0000 - 0x00007ffe87879000 	C:\WINDOWS\System32\KERNEL32.DLL
0x00007ffe85490000 - 0x00007ffe85884000 	C:\WINDOWS\System32\KERNELBASE.dll
0x00007ffe86710000 - 0x00007ffe8685b000 	C:\WINDOWS\System32\ucrtbase.dll
0x00007ffe7d9a0000 - 0x00007ffe7d9b9000 	C:\Program Files\Java\jdk-17\bin\jli.dll
0x00007ffe87480000 - 0x00007ffe87536000 	C:\WINDOWS\System32\ADVAPI32.dll
0x00007ffe7d9c0000 - 0x00007ffe7d9db000 	C:\Program Files\Java\jdk-17\bin\VCRUNTIME140.dll
0x00007ffe88570000 - 0x00007ffe88619000 	C:\WINDOWS\System32\msvcrt.dll
0x00007ffe86be0000 - 0x00007ffe86c87000 	C:\WINDOWS\System32\sechost.dll
0x00007ffe875e0000 - 0x00007ffe876f8000 	C:\WINDOWS\System32\RPCRT4.dll
0x00007ffe88620000 - 0x00007ffe887e5000 	C:\WINDOWS\System32\USER32.dll
0x00007ffe86860000 - 0x00007ffe86887000 	C:\WINDOWS\System32\win32u.dll
0x00007ffe88430000 - 0x00007ffe8845b000 	C:\WINDOWS\System32\GDI32.dll
0x00007ffe62620000 - 0x00007ffe628b3000 	C:\WINDOWS\WinSxS\amd64_microsoft.windows.common-controls_6595b64144ccf1df_6.0.26100.8115_none_3e075c82e3354f9c\COMCTL32.dll
0x00007ffe85a00000 - 0x00007ffe85b2b000 	C:\WINDOWS\System32\gdi32full.dll
0x00007ffe86660000 - 0x00007ffe86703000 	C:\WINDOWS\System32\msvcp_win.dll
0x00007ffe79bc0000 - 0x00007ffe79bcb000 	C:\WINDOWS\SYSTEM32\VERSION.dll
0x00007ffe87b70000 - 0x00007ffe87ba2000 	C:\WINDOWS\System32\IMM32.DLL
0x00007ffe7d990000 - 0x00007ffe7d99c000 	C:\Program Files\Java\jdk-17\bin\vcruntime140_1.dll
0x00007ffe3ed00000 - 0x00007ffe3ed8e000 	C:\Program Files\Java\jdk-17\bin\msvcp140.dll
0x00007ffd93640000 - 0x00007ffd94220000 	C:\Program Files\Java\jdk-17\bin\server\jvm.dll
0x00007ffe87c00000 - 0x00007ffe87c08000 	C:\WINDOWS\System32\PSAPI.DLL
0x00007ffe717d0000 - 0x00007ffe71806000 	C:\WINDOWS\SYSTEM32\WINMM.dll
0x00007ffe50880000 - 0x00007ffe5088a000 	C:\WINDOWS\SYSTEM32\WSOCK32.dll
0x00007ffe87550000 - 0x00007ffe875d0000 	C:\WINDOWS\System32\WS2_32.dll
0x00007ffe84220000 - 0x00007ffe8423b000 	C:\WINDOWS\SYSTEM32\kernel.appcore.dll
0x00007ffe7ab40000 - 0x00007ffe7ab4a000 	C:\Program Files\Java\jdk-17\bin\jimage.dll
0x00007ffe833f0000 - 0x00007ffe83632000 	C:\WINDOWS\SYSTEM32\DBGHELP.DLL
0x00007ffe887f0000 - 0x00007ffe88b72000 	C:\WINDOWS\System32\combase.dll
0x00007ffe87a90000 - 0x00007ffe87b68000 	C:\WINDOWS\System32\OLEAUT32.dll
0x00007ffe61e10000 - 0x00007ffe61e4b000 	C:\WINDOWS\SYSTEM32\dbgcore.DLL
0x00007ffe85cb0000 - 0x00007ffe85d55000 	C:\WINDOWS\System32\bcryptPrimitives.dll
0x00007ffe4f8c0000 - 0x00007ffe4f8ce000 	C:\Program Files\Java\jdk-17\bin\instrument.dll
0x00007ffe5fe90000 - 0x00007ffe5feb5000 	C:\Program Files\Java\jdk-17\bin\java.dll
0x00007ffe3ec20000 - 0x00007ffe3ecf7000 	C:\Program Files\Java\jdk-17\bin\jsvml.dll
0x00007ffe86d10000 - 0x00007ffe87477000 	C:\WINDOWS\System32\SHELL32.dll
0x00007ffe85890000 - 0x00007ffe859fa000 	C:\WINDOWS\System32\wintypes.dll
0x00007ffe85d60000 - 0x00007ffe865c8000 	C:\WINDOWS\System32\windows.storage.dll
0x00007ffe88130000 - 0x00007ffe88228000 	C:\WINDOWS\System32\SHCORE.dll
0x00007ffe86b70000 - 0x00007ffe86bd6000 	C:\WINDOWS\System32\shlwapi.dll
0x00007ffe853b0000 - 0x00007ffe853d9000 	C:\WINDOWS\SYSTEM32\profapi.dll
0x00007ffe4fc40000 - 0x00007ffe4fc58000 	C:\Program Files\Java\jdk-17\bin\zip.dll
0x00007ffe51c00000 - 0x00007ffe51c19000 	C:\Program Files\Java\jdk-17\bin\net.dll
0x00007ffe7b290000 - 0x00007ffe7b3bd000 	C:\WINDOWS\SYSTEM32\WINHTTP.dll
0x00007ffe84800000 - 0x00007ffe8486c000 	C:\WINDOWS\system32\mswsock.dll
0x00007ffe50500000 - 0x00007ffe50516000 	C:\Program Files\Java\jdk-17\bin\nio.dll
0x00007ffe509c0000 - 0x00007ffe509d0000 	C:\Program Files\Java\jdk-17\bin\verify.dll
0x00007ffe08cb0000 - 0x00007ffe08cd7000 	C:\Users\Rohit\.gradle\native\1def1411415f61bf3af743bc5b6707747c0891f09f0c88961ee8f79bc544acac\windows-amd64\native-platform.dll
0x00007ffe02770000 - 0x00007ffe027e7000 	C:\Users\Rohit\.gradle\native\0.2.8\x86_64-windows-gnu\gradle-fileevents.dll
0x00007ffe519c0000 - 0x00007ffe519ca000 	C:\Program Files\Java\jdk-17\bin\management.dll
0x00007ffe51970000 - 0x00007ffe5197b000 	C:\Program Files\Java\jdk-17\bin\management_ext.dll
0x00007ffe83c50000 - 0x00007ffe83c82000 	C:\WINDOWS\SYSTEM32\IPHLPAPI.DLL
0x00007ffe87c10000 - 0x00007ffe87c1a000 	C:\WINDOWS\System32\NSI.dll
0x00007ffe7cae0000 - 0x00007ffe7cafd000 	C:\WINDOWS\SYSTEM32\dhcpcsvc6.DLL
0x00007ffe7cab0000 - 0x00007ffe7cad5000 	C:\WINDOWS\SYSTEM32\dhcpcsvc.DLL
0x00007ffe83cf0000 - 0x00007ffe83e22000 	C:\WINDOWS\SYSTEM32\DNSAPI.dll
0x00007ffe84af0000 - 0x00007ffe84b0b000 	C:\WINDOWS\SYSTEM32\CRYPTSP.dll
0x00007ffe84180000 - 0x00007ffe841b9000 	C:\WINDOWS\system32\rsaenh.dll
0x00007ffe848b0000 - 0x00007ffe848e3000 	C:\WINDOWS\SYSTEM32\USERENV.dll
0x00007ffe85380000 - 0x00007ffe853aa000 	C:\WINDOWS\SYSTEM32\bcrypt.dll
0x00007ffe84ae0000 - 0x00007ffe84aec000 	C:\WINDOWS\SYSTEM32\CRYPTBASE.dll
0x00007ffe4f880000 - 0x00007ffe4f88e000 	C:\Program Files\Java\jdk-17\bin\sunmscapi.dll
0x00007ffe85b30000 - 0x00007ffe85ca7000 	C:\WINDOWS\System32\CRYPT32.dll
0x00007ffe84db0000 - 0x00007ffe84de0000 	C:\WINDOWS\SYSTEM32\ncrypt.dll
0x00007ffe84d60000 - 0x00007ffe84d9f000 	C:\WINDOWS\SYSTEM32\NTASN1.dll
0x00007ffe62a40000 - 0x00007ffe62a48000 	C:\WINDOWS\system32\wshunix.dll

dbghelp: loaded successfully - version: 4.0.5 - missing functions: none
symbol engine: initialized successfully - sym options: 0x614 - pdb path: .;C:\Program Files\Java\jdk-17\bin;C:\WINDOWS\SYSTEM32;C:\WINDOWS\WinSxS\amd64_microsoft.windows.common-controls_6595b64144ccf1df_6.0.26100.8115_none_3e075c82e3354f9c;C:\Program Files\Java\jdk-17\bin\server;C:\Users\Rohit\.gradle\native\1def1411415f61bf3af743bc5b6707747c0891f09f0c88961ee8f79bc544acac\windows-amd64;C:\Users\Rohit\.gradle\native\0.2.8\x86_64-windows-gnu

VM Arguments:
jvm_args: --add-opens=java.base/java.lang=ALL-UNNAMED --add-opens=java.base/java.lang.invoke=ALL-UNNAMED --add-opens=java.base/java.util=ALL-UNNAMED --add-opens=java.prefs/java.util.prefs=ALL-UNNAMED --add-exports=jdk.compiler/com.sun.tools.javac.api=ALL-UNNAMED --add-exports=jdk.compiler/com.sun.tools.javac.util=ALL-UNNAMED --add-opens=java.base/java.util=ALL-UNNAMED --add-opens=java.prefs/java.util.prefs=ALL-UNNAMED --add-opens=java.base/java.nio.charset=ALL-UNNAMED --add-opens=java.base/java.net=ALL-UNNAMED --add-opens=java.base/java.util.concurrent=ALL-UNNAMED --add-opens=java.base/java.util.concurrent.atomic=ALL-UNNAMED --add-opens=java.xml/javax.xml.namespace=ALL-UNNAMED -XX:MaxMetaspaceSize=512m -Xmx2048m -Dfile.encoding=windows-1252 -Duser.country=IN -Duser.language=en -Duser.variant -javaagent:C:\Users\Rohit\.gradle\wrapper\dists\gradle-9.0.0-bin\d6wjpkvcgsg3oed0qlfss3wgl\gradle-9.0.0\lib\agents\gradle-instrumentation-agent-9.0.0.jar 
java_command: org.gradle.launcher.daemon.bootstrap.GradleDaemon 9.0.0
java_class_path (initial): C:\Users\Rohit\.gradle\wrapper\dists\gradle-9.0.0-bin\d6wjpkvcgsg3oed0qlfss3wgl\gradle-9.0.0\lib\gradle-daemon-main-9.0.0.jar
Launcher Type: SUN_STANDARD

[Global flags]
     intx CICompilerCount                          = 4                                         {product} {ergonomic}
   size_t CompressedClassSpaceSize                 = 436207616                                 {product} {ergonomic}
     uint ConcGCThreads                            = 3                                         {product} {ergonomic}
     uint G1ConcRefinementThreads                  = 10                                        {product} {ergonomic}
   size_t G1HeapRegionSize                         = 1048576                                   {product} {ergonomic}
    uintx GCDrainStackTargetSize                   = 64                                        {product} {ergonomic}
   size_t InitialHeapSize                          = 264241152                                 {product} {ergonomic}
   size_t MarkStackSize                            = 4194304                                   {product} {ergonomic}
   size_t MaxHeapSize                              = 2147483648                                {product} {command line}
   size_t MaxMetaspaceSize                         = 536870912                                 {product} {command line}
   size_t MaxNewSize                               = 1287651328                                {product} {ergonomic}
   size_t MinHeapDeltaBytes                        = 1048576                                   {product} {ergonomic}
   size_t MinHeapSize                              = 8388608                                   {product} {ergonomic}
    uintx NonNMethodCodeHeapSize                   = 5839372                                {pd product} {ergonomic}
    uintx NonProfiledCodeHeapSize                  = 122909434                              {pd product} {ergonomic}
    uintx ProfiledCodeHeapSize                     = 122909434                              {pd product} {ergonomic}
    uintx ReservedCodeCacheSize                    = 251658240                              {pd product} {ergonomic}
     bool SegmentedCodeCache                       = true                                      {product} {ergonomic}
   size_t SoftMaxHeapSize                          = 2147483648                             {manageable} {ergonomic}
     bool UseCompressedClassPointers               = true                           {product lp64_product} {ergonomic}
     bool UseCompressedOops                        = true                           {product lp64_product} {ergonomic}
     bool UseG1GC                                  = true                                      {product} {ergonomic}
     bool UseLargePagesIndividualAllocation        = false                                  {pd product} {ergonomic}

Logging:
Log output configuration:
 #0: stdout all=warning uptime,level,tags
 #1: stderr all=off uptime,level,tags

Environment Variables:
JAVA_HOME=C:\Program Files\Java\jdk-17
PATH=c:\Users\Rohit\AppData\Roaming\Code\User\globalStorage\github.copilot-chat\debugCommand;c:\Users\Rohit\AppData\Roaming\Code\User\globalStorage\github.copilot-chat\copilotCli;C:\Users\Rohit\AppData\Local\Programs\Microsoft VS Code;C:\Program Files\Java\jdk-17\bin;C:\Program Files\Common Files\Oracle\Java\javapath;C:\oraclexe\app\oracle\product\10.2.0\server\bin;C:\windows\system32;C:\windows;C:\windows\System32\Wbem;C:\windows\System32\WindowsPowerShell\v1.0\;C:\windows\System32\OpenSSH\;C:\Program Files (x86)\NVIDIA Corporation\PhysX\Common;C:\Program Files\NVIDIA Corporation\NVIDIA NvDLISR;C:\Users\Administrator\AppData\Local\Microsoft\WindowsApps;C:\Program Files\HP\OMEN-Broadcast\Common;C:\ProgramData\chocolatey\bin;C:\Program Files\nodejs\;C:\xampp\php;C:\ProgramData\ComposerSetup\bin;C:\Program Files\Git\cmd;C:\Program Files\Microsoft SQL Server\150\Tools\Binn\;C:\Program Files\Microsoft SQL Server\Client SDK\ODBC\170\Tools\Binn\;C:\Program Files\dotnet\;%SystemRoot%\system32;%SystemRoot%;%SystemRoot%\System32\Wbem;%SYSTEMROOT%\System32\WindowsPowerShell\v1.0\;%SYSTEMROOT%\System32\OpenSSH\;C:\Users\Rohit\AppData\Local\Programs\Python\Python313\Scripts\;C:\Users\Rohit\AppData\Local\Programs\Python\Python313\;C:\Users\Rohit\AppData\Local\Microsoft\WindowsApps;C:\Users\Rohit\AppData\Local\Programs\Microsoft VS Code\bin;C:\Program Files\Java\jdk-17\bin;D:\Android\Flutter\SDK\flutter\bin;C:\Users\Rohit\AppData\Local\GitHubDesktop\bin;C:\Users\Rohit\AppData\Roaming\npm;C:\Users\Rohit\AppData\Local\Android\Sdk;C:\Users\Rohit\AppData\Roaming\Composer\vendor\bin;C:\Users\Rohit\.dotnet\tools;C:\Program Files\MySQL\MySQL Server 9.3\bin;c:\Users\Rohit\.vscode\extensions\vscjava.vscode-java-debug-0.59.2026041007\bundled\scripts\noConfigScripts
USERNAME=Rohit
LANG=en_US.UTF-8
OS=Windows_NT
PROCESSOR_IDENTIFIER=Intel64 Family 6 Model 186 Stepping 2, GenuineIntel



---------------  S Y S T E M  ---------------

OS:
 Windows 11 , 64 bit Build 26100 (10.0.26100.8246)
OS uptime: 0 days 6:15 hours
Hyper-V role detected

CPU: total 12 (initial active 12) (6 cores per cpu, 2 threads per core) family 6 model 186 stepping 2 microcode 0x4122, cx8, cmov, fxsr, ht, mmx, 3dnowpref, sse, sse2, sse3, ssse3, sse4.1, sse4.2, popcnt, lzcnt, tsc, tscinvbit, avx, avx2, aes, erms, clmul, bmi1, bmi2, adx, sha, fma, vzeroupper, clflush, clflushopt, clwb, hv

Memory: 4k page, system-wide physical 16024M (1275M free)
TotalPageFile size 32408M (AvailPageFile size 6M)
current process WorkingSet (physical memory assigned to process): 1019M, peak: 1036M
current process commit charge ("private bytes"): 1086M, peak: 1102M

vm_info: Java HotSpot(TM) 64-Bit Server VM (17.0.12+8-LTS-286) for windows-amd64 JRE (17.0.12+8-LTS-286), built on Jun  5 2024 06:46:59 by "mach5one" with MS VC++ 17.6 (VS2022)

END.
