#
# There is insufficient memory for the Java Runtime Environment to continue.
# Native memory allocation (malloc) failed to allocate 1902928 bytes for Chunk::new
# Possible reasons:
#   The system is out of physical RAM or swap space
#   The process is running with CompressedOops enabled, and the Java Heap may be blocking the growth of the native heap
# Possible solutions:
#   Reduce memory load on the system
#   Increase physical memory or swap space
#   Check if swap backing store is full
#   Decrease Java heap size (-Xmx/-Xms)
#   Decrease number of Java threads
#   Decrease Java thread stack sizes (-Xss)
#   Set larger code cache with -XX:ReservedCodeCacheSize=
#   JVM is running with Unscaled Compressed Oops mode in which the Java heap is
#     placed in the first 4GB address space. The Java Heap base address is the
#     maximum limit for the native heap growth. Please use -XX:HeapBaseMinAddress
#     to set the Java Heap base and to place the Java Heap above 4GB virtual address.
# This output file may be truncated or incomplete.
#
#  Out of Memory Error (arena.cpp:189), pid=21760, tid=16724
#
# JRE version: Java(TM) SE Runtime Environment (17.0.12+8) (build 17.0.12+8-LTS-286)
# Java VM: Java HotSpot(TM) 64-Bit Server VM (17.0.12+8-LTS-286, mixed mode, sharing, tiered, compressed oops, compressed class ptrs, g1 gc, windows-amd64)
# No core dump will be written. Minidumps are not enabled by default on client versions of Windows
#

---------------  S U M M A R Y ------------

Command Line: --add-opens=java.base/java.lang=ALL-UNNAMED --add-opens=java.base/java.lang.invoke=ALL-UNNAMED --add-opens=java.base/java.util=ALL-UNNAMED --add-opens=java.prefs/java.util.prefs=ALL-UNNAMED --add-exports=jdk.compiler/com.sun.tools.javac.api=ALL-UNNAMED --add-exports=jdk.compiler/com.sun.tools.javac.util=ALL-UNNAMED --add-opens=java.base/java.util=ALL-UNNAMED --add-opens=java.prefs/java.util.prefs=ALL-UNNAMED --add-opens=java.base/java.nio.charset=ALL-UNNAMED --add-opens=java.base/java.net=ALL-UNNAMED --add-opens=java.base/java.util.concurrent=ALL-UNNAMED --add-opens=java.base/java.util.concurrent.atomic=ALL-UNNAMED --add-opens=java.xml/javax.xml.namespace=ALL-UNNAMED -XX:MaxMetaspaceSize=512m -Xmx2048m -Dfile.encoding=windows-1252 -Duser.country=IN -Duser.language=en -Duser.variant -javaagent:C:\Users\Rohit\.gradle\wrapper\dists\gradle-9.0.0-bin\d6wjpkvcgsg3oed0qlfss3wgl\gradle-9.0.0\lib\agents\gradle-instrumentation-agent-9.0.0.jar org.gradle.launcher.daemon.bootstrap.GradleDaemon 9.0.0

Host: 13th Gen Intel(R) Core(TM) i5-13420H, 12 cores, 15G,  Windows 11 , 64 bit Build 26100 (10.0.26100.8246)
Time: Sat Apr 25 16:14:57 2026 India Standard Time elapsed time: 38.583506 seconds (0d 0h 0m 38s)

---------------  T H R E A D  ---------------

Current thread (0x00000239db525250):  JavaThread "C2 CompilerThread1" daemon [_thread_in_native, id=16724, stack(0x000000c4baa00000,0x000000c4bab00000)]


Current CompileTask:
C2:  38583 18534       4       com.android.build.gradle.options.ProjectOptions::get (81 bytes)

Stack: [0x000000c4baa00000,0x000000c4bab00000]
Native frames: (J=compiled Java code, j=interpreted, Vv=VM code, C=native code)
V  [jvm.dll+0x67a04a]
V  [jvm.dll+0x7da4ed]
V  [jvm.dll+0x7dbe33]
V  [jvm.dll+0x7dc4a3]
V  [jvm.dll+0x24508f]
V  [jvm.dll+0xab773]
V  [jvm.dll+0xabd3c]
V  [jvm.dll+0x361bee]
V  [jvm.dll+0x32c431]
V  [jvm.dll+0x32b8ca]
V  [jvm.dll+0x21683f]
V  [jvm.dll+0x215c6f]
V  [jvm.dll+0x1a2960]
V  [jvm.dll+0x22610b]
V  [jvm.dll+0x2242ab]
V  [jvm.dll+0x79075c]
V  [jvm.dll+0x78abea]
V  [jvm.dll+0x678f35]
C  [ucrtbase.dll+0x37b0]
C  [KERNEL32.DLL+0x2e8d7]
C  [ntdll.dll+0x8c3fc]


---------------  P R O C E S S  ---------------

Threads class SMR info:
_java_thread_list=0x00000239d31101d0, length=199, elements={
0x000002398fee26d0, 0x00000239ae5733d0, 0x00000239ae577230, 0x00000239ae58cfd0,
0x00000239ae58d8a0, 0x00000239ae6a3c50, 0x00000239ae6a5090, 0x00000239ae6a8810,
0x00000239ae6a9c90, 0x00000239ae6af160, 0x00000239ae7c4250, 0x00000239ae89ad00,
0x00000239cef13250, 0x00000239cfe36590, 0x00000239cf9dfe20, 0x00000239cff3e9f0,
0x00000239cfd0d510, 0x00000239cfc58470, 0x00000239cfc5a2d0, 0x00000239cfc56b20,
0x00000239cfc57030, 0x00000239cfc57540, 0x00000239cfc57a50, 0x00000239cfc57f60,
0x00000239cfc58e90, 0x00000239cfc58980, 0x00000239cfc593a0, 0x00000239cfc598b0,
0x00000239cfc59dc0, 0x00000239d022c9d0, 0x00000239d022de10, 0x00000239d022bfb0,
0x00000239d022cee0, 0x00000239d022b080, 0x00000239d022d3f0, 0x00000239d022e320,
0x00000239d022e830, 0x00000239d022baa0, 0x00000239d022b590, 0x00000239d022c4c0,
0x00000239d21faca0, 0x00000239d21f8930, 0x00000239d21f9d70, 0x00000239d21fa790,
0x00000239d21f9350, 0x00000239d21fb1b0, 0x00000239d21fb6c0, 0x00000239d21fa280,
0x00000239d21fbbd0, 0x00000239d21f8e40, 0x00000239d21fc5f0, 0x00000239d21fda30,
0x00000239d21fd520, 0x00000239d21fee70, 0x00000239d21fcb00, 0x00000239d21fe960,
0x00000239d21ff890, 0x00000239d21fe450, 0x00000239d21ff380, 0x00000239d21fd010,
0x00000239d21fdf40, 0x00000239d21fc0e0, 0x00000239d21ffda0, 0x00000239d22002b0,
0x00000239d3479ae0, 0x00000239d3476d50, 0x00000239d3478190, 0x00000239d3477c80,
0x00000239d34795d0, 0x00000239d34790c0, 0x00000239d3477260, 0x00000239d34786a0,
0x00000239d3478bb0, 0x00000239d3479ff0, 0x00000239d347aa10, 0x00000239d347af20,
0x00000239d347c870, 0x00000239d347be50, 0x00000239d347b430, 0x00000239d347cd80,
0x00000239d347d290, 0x00000239d347c360, 0x00000239d347e6d0, 0x00000239d347d7a0,
0x00000239d2dca080, 0x00000239d2dc7d10, 0x00000239d2dc8730, 0x00000239d2dc8220,
0x00000239d2dca590, 0x00000239d2dcaaa0, 0x00000239d2dc9150, 0x00000239d2dc72f0,
0x00000239d2dcafb0, 0x00000239d2dc8c40, 0x00000239d2dc7800, 0x00000239d2dc9660,
0x00000239d2dc9b70, 0x00000239d2dcc900, 0x00000239d2dce760, 0x00000239d2dcbee0,
0x00000239d2dcc3f0, 0x00000239d2dcce10, 0x00000239d2dcd320, 0x00000239d2dcb4c0,
0x00000239d2dcd830, 0x00000239d2dce250, 0x00000239d2dcb9d0, 0x00000239d2dcdd40,
0x00000239d2dcec70, 0x00000239d383f600, 0x00000239d3840530, 0x00000239d3841460,
0x00000239d383dcb0, 0x00000239d383fb10, 0x00000239d3841970, 0x00000239d383ebe0,
0x00000239d3840a40, 0x00000239d3840020, 0x00000239d3840f50, 0x00000239d383e1c0,
0x00000239d3841e80, 0x00000239d383e6d0, 0x00000239d3842390, 0x00000239d38428a0,
0x00000239d383f0f0, 0x00000239d38441f0, 0x00000239d3844700, 0x00000239d3842db0,
0x00000239d38432c0, 0x00000239d3845120, 0x00000239d38437d0, 0x00000239d3843ce0,
0x00000239d3844c10, 0x00000239d3845630, 0x00000239d18029f0, 0x00000239d1800170,
0x00000239d1800680, 0x00000239d1800b90, 0x00000239d17ffc60, 0x00000239d18015b0,
0x00000239d18010a0, 0x00000239d17ff750, 0x00000239d1804d60, 0x00000239d1802f00,
0x00000239d1805270, 0x00000239d18024e0, 0x00000239d1803410, 0x00000239d1803920,
0x00000239d1803e30, 0x00000239d1801ac0, 0x00000239d1804850, 0x00000239d1801fd0,
0x00000239d1805780, 0x00000239d1806bc0, 0x00000239d1805c90, 0x00000239d18061a0,
0x00000239d18066b0, 0x00000239d386e170, 0x00000239d386f5b0, 0x00000239d386eb90,
0x00000239d3870f00, 0x00000239d386e680, 0x00000239d386dc60, 0x00000239d3871920,
0x00000239d386fac0, 0x00000239d386ffd0, 0x00000239d38704e0, 0x00000239d38709f0,
0x00000239d386f0a0, 0x00000239d3871410, 0x00000239d3872340, 0x00000239d3874bc0,
0x00000239d3872850, 0x00000239d3873c90, 0x00000239d38755e0, 0x00000239d3871e30,
0x00000239d38741a0, 0x00000239d3873270, 0x00000239d38746b0, 0x00000239d3873780,
0x00000239d1804340, 0x00000239d38a5e60, 0x00000239d38a77b0, 0x00000239d38a5440,
0x00000239d38a6370, 0x00000239d38a6880, 0x00000239d38a8bf0, 0x00000239d38ac3a0,
0x00000239d38ac8b0, 0x00000239d38a9100, 0x00000239d38a9610, 0x00000239d950c2c0,
0x00000239d950c7d0, 0x00000239d950b390, 0x00000239d9509530, 0x00000239d9509a40,
0x00000239d950bdb0, 0x00000239db525250, 0x00000239db526ce0
}

Java Threads: ( => current thread )
  0x000002398fee26d0 JavaThread "main" [_thread_blocked, id=26500, stack(0x000000c4bad00000,0x000000c4bae00000)]
  0x00000239ae5733d0 JavaThread "Reference Handler" daemon [_thread_blocked, id=5468, stack(0x000000c4bb400000,0x000000c4bb500000)]
  0x00000239ae577230 JavaThread "Finalizer" daemon [_thread_blocked, id=13708, stack(0x000000c4bb500000,0x000000c4bb600000)]
  0x00000239ae58cfd0 JavaThread "Signal Dispatcher" daemon [_thread_blocked, id=25900, stack(0x000000c4bb600000,0x000000c4bb700000)]
  0x00000239ae58d8a0 JavaThread "Attach Listener" daemon [_thread_blocked, id=14620, stack(0x000000c4bb700000,0x000000c4bb800000)]
  0x00000239ae6a3c50 JavaThread "Service Thread" daemon [_thread_blocked, id=25464, stack(0x000000c4bb800000,0x000000c4bb900000)]
  0x00000239ae6a5090 JavaThread "Monitor Deflation Thread" daemon [_thread_blocked, id=10628, stack(0x000000c4bb900000,0x000000c4bba00000)]
  0x00000239ae6a8810 JavaThread "C2 CompilerThread0" daemon [_thread_in_native, id=13124, stack(0x000000c4bba00000,0x000000c4bbb00000)]
  0x00000239ae6a9c90 JavaThread "C1 CompilerThread0" daemon [_thread_blocked, id=1920, stack(0x000000c4bbb00000,0x000000c4bbc00000)]
  0x00000239ae6af160 JavaThread "Sweeper thread" daemon [_thread_blocked, id=21184, stack(0x000000c4bbc00000,0x000000c4bbd00000)]
  0x00000239ae7c4250 JavaThread "Common-Cleaner" daemon [_thread_blocked, id=22148, stack(0x000000c4bbd00000,0x000000c4bbe00000)]
  0x00000239ae89ad00 JavaThread "Notification Thread" daemon [_thread_blocked, id=25712, stack(0x000000c4bbe00000,0x000000c4bbf00000)]
  0x00000239cef13250 JavaThread "Daemon health stats" [_thread_blocked, id=13100, stack(0x000000c4bc100000,0x000000c4bc200000)]
  0x00000239cfe36590 JavaThread "Incoming local TCP Connector on port 60669" [_thread_in_native, id=26964, stack(0x000000c4bc700000,0x000000c4bc800000)]
  0x00000239cf9dfe20 JavaThread "Daemon periodic checks" [_thread_blocked, id=24060, stack(0x000000c4bc800000,0x000000c4bc900000)]
  0x00000239cff3e9f0 JavaThread "Daemon" [_thread_blocked, id=3168, stack(0x000000c4bc900000,0x000000c4bca00000)]
  0x00000239cfd0d510 JavaThread "Handler for socket connection from /127.0.0.1:60669 to /127.0.0.1:60670" [_thread_in_native, id=22848, stack(0x000000c4bca00000,0x000000c4bcb00000)]
  0x00000239cfc58470 JavaThread "Cancel handler" [_thread_blocked, id=25808, stack(0x000000c4bcb00000,0x000000c4bcc00000)]
  0x00000239cfc5a2d0 JavaThread "Daemon worker" [_thread_in_Java, id=18956, stack(0x000000c4bcc00000,0x000000c4bcd00000)]
  0x00000239cfc56b20 JavaThread "Asynchronous log dispatcher for DefaultDaemonConnection: socket connection from /127.0.0.1:60669 to /127.0.0.1:60670" [_thread_blocked, id=23276, stack(0x000000c4bcd00000,0x000000c4bce00000)]
  0x00000239cfc57030 JavaThread "Stdin handler" [_thread_blocked, id=19916, stack(0x000000c4bce00000,0x000000c4bcf00000)]
  0x00000239cfc57540 JavaThread "Daemon client event forwarder" [_thread_blocked, id=16680, stack(0x000000c4bcf00000,0x000000c4bd000000)]
  0x00000239cfc57a50 JavaThread "Cache worker for journal cache (C:\Users\Rohit\.gradle\caches\journal-1)" [_thread_blocked, id=24904, stack(0x000000c4bd000000,0x000000c4bd100000)]
  0x00000239cfc57f60 JavaThread "File lock request listener" [_thread_in_native, id=4420, stack(0x000000c4bd100000,0x000000c4bd200000)]
  0x00000239cfc58e90 JavaThread "Cache worker for file hash cache (C:\Users\Rohit\.gradle\caches\9.0.0\fileHashes)" [_thread_blocked, id=22212, stack(0x000000c4bd200000,0x000000c4bd300000)]
  0x00000239cfc58980 JavaThread "Cache worker for file hash cache (D:\my project\main project\FootFlex\forntend\android\.gradle\9.0.0\fileHashes)" [_thread_blocked, id=23932, stack(0x000000c4bd900000,0x000000c4bda00000)]
  0x00000239cfc593a0 JavaThread "Cache worker for Build Output Cleanup Cache (D:\my project\main project\FootFlex\forntend\android\.gradle\buildOutputCleanup)" [_thread_blocked, id=26876, stack(0x000000c4bda00000,0x000000c4bdb00000)]
  0x00000239cfc598b0 JavaThread "File watcher server" daemon [_thread_in_native, id=27012, stack(0x000000c4bdb00000,0x000000c4bdc00000)]
  0x00000239cfc59dc0 JavaThread "File watcher consumer" daemon [_thread_blocked, id=11720, stack(0x000000c4bdc00000,0x000000c4bdd00000)]
  0x00000239d022c9d0 JavaThread "Cache worker for checksums cache (D:\my project\main project\FootFlex\forntend\android\.gradle\9.0.0\checksums)" [_thread_blocked, id=21740, stack(0x000000c4bdd00000,0x000000c4bde00000)]
  0x00000239d022de10 JavaThread "Cache worker for file content cache (C:\Users\Rohit\.gradle\caches\9.0.0\fileContent)" [_thread_blocked, id=11972, stack(0x000000c4bde00000,0x000000c4bdf00000)]
  0x00000239d022bfb0 JavaThread "Cache worker for cache directory md-supplier (C:\Users\Rohit\.gradle\caches\9.0.0\md-supplier)" [_thread_blocked, id=12808, stack(0x000000c4bdf00000,0x000000c4be000000)]
  0x00000239d022cee0 JavaThread "Cache worker for cache directory md-rule (C:\Users\Rohit\.gradle\caches\9.0.0\md-rule)" [_thread_blocked, id=10788, stack(0x000000c4be000000,0x000000c4be100000)]
  0x00000239d022b080 JavaThread "jar transforms" [_thread_blocked, id=8628, stack(0x000000c4be100000,0x000000c4be200000)]
  0x00000239d022d3f0 JavaThread "Cache worker for Build Output Cleanup Cache (D:\my project\main project\FootFlex\forntend\node_modules\@react-native\gradle-plugin\.gradle\buildOutputCleanup)" [_thread_blocked, id=25956, stack(0x000000c4be200000,0x000000c4be300000)]
  0x00000239d022e320 JavaThread "Unconstrained build operations" [_thread_blocked, id=13028, stack(0x000000c4be300000,0x000000c4be400000)]
  0x00000239d022e830 JavaThread "Unconstrained build operations Thread 2" [_thread_blocked, id=6264, stack(0x000000c4be400000,0x000000c4be500000)]
  0x00000239d022baa0 JavaThread "Unconstrained build operations Thread 3" [_thread_blocked, id=8600, stack(0x000000c4be500000,0x000000c4be600000)]
  0x00000239d022b590 JavaThread "Unconstrained build operations Thread 4" [_thread_blocked, id=24476, stack(0x000000c4be600000,0x000000c4be700000)]
  0x00000239d022c4c0 JavaThread "Unconstrained build operations Thread 5" [_thread_blocked, id=21464, stack(0x000000c4be700000,0x000000c4be800000)]
  0x00000239d21faca0 JavaThread "Unconstrained build operations Thread 6" [_thread_blocked, id=4872, stack(0x000000c4be800000,0x000000c4be900000)]
  0x00000239d21f8930 JavaThread "Unconstrained build operations Thread 7" [_thread_blocked, id=1504, stack(0x000000c4be900000,0x000000c4bea00000)]
  0x00000239d21f9d70 JavaThread "Unconstrained build operations Thread 8" [_thread_blocked, id=27104, stack(0x000000c4bea00000,0x000000c4beb00000)]
  0x00000239d21fa790 JavaThread "Unconstrained build operations Thread 9" [_thread_blocked, id=8164, stack(0x000000c4beb00000,0x000000c4bec00000)]
  0x00000239d21f9350 JavaThread "Unconstrained build operations Thread 10" [_thread_blocked, id=24416, stack(0x000000c4bec00000,0x000000c4bed00000)]
  0x00000239d21fb1b0 JavaThread "Unconstrained build operations Thread 11" [_thread_blocked, id=17292, stack(0x000000c4bed00000,0x000000c4bee00000)]
  0x00000239d21fb6c0 JavaThread "Unconstrained build operations Thread 12" [_thread_blocked, id=7384, stack(0x000000c4bee00000,0x000000c4bef00000)]
  0x00000239d21fa280 JavaThread "Unconstrained build operations Thread 13" [_thread_blocked, id=26008, stack(0x000000c4bef00000,0x000000c4bf000000)]
  0x00000239d21fbbd0 JavaThread "Unconstrained build operations Thread 14" [_thread_blocked, id=17560, stack(0x000000c4bf000000,0x000000c4bf100000)]
  0x00000239d21f8e40 JavaThread "Unconstrained build operations Thread 15" [_thread_blocked, id=27536, stack(0x000000c4bf100000,0x000000c4bf200000)]
  0x00000239d21fc5f0 JavaThread "Unconstrained build operations Thread 16" [_thread_blocked, id=20240, stack(0x000000c4bf200000,0x000000c4bf300000)]
  0x00000239d21fda30 JavaThread "Unconstrained build operations Thread 17" [_thread_blocked, id=9788, stack(0x000000c4bf300000,0x000000c4bf400000)]
  0x00000239d21fd520 JavaThread "Unconstrained build operations Thread 18" [_thread_blocked, id=24960, stack(0x000000c4bf400000,0x000000c4bf500000)]
  0x00000239d21fee70 JavaThread "Unconstrained build operations Thread 19" [_thread_blocked, id=7784, stack(0x000000c4bf500000,0x000000c4bf600000)]
  0x00000239d21fcb00 JavaThread "Unconstrained build operations Thread 20" [_thread_blocked, id=4132, stack(0x000000c4bf600000,0x000000c4bf700000)]
  0x00000239d21fe960 JavaThread "Unconstrained build operations Thread 21" [_thread_blocked, id=15884, stack(0x000000c4bf700000,0x000000c4bf800000)]
  0x00000239d21ff890 JavaThread "Unconstrained build operations Thread 22" [_thread_blocked, id=9724, stack(0x000000c4bf800000,0x000000c4bf900000)]
  0x00000239d21fe450 JavaThread "Unconstrained build operations Thread 23" [_thread_blocked, id=5216, stack(0x000000c4bf900000,0x000000c4bfa00000)]
  0x00000239d21ff380 JavaThread "Unconstrained build operations Thread 24" [_thread_blocked, id=13092, stack(0x000000c4bfa00000,0x000000c4bfb00000)]
  0x00000239d21fd010 JavaThread "Unconstrained build operations Thread 25" [_thread_blocked, id=15348, stack(0x000000c4bfb00000,0x000000c4bfc00000)]
  0x00000239d21fdf40 JavaThread "Unconstrained build operations Thread 26" [_thread_blocked, id=22224, stack(0x000000c4bfc00000,0x000000c4bfd00000)]
  0x00000239d21fc0e0 JavaThread "Unconstrained build operations Thread 27" [_thread_blocked, id=27208, stack(0x000000c4bfd00000,0x000000c4bfe00000)]
  0x00000239d21ffda0 JavaThread "Unconstrained build operations Thread 28" [_thread_blocked, id=16648, stack(0x000000c4bfe00000,0x000000c4bff00000)]
  0x00000239d22002b0 JavaThread "Unconstrained build operations Thread 29" [_thread_blocked, id=23028, stack(0x000000c4bff00000,0x000000c4c0000000)]
  0x00000239d3479ae0 JavaThread "Unconstrained build operations Thread 30" [_thread_blocked, id=21064, stack(0x000000c4c0000000,0x000000c4c0100000)]
  0x00000239d3476d50 JavaThread "Unconstrained build operations Thread 31" [_thread_blocked, id=17004, stack(0x000000c4c0100000,0x000000c4c0200000)]
  0x00000239d3478190 JavaThread "Unconstrained build operations Thread 32" [_thread_blocked, id=960, stack(0x000000c4c0200000,0x000000c4c0300000)]
  0x00000239d3477c80 JavaThread "Unconstrained build operations Thread 33" [_thread_blocked, id=1752, stack(0x000000c4c0300000,0x000000c4c0400000)]
  0x00000239d34795d0 JavaThread "Unconstrained build operations Thread 34" [_thread_blocked, id=27080, stack(0x000000c4c0400000,0x000000c4c0500000)]
  0x00000239d34790c0 JavaThread "Unconstrained build operations Thread 35" [_thread_blocked, id=3932, stack(0x000000c4c0500000,0x000000c4c0600000)]
  0x00000239d3477260 JavaThread "Unconstrained build operations Thread 36" [_thread_blocked, id=24760, stack(0x000000c4c0600000,0x000000c4c0700000)]
  0x00000239d34786a0 JavaThread "Unconstrained build operations Thread 37" [_thread_blocked, id=23636, stack(0x000000c4c0700000,0x000000c4c0800000)]
  0x00000239d3478bb0 JavaThread "Unconstrained build operations Thread 38" [_thread_blocked, id=2160, stack(0x000000c4c0800000,0x000000c4c0900000)]
  0x00000239d3479ff0 JavaThread "Unconstrained build operations Thread 39" [_thread_blocked, id=17104, stack(0x000000c4c0900000,0x000000c4c0a00000)]
  0x00000239d347aa10 JavaThread "build event listener" [_thread_blocked, id=26612, stack(0x000000c4c0a00000,0x000000c4c0b00000)]
  0x00000239d347af20 JavaThread "Memory manager" [_thread_blocked, id=20880, stack(0x000000c4bd800000,0x000000c4bd900000)]
  0x00000239d347c870 JavaThread "ForkJoinPool.commonPool-worker-1" daemon [_thread_blocked, id=15160, stack(0x000000c4c0d00000,0x000000c4c0e00000)]
  0x00000239d347be50 JavaThread "ForkJoinPool.commonPool-worker-2" daemon [_thread_blocked, id=23064, stack(0x000000c4c0e00000,0x000000c4c0f00000)]
  0x00000239d347b430 JavaThread "ForkJoinPool.commonPool-worker-3" daemon [_thread_blocked, id=24380, stack(0x000000c4c0f00000,0x000000c4c1000000)]
  0x00000239d347cd80 JavaThread "ForkJoinPool.commonPool-worker-4" daemon [_thread_blocked, id=8288, stack(0x000000c4c1000000,0x000000c4c1100000)]
  0x00000239d347d290 JavaThread "ForkJoinPool.commonPool-worker-5" daemon [_thread_blocked, id=1216, stack(0x000000c4c1100000,0x000000c4c1200000)]
  0x00000239d347c360 JavaThread "ForkJoinPool.commonPool-worker-6" daemon [_thread_blocked, id=22032, stack(0x000000c4c1200000,0x000000c4c1300000)]
  0x00000239d347e6d0 JavaThread "ForkJoinPool.commonPool-worker-7" daemon [_thread_blocked, id=16776, stack(0x000000c4c1300000,0x000000c4c1400000)]
  0x00000239d347d7a0 JavaThread "ForkJoinPool.commonPool-worker-8" daemon [_thread_blocked, id=22908, stack(0x000000c4c1400000,0x000000c4c1500000)]
  0x00000239d2dca080 JavaThread "ForkJoinPool.commonPool-worker-10" daemon [_thread_blocked, id=27000, stack(0x000000c4c1500000,0x000000c4c1600000)]
  0x00000239d2dc7d10 JavaThread "ForkJoinPool.commonPool-worker-9" daemon [_thread_blocked, id=20548, stack(0x000000c4c1600000,0x000000c4c1700000)]
  0x00000239d2dc8730 JavaThread "ForkJoinPool.commonPool-worker-11" daemon [_thread_blocked, id=27436, stack(0x000000c4c1700000,0x000000c4c1800000)]
  0x00000239d2dc8220 JavaThread "included builds" [_thread_blocked, id=23836, stack(0x000000c4c1800000,0x000000c4c1900000)]
  0x00000239d2dca590 JavaThread "Execution worker" [_thread_blocked, id=21796, stack(0x000000c4c1900000,0x000000c4c1a00000)]
  0x00000239d2dcaaa0 JavaThread "Execution worker Thread 2" [_thread_blocked, id=3248, stack(0x000000c4c1a00000,0x000000c4c1b00000)]
  0x00000239d2dc9150 JavaThread "Execution worker Thread 3" [_thread_blocked, id=10616, stack(0x000000c4c1b00000,0x000000c4c1c00000)]
  0x00000239d2dc72f0 JavaThread "Execution worker Thread 4" [_thread_blocked, id=23692, stack(0x000000c4c1c00000,0x000000c4c1d00000)]
  0x00000239d2dcafb0 JavaThread "Execution worker Thread 5" [_thread_blocked, id=26156, stack(0x000000c4c1d00000,0x000000c4c1e00000)]
  0x00000239d2dc8c40 JavaThread "Execution worker Thread 6" [_thread_blocked, id=25424, stack(0x000000c4c1e00000,0x000000c4c1f00000)]
  0x00000239d2dc7800 JavaThread "Execution worker Thread 7" [_thread_blocked, id=21140, stack(0x000000c4c1f00000,0x000000c4c2000000)]
  0x00000239d2dc9660 JavaThread "Execution worker Thread 8" [_thread_blocked, id=21116, stack(0x000000c4c2000000,0x000000c4c2100000)]
  0x00000239d2dc9b70 JavaThread "Execution worker Thread 9" [_thread_blocked, id=20644, stack(0x000000c4c2100000,0x000000c4c2200000)]
  0x00000239d2dcc900 JavaThread "Execution worker Thread 10" [_thread_blocked, id=12500, stack(0x000000c4c2200000,0x000000c4c2300000)]
  0x00000239d2dce760 JavaThread "Execution worker Thread 11" [_thread_blocked, id=25468, stack(0x000000c4c2300000,0x000000c4c2400000)]
  0x00000239d2dcbee0 JavaThread "Cache worker for execution history cache (D:\my project\main project\FootFlex\forntend\node_modules\@react-native\gradle-plugin\.gradle\9.0.0\executionHistory)" [_thread_blocked, id=14304, stack(0x000000c4c2400000,0x000000c4c2500000)]
  0x00000239d2dcc3f0 JavaThread "Unconstrained build operations Thread 40" [_thread_blocked, id=21136, stack(0x000000c4c2500000,0x000000c4c2600000)]
  0x00000239d2dcce10 JavaThread "Unconstrained build operations Thread 41" [_thread_blocked, id=24080, stack(0x000000c4c2600000,0x000000c4c2700000)]
  0x00000239d2dcd320 JavaThread "Unconstrained build operations Thread 42" [_thread_blocked, id=4164, stack(0x000000c4c2700000,0x000000c4c2800000)]
  0x00000239d2dcb4c0 JavaThread "Unconstrained build operations Thread 43" [_thread_blocked, id=7980, stack(0x000000c4c2800000,0x000000c4c2900000)]
  0x00000239d2dcd830 JavaThread "Unconstrained build operations Thread 44" [_thread_blocked, id=10340, stack(0x000000c4c2900000,0x000000c4c2a00000)]
  0x00000239d2dce250 JavaThread "Unconstrained build operations Thread 45" [_thread_blocked, id=20728, stack(0x000000c4c2a00000,0x000000c4c2b00000)]
  0x00000239d2dcb9d0 JavaThread "Unconstrained build operations Thread 46" [_thread_blocked, id=24496, stack(0x000000c4c2b00000,0x000000c4c2c00000)]
  0x00000239d2dcdd40 JavaThread "Unconstrained build operations Thread 47" [_thread_blocked, id=4508, stack(0x000000c4c2c00000,0x000000c4c2d00000)]
  0x00000239d2dcec70 JavaThread "Unconstrained build operations Thread 48" [_thread_blocked, id=25628, stack(0x000000c4c2d00000,0x000000c4c2e00000)]
  0x00000239d383f600 JavaThread "Unconstrained build operations Thread 49" [_thread_blocked, id=11692, stack(0x000000c4c2e00000,0x000000c4c2f00000)]
  0x00000239d3840530 JavaThread "Unconstrained build operations Thread 50" [_thread_blocked, id=26512, stack(0x000000c4c2f00000,0x000000c4c3000000)]
  0x00000239d3841460 JavaThread "Unconstrained build operations Thread 51" [_thread_blocked, id=1740, stack(0x000000c4c3000000,0x000000c4c3100000)]
  0x00000239d383dcb0 JavaThread "Unconstrained build operations Thread 52" [_thread_blocked, id=21748, stack(0x000000c4c3100000,0x000000c4c3200000)]
  0x00000239d383fb10 JavaThread "Unconstrained build operations Thread 53" [_thread_blocked, id=12856, stack(0x000000c4c3200000,0x000000c4c3300000)]
  0x00000239d3841970 JavaThread "Unconstrained build operations Thread 54" [_thread_blocked, id=19624, stack(0x000000c4c3300000,0x000000c4c3400000)]
  0x00000239d383ebe0 JavaThread "Unconstrained build operations Thread 55" [_thread_blocked, id=23652, stack(0x000000c4c3400000,0x000000c4c3500000)]
  0x00000239d3840a40 JavaThread "Unconstrained build operations Thread 56" [_thread_blocked, id=24096, stack(0x000000c4c3500000,0x000000c4c3600000)]
  0x00000239d3840020 JavaThread "Unconstrained build operations Thread 57" [_thread_blocked, id=25756, stack(0x000000c4c3600000,0x000000c4c3700000)]
  0x00000239d3840f50 JavaThread "Unconstrained build operations Thread 58" [_thread_blocked, id=14392, stack(0x000000c4c3700000,0x000000c4c3800000)]
  0x00000239d383e1c0 JavaThread "Unconstrained build operations Thread 59" [_thread_blocked, id=3668, stack(0x000000c4c3800000,0x000000c4c3900000)]
  0x00000239d3841e80 JavaThread "Unconstrained build operations Thread 60" [_thread_blocked, id=23928, stack(0x000000c4c3900000,0x000000c4c3a00000)]
  0x00000239d383e6d0 JavaThread "Unconstrained build operations Thread 61" [_thread_blocked, id=21776, stack(0x000000c4c3a00000,0x000000c4c3b00000)]
  0x00000239d3842390 JavaThread "Unconstrained build operations Thread 62" [_thread_blocked, id=19096, stack(0x000000c4c3b00000,0x000000c4c3c00000)]
  0x00000239d38428a0 JavaThread "Unconstrained build operations Thread 63" [_thread_blocked, id=7064, stack(0x000000c4c3c00000,0x000000c4c3d00000)]
  0x00000239d383f0f0 JavaThread "Unconstrained build operations Thread 64" [_thread_blocked, id=13668, stack(0x000000c4c3d00000,0x000000c4c3e00000)]
  0x00000239d38441f0 JavaThread "Unconstrained build operations Thread 65" [_thread_blocked, id=13216, stack(0x000000c4c3e00000,0x000000c4c3f00000)]
  0x00000239d3844700 JavaThread "Unconstrained build operations Thread 66" [_thread_blocked, id=26248, stack(0x000000c4c3f00000,0x000000c4c4000000)]
  0x00000239d3842db0 JavaThread "Unconstrained build operations Thread 67" [_thread_blocked, id=14136, stack(0x000000c4c4000000,0x000000c4c4100000)]
  0x00000239d38432c0 JavaThread "Unconstrained build operations Thread 68" [_thread_blocked, id=14360, stack(0x000000c4c4100000,0x000000c4c4200000)]
  0x00000239d3845120 JavaThread "Unconstrained build operations Thread 69" [_thread_blocked, id=7336, stack(0x000000c4c0b00000,0x000000c4c0c00000)]
  0x00000239d38437d0 JavaThread "Unconstrained build operations Thread 70" [_thread_blocked, id=24072, stack(0x000000c4c0c00000,0x000000c4c0d00000)]
  0x00000239d3843ce0 JavaThread "Unconstrained build operations Thread 71" [_thread_blocked, id=25012, stack(0x000000c4c4200000,0x000000c4c4300000)]
  0x00000239d3844c10 JavaThread "Unconstrained build operations Thread 72" [_thread_blocked, id=8884, stack(0x000000c4c4300000,0x000000c4c4400000)]
  0x00000239d3845630 JavaThread "Unconstrained build operations Thread 73" [_thread_blocked, id=20612, stack(0x000000c4c4400000,0x000000c4c4500000)]
  0x00000239d18029f0 JavaThread "Unconstrained build operations Thread 74" [_thread_blocked, id=21228, stack(0x000000c4c4500000,0x000000c4c4600000)]
  0x00000239d1800170 JavaThread "Unconstrained build operations Thread 75" [_thread_blocked, id=1512, stack(0x000000c4c4600000,0x000000c4c4700000)]
  0x00000239d1800680 JavaThread "Unconstrained build operations Thread 76" [_thread_blocked, id=11248, stack(0x000000c4c4700000,0x000000c4c4800000)]
  0x00000239d1800b90 JavaThread "Unconstrained build operations Thread 77" [_thread_blocked, id=14664, stack(0x000000c4c4800000,0x000000c4c4900000)]
  0x00000239d17ffc60 JavaThread "Unconstrained build operations Thread 78" [_thread_blocked, id=15352, stack(0x000000c4c4900000,0x000000c4c4a00000)]
  0x00000239d18015b0 JavaThread "Unconstrained build operations Thread 79" [_thread_blocked, id=11528, stack(0x000000c4c4a00000,0x000000c4c4b00000)]
  0x00000239d18010a0 JavaThread "Unconstrained build operations Thread 80" [_thread_blocked, id=21996, stack(0x000000c4c4b00000,0x000000c4c4c00000)]
  0x00000239d17ff750 JavaThread "Unconstrained build operations Thread 81" [_thread_blocked, id=17952, stack(0x000000c4c4c00000,0x000000c4c4d00000)]
  0x00000239d1804d60 JavaThread "Unconstrained build operations Thread 82" [_thread_blocked, id=3104, stack(0x000000c4c4d00000,0x000000c4c4e00000)]
  0x00000239d1802f00 JavaThread "Unconstrained build operations Thread 83" [_thread_blocked, id=11672, stack(0x000000c4c4e00000,0x000000c4c4f00000)]
  0x00000239d1805270 JavaThread "Unconstrained build operations Thread 84" [_thread_blocked, id=13316, stack(0x000000c4c4f00000,0x000000c4c5000000)]
  0x00000239d18024e0 JavaThread "Unconstrained build operations Thread 85" [_thread_blocked, id=14224, stack(0x000000c4c5000000,0x000000c4c5100000)]
  0x00000239d1803410 JavaThread "Unconstrained build operations Thread 86" [_thread_blocked, id=25284, stack(0x000000c4c5100000,0x000000c4c5200000)]
  0x00000239d1803920 JavaThread "Unconstrained build operations Thread 87" [_thread_blocked, id=14072, stack(0x000000c4c5200000,0x000000c4c5300000)]
  0x00000239d1803e30 JavaThread "Unconstrained build operations Thread 88" [_thread_blocked, id=1452, stack(0x000000c4c5300000,0x000000c4c5400000)]
  0x00000239d1801ac0 JavaThread "Unconstrained build operations Thread 89" [_thread_blocked, id=10356, stack(0x000000c4c5400000,0x000000c4c5500000)]
  0x00000239d1804850 JavaThread "Unconstrained build operations Thread 90" [_thread_blocked, id=10796, stack(0x000000c4c5500000,0x000000c4c5600000)]
  0x00000239d1801fd0 JavaThread "Unconstrained build operations Thread 91" [_thread_blocked, id=18332, stack(0x000000c4c5600000,0x000000c4c5700000)]
  0x00000239d1805780 JavaThread "Unconstrained build operations Thread 92" [_thread_blocked, id=1324, stack(0x000000c4c5700000,0x000000c4c5800000)]
  0x00000239d1806bc0 JavaThread "Unconstrained build operations Thread 93" [_thread_blocked, id=7756, stack(0x000000c4c5800000,0x000000c4c5900000)]
  0x00000239d1805c90 JavaThread "Unconstrained build operations Thread 94" [_thread_blocked, id=25768, stack(0x000000c4c5900000,0x000000c4c5a00000)]
  0x00000239d18061a0 JavaThread "Unconstrained build operations Thread 95" [_thread_blocked, id=1612, stack(0x000000c4c5a00000,0x000000c4c5b00000)]
  0x00000239d18066b0 JavaThread "Unconstrained build operations Thread 96" [_thread_blocked, id=13652, stack(0x000000c4c5b00000,0x000000c4c5c00000)]
  0x00000239d386e170 JavaThread "Unconstrained build operations Thread 97" [_thread_blocked, id=18004, stack(0x000000c4c5c00000,0x000000c4c5d00000)]
  0x00000239d386f5b0 JavaThread "Unconstrained build operations Thread 98" [_thread_blocked, id=4752, stack(0x000000c4c5d00000,0x000000c4c5e00000)]
  0x00000239d386eb90 JavaThread "Unconstrained build operations Thread 99" [_thread_blocked, id=17584, stack(0x000000c4c5e00000,0x000000c4c5f00000)]
  0x00000239d3870f00 JavaThread "Unconstrained build operations Thread 100" [_thread_blocked, id=4108, stack(0x000000c4c5f00000,0x000000c4c6000000)]
  0x00000239d386e680 JavaThread "Unconstrained build operations Thread 101" [_thread_blocked, id=14048, stack(0x000000c4c6000000,0x000000c4c6100000)]
  0x00000239d386dc60 JavaThread "Unconstrained build operations Thread 102" [_thread_blocked, id=1988, stack(0x000000c4c6100000,0x000000c4c6200000)]
  0x00000239d3871920 JavaThread "Unconstrained build operations Thread 103" [_thread_blocked, id=1500, stack(0x000000c4c6200000,0x000000c4c6300000)]
  0x00000239d386fac0 JavaThread "Unconstrained build operations Thread 104" [_thread_blocked, id=7212, stack(0x000000c4c6300000,0x000000c4c6400000)]
  0x00000239d386ffd0 JavaThread "Unconstrained build operations Thread 105" [_thread_blocked, id=23660, stack(0x000000c4c6400000,0x000000c4c6500000)]
  0x00000239d38704e0 JavaThread "Unconstrained build operations Thread 106" [_thread_blocked, id=14252, stack(0x000000c4c6500000,0x000000c4c6600000)]
  0x00000239d38709f0 JavaThread "Unconstrained build operations Thread 107" [_thread_blocked, id=10396, stack(0x000000c4c6600000,0x000000c4c6700000)]
  0x00000239d386f0a0 JavaThread "Unconstrained build operations Thread 108" [_thread_blocked, id=7000, stack(0x000000c4c6700000,0x000000c4c6800000)]
  0x00000239d3871410 JavaThread "Unconstrained build operations Thread 109" [_thread_blocked, id=20896, stack(0x000000c4c6800000,0x000000c4c6900000)]
  0x00000239d3872340 JavaThread "Unconstrained build operations Thread 110" [_thread_blocked, id=25668, stack(0x000000c4c6900000,0x000000c4c6a00000)]
  0x00000239d3874bc0 JavaThread "Unconstrained build operations Thread 111" [_thread_blocked, id=15172, stack(0x000000c4c6a00000,0x000000c4c6b00000)]
  0x00000239d3872850 JavaThread "Unconstrained build operations Thread 112" [_thread_blocked, id=6572, stack(0x000000c4c6b00000,0x000000c4c6c00000)]
  0x00000239d3873c90 JavaThread "jar transforms Thread 2" [_thread_blocked, id=21888, stack(0x000000c4c6c00000,0x000000c4c6d00000)]
  0x00000239d38755e0 JavaThread "jar transforms Thread 3" [_thread_blocked, id=15372, stack(0x000000c4c6e00000,0x000000c4c6f00000)]
  0x00000239d3871e30 JavaThread "Unconstrained build operations Thread 113" [_thread_blocked, id=9992, stack(0x000000c4c6f00000,0x000000c4c7000000)]
  0x00000239d38741a0 JavaThread "Unconstrained build operations Thread 114" [_thread_blocked, id=23072, stack(0x000000c4c7000000,0x000000c4c7100000)]
  0x00000239d3873270 JavaThread "Unconstrained build operations Thread 115" [_thread_blocked, id=22284, stack(0x000000c4c7100000,0x000000c4c7200000)]
  0x00000239d38746b0 JavaThread "Unconstrained build operations Thread 116" [_thread_blocked, id=23428, stack(0x000000c4c7200000,0x000000c4c7300000)]
  0x00000239d3873780 JavaThread "Unconstrained build operations Thread 117" [_thread_blocked, id=9820, stack(0x000000c4c7300000,0x000000c4c7400000)]
  0x00000239d1804340 JavaThread "Unconstrained build operations Thread 118" [_thread_blocked, id=2016, stack(0x000000c4c7400000,0x000000c4c7500000)]
  0x00000239d38a5e60 JavaThread "Unconstrained build operations Thread 119" [_thread_blocked, id=1672, stack(0x000000c4c7500000,0x000000c4c7600000)]
  0x00000239d38a77b0 JavaThread "Unconstrained build operations Thread 120" [_thread_blocked, id=27036, stack(0x000000c4c7600000,0x000000c4c7700000)]
  0x00000239d38a5440 JavaThread "jar transforms Thread 4" [_thread_blocked, id=24536, stack(0x000000c4c7800000,0x000000c4c7900000)]
  0x00000239d38a6370 JavaThread "jar transforms Thread 5" [_thread_blocked, id=19980, stack(0x000000c4c7700000,0x000000c4c7800000)]
  0x00000239d38a6880 JavaThread "jar transforms Thread 6" [_thread_blocked, id=25556, stack(0x000000c4c7900000,0x000000c4c7a00000)]
  0x00000239d38a8bf0 JavaThread "build event listener" [_thread_blocked, id=22836, stack(0x000000c4c7a00000,0x000000c4c7b00000)]
  0x00000239d38ac3a0 JavaThread "Problems report writer" [_thread_blocked, id=15288, stack(0x000000c4c7b00000,0x000000c4c7c00000)]
  0x00000239d38ac8b0 JavaThread "jar transforms Thread 7" [_thread_blocked, id=24264, stack(0x000000c4c7c00000,0x000000c4c7d00000)]
  0x00000239d38a9100 JavaThread "jar transforms Thread 8" [_thread_blocked, id=18548, stack(0x000000c4c7d00000,0x000000c4c7e00000)]
  0x00000239d38a9610 JavaThread "jar transforms Thread 9" [_thread_blocked, id=25652, stack(0x000000c4c7e00000,0x000000c4c7f00000)]
  0x00000239d950c2c0 JavaThread "jar transforms Thread 10" [_thread_blocked, id=20176, stack(0x000000c4c7f00000,0x000000c4c8000000)]
  0x00000239d950c7d0 JavaThread "jar transforms Thread 11" [_thread_blocked, id=25336, stack(0x000000c4c8000000,0x000000c4c8100000)]
  0x00000239d950b390 JavaThread "jar transforms Thread 12" [_thread_blocked, id=13716, stack(0x000000c4c8100000,0x000000c4c8200000)]
  0x00000239d9509530 JavaThread "Exec process" [_thread_blocked, id=7352, stack(0x000000c4c8200000,0x000000c4c8300000)]
  0x00000239d9509a40 JavaThread "Exec process Thread 2" [_thread_blocked, id=11908, stack(0x000000c4c8300000,0x000000c4c8400000)]
  0x00000239d950bdb0 JavaThread "Exec process Thread 3" [_thread_blocked, id=26636, stack(0x000000c4c8400000,0x000000c4c8500000)]
=>0x00000239db525250 JavaThread "C2 CompilerThread1" daemon [_thread_in_native, id=16724, stack(0x000000c4baa00000,0x000000c4bab00000)]
  0x00000239db526ce0 JavaThread "C2 CompilerThread2" daemon [_thread_in_native, id=26780, stack(0x000000c4c6d00000,0x000000c4c6e00000)]

Other Threads:
  0x00000239ae571220 VMThread "VM Thread" [stack: 0x000000c4bb300000,0x000000c4bb400000] [id=27596]
  0x00000239ae89b1e0 WatcherThread [stack: 0x000000c4bbf00000,0x000000c4bc000000] [id=23976]
  0x000002398dc99f60 GCTaskThread "GC Thread#0" [stack: 0x000000c4bae00000,0x000000c4baf00000] [id=26332]
  0x00000239ce32b1f0 GCTaskThread "GC Thread#1" [stack: 0x000000c4bc200000,0x000000c4bc300000] [id=19080]
  0x00000239ce1bca20 GCTaskThread "GC Thread#2" [stack: 0x000000c4bc300000,0x000000c4bc400000] [id=10868]
  0x00000239ce53c1a0 GCTaskThread "GC Thread#3" [stack: 0x000000c4bc400000,0x000000c4bc500000] [id=22324]
  0x00000239ce5b0e40 GCTaskThread "GC Thread#4" [stack: 0x000000c4bc500000,0x000000c4bc600000] [id=24228]
  0x00000239ce5b1100 GCTaskThread "GC Thread#5" [stack: 0x000000c4bc600000,0x000000c4bc700000] [id=17968]
  0x00000239cfe0cf00 GCTaskThread "GC Thread#6" [stack: 0x000000c4bc000000,0x000000c4bc100000] [id=11096]
  0x00000239cfe0d1c0 GCTaskThread "GC Thread#7" [stack: 0x000000c4bd300000,0x000000c4bd400000] [id=22044]
  0x00000239cfe0d480 GCTaskThread "GC Thread#8" [stack: 0x000000c4bd400000,0x000000c4bd500000] [id=8436]
  0x00000239cfe0e240 GCTaskThread "GC Thread#9" [stack: 0x000000c4bd500000,0x000000c4bd600000] [id=25816]
  0x000002398ff4de50 ConcurrentGCThread "G1 Main Marker" [stack: 0x000000c4baf00000,0x000000c4bb000000] [id=5244]
  0x000002398ff4f620 ConcurrentGCThread "G1 Conc#0" [stack: 0x000000c4bb000000,0x000000c4bb100000] [id=3840]
  0x00000239cfe0df80 ConcurrentGCThread "G1 Conc#1" [stack: 0x000000c4bd600000,0x000000c4bd700000] [id=26276]
  0x00000239cfe0dcc0 ConcurrentGCThread "G1 Conc#2" [stack: 0x000000c4bd700000,0x000000c4bd800000] [id=15232]
  0x000002398ff9e980 ConcurrentGCThread "G1 Refine#0" [stack: 0x000000c4bb100000,0x000000c4bb200000] [id=26692]
  0x00000239ae42a5a0 ConcurrentGCThread "G1 Service" [stack: 0x000000c4bb200000,0x000000c4bb300000] [id=25724]

Threads with active compile tasks:
C2 CompilerThread0    38626 18661   !   4       org.gradle.api.internal.artifacts.ivyservice.resolveengine.artifact.ArtifactBackedResolvedVariant::getArtifacts (161 bytes)
C2 CompilerThread1    38626 18534       4       com.android.build.gradle.options.ProjectOptions::get (81 bytes)
C2 CompilerThread2    38626 18675       4       org.gradle.internal.instantiation.generator.AbstractClassGenerator$PropertyMetadata::addGetter (129 bytes)

VM state: not at safepoint (normal execution)

VM Mutex/Monitor currently owned by a thread: None

Heap address: 0x0000000080000000, size: 2048 MB, Compressed Oops mode: 32-bit

CDS archive(s) mapped at: [0x00000239af000000-0x00000239afbd0000-0x00000239afbd0000), size 12386304, SharedBaseAddress: 0x00000239af000000, ArchiveRelocationMode: 1.
Compressed class space mapped at: 0x00000239b0000000-0x00000239ca000000, reserved size: 436207616
Narrow klass base: 0x00000239af000000, Narrow klass shift: 0, Narrow klass range: 0x100000000

GC Precious Log:
 CPUs: 12 total, 12 available
 Memory: 16024M
 Large Page Support: Disabled
 NUMA Support: Disabled
 Compressed Oops: Enabled (32-bit)
 Heap Region Size: 1M
 Heap Min Capacity: 8M
 Heap Initial Capacity: 252M
 Heap Max Capacity: 2G
 Pre-touch: Disabled
 Parallel Workers: 10
 Concurrent Workers: 3
 Concurrent Refinement Workers: 10
 Periodic GC: Disabled

Heap:
 garbage-first heap   total 471040K, used 283848K [0x0000000080000000, 0x0000000100000000)
  region size 1024K, 12 young (12288K), 5 survivors (5120K)
 Metaspace       used 118467K, committed 120448K, reserved 557056K
  class space    used 16564K, committed 17472K, reserved 425984K

Heap Regions: E=young(eden), S=young(survivor), O=old, HS=humongous(starts), HC=humongous(continues), CS=collection set, F=free, OA=open archive, CA=closed archive, TAMS=top-at-mark-start (previous, next)
|   0|0x0000000080000000, 0x0000000080100000, 0x0000000080100000|100%|HS|  |TAMS 0x0000000080100000, 0x0000000080000000| Complete 
|   1|0x0000000080100000, 0x0000000080200000, 0x0000000080200000|100%|HC|  |TAMS 0x0000000080200000, 0x0000000080100000| Complete 
|   2|0x0000000080200000, 0x0000000080300000, 0x0000000080300000|100%|HC|  |TAMS 0x0000000080300000, 0x0000000080200000| Complete 
|   3|0x0000000080300000, 0x0000000080400000, 0x0000000080400000|100%| O|  |TAMS 0x0000000080400000, 0x0000000080300000| Untracked 
|   4|0x0000000080400000, 0x0000000080500000, 0x0000000080500000|100%| O|  |TAMS 0x0000000080500000, 0x0000000080400000| Untracked 
|   5|0x0000000080500000, 0x0000000080600000, 0x0000000080600000|100%| O|  |TAMS 0x0000000080600000, 0x0000000080500000| Untracked 
|   6|0x0000000080600000, 0x0000000080700000, 0x0000000080700000|100%|HS|  |TAMS 0x0000000080700000, 0x0000000080600000| Complete 
|   7|0x0000000080700000, 0x0000000080800000, 0x0000000080800000|100%| O|  |TAMS 0x0000000080800000, 0x0000000080700000| Untracked 
|   8|0x0000000080800000, 0x0000000080900000, 0x0000000080900000|100%| O|  |TAMS 0x0000000080900000, 0x0000000080800000| Untracked 
|   9|0x0000000080900000, 0x0000000080a00000, 0x0000000080a00000|100%| O|  |TAMS 0x0000000080a00000, 0x0000000080900000| Untracked 
|  10|0x0000000080a00000, 0x0000000080b00000, 0x0000000080b00000|100%| O|  |TAMS 0x0000000080b00000, 0x0000000080a00000| Untracked 
|  11|0x0000000080b00000, 0x0000000080c00000, 0x0000000080c00000|100%| O|  |TAMS 0x0000000080c00000, 0x0000000080b00000| Untracked 
|  12|0x0000000080c00000, 0x0000000080d00000, 0x0000000080d00000|100%| O|  |TAMS 0x0000000080d00000, 0x0000000080c00000| Untracked 
|  13|0x0000000080d00000, 0x0000000080e00000, 0x0000000080e00000|100%| O|  |TAMS 0x0000000080e00000, 0x0000000080d00000| Untracked 
|  14|0x0000000080e00000, 0x0000000080f00000, 0x0000000080f00000|100%| O|  |TAMS 0x0000000080f00000, 0x0000000080e00000| Untracked 
|  15|0x0000000080f00000, 0x0000000081000000, 0x0000000081000000|100%| O|  |TAMS 0x0000000081000000, 0x0000000080f00000| Untracked 
|  16|0x0000000081000000, 0x0000000081100000, 0x0000000081100000|100%| O|  |TAMS 0x0000000081100000, 0x0000000081000000| Untracked 
|  17|0x0000000081100000, 0x0000000081200000, 0x0000000081200000|100%| O|  |TAMS 0x0000000081200000, 0x0000000081100000| Untracked 
|  18|0x0000000081200000, 0x0000000081300000, 0x0000000081300000|100%| O|  |TAMS 0x0000000081300000, 0x0000000081200000| Untracked 
|  19|0x0000000081300000, 0x0000000081400000, 0x0000000081400000|100%| O|  |TAMS 0x0000000081400000, 0x0000000081300000| Untracked 
|  20|0x0000000081400000, 0x0000000081500000, 0x0000000081500000|100%| O|  |TAMS 0x0000000081500000, 0x0000000081400000| Untracked 
|  21|0x0000000081500000, 0x0000000081600000, 0x0000000081600000|100%| O|  |TAMS 0x0000000081600000, 0x0000000081500000| Untracked 
|  22|0x0000000081600000, 0x0000000081700000, 0x0000000081700000|100%| O|  |TAMS 0x0000000081700000, 0x0000000081600000| Untracked 
|  23|0x0000000081700000, 0x0000000081800000, 0x0000000081800000|100%| O|  |TAMS 0x0000000081800000, 0x0000000081700000| Untracked 
|  24|0x0000000081800000, 0x0000000081900000, 0x0000000081900000|100%| O|  |TAMS 0x0000000081900000, 0x0000000081800000| Complete 
|  25|0x0000000081900000, 0x0000000081a00000, 0x0000000081a00000|100%| O|  |TAMS 0x0000000081a00000, 0x0000000081900000| Untracked 
|  26|0x0000000081a00000, 0x0000000081b00000, 0x0000000081b00000|100%| O|  |TAMS 0x0000000081b00000, 0x0000000081a00000| Untracked 
|  27|0x0000000081b00000, 0x0000000081c00000, 0x0000000081c00000|100%| O|  |TAMS 0x0000000081c00000, 0x0000000081b00000| Untracked 
|  28|0x0000000081c00000, 0x0000000081d00000, 0x0000000081d00000|100%| O|  |TAMS 0x0000000081d00000, 0x0000000081c00000| Untracked 
|  29|0x0000000081d00000, 0x0000000081e00000, 0x0000000081e00000|100%| O|  |TAMS 0x0000000081e00000, 0x0000000081d00000| Untracked 
|  30|0x0000000081e00000, 0x0000000081f00000, 0x0000000081f00000|100%| O|  |TAMS 0x0000000081f00000, 0x0000000081e00000| Untracked 
|  31|0x0000000081f00000, 0x0000000082000000, 0x0000000082000000|100%| O|  |TAMS 0x0000000082000000, 0x0000000081f00000| Untracked 
|  32|0x0000000082000000, 0x0000000082100000, 0x0000000082100000|100%| O|  |TAMS 0x0000000082100000, 0x0000000082000000| Untracked 
|  33|0x0000000082100000, 0x0000000082200000, 0x0000000082200000|100%| O|  |TAMS 0x0000000082200000, 0x0000000082100000| Untracked 
|  34|0x0000000082200000, 0x0000000082300000, 0x0000000082300000|100%| O|  |TAMS 0x0000000082300000, 0x0000000082200000| Untracked 
|  35|0x0000000082300000, 0x0000000082400000, 0x0000000082400000|100%| O|  |TAMS 0x0000000082400000, 0x0000000082300000| Untracked 
|  36|0x0000000082400000, 0x0000000082500000, 0x0000000082500000|100%| O|  |TAMS 0x0000000082500000, 0x0000000082400000| Untracked 
|  37|0x0000000082500000, 0x0000000082600000, 0x0000000082600000|100%| O|  |TAMS 0x0000000082600000, 0x0000000082500000| Untracked 
|  38|0x0000000082600000, 0x0000000082700000, 0x0000000082700000|100%| O|  |TAMS 0x0000000082700000, 0x0000000082600000| Untracked 
|  39|0x0000000082700000, 0x0000000082800000, 0x0000000082800000|100%| O|  |TAMS 0x0000000082800000, 0x0000000082700000| Untracked 
|  40|0x0000000082800000, 0x0000000082900000, 0x0000000082900000|100%| O|  |TAMS 0x0000000082900000, 0x0000000082800000| Untracked 
|  41|0x0000000082900000, 0x0000000082a00000, 0x0000000082a00000|100%|HS|  |TAMS 0x0000000082a00000, 0x0000000082900000| Complete 
|  42|0x0000000082a00000, 0x0000000082b00000, 0x0000000082b00000|100%|HC|  |TAMS 0x0000000082b00000, 0x0000000082a00000| Complete 
|  43|0x0000000082b00000, 0x0000000082c00000, 0x0000000082c00000|100%|HC|  |TAMS 0x0000000082c00000, 0x0000000082b00000| Complete 
|  44|0x0000000082c00000, 0x0000000082d00000, 0x0000000082d00000|100%|HS|  |TAMS 0x0000000082d00000, 0x0000000082c00000| Complete 
|  45|0x0000000082d00000, 0x0000000082e00000, 0x0000000082e00000|100%|HC|  |TAMS 0x0000000082e00000, 0x0000000082d00000| Complete 
|  46|0x0000000082e00000, 0x0000000082f00000, 0x0000000082f00000|100%|HC|  |TAMS 0x0000000082f00000, 0x0000000082e00000| Complete 
|  47|0x0000000082f00000, 0x0000000083000000, 0x0000000083000000|100%| O|  |TAMS 0x0000000083000000, 0x0000000082f00000| Untracked 
|  48|0x0000000083000000, 0x0000000083100000, 0x0000000083100000|100%| O|  |TAMS 0x0000000083100000, 0x0000000083000000| Untracked 
|  49|0x0000000083100000, 0x0000000083200000, 0x0000000083200000|100%| O|  |TAMS 0x0000000083200000, 0x0000000083100000| Untracked 
|  50|0x0000000083200000, 0x0000000083300000, 0x0000000083300000|100%| O|  |TAMS 0x0000000083300000, 0x0000000083200000| Untracked 
|  51|0x0000000083300000, 0x0000000083400000, 0x0000000083400000|100%| O|  |TAMS 0x0000000083400000, 0x0000000083300000| Untracked 
|  52|0x0000000083400000, 0x0000000083500000, 0x0000000083500000|100%| O|  |TAMS 0x0000000083500000, 0x0000000083400000| Untracked 
|  53|0x0000000083500000, 0x0000000083600000, 0x0000000083600000|100%| O|  |TAMS 0x0000000083600000, 0x0000000083500000| Untracked 
|  54|0x0000000083600000, 0x0000000083700000, 0x0000000083700000|100%| O|  |TAMS 0x0000000083700000, 0x0000000083600000| Untracked 
|  55|0x0000000083700000, 0x0000000083800000, 0x0000000083800000|100%| O|  |TAMS 0x0000000083800000, 0x0000000083700000| Untracked 
|  56|0x0000000083800000, 0x0000000083900000, 0x0000000083900000|100%| O|  |TAMS 0x0000000083900000, 0x0000000083800000| Untracked 
|  57|0x0000000083900000, 0x0000000083a00000, 0x0000000083a00000|100%| O|  |TAMS 0x0000000083a00000, 0x0000000083900000| Untracked 
|  58|0x0000000083a00000, 0x0000000083b00000, 0x0000000083b00000|100%| O|  |TAMS 0x0000000083b00000, 0x0000000083a00000| Untracked 
|  59|0x0000000083b00000, 0x0000000083c00000, 0x0000000083c00000|100%| O|  |TAMS 0x0000000083c00000, 0x0000000083b00000| Untracked 
|  60|0x0000000083c00000, 0x0000000083d00000, 0x0000000083d00000|100%| O|  |TAMS 0x0000000083d00000, 0x0000000083c00000| Untracked 
|  61|0x0000000083d00000, 0x0000000083e00000, 0x0000000083e00000|100%|HS|  |TAMS 0x0000000083e00000, 0x0000000083d00000| Complete 
|  62|0x0000000083e00000, 0x0000000083f00000, 0x0000000083f00000|100%| O|  |TAMS 0x0000000083f00000, 0x0000000083e00000| Untracked 
|  63|0x0000000083f00000, 0x0000000084000000, 0x0000000084000000|100%|HS|  |TAMS 0x0000000084000000, 0x0000000083f00000| Complete 
|  64|0x0000000084000000, 0x0000000084100000, 0x0000000084100000|100%|HS|  |TAMS 0x0000000084100000, 0x0000000084000000| Complete 
|  65|0x0000000084100000, 0x0000000084200000, 0x0000000084200000|100%| O|  |TAMS 0x0000000084200000, 0x0000000084100000| Untracked 
|  66|0x0000000084200000, 0x0000000084300000, 0x0000000084300000|100%| O|  |TAMS 0x0000000084300000, 0x0000000084200000| Untracked 
|  67|0x0000000084300000, 0x0000000084400000, 0x0000000084400000|100%| O|  |TAMS 0x0000000084400000, 0x0000000084300000| Untracked 
|  68|0x0000000084400000, 0x0000000084500000, 0x0000000084500000|100%|HS|  |TAMS 0x0000000084500000, 0x0000000084400000| Complete 
|  69|0x0000000084500000, 0x0000000084600000, 0x0000000084600000|100%| O|  |TAMS 0x0000000084600000, 0x0000000084500000| Untracked 
|  70|0x0000000084600000, 0x0000000084700000, 0x0000000084700000|100%| O|  |TAMS 0x0000000084700000, 0x0000000084600000| Untracked 
|  71|0x0000000084700000, 0x0000000084800000, 0x0000000084800000|100%| O|  |TAMS 0x0000000084800000, 0x0000000084700000| Untracked 
|  72|0x0000000084800000, 0x0000000084900000, 0x0000000084900000|100%| O|  |TAMS 0x0000000084900000, 0x0000000084800000| Complete 
|  73|0x0000000084900000, 0x0000000084a00000, 0x0000000084a00000|100%| O|  |TAMS 0x0000000084a00000, 0x0000000084900000| Complete 
|  74|0x0000000084a00000, 0x0000000084b00000, 0x0000000084b00000|100%| O|  |TAMS 0x0000000084b00000, 0x0000000084a00000| Untracked 
|  75|0x0000000084b00000, 0x0000000084c00000, 0x0000000084c00000|100%| O|  |TAMS 0x0000000084c00000, 0x0000000084b00000| Untracked 
|  76|0x0000000084c00000, 0x0000000084d00000, 0x0000000084d00000|100%| O|  |TAMS 0x0000000084d00000, 0x0000000084c00000| Untracked 
|  77|0x0000000084d00000, 0x0000000084e00000, 0x0000000084e00000|100%| O|  |TAMS 0x0000000084e00000, 0x0000000084d00000| Untracked 
|  78|0x0000000084e00000, 0x0000000084f00000, 0x0000000084f00000|100%| O|  |TAMS 0x0000000084f00000, 0x0000000084e00000| Untracked 
|  79|0x0000000084f00000, 0x0000000085000000, 0x0000000085000000|100%| O|  |TAMS 0x0000000085000000, 0x0000000084f00000| Untracked 
|  80|0x0000000085000000, 0x0000000085100000, 0x0000000085100000|100%| O|  |TAMS 0x0000000085100000, 0x0000000085000000| Untracked 
|  81|0x0000000085100000, 0x0000000085200000, 0x0000000085200000|100%| O|  |TAMS 0x0000000085200000, 0x0000000085100000| Untracked 
|  82|0x0000000085200000, 0x0000000085300000, 0x0000000085300000|100%| O|  |TAMS 0x0000000085300000, 0x0000000085200000| Complete 
|  83|0x0000000085300000, 0x0000000085400000, 0x0000000085400000|100%| O|  |TAMS 0x0000000085400000, 0x0000000085300000| Untracked 
|  84|0x0000000085400000, 0x0000000085500000, 0x0000000085500000|100%|HS|  |TAMS 0x0000000085500000, 0x0000000085400000| Complete 
|  85|0x0000000085500000, 0x0000000085600000, 0x0000000085600000|100%|HS|  |TAMS 0x0000000085600000, 0x0000000085500000| Complete 
|  86|0x0000000085600000, 0x0000000085700000, 0x0000000085700000|100%| O|  |TAMS 0x0000000085700000, 0x0000000085600000| Untracked 
|  87|0x0000000085700000, 0x0000000085800000, 0x0000000085800000|100%| O|  |TAMS 0x0000000085800000, 0x0000000085700000| Complete 
|  88|0x0000000085800000, 0x0000000085900000, 0x0000000085900000|100%| O|  |TAMS 0x0000000085900000, 0x0000000085800000| Complete 
|  89|0x0000000085900000, 0x0000000085a00000, 0x0000000085a00000|100%| O|  |TAMS 0x0000000085a00000, 0x0000000085900000| Untracked 
|  90|0x0000000085a00000, 0x0000000085b00000, 0x0000000085b00000|100%| O|  |TAMS 0x0000000085b00000, 0x0000000085a00000| Untracked 
|  91|0x0000000085b00000, 0x0000000085c00000, 0x0000000085c00000|100%| O|  |TAMS 0x0000000085c00000, 0x0000000085b00000| Untracked 
|  92|0x0000000085c00000, 0x0000000085d00000, 0x0000000085d00000|100%| O|  |TAMS 0x0000000085d00000, 0x0000000085c00000| Untracked 
|  93|0x0000000085d00000, 0x0000000085e00000, 0x0000000085e00000|100%| O|  |TAMS 0x0000000085e00000, 0x0000000085d00000| Untracked 
|  94|0x0000000085e00000, 0x0000000085f00000, 0x0000000085f00000|100%| O|  |TAMS 0x0000000085f00000, 0x0000000085e00000| Untracked 
|  95|0x0000000085f00000, 0x0000000086000000, 0x0000000086000000|100%| O|  |TAMS 0x0000000086000000, 0x0000000085f00000| Untracked 
|  96|0x0000000086000000, 0x0000000086100000, 0x0000000086100000|100%| O|  |TAMS 0x0000000086100000, 0x0000000086000000| Untracked 
|  97|0x0000000086100000, 0x0000000086200000, 0x0000000086200000|100%| O|  |TAMS 0x0000000086200000, 0x0000000086100000| Untracked 
|  98|0x0000000086200000, 0x0000000086300000, 0x0000000086300000|100%| O|  |TAMS 0x0000000086300000, 0x0000000086200000| Untracked 
|  99|0x0000000086300000, 0x0000000086400000, 0x0000000086400000|100%|HS|  |TAMS 0x0000000086400000, 0x0000000086300000| Complete 
| 100|0x0000000086400000, 0x0000000086500000, 0x0000000086500000|100%| O|  |TAMS 0x0000000086500000, 0x0000000086400000| Untracked 
| 101|0x0000000086500000, 0x0000000086600000, 0x0000000086600000|100%| O|  |TAMS 0x0000000086600000, 0x0000000086500000| Untracked 
| 102|0x0000000086600000, 0x0000000086700000, 0x0000000086700000|100%|HS|  |TAMS 0x0000000086700000, 0x0000000086600000| Complete 
| 103|0x0000000086700000, 0x0000000086800000, 0x0000000086800000|100%|HC|  |TAMS 0x0000000086800000, 0x0000000086700000| Complete 
| 104|0x0000000086800000, 0x0000000086900000, 0x0000000086900000|100%|HC|  |TAMS 0x0000000086900000, 0x0000000086800000| Complete 
| 105|0x0000000086900000, 0x0000000086a00000, 0x0000000086a00000|100%| O|  |TAMS 0x0000000086a00000, 0x0000000086900000| Untracked 
| 106|0x0000000086a00000, 0x0000000086b00000, 0x0000000086b00000|100%| O|  |TAMS 0x0000000086b00000, 0x0000000086a00000| Untracked 
| 107|0x0000000086b00000, 0x0000000086c00000, 0x0000000086c00000|100%| O|  |TAMS 0x0000000086c00000, 0x0000000086b00000| Untracked 
| 108|0x0000000086c00000, 0x0000000086d00000, 0x0000000086d00000|100%| O|  |TAMS 0x0000000086d00000, 0x0000000086c00000| Untracked 
| 109|0x0000000086d00000, 0x0000000086e00000, 0x0000000086e00000|100%| O|  |TAMS 0x0000000086e00000, 0x0000000086d00000| Untracked 
| 110|0x0000000086e00000, 0x0000000086f00000, 0x0000000086f00000|100%| O|  |TAMS 0x0000000086f00000, 0x0000000086e00000| Untracked 
| 111|0x0000000086f00000, 0x0000000087000000, 0x0000000087000000|100%| O|  |TAMS 0x0000000087000000, 0x0000000086f00000| Untracked 
| 112|0x0000000087000000, 0x0000000087100000, 0x0000000087100000|100%| O|  |TAMS 0x0000000087100000, 0x0000000087000000| Untracked 
| 113|0x0000000087100000, 0x0000000087200000, 0x0000000087200000|100%| O|  |TAMS 0x0000000087200000, 0x0000000087100000| Untracked 
| 114|0x0000000087200000, 0x0000000087300000, 0x0000000087300000|100%| O|  |TAMS 0x0000000087300000, 0x0000000087200000| Untracked 
| 115|0x0000000087300000, 0x0000000087400000, 0x0000000087400000|100%| O|  |TAMS 0x0000000087400000, 0x0000000087300000| Untracked 
| 116|0x0000000087400000, 0x0000000087500000, 0x0000000087500000|100%| O|  |TAMS 0x0000000087500000, 0x0000000087400000| Untracked 
| 117|0x0000000087500000, 0x0000000087600000, 0x0000000087600000|100%| O|  |TAMS 0x0000000087600000, 0x0000000087500000| Untracked 
| 118|0x0000000087600000, 0x0000000087700000, 0x0000000087700000|100%| O|  |TAMS 0x0000000087700000, 0x0000000087600000| Untracked 
| 119|0x0000000087700000, 0x0000000087800000, 0x0000000087800000|100%| O|  |TAMS 0x0000000087800000, 0x0000000087700000| Untracked 
| 120|0x0000000087800000, 0x0000000087900000, 0x0000000087900000|100%| O|  |TAMS 0x0000000087900000, 0x0000000087800000| Untracked 
| 121|0x0000000087900000, 0x0000000087a00000, 0x0000000087a00000|100%| O|  |TAMS 0x0000000087a00000, 0x0000000087900000| Untracked 
| 122|0x0000000087a00000, 0x0000000087b00000, 0x0000000087b00000|100%| O|  |TAMS 0x0000000087b00000, 0x0000000087a00000| Untracked 
| 123|0x0000000087b00000, 0x0000000087c00000, 0x0000000087c00000|100%| O|  |TAMS 0x0000000087c00000, 0x0000000087b00000| Complete 
| 124|0x0000000087c00000, 0x0000000087d00000, 0x0000000087d00000|100%| O|  |TAMS 0x0000000087d00000, 0x0000000087c00000| Complete 
| 125|0x0000000087d00000, 0x0000000087e00000, 0x0000000087e00000|100%| O|  |TAMS 0x0000000087e00000, 0x0000000087d00000| Untracked 
| 126|0x0000000087e00000, 0x0000000087f00000, 0x0000000087f00000|100%| O|  |TAMS 0x0000000087f00000, 0x0000000087e00000| Complete 
| 127|0x0000000087f00000, 0x0000000088000000, 0x0000000088000000|100%| O|  |TAMS 0x0000000088000000, 0x0000000087f00000| Untracked 
| 128|0x0000000088000000, 0x0000000088100000, 0x0000000088100000|100%| O|  |TAMS 0x0000000088100000, 0x0000000088000000| Untracked 
| 129|0x0000000088100000, 0x0000000088200000, 0x0000000088200000|100%| O|  |TAMS 0x0000000088200000, 0x0000000088100000| Untracked 
| 130|0x0000000088200000, 0x0000000088300000, 0x0000000088300000|100%| O|  |TAMS 0x0000000088300000, 0x0000000088200000| Untracked 
| 131|0x0000000088300000, 0x0000000088400000, 0x0000000088400000|100%| O|  |TAMS 0x0000000088400000, 0x0000000088300000| Untracked 
| 132|0x0000000088400000, 0x0000000088500000, 0x0000000088500000|100%| O|  |TAMS 0x0000000088500000, 0x0000000088400000| Untracked 
| 133|0x0000000088500000, 0x0000000088600000, 0x0000000088600000|100%| O|  |TAMS 0x0000000088600000, 0x0000000088500000| Untracked 
| 134|0x0000000088600000, 0x0000000088700000, 0x0000000088700000|100%| O|  |TAMS 0x0000000088700000, 0x0000000088600000| Untracked 
| 135|0x0000000088700000, 0x0000000088800000, 0x0000000088800000|100%| O|  |TAMS 0x0000000088800000, 0x0000000088700000| Untracked 
| 136|0x0000000088800000, 0x0000000088900000, 0x0000000088900000|100%|HS|  |TAMS 0x0000000088900000, 0x0000000088800000| Complete 
| 137|0x0000000088900000, 0x0000000088a00000, 0x0000000088a00000|100%|HS|  |TAMS 0x0000000088a00000, 0x0000000088900000| Complete 
| 138|0x0000000088a00000, 0x0000000088b00000, 0x0000000088b00000|100%|HS|  |TAMS 0x0000000088b00000, 0x0000000088a00000| Complete 
| 139|0x0000000088b00000, 0x0000000088c00000, 0x0000000088c00000|100%| O|  |TAMS 0x0000000088c00000, 0x0000000088b00000| Untracked 
| 140|0x0000000088c00000, 0x0000000088d00000, 0x0000000088d00000|100%| O|  |TAMS 0x0000000088d00000, 0x0000000088c00000| Complete 
| 141|0x0000000088d00000, 0x0000000088e00000, 0x0000000088e00000|100%| O|  |TAMS 0x0000000088e00000, 0x0000000088d00000| Untracked 
| 142|0x0000000088e00000, 0x0000000088f00000, 0x0000000088f00000|100%| O|  |TAMS 0x0000000088f00000, 0x0000000088e00000| Untracked 
| 143|0x0000000088f00000, 0x0000000089000000, 0x0000000089000000|100%| O|  |TAMS 0x0000000089000000, 0x0000000088f00000| Untracked 
| 144|0x0000000089000000, 0x0000000089100000, 0x0000000089100000|100%| O|  |TAMS 0x0000000089100000, 0x0000000089000000| Untracked 
| 145|0x0000000089100000, 0x0000000089200000, 0x0000000089200000|100%| O|  |TAMS 0x0000000089200000, 0x0000000089100000| Untracked 
| 146|0x0000000089200000, 0x0000000089300000, 0x0000000089300000|100%| O|  |TAMS 0x0000000089300000, 0x0000000089200000| Untracked 
| 147|0x0000000089300000, 0x0000000089400000, 0x0000000089400000|100%| O|  |TAMS 0x0000000089400000, 0x0000000089300000| Untracked 
| 148|0x0000000089400000, 0x0000000089500000, 0x0000000089500000|100%| O|  |TAMS 0x0000000089500000, 0x0000000089400000| Untracked 
| 149|0x0000000089500000, 0x0000000089600000, 0x0000000089600000|100%| O|  |TAMS 0x0000000089600000, 0x0000000089500000| Untracked 
| 150|0x0000000089600000, 0x0000000089700000, 0x0000000089700000|100%| O|  |TAMS 0x0000000089700000, 0x0000000089600000| Untracked 
| 151|0x0000000089700000, 0x0000000089800000, 0x0000000089800000|100%| O|  |TAMS 0x0000000089800000, 0x0000000089700000| Untracked 
| 152|0x0000000089800000, 0x0000000089900000, 0x0000000089900000|100%| O|  |TAMS 0x0000000089900000, 0x0000000089800000| Untracked 
| 153|0x0000000089900000, 0x0000000089a00000, 0x0000000089a00000|100%| O|  |TAMS 0x0000000089a00000, 0x0000000089900000| Complete 
| 154|0x0000000089a00000, 0x0000000089b00000, 0x0000000089b00000|100%| O|  |TAMS 0x0000000089b00000, 0x0000000089a00000| Untracked 
| 155|0x0000000089b00000, 0x0000000089c00000, 0x0000000089c00000|100%| O|  |TAMS 0x0000000089c00000, 0x0000000089b00000| Untracked 
| 156|0x0000000089c00000, 0x0000000089d00000, 0x0000000089d00000|100%| O|  |TAMS 0x0000000089d00000, 0x0000000089c00000| Untracked 
| 157|0x0000000089d00000, 0x0000000089e00000, 0x0000000089e00000|100%| O|  |TAMS 0x0000000089e00000, 0x0000000089d00000| Untracked 
| 158|0x0000000089e00000, 0x0000000089f00000, 0x0000000089f00000|100%| O|  |TAMS 0x0000000089f00000, 0x0000000089e00000| Complete 
| 159|0x0000000089f00000, 0x000000008a000000, 0x000000008a000000|100%| O|  |TAMS 0x000000008a000000, 0x0000000089f00000| Untracked 
| 160|0x000000008a000000, 0x000000008a100000, 0x000000008a100000|100%| O|  |TAMS 0x000000008a100000, 0x000000008a000000| Untracked 
| 161|0x000000008a100000, 0x000000008a200000, 0x000000008a200000|100%|HS|  |TAMS 0x000000008a200000, 0x000000008a100000| Complete 
| 162|0x000000008a200000, 0x000000008a300000, 0x000000008a300000|100%|HS|  |TAMS 0x000000008a300000, 0x000000008a200000| Complete 
| 163|0x000000008a300000, 0x000000008a400000, 0x000000008a400000|100%|HS|  |TAMS 0x000000008a400000, 0x000000008a300000| Complete 
| 164|0x000000008a400000, 0x000000008a500000, 0x000000008a500000|100%| O|  |TAMS 0x000000008a500000, 0x000000008a400000| Untracked 
| 165|0x000000008a500000, 0x000000008a600000, 0x000000008a600000|100%| O|  |TAMS 0x000000008a600000, 0x000000008a500000| Untracked 
| 166|0x000000008a600000, 0x000000008a700000, 0x000000008a700000|100%| O|  |TAMS 0x000000008a700000, 0x000000008a600000| Complete 
| 167|0x000000008a700000, 0x000000008a800000, 0x000000008a800000|100%| O|  |TAMS 0x000000008a800000, 0x000000008a700000| Complete 
| 168|0x000000008a800000, 0x000000008a900000, 0x000000008a900000|100%| O|  |TAMS 0x000000008a900000, 0x000000008a800000| Untracked 
| 169|0x000000008a900000, 0x000000008aa00000, 0x000000008aa00000|100%| O|  |TAMS 0x000000008aa00000, 0x000000008a900000| Untracked 
| 170|0x000000008aa00000, 0x000000008ab00000, 0x000000008ab00000|100%| O|  |TAMS 0x000000008ab00000, 0x000000008aa00000| Untracked 
| 171|0x000000008ab00000, 0x000000008ac00000, 0x000000008ac00000|100%| O|  |TAMS 0x000000008ac00000, 0x000000008ab00000| Untracked 
| 172|0x000000008ac00000, 0x000000008ad00000, 0x000000008ad00000|100%| O|  |TAMS 0x000000008ad00000, 0x000000008ac00000| Untracked 
| 173|0x000000008ad00000, 0x000000008ae00000, 0x000000008ae00000|100%| O|  |TAMS 0x000000008ae00000, 0x000000008ad00000| Untracked 
| 174|0x000000008ae00000, 0x000000008af00000, 0x000000008af00000|100%| O|  |TAMS 0x000000008af00000, 0x000000008ae00000| Untracked 
| 175|0x000000008af00000, 0x000000008b000000, 0x000000008b000000|100%| O|  |TAMS 0x000000008b000000, 0x000000008af00000| Untracked 
| 176|0x000000008b000000, 0x000000008b100000, 0x000000008b100000|100%| O|  |TAMS 0x000000008b100000, 0x000000008b000000| Untracked 
| 177|0x000000008b100000, 0x000000008b200000, 0x000000008b200000|100%| O|  |TAMS 0x000000008b200000, 0x000000008b100000| Untracked 
| 178|0x000000008b200000, 0x000000008b300000, 0x000000008b300000|100%| O|  |TAMS 0x000000008b300000, 0x000000008b200000| Untracked 
| 179|0x000000008b300000, 0x000000008b400000, 0x000000008b400000|100%| O|  |TAMS 0x000000008b400000, 0x000000008b300000| Untracked 
| 180|0x000000008b400000, 0x000000008b500000, 0x000000008b500000|100%|HS|  |TAMS 0x000000008b500000, 0x000000008b400000| Complete 
| 181|0x000000008b500000, 0x000000008b600000, 0x000000008b600000|100%|HS|  |TAMS 0x000000008b600000, 0x000000008b500000| Complete 
| 182|0x000000008b600000, 0x000000008b700000, 0x000000008b700000|100%| O|  |TAMS 0x000000008b700000, 0x000000008b600000| Untracked 
| 183|0x000000008b700000, 0x000000008b800000, 0x000000008b800000|100%| O|  |TAMS 0x000000008b800000, 0x000000008b700000| Untracked 
| 184|0x000000008b800000, 0x000000008b900000, 0x000000008b900000|100%| O|  |TAMS 0x000000008b900000, 0x000000008b800000| Untracked 
| 185|0x000000008b900000, 0x000000008ba00000, 0x000000008ba00000|100%| O|  |TAMS 0x000000008ba00000, 0x000000008b900000| Untracked 
| 186|0x000000008ba00000, 0x000000008bb00000, 0x000000008bb00000|100%| O|  |TAMS 0x000000008bb00000, 0x000000008ba00000| Untracked 
| 187|0x000000008bb00000, 0x000000008bc00000, 0x000000008bc00000|100%| O|  |TAMS 0x000000008bc00000, 0x000000008bb00000| Untracked 
| 188|0x000000008bc00000, 0x000000008bd00000, 0x000000008bd00000|100%| O|  |TAMS 0x000000008bd00000, 0x000000008bc00000| Untracked 
| 189|0x000000008bd00000, 0x000000008be00000, 0x000000008be00000|100%| O|  |TAMS 0x000000008be00000, 0x000000008bd00000| Untracked 
| 190|0x000000008be00000, 0x000000008bf00000, 0x000000008bf00000|100%| O|  |TAMS 0x000000008bf00000, 0x000000008be00000| Untracked 
| 191|0x000000008bf00000, 0x000000008c000000, 0x000000008c000000|100%| O|  |TAMS 0x000000008c000000, 0x000000008bf00000| Untracked 
| 192|0x000000008c000000, 0x000000008c100000, 0x000000008c100000|100%|HS|  |TAMS 0x000000008c100000, 0x000000008c000000| Complete 
| 193|0x000000008c100000, 0x000000008c200000, 0x000000008c200000|100%|HS|  |TAMS 0x000000008c200000, 0x000000008c100000| Complete 
| 194|0x000000008c200000, 0x000000008c300000, 0x000000008c300000|100%| O|  |TAMS 0x000000008c300000, 0x000000008c200000| Untracked 
| 195|0x000000008c300000, 0x000000008c400000, 0x000000008c400000|100%| O|  |TAMS 0x000000008c400000, 0x000000008c300000| Untracked 
| 196|0x000000008c400000, 0x000000008c500000, 0x000000008c500000|100%| O|  |TAMS 0x000000008c500000, 0x000000008c400000| Untracked 
| 197|0x000000008c500000, 0x000000008c600000, 0x000000008c600000|100%| O|  |TAMS 0x000000008c600000, 0x000000008c500000| Untracked 
| 198|0x000000008c600000, 0x000000008c700000, 0x000000008c700000|100%| O|  |TAMS 0x000000008c700000, 0x000000008c600000| Untracked 
| 199|0x000000008c700000, 0x000000008c800000, 0x000000008c800000|100%| O|  |TAMS 0x000000008c800000, 0x000000008c700000| Complete 
| 200|0x000000008c800000, 0x000000008c900000, 0x000000008c900000|100%| O|  |TAMS 0x000000008c900000, 0x000000008c800000| Untracked 
| 201|0x000000008c900000, 0x000000008ca00000, 0x000000008ca00000|100%| O|  |TAMS 0x000000008ca00000, 0x000000008c900000| Untracked 
| 202|0x000000008ca00000, 0x000000008cb00000, 0x000000008cb00000|100%| O|  |TAMS 0x000000008cb00000, 0x000000008ca00000| Untracked 
| 203|0x000000008cb00000, 0x000000008cc00000, 0x000000008cc00000|100%| O|  |TAMS 0x000000008cc00000, 0x000000008cb00000| Untracked 
| 204|0x000000008cc00000, 0x000000008cd00000, 0x000000008cd00000|100%| O|  |TAMS 0x000000008cd00000, 0x000000008cc00000| Complete 
| 205|0x000000008cd00000, 0x000000008ce00000, 0x000000008ce00000|100%| O|  |TAMS 0x000000008ce00000, 0x000000008cd00000| Complete 
| 206|0x000000008ce00000, 0x000000008cf00000, 0x000000008cf00000|100%| O|  |TAMS 0x000000008cf00000, 0x000000008ce00000| Complete 
| 207|0x000000008cf00000, 0x000000008d000000, 0x000000008d000000|100%| O|  |TAMS 0x000000008d000000, 0x000000008cf00000| Complete 
| 208|0x000000008d000000, 0x000000008d100000, 0x000000008d100000|100%| O|  |TAMS 0x000000008d100000, 0x000000008d000000| Untracked 
| 209|0x000000008d100000, 0x000000008d200000, 0x000000008d200000|100%| O|  |TAMS 0x000000008d200000, 0x000000008d100000| Untracked 
| 210|0x000000008d200000, 0x000000008d300000, 0x000000008d300000|100%| O|  |TAMS 0x000000008d300000, 0x000000008d200000| Untracked 
| 211|0x000000008d300000, 0x000000008d400000, 0x000000008d400000|100%| O|  |TAMS 0x000000008d400000, 0x000000008d300000| Untracked 
| 212|0x000000008d400000, 0x000000008d500000, 0x000000008d500000|100%| O|  |TAMS 0x000000008d500000, 0x000000008d400000| Untracked 
| 213|0x000000008d500000, 0x000000008d600000, 0x000000008d600000|100%| O|  |TAMS 0x000000008d600000, 0x000000008d500000| Untracked 
| 214|0x000000008d600000, 0x000000008d700000, 0x000000008d700000|100%| O|  |TAMS 0x000000008d700000, 0x000000008d600000| Untracked 
| 215|0x000000008d700000, 0x000000008d800000, 0x000000008d800000|100%| O|  |TAMS 0x000000008d800000, 0x000000008d700000| Untracked 
| 216|0x000000008d800000, 0x000000008d900000, 0x000000008d900000|100%| O|  |TAMS 0x000000008d900000, 0x000000008d800000| Untracked 
| 217|0x000000008d900000, 0x000000008da00000, 0x000000008da00000|100%| O|  |TAMS 0x000000008da00000, 0x000000008d900000| Untracked 
| 218|0x000000008da00000, 0x000000008db00000, 0x000000008db00000|100%| O|  |TAMS 0x000000008db00000, 0x000000008da00000| Untracked 
| 219|0x000000008db00000, 0x000000008dc00000, 0x000000008dc00000|100%| O|  |TAMS 0x000000008dc00000, 0x000000008db00000| Untracked 
| 220|0x000000008dc00000, 0x000000008dd00000, 0x000000008dd00000|100%|HS|  |TAMS 0x000000008dd00000, 0x000000008dc00000| Complete 
| 221|0x000000008dd00000, 0x000000008de00000, 0x000000008de00000|100%|HS|  |TAMS 0x000000008de00000, 0x000000008dd00000| Complete 
| 222|0x000000008de00000, 0x000000008df00000, 0x000000008df00000|100%| O|  |TAMS 0x000000008df00000, 0x000000008de00000| Untracked 
| 223|0x000000008df00000, 0x000000008e000000, 0x000000008e000000|100%|HS|  |TAMS 0x000000008e000000, 0x000000008df00000| Complete 
| 224|0x000000008e000000, 0x000000008e100000, 0x000000008e100000|100%|HC|  |TAMS 0x000000008e100000, 0x000000008e000000| Complete 
| 225|0x000000008e100000, 0x000000008e200000, 0x000000008e200000|100%| O|  |TAMS 0x000000008e200000, 0x000000008e100000| Untracked 
| 226|0x000000008e200000, 0x000000008e300000, 0x000000008e300000|100%| O|  |TAMS 0x000000008e300000, 0x000000008e200000| Untracked 
| 227|0x000000008e300000, 0x000000008e400000, 0x000000008e400000|100%| O|  |TAMS 0x000000008e400000, 0x000000008e300000| Untracked 
| 228|0x000000008e400000, 0x000000008e500000, 0x000000008e500000|100%| O|  |TAMS 0x000000008e500000, 0x000000008e400000| Complete 
| 229|0x000000008e500000, 0x000000008e600000, 0x000000008e600000|100%| O|  |TAMS 0x000000008e600000, 0x000000008e500000| Untracked 
| 230|0x000000008e600000, 0x000000008e700000, 0x000000008e700000|100%| O|  |TAMS 0x000000008e700000, 0x000000008e600000| Untracked 
| 231|0x000000008e700000, 0x000000008e800000, 0x000000008e800000|100%| O|  |TAMS 0x000000008e800000, 0x000000008e700000| Untracked 
| 232|0x000000008e800000, 0x000000008e900000, 0x000000008e900000|100%| O|  |TAMS 0x000000008e900000, 0x000000008e800000| Untracked 
| 233|0x000000008e900000, 0x000000008ea00000, 0x000000008ea00000|100%| O|  |TAMS 0x000000008ea00000, 0x000000008e900000| Untracked 
| 234|0x000000008ea00000, 0x000000008eb00000, 0x000000008eb00000|100%| O|  |TAMS 0x000000008eb00000, 0x000000008ea00000| Untracked 
| 235|0x000000008eb00000, 0x000000008ec00000, 0x000000008ec00000|100%| O|  |TAMS 0x000000008ec00000, 0x000000008eb00000| Untracked 
| 236|0x000000008ec00000, 0x000000008ed00000, 0x000000008ed00000|100%| O|  |TAMS 0x000000008ed00000, 0x000000008ec00000| Untracked 
| 237|0x000000008ed00000, 0x000000008ee00000, 0x000000008ee00000|100%| O|  |TAMS 0x000000008ee00000, 0x000000008ed00000| Untracked 
| 238|0x000000008ee00000, 0x000000008ef00000, 0x000000008ef00000|100%|HS|  |TAMS 0x000000008ef00000, 0x000000008ee00000| Complete 
| 239|0x000000008ef00000, 0x000000008f000000, 0x000000008f000000|100%|HS|  |TAMS 0x000000008f000000, 0x000000008ef00000| Complete 
| 240|0x000000008f000000, 0x000000008f100000, 0x000000008f100000|100%|HS|  |TAMS 0x000000008f100000, 0x000000008f000000| Complete 
| 241|0x000000008f100000, 0x000000008f200000, 0x000000008f200000|100%| O|  |TAMS 0x000000008f200000, 0x000000008f100000| Untracked 
| 242|0x000000008f200000, 0x000000008f300000, 0x000000008f300000|100%| O|  |TAMS 0x000000008f300000, 0x000000008f200000| Untracked 
| 243|0x000000008f300000, 0x000000008f400000, 0x000000008f400000|100%| O|  |TAMS 0x000000008f400000, 0x000000008f300000| Untracked 
| 244|0x000000008f400000, 0x000000008f500000, 0x000000008f500000|100%| O|  |TAMS 0x000000008f500000, 0x000000008f400000| Untracked 
| 245|0x000000008f500000, 0x000000008f600000, 0x000000008f600000|100%| O|  |TAMS 0x000000008f600000, 0x000000008f500000| Untracked 
| 246|0x000000008f600000, 0x000000008f700000, 0x000000008f700000|100%| O|  |TAMS 0x000000008f700000, 0x000000008f600000| Untracked 
| 247|0x000000008f700000, 0x000000008f800000, 0x000000008f800000|100%| O|  |TAMS 0x000000008f800000, 0x000000008f700000| Untracked 
| 248|0x000000008f800000, 0x000000008f900000, 0x000000008f900000|100%| O|  |TAMS 0x000000008f900000, 0x000000008f800000| Untracked 
| 249|0x000000008f900000, 0x000000008fa00000, 0x000000008fa00000|100%| O|  |TAMS 0x000000008fa00000, 0x000000008f900000| Untracked 
| 250|0x000000008fa00000, 0x000000008fb00000, 0x000000008fb00000|100%| O|  |TAMS 0x000000008fb00000, 0x000000008fa00000| Untracked 
| 251|0x000000008fb00000, 0x000000008fc00000, 0x000000008fc00000|100%| O|  |TAMS 0x000000008fc00000, 0x000000008fb00000| Untracked 
| 252|0x000000008fc00000, 0x000000008fd00000, 0x000000008fd00000|100%| O|  |TAMS 0x000000008fd00000, 0x000000008fc00000| Untracked 
| 253|0x000000008fd00000, 0x000000008fe00000, 0x000000008fe00000|100%| O|  |TAMS 0x000000008fe00000, 0x000000008fd00000| Untracked 
| 254|0x000000008fe00000, 0x000000008ff00000, 0x000000008ff00000|100%| O|  |TAMS 0x000000008ff00000, 0x000000008fe00000| Untracked 
| 255|0x000000008ff00000, 0x0000000090000000, 0x0000000090000000|100%| O|  |TAMS 0x0000000090000000, 0x000000008ff00000| Untracked 
| 256|0x0000000090000000, 0x0000000090100000, 0x0000000090100000|100%| O|  |TAMS 0x000000009005e600, 0x0000000090000000| Untracked 
| 257|0x0000000090100000, 0x0000000090200000, 0x0000000090200000|100%| O|  |TAMS 0x0000000090100000, 0x0000000090100000| Untracked 
| 258|0x0000000090200000, 0x0000000090300000, 0x0000000090300000|100%| O|  |TAMS 0x0000000090200000, 0x0000000090200000| Untracked 
| 259|0x0000000090300000, 0x0000000090400000, 0x0000000090400000|100%| O|  |TAMS 0x0000000090300000, 0x0000000090300000| Untracked 
| 260|0x0000000090400000, 0x0000000090500000, 0x0000000090500000|100%| O|  |TAMS 0x0000000090400000, 0x0000000090400000| Untracked 
| 261|0x0000000090500000, 0x0000000090600000, 0x0000000090600000|100%| O|  |TAMS 0x0000000090500000, 0x0000000090500000| Untracked 
| 262|0x0000000090600000, 0x0000000090700000, 0x0000000090700000|100%| O|  |TAMS 0x0000000090600000, 0x0000000090600000| Untracked 
| 263|0x0000000090700000, 0x0000000090800000, 0x0000000090800000|100%| O|  |TAMS 0x0000000090700000, 0x0000000090700000| Untracked 
| 264|0x0000000090800000, 0x0000000090900000, 0x0000000090900000|100%| O|  |TAMS 0x0000000090800000, 0x0000000090800000| Untracked 
| 265|0x0000000090900000, 0x0000000090a00000, 0x0000000090a00000|100%| O|  |TAMS 0x0000000090900000, 0x0000000090900000| Untracked 
| 266|0x0000000090a00000, 0x0000000090a32000, 0x0000000090b00000| 19%| O|  |TAMS 0x0000000090a00000, 0x0000000090a00000| Untracked 
| 267|0x0000000090b00000, 0x0000000090b00000, 0x0000000090c00000|  0%| F|  |TAMS 0x0000000090b00000, 0x0000000090b00000| Untracked 
| 268|0x0000000090c00000, 0x0000000090c00000, 0x0000000090d00000|  0%| F|  |TAMS 0x0000000090c00000, 0x0000000090c00000| Untracked 
| 269|0x0000000090d00000, 0x0000000090d00000, 0x0000000090e00000|  0%| F|  |TAMS 0x0000000090d00000, 0x0000000090d00000| Untracked 
| 270|0x0000000090e00000, 0x0000000090e00000, 0x0000000090f00000|  0%| F|  |TAMS 0x0000000090e00000, 0x0000000090e00000| Untracked 
| 271|0x0000000090f00000, 0x0000000090f00000, 0x0000000091000000|  0%| F|  |TAMS 0x0000000090f00000, 0x0000000090f00000| Untracked 
| 272|0x0000000091000000, 0x0000000091000000, 0x0000000091100000|  0%| F|  |TAMS 0x0000000091000000, 0x0000000091000000| Untracked 
| 273|0x0000000091100000, 0x0000000091100000, 0x0000000091200000|  0%| F|  |TAMS 0x0000000091100000, 0x0000000091100000| Untracked 
| 274|0x0000000091200000, 0x0000000091200000, 0x0000000091300000|  0%| F|  |TAMS 0x0000000091200000, 0x0000000091200000| Untracked 
| 275|0x0000000091300000, 0x0000000091300000, 0x0000000091400000|  0%| F|  |TAMS 0x0000000091300000, 0x0000000091300000| Untracked 
| 276|0x0000000091400000, 0x0000000091400000, 0x0000000091500000|  0%| F|  |TAMS 0x0000000091400000, 0x0000000091400000| Untracked 
| 277|0x0000000091500000, 0x0000000091500000, 0x0000000091600000|  0%| F|  |TAMS 0x0000000091500000, 0x0000000091500000| Untracked 
| 278|0x0000000091600000, 0x0000000091600000, 0x0000000091700000|  0%| F|  |TAMS 0x0000000091600000, 0x0000000091600000| Untracked 
| 279|0x0000000091700000, 0x0000000091700000, 0x0000000091800000|  0%| F|  |TAMS 0x0000000091700000, 0x0000000091700000| Untracked 
| 280|0x0000000091800000, 0x0000000091800000, 0x0000000091900000|  0%| F|  |TAMS 0x0000000091800000, 0x0000000091800000| Untracked 
| 281|0x0000000091900000, 0x0000000091900000, 0x0000000091a00000|  0%| F|  |TAMS 0x0000000091900000, 0x0000000091900000| Untracked 
| 282|0x0000000091a00000, 0x0000000091a00000, 0x0000000091b00000|  0%| F|  |TAMS 0x0000000091a00000, 0x0000000091a00000| Untracked 
| 283|0x0000000091b00000, 0x0000000091b00000, 0x0000000091c00000|  0%| F|  |TAMS 0x0000000091b00000, 0x0000000091b00000| Untracked 
| 284|0x0000000091c00000, 0x0000000091c00000, 0x0000000091d00000|  0%| F|  |TAMS 0x0000000091c00000, 0x0000000091c00000| Untracked 
| 285|0x0000000091d00000, 0x0000000091d00000, 0x0000000091e00000|  0%| F|  |TAMS 0x0000000091d00000, 0x0000000091d00000| Untracked 
| 286|0x0000000091e00000, 0x0000000091e00000, 0x0000000091f00000|  0%| F|  |TAMS 0x0000000091e00000, 0x0000000091e00000| Untracked 
| 287|0x0000000091f00000, 0x0000000091f00000, 0x0000000092000000|  0%| F|  |TAMS 0x0000000091f00000, 0x0000000091f00000| Untracked 
| 288|0x0000000092000000, 0x0000000092000000, 0x0000000092100000|  0%| F|  |TAMS 0x0000000092000000, 0x0000000092000000| Untracked 
| 289|0x0000000092100000, 0x0000000092100000, 0x0000000092200000|  0%| F|  |TAMS 0x0000000092100000, 0x0000000092100000| Untracked 
| 290|0x0000000092200000, 0x0000000092200000, 0x0000000092300000|  0%| F|  |TAMS 0x0000000092200000, 0x0000000092200000| Untracked 
| 291|0x0000000092300000, 0x0000000092300000, 0x0000000092400000|  0%| F|  |TAMS 0x0000000092300000, 0x0000000092300000| Untracked 
| 292|0x0000000092400000, 0x0000000092400000, 0x0000000092500000|  0%| F|  |TAMS 0x0000000092400000, 0x0000000092400000| Untracked 
| 293|0x0000000092500000, 0x0000000092500000, 0x0000000092600000|  0%| F|  |TAMS 0x0000000092500000, 0x0000000092500000| Untracked 
| 294|0x0000000092600000, 0x0000000092600000, 0x0000000092700000|  0%| F|  |TAMS 0x0000000092600000, 0x0000000092600000| Untracked 
| 295|0x0000000092700000, 0x0000000092700000, 0x0000000092800000|  0%| F|  |TAMS 0x0000000092700000, 0x0000000092700000| Untracked 
| 296|0x0000000092800000, 0x0000000092800000, 0x0000000092900000|  0%| F|  |TAMS 0x0000000092800000, 0x0000000092800000| Untracked 
| 297|0x0000000092900000, 0x0000000092900000, 0x0000000092a00000|  0%| F|  |TAMS 0x0000000092900000, 0x0000000092900000| Untracked 
| 298|0x0000000092a00000, 0x0000000092a00000, 0x0000000092b00000|  0%| F|  |TAMS 0x0000000092a00000, 0x0000000092a00000| Untracked 
| 299|0x0000000092b00000, 0x0000000092b00000, 0x0000000092c00000|  0%| F|  |TAMS 0x0000000092b00000, 0x0000000092b00000| Untracked 
| 300|0x0000000092c00000, 0x0000000092c00000, 0x0000000092d00000|  0%| F|  |TAMS 0x0000000092c00000, 0x0000000092c00000| Untracked 
| 301|0x0000000092d00000, 0x0000000092d00000, 0x0000000092e00000|  0%| F|  |TAMS 0x0000000092d00000, 0x0000000092d00000| Untracked 
| 302|0x0000000092e00000, 0x0000000092e00000, 0x0000000092f00000|  0%| F|  |TAMS 0x0000000092e00000, 0x0000000092e00000| Untracked 
| 303|0x0000000092f00000, 0x0000000092f00000, 0x0000000093000000|  0%| F|  |TAMS 0x0000000092f00000, 0x0000000092f00000| Untracked 
| 304|0x0000000093000000, 0x0000000093000000, 0x0000000093100000|  0%| F|  |TAMS 0x0000000093000000, 0x0000000093000000| Untracked 
| 305|0x0000000093100000, 0x0000000093100000, 0x0000000093200000|  0%| F|  |TAMS 0x0000000093100000, 0x0000000093100000| Untracked 
| 306|0x0000000093200000, 0x0000000093200000, 0x0000000093300000|  0%| F|  |TAMS 0x0000000093200000, 0x0000000093200000| Untracked 
| 307|0x0000000093300000, 0x0000000093300000, 0x0000000093400000|  0%| F|  |TAMS 0x0000000093300000, 0x0000000093300000| Untracked 
| 308|0x0000000093400000, 0x0000000093400000, 0x0000000093500000|  0%| F|  |TAMS 0x0000000093400000, 0x0000000093400000| Untracked 
| 309|0x0000000093500000, 0x0000000093500000, 0x0000000093600000|  0%| F|  |TAMS 0x0000000093500000, 0x0000000093500000| Untracked 
| 310|0x0000000093600000, 0x0000000093600000, 0x0000000093700000|  0%| F|  |TAMS 0x0000000093600000, 0x0000000093600000| Untracked 
| 311|0x0000000093700000, 0x0000000093700000, 0x0000000093800000|  0%| F|  |TAMS 0x0000000093700000, 0x0000000093700000| Untracked 
| 312|0x0000000093800000, 0x0000000093800000, 0x0000000093900000|  0%| F|  |TAMS 0x0000000093800000, 0x0000000093800000| Untracked 
| 313|0x0000000093900000, 0x0000000093900000, 0x0000000093a00000|  0%| F|  |TAMS 0x0000000093900000, 0x0000000093900000| Untracked 
| 314|0x0000000093a00000, 0x0000000093a00000, 0x0000000093b00000|  0%| F|  |TAMS 0x0000000093a00000, 0x0000000093a00000| Untracked 
| 315|0x0000000093b00000, 0x0000000093b00000, 0x0000000093c00000|  0%| F|  |TAMS 0x0000000093b00000, 0x0000000093b00000| Untracked 
| 316|0x0000000093c00000, 0x0000000093c00000, 0x0000000093d00000|  0%| F|  |TAMS 0x0000000093c00000, 0x0000000093c00000| Untracked 
| 317|0x0000000093d00000, 0x0000000093d00000, 0x0000000093e00000|  0%| F|  |TAMS 0x0000000093d00000, 0x0000000093d00000| Untracked 
| 318|0x0000000093e00000, 0x0000000093e00000, 0x0000000093f00000|  0%| F|  |TAMS 0x0000000093e00000, 0x0000000093e00000| Untracked 
| 319|0x0000000093f00000, 0x0000000093f00000, 0x0000000094000000|  0%| F|  |TAMS 0x0000000093f00000, 0x0000000093f00000| Untracked 
| 320|0x0000000094000000, 0x0000000094000000, 0x0000000094100000|  0%| F|  |TAMS 0x0000000094000000, 0x0000000094000000| Untracked 
| 321|0x0000000094100000, 0x0000000094100000, 0x0000000094200000|  0%| F|  |TAMS 0x0000000094100000, 0x0000000094100000| Untracked 
| 322|0x0000000094200000, 0x0000000094200000, 0x0000000094300000|  0%| F|  |TAMS 0x0000000094200000, 0x0000000094200000| Untracked 
| 323|0x0000000094300000, 0x0000000094300000, 0x0000000094400000|  0%| F|  |TAMS 0x0000000094300000, 0x0000000094300000| Untracked 
| 324|0x0000000094400000, 0x0000000094400000, 0x0000000094500000|  0%| F|  |TAMS 0x0000000094400000, 0x0000000094400000| Untracked 
| 325|0x0000000094500000, 0x0000000094500000, 0x0000000094600000|  0%| F|  |TAMS 0x0000000094500000, 0x0000000094500000| Untracked 
| 326|0x0000000094600000, 0x0000000094600000, 0x0000000094700000|  0%| F|  |TAMS 0x0000000094600000, 0x0000000094600000| Untracked 
| 327|0x0000000094700000, 0x0000000094700000, 0x0000000094800000|  0%| F|  |TAMS 0x0000000094700000, 0x0000000094700000| Untracked 
| 328|0x0000000094800000, 0x0000000094800000, 0x0000000094900000|  0%| F|  |TAMS 0x0000000094800000, 0x0000000094800000| Untracked 
| 329|0x0000000094900000, 0x0000000094900000, 0x0000000094a00000|  0%| F|  |TAMS 0x0000000094900000, 0x0000000094900000| Untracked 
| 330|0x0000000094a00000, 0x0000000094a00000, 0x0000000094b00000|  0%| F|  |TAMS 0x0000000094a00000, 0x0000000094a00000| Untracked 
| 331|0x0000000094b00000, 0x0000000094b00000, 0x0000000094c00000|  0%| F|  |TAMS 0x0000000094b00000, 0x0000000094b00000| Untracked 
| 332|0x0000000094c00000, 0x0000000094c00000, 0x0000000094d00000|  0%| F|  |TAMS 0x0000000094c00000, 0x0000000094c00000| Untracked 
| 333|0x0000000094d00000, 0x0000000094d00000, 0x0000000094e00000|  0%| F|  |TAMS 0x0000000094d00000, 0x0000000094d00000| Untracked 
| 334|0x0000000094e00000, 0x0000000094e00000, 0x0000000094f00000|  0%| F|  |TAMS 0x0000000094e00000, 0x0000000094e00000| Untracked 
| 335|0x0000000094f00000, 0x0000000094f00000, 0x0000000095000000|  0%| F|  |TAMS 0x0000000094f00000, 0x0000000094f00000| Untracked 
| 336|0x0000000095000000, 0x0000000095000000, 0x0000000095100000|  0%| F|  |TAMS 0x0000000095000000, 0x0000000095000000| Untracked 
| 337|0x0000000095100000, 0x0000000095100000, 0x0000000095200000|  0%| F|  |TAMS 0x0000000095100000, 0x0000000095100000| Untracked 
| 338|0x0000000095200000, 0x0000000095200000, 0x0000000095300000|  0%| F|  |TAMS 0x0000000095200000, 0x0000000095200000| Untracked 
| 339|0x0000000095300000, 0x0000000095300000, 0x0000000095400000|  0%| F|  |TAMS 0x0000000095300000, 0x0000000095300000| Untracked 
| 340|0x0000000095400000, 0x0000000095400000, 0x0000000095500000|  0%| F|  |TAMS 0x0000000095400000, 0x0000000095400000| Untracked 
| 341|0x0000000095500000, 0x0000000095500000, 0x0000000095600000|  0%| F|  |TAMS 0x0000000095500000, 0x0000000095500000| Untracked 
| 342|0x0000000095600000, 0x0000000095600000, 0x0000000095700000|  0%| F|  |TAMS 0x0000000095600000, 0x0000000095600000| Untracked 
| 343|0x0000000095700000, 0x0000000095700000, 0x0000000095800000|  0%| F|  |TAMS 0x0000000095700000, 0x0000000095700000| Untracked 
| 344|0x0000000095800000, 0x0000000095800000, 0x0000000095900000|  0%| F|  |TAMS 0x0000000095800000, 0x0000000095800000| Untracked 
| 345|0x0000000095900000, 0x0000000095900000, 0x0000000095a00000|  0%| F|  |TAMS 0x0000000095900000, 0x0000000095900000| Untracked 
| 346|0x0000000095a00000, 0x0000000095a00000, 0x0000000095b00000|  0%| F|  |TAMS 0x0000000095a00000, 0x0000000095a00000| Untracked 
| 347|0x0000000095b00000, 0x0000000095b00000, 0x0000000095c00000|  0%| F|  |TAMS 0x0000000095b00000, 0x0000000095b00000| Untracked 
| 348|0x0000000095c00000, 0x0000000095c00000, 0x0000000095d00000|  0%| F|  |TAMS 0x0000000095c00000, 0x0000000095c00000| Untracked 
| 349|0x0000000095d00000, 0x0000000095d00000, 0x0000000095e00000|  0%| F|  |TAMS 0x0000000095d00000, 0x0000000095d00000| Untracked 
| 350|0x0000000095e00000, 0x0000000095e00000, 0x0000000095f00000|  0%| F|  |TAMS 0x0000000095e00000, 0x0000000095e00000| Untracked 
| 351|0x0000000095f00000, 0x0000000095f00000, 0x0000000096000000|  0%| F|  |TAMS 0x0000000095f00000, 0x0000000095f00000| Untracked 
| 352|0x0000000096000000, 0x0000000096000000, 0x0000000096100000|  0%| F|  |TAMS 0x0000000096000000, 0x0000000096000000| Untracked 
| 353|0x0000000096100000, 0x0000000096100000, 0x0000000096200000|  0%| F|  |TAMS 0x0000000096100000, 0x0000000096100000| Untracked 
| 354|0x0000000096200000, 0x0000000096200000, 0x0000000096300000|  0%| F|  |TAMS 0x0000000096200000, 0x0000000096200000| Untracked 
| 355|0x0000000096300000, 0x0000000096300000, 0x0000000096400000|  0%| F|  |TAMS 0x0000000096300000, 0x0000000096300000| Untracked 
| 356|0x0000000096400000, 0x0000000096400000, 0x0000000096500000|  0%| F|  |TAMS 0x0000000096400000, 0x0000000096400000| Untracked 
| 357|0x0000000096500000, 0x0000000096500000, 0x0000000096600000|  0%| F|  |TAMS 0x0000000096500000, 0x0000000096500000| Untracked 
| 358|0x0000000096600000, 0x0000000096600000, 0x0000000096700000|  0%| F|  |TAMS 0x0000000096600000, 0x0000000096600000| Untracked 
| 359|0x0000000096700000, 0x0000000096700000, 0x0000000096800000|  0%| F|  |TAMS 0x0000000096700000, 0x0000000096700000| Untracked 
| 360|0x0000000096800000, 0x0000000096800000, 0x0000000096900000|  0%| F|  |TAMS 0x0000000096800000, 0x0000000096800000| Untracked 
| 361|0x0000000096900000, 0x0000000096900000, 0x0000000096a00000|  0%| F|  |TAMS 0x0000000096900000, 0x0000000096900000| Untracked 
| 362|0x0000000096a00000, 0x0000000096a00000, 0x0000000096b00000|  0%| F|  |TAMS 0x0000000096a00000, 0x0000000096a00000| Untracked 
| 363|0x0000000096b00000, 0x0000000096b00000, 0x0000000096c00000|  0%| F|  |TAMS 0x0000000096b00000, 0x0000000096b00000| Untracked 
| 364|0x0000000096c00000, 0x0000000096c00000, 0x0000000096d00000|  0%| F|  |TAMS 0x0000000096c00000, 0x0000000096c00000| Untracked 
| 365|0x0000000096d00000, 0x0000000096d00000, 0x0000000096e00000|  0%| F|  |TAMS 0x0000000096d00000, 0x0000000096d00000| Untracked 
| 366|0x0000000096e00000, 0x0000000096e00000, 0x0000000096f00000|  0%| F|  |TAMS 0x0000000096e00000, 0x0000000096e00000| Untracked 
| 367|0x0000000096f00000, 0x0000000096f00000, 0x0000000097000000|  0%| F|  |TAMS 0x0000000096f00000, 0x0000000096f00000| Untracked 
| 368|0x0000000097000000, 0x0000000097000000, 0x0000000097100000|  0%| F|  |TAMS 0x0000000097000000, 0x0000000097000000| Untracked 
| 369|0x0000000097100000, 0x0000000097100000, 0x0000000097200000|  0%| F|  |TAMS 0x0000000097100000, 0x0000000097100000| Untracked 
| 370|0x0000000097200000, 0x0000000097200000, 0x0000000097300000|  0%| F|  |TAMS 0x0000000097200000, 0x0000000097200000| Untracked 
| 371|0x0000000097300000, 0x0000000097300000, 0x0000000097400000|  0%| F|  |TAMS 0x0000000097300000, 0x0000000097300000| Untracked 
| 372|0x0000000097400000, 0x0000000097400000, 0x0000000097500000|  0%| F|  |TAMS 0x0000000097400000, 0x0000000097400000| Untracked 
| 373|0x0000000097500000, 0x0000000097500000, 0x0000000097600000|  0%| F|  |TAMS 0x0000000097500000, 0x0000000097500000| Untracked 
| 374|0x0000000097600000, 0x0000000097600000, 0x0000000097700000|  0%| F|  |TAMS 0x0000000097600000, 0x0000000097600000| Untracked 
| 375|0x0000000097700000, 0x0000000097700000, 0x0000000097800000|  0%| F|  |TAMS 0x0000000097700000, 0x0000000097700000| Untracked 
| 376|0x0000000097800000, 0x0000000097800000, 0x0000000097900000|  0%| F|  |TAMS 0x0000000097800000, 0x0000000097800000| Untracked 
| 377|0x0000000097900000, 0x0000000097900000, 0x0000000097a00000|  0%| F|  |TAMS 0x0000000097900000, 0x0000000097900000| Untracked 
| 378|0x0000000097a00000, 0x0000000097a00000, 0x0000000097b00000|  0%| F|  |TAMS 0x0000000097a00000, 0x0000000097a00000| Untracked 
| 379|0x0000000097b00000, 0x0000000097b00000, 0x0000000097c00000|  0%| F|  |TAMS 0x0000000097b00000, 0x0000000097b00000| Untracked 
| 380|0x0000000097c00000, 0x0000000097c00000, 0x0000000097d00000|  0%| F|  |TAMS 0x0000000097c00000, 0x0000000097c00000| Untracked 
| 381|0x0000000097d00000, 0x0000000097d00000, 0x0000000097e00000|  0%| F|  |TAMS 0x0000000097d00000, 0x0000000097d00000| Untracked 
| 382|0x0000000097e00000, 0x0000000097e00000, 0x0000000097f00000|  0%| F|  |TAMS 0x0000000097e00000, 0x0000000097e00000| Untracked 
| 383|0x0000000097f00000, 0x0000000097f00000, 0x0000000098000000|  0%| F|  |TAMS 0x0000000097f00000, 0x0000000097f00000| Untracked 
| 384|0x0000000098000000, 0x0000000098000000, 0x0000000098100000|  0%| F|  |TAMS 0x0000000098000000, 0x0000000098000000| Untracked 
| 385|0x0000000098100000, 0x0000000098100000, 0x0000000098200000|  0%| F|  |TAMS 0x0000000098100000, 0x0000000098100000| Untracked 
| 386|0x0000000098200000, 0x0000000098200000, 0x0000000098300000|  0%| F|  |TAMS 0x0000000098200000, 0x0000000098200000| Untracked 
| 387|0x0000000098300000, 0x0000000098300000, 0x0000000098400000|  0%| F|  |TAMS 0x0000000098300000, 0x0000000098300000| Untracked 
| 388|0x0000000098400000, 0x0000000098400000, 0x0000000098500000|  0%| F|  |TAMS 0x0000000098400000, 0x0000000098400000| Untracked 
| 389|0x0000000098500000, 0x0000000098500000, 0x0000000098600000|  0%| F|  |TAMS 0x0000000098500000, 0x0000000098500000| Untracked 
| 390|0x0000000098600000, 0x0000000098600000, 0x0000000098700000|  0%| F|  |TAMS 0x0000000098600000, 0x0000000098600000| Untracked 
| 391|0x0000000098700000, 0x0000000098700000, 0x0000000098800000|  0%| F|  |TAMS 0x0000000098700000, 0x0000000098700000| Untracked 
| 392|0x0000000098800000, 0x0000000098800000, 0x0000000098900000|  0%| F|  |TAMS 0x0000000098800000, 0x0000000098800000| Untracked 
| 393|0x0000000098900000, 0x0000000098900000, 0x0000000098a00000|  0%| F|  |TAMS 0x0000000098900000, 0x0000000098900000| Untracked 
| 394|0x0000000098a00000, 0x0000000098a00000, 0x0000000098b00000|  0%| F|  |TAMS 0x0000000098a00000, 0x0000000098a00000| Untracked 
| 395|0x0000000098b00000, 0x0000000098b00000, 0x0000000098c00000|  0%| F|  |TAMS 0x0000000098b00000, 0x0000000098b00000| Untracked 
| 396|0x0000000098c00000, 0x0000000098c00000, 0x0000000098d00000|  0%| F|  |TAMS 0x0000000098c00000, 0x0000000098c00000| Untracked 
| 397|0x0000000098d00000, 0x0000000098d00000, 0x0000000098e00000|  0%| F|  |TAMS 0x0000000098d00000, 0x0000000098d00000| Untracked 
| 398|0x0000000098e00000, 0x0000000098e00000, 0x0000000098f00000|  0%| F|  |TAMS 0x0000000098e00000, 0x0000000098e00000| Untracked 
| 399|0x0000000098f00000, 0x0000000098f00000, 0x0000000099000000|  0%| F|  |TAMS 0x0000000098f00000, 0x0000000098f00000| Untracked 
| 400|0x0000000099000000, 0x0000000099000000, 0x0000000099100000|  0%| F|  |TAMS 0x0000000099000000, 0x0000000099000000| Untracked 
| 401|0x0000000099100000, 0x0000000099100000, 0x0000000099200000|  0%| F|  |TAMS 0x0000000099100000, 0x0000000099100000| Untracked 
| 402|0x0000000099200000, 0x0000000099200000, 0x0000000099300000|  0%| F|  |TAMS 0x0000000099200000, 0x0000000099200000| Untracked 
| 403|0x0000000099300000, 0x0000000099300000, 0x0000000099400000|  0%| F|  |TAMS 0x0000000099300000, 0x0000000099300000| Untracked 
| 404|0x0000000099400000, 0x0000000099400000, 0x0000000099500000|  0%| F|  |TAMS 0x0000000099400000, 0x0000000099400000| Untracked 
| 405|0x0000000099500000, 0x0000000099500000, 0x0000000099600000|  0%| F|  |TAMS 0x0000000099500000, 0x0000000099500000| Untracked 
| 406|0x0000000099600000, 0x0000000099600000, 0x0000000099700000|  0%| F|  |TAMS 0x0000000099600000, 0x0000000099600000| Untracked 
| 407|0x0000000099700000, 0x0000000099700000, 0x0000000099800000|  0%| F|  |TAMS 0x0000000099700000, 0x0000000099700000| Untracked 
| 408|0x0000000099800000, 0x0000000099800000, 0x0000000099900000|  0%| F|  |TAMS 0x0000000099800000, 0x0000000099800000| Untracked 
| 409|0x0000000099900000, 0x0000000099900000, 0x0000000099a00000|  0%| F|  |TAMS 0x0000000099900000, 0x0000000099900000| Untracked 
| 410|0x0000000099a00000, 0x0000000099a00000, 0x0000000099b00000|  0%| F|  |TAMS 0x0000000099a00000, 0x0000000099a00000| Untracked 
| 411|0x0000000099b00000, 0x0000000099b00000, 0x0000000099c00000|  0%| F|  |TAMS 0x0000000099b00000, 0x0000000099b00000| Untracked 
| 412|0x0000000099c00000, 0x0000000099c00000, 0x0000000099d00000|  0%| F|  |TAMS 0x0000000099c00000, 0x0000000099c00000| Untracked 
| 413|0x0000000099d00000, 0x0000000099d00000, 0x0000000099e00000|  0%| F|  |TAMS 0x0000000099d00000, 0x0000000099d00000| Untracked 
| 414|0x0000000099e00000, 0x0000000099e00000, 0x0000000099f00000|  0%| F|  |TAMS 0x0000000099e00000, 0x0000000099e00000| Untracked 
| 415|0x0000000099f00000, 0x0000000099f00000, 0x000000009a000000|  0%| F|  |TAMS 0x0000000099f00000, 0x0000000099f00000| Untracked 
| 416|0x000000009a000000, 0x000000009a000000, 0x000000009a100000|  0%| F|  |TAMS 0x000000009a000000, 0x000000009a000000| Untracked 
| 417|0x000000009a100000, 0x000000009a100000, 0x000000009a200000|  0%| F|  |TAMS 0x000000009a100000, 0x000000009a100000| Untracked 
| 418|0x000000009a200000, 0x000000009a200000, 0x000000009a300000|  0%| F|  |TAMS 0x000000009a200000, 0x000000009a200000| Untracked 
| 419|0x000000009a300000, 0x000000009a300000, 0x000000009a400000|  0%| F|  |TAMS 0x000000009a300000, 0x000000009a300000| Untracked 
| 420|0x000000009a400000, 0x000000009a400000, 0x000000009a500000|  0%| F|  |TAMS 0x000000009a400000, 0x000000009a400000| Untracked 
| 421|0x000000009a500000, 0x000000009a500000, 0x000000009a600000|  0%| F|  |TAMS 0x000000009a500000, 0x000000009a500000| Untracked 
| 422|0x000000009a600000, 0x000000009a600000, 0x000000009a700000|  0%| F|  |TAMS 0x000000009a600000, 0x000000009a600000| Untracked 
| 423|0x000000009a700000, 0x000000009a700000, 0x000000009a800000|  0%| F|  |TAMS 0x000000009a700000, 0x000000009a700000| Untracked 
| 424|0x000000009a800000, 0x000000009a800000, 0x000000009a900000|  0%| F|  |TAMS 0x000000009a800000, 0x000000009a800000| Untracked 
| 425|0x000000009a900000, 0x000000009a900000, 0x000000009aa00000|  0%| F|  |TAMS 0x000000009a900000, 0x000000009a900000| Untracked 
| 426|0x000000009aa00000, 0x000000009aa00000, 0x000000009ab00000|  0%| F|  |TAMS 0x000000009aa00000, 0x000000009aa00000| Untracked 
| 427|0x000000009ab00000, 0x000000009ab00000, 0x000000009ac00000|  0%| F|  |TAMS 0x000000009ab00000, 0x000000009ab00000| Untracked 
| 428|0x000000009ac00000, 0x000000009ac00000, 0x000000009ad00000|  0%| F|  |TAMS 0x000000009ac00000, 0x000000009ac00000| Untracked 
| 429|0x000000009ad00000, 0x000000009ad00000, 0x000000009ae00000|  0%| F|  |TAMS 0x000000009ad00000, 0x000000009ad00000| Untracked 
| 430|0x000000009ae00000, 0x000000009ae00000, 0x000000009af00000|  0%| F|  |TAMS 0x000000009ae00000, 0x000000009ae00000| Untracked 
| 431|0x000000009af00000, 0x000000009af00000, 0x000000009b000000|  0%| F|  |TAMS 0x000000009af00000, 0x000000009af00000| Untracked 
| 432|0x000000009b000000, 0x000000009b000000, 0x000000009b100000|  0%| F|  |TAMS 0x000000009b000000, 0x000000009b000000| Untracked 
| 433|0x000000009b100000, 0x000000009b200000, 0x000000009b200000|100%| S|CS|TAMS 0x000000009b100000, 0x000000009b100000| Complete 
| 434|0x000000009b200000, 0x000000009b300000, 0x000000009b300000|100%| S|CS|TAMS 0x000000009b200000, 0x000000009b200000| Complete 
| 435|0x000000009b300000, 0x000000009b400000, 0x000000009b400000|100%| S|CS|TAMS 0x000000009b300000, 0x000000009b300000| Complete 
| 436|0x000000009b400000, 0x000000009b500000, 0x000000009b500000|100%| S|CS|TAMS 0x000000009b400000, 0x000000009b400000| Complete 
| 437|0x000000009b500000, 0x000000009b600000, 0x000000009b600000|100%| S|CS|TAMS 0x000000009b500000, 0x000000009b500000| Complete 
| 438|0x000000009b600000, 0x000000009b600000, 0x000000009b700000|  0%| F|  |TAMS 0x000000009b600000, 0x000000009b600000| Untracked 
| 439|0x000000009b700000, 0x000000009b700000, 0x000000009b800000|  0%| F|  |TAMS 0x000000009b700000, 0x000000009b700000| Untracked 
| 440|0x000000009b800000, 0x000000009b800000, 0x000000009b900000|  0%| F|  |TAMS 0x000000009b800000, 0x000000009b800000| Untracked 
| 441|0x000000009b900000, 0x000000009b900000, 0x000000009ba00000|  0%| F|  |TAMS 0x000000009b900000, 0x000000009b900000| Untracked 
| 442|0x000000009ba00000, 0x000000009ba00000, 0x000000009bb00000|  0%| F|  |TAMS 0x000000009ba00000, 0x000000009ba00000| Untracked 
| 443|0x000000009bb00000, 0x000000009bb00000, 0x000000009bc00000|  0%| F|  |TAMS 0x000000009bb00000, 0x000000009bb00000| Untracked 
| 444|0x000000009bc00000, 0x000000009bc00000, 0x000000009bd00000|  0%| F|  |TAMS 0x000000009bc00000, 0x000000009bc00000| Untracked 
| 445|0x000000009bd00000, 0x000000009bd00000, 0x000000009be00000|  0%| F|  |TAMS 0x000000009bd00000, 0x000000009bd00000| Untracked 
| 446|0x000000009be00000, 0x000000009be00000, 0x000000009bf00000|  0%| F|  |TAMS 0x000000009be00000, 0x000000009be00000| Untracked 
| 447|0x000000009bf00000, 0x000000009bf00000, 0x000000009c000000|  0%| F|  |TAMS 0x000000009bf00000, 0x000000009bf00000| Untracked 
| 448|0x000000009c000000, 0x000000009c000000, 0x000000009c100000|  0%| F|  |TAMS 0x000000009c000000, 0x000000009c000000| Untracked 
| 449|0x000000009c100000, 0x000000009c100000, 0x000000009c200000|  0%| F|  |TAMS 0x000000009c100000, 0x000000009c100000| Untracked 
| 450|0x000000009c200000, 0x000000009c200000, 0x000000009c300000|  0%| F|  |TAMS 0x000000009c200000, 0x000000009c200000| Untracked 
| 451|0x000000009c300000, 0x000000009c300000, 0x000000009c400000|  0%| F|  |TAMS 0x000000009c300000, 0x000000009c300000| Untracked 
| 452|0x000000009c400000, 0x000000009c4a46d0, 0x000000009c500000| 64%| E|  |TAMS 0x000000009c400000, 0x000000009c400000| Complete 
| 453|0x000000009c500000, 0x000000009c600000, 0x000000009c600000|100%| E|CS|TAMS 0x000000009c500000, 0x000000009c500000| Complete 
| 454|0x000000009c600000, 0x000000009c700000, 0x000000009c700000|100%| E|CS|TAMS 0x000000009c600000, 0x000000009c600000| Complete 
| 455|0x000000009c700000, 0x000000009c800000, 0x000000009c800000|100%| E|CS|TAMS 0x000000009c700000, 0x000000009c700000| Complete 
| 456|0x000000009c800000, 0x000000009c900000, 0x000000009c900000|100%| E|CS|TAMS 0x000000009c800000, 0x000000009c800000| Complete 
| 457|0x000000009c900000, 0x000000009ca00000, 0x000000009ca00000|100%| E|CS|TAMS 0x000000009c900000, 0x000000009c900000| Complete 
| 458|0x000000009ca00000, 0x000000009cb00000, 0x000000009cb00000|100%| E|CS|TAMS 0x000000009ca00000, 0x000000009ca00000| Complete 
| 459|0x000000009cb00000, 0x000000009cc00000, 0x000000009cc00000|100%| E|CS|TAMS 0x000000009cb00000, 0x000000009cb00000| Complete 

Card table byte_map: [0x00000239a70f0000,0x00000239a74f0000] _byte_map_base: 0x00000239a6cf0000

Marking Bits (Prev, Next): (CMBitMap*) 0x000002398dc9a4d0, (CMBitMap*) 0x000002398dc9a490
 Prev Bits: [0x00000239a98f0000, 0x00000239ab8f0000)
 Next Bits: [0x00000239a78f0000, 0x00000239a98f0000)

Polling page: 0x000002398de50000

Metaspace:

Usage:
  Non-class:     99.56 MB used.
      Class:     16.19 MB used.
       Both:    115.74 MB used.

Virtual space:
  Non-class space:      128.00 MB reserved,     100.62 MB ( 79%) committed,  2 nodes.
      Class space:      416.00 MB reserved,      17.12 MB (  4%) committed,  1 nodes.
             Both:      544.00 MB reserved,     117.75 MB ( 22%) committed. 

Chunk freelists:
   Non-Class:  11.00 MB
       Class:  14.86 MB
        Both:  25.86 MB

MaxMetaspaceSize: 512.00 MB
CompressedClassSpaceSize: 416.00 MB
Initial GC threshold: 21.00 MB
Current GC threshold: 195.88 MB
CDS: on
MetaspaceReclaimPolicy: balanced
 - commit_granule_bytes: 65536.
 - commit_granule_words: 8192.
 - virtual_space_node_default_size: 8388608.
 - enlarge_chunks_in_place: 1.
 - new_chunks_are_fully_committed: 0.
 - uncommit_free_chunks: 1.
 - use_allocation_guard: 0.
 - handle_deallocations: 1.


Internal statistics:

num_allocs_failed_limit: 9.
num_arena_births: 2968.
num_arena_deaths: 0.
num_vsnodes_births: 3.
num_vsnodes_deaths: 0.
num_space_committed: 1884.
num_space_uncommitted: 0.
num_chunks_returned_to_freelist: 9.
num_chunks_taken_from_freelist: 8902.
num_chunk_merges: 9.
num_chunk_splits: 5528.
num_chunks_enlarged: 3155.
num_inconsistent_stats: 0.

CodeHeap 'non-profiled nmethods': size=120000Kb used=13561Kb max_used=13561Kb free=106439Kb
 bounds [0x000002399f260000, 0x000002399ffb0000, 0x00000239a6790000]
CodeHeap 'profiled nmethods': size=120000Kb used=29483Kb max_used=29936Kb free=90516Kb
 bounds [0x0000023997790000, 0x00000239994e0000, 0x000002399ecc0000]
CodeHeap 'non-nmethods': size=5760Kb used=1787Kb max_used=1849Kb free=3973Kb
 bounds [0x000002399ecc0000, 0x000002399ef30000, 0x000002399f260000]
 total_blobs=16251 nmethods=15361 adapters=801
 compilation: enabled
              stopped_count=0, restarted_count=0
 full_count=0

Compilation events (20 events):
Event: 37.561 Thread 0x00000239ae6a9c90 nmethod 18652 0x0000023998fd8490 code [0x0000023998fd86a0, 0x0000023998fd8c58]
Event: 37.561 Thread 0x00000239ae6a9c90 18653       3       org.gradle.internal.properties.bean.DefaultPropertyWalker$CachedPropertyValue::isProvider (10 bytes)
Event: 37.562 Thread 0x00000239ae6a9c90 nmethod 18653 0x0000023997fa2890 code [0x0000023997fa2a40, 0x0000023997fa2b88]
Event: 37.566 Thread 0x00000239ae6a9c90 18655       3       org.gradle.api.internal.project.taskfactory.DefaultTaskClassInfoStore$StandardTaskActionFactory::create (16 bytes)
Event: 37.567 Thread 0x00000239ae6a9c90 nmethod 18655 0x0000023997a2f190 code [0x0000023997a2f340, 0x0000023997a2f638]
Event: 37.568 Thread 0x00000239ae6a8810 nmethod 18650 0x000002399fcfeb90 code [0x000002399fcfed80, 0x000002399fcff2f8]
Event: 37.568 Thread 0x00000239ae6a8810 18654       4       org.gradle.internal.instantiation.generator.AbstractClassGenerator$PropertyMetadata::addGetter (129 bytes)
Event: 37.572 Thread 0x00000239ae6a9c90 18656       3       java.util.regex.Pattern$Loop::match (196 bytes)
Event: 37.573 Thread 0x00000239ae6a9c90 nmethod 18656 0x00000239988c5410 code [0x00000239988c5660, 0x00000239988c5f98]
Event: 37.573 Thread 0x00000239ae6a9c90 18658       3       org.gradle.api.internal.file.CompositeFileCollection::visitDependencies (16 bytes)
Event: 37.573 Thread 0x00000239ae6a9c90 nmethod 18658 0x000002399846c010 code [0x000002399846c240, 0x000002399846cac8]
Event: 37.573 Thread 0x00000239ae6a9c90 18659       3       org.gradle.api.internal.tasks.DefaultTaskDependency$TaskDependencySet::size (10 bytes)
Event: 37.574 Thread 0x00000239ae6a9c90 nmethod 18659 0x0000023997ed9b90 code [0x0000023997ed9d40, 0x0000023997ed9f08]
Event: 37.574 Thread 0x00000239ae6a9c90 18657       3       java.util.regex.IntHashSet::contains (44 bytes)
Event: 37.574 Thread 0x00000239ae6a9c90 nmethod 18657 0x0000023997efe390 code [0x0000023997efe540, 0x0000023997efe7f8]
Event: 37.582 Thread 0x00000239ae6a9c90 18660       1       org.gradle.api.internal.artifacts.DefaultResolverResults::getVisitedArtifacts (5 bytes)
Event: 37.582 Thread 0x00000239ae6a9c90 nmethod 18660 0x000002399fcfe890 code [0x000002399fcfea20, 0x000002399fcfeaf8]
Event: 37.582 Thread 0x00000239ae6a9c90 18662       3       java.util.ArrayList::equalsArrayList (108 bytes)
Event: 37.583 Thread 0x00000239ae6a9c90 nmethod 18662 0x000002399854e390 code [0x000002399854e5a0, 0x000002399854edc8]
Event: 37.583 Thread 0x00000239ae6a9c90 18664       3       org.gradle.api.internal.tasks.DefaultTaskDependency::visitDependencies (737 bytes)

GC Heap History (20 events):
Event: 32.907 GC heap before
{Heap before GC invocations=99 (full 0):
 garbage-first heap   total 351232K, used 293091K [0x0000000080000000, 0x0000000100000000)
  region size 1024K, 69 young (70656K), 5 survivors (5120K)
 Metaspace       used 111147K, committed 113088K, reserved 557056K
  class space    used 15538K, committed 16448K, reserved 425984K
}
Event: 32.910 GC heap after
{Heap after GC invocations=100 (full 0):
 garbage-first heap   total 351232K, used 229238K [0x0000000080000000, 0x0000000100000000)
  region size 1024K, 5 young (5120K), 5 survivors (5120K)
 Metaspace       used 111147K, committed 113088K, reserved 557056K
  class space    used 15538K, committed 16448K, reserved 425984K
}
Event: 33.893 GC heap before
{Heap before GC invocations=100 (full 0):
 garbage-first heap   total 351232K, used 300918K [0x0000000080000000, 0x0000000100000000)
  region size 1024K, 71 young (72704K), 5 survivors (5120K)
 Metaspace       used 111349K, committed 113344K, reserved 557056K
  class space    used 15567K, committed 16512K, reserved 425984K
}
Event: 33.898 GC heap after
{Heap after GC invocations=101 (full 0):
 garbage-first heap   total 351232K, used 243315K [0x0000000080000000, 0x0000000100000000)
  region size 1024K, 9 young (9216K), 9 survivors (9216K)
 Metaspace       used 111349K, committed 113344K, reserved 557056K
  class space    used 15567K, committed 16512K, reserved 425984K
}
Event: 34.045 GC heap before
{Heap before GC invocations=101 (full 0):
 garbage-first heap   total 351232K, used 296563K [0x0000000080000000, 0x0000000100000000)
  region size 1024K, 62 young (63488K), 9 survivors (9216K)
 Metaspace       used 111349K, committed 113344K, reserved 557056K
  class space    used 15567K, committed 16512K, reserved 425984K
}
Event: 34.049 GC heap after
{Heap after GC invocations=102 (full 0):
 garbage-first heap   total 351232K, used 246759K [0x0000000080000000, 0x0000000100000000)
  region size 1024K, 4 young (4096K), 4 survivors (4096K)
 Metaspace       used 111349K, committed 113344K, reserved 557056K
  class space    used 15567K, committed 16512K, reserved 425984K
}
Event: 34.185 GC heap before
{Heap before GC invocations=102 (full 0):
 garbage-first heap   total 351232K, used 298983K [0x0000000080000000, 0x0000000100000000)
  region size 1024K, 56 young (57344K), 4 survivors (4096K)
 Metaspace       used 111349K, committed 113344K, reserved 557056K
  class space    used 15567K, committed 16512K, reserved 425984K
}
Event: 34.188 GC heap after
{Heap after GC invocations=103 (full 0):
 garbage-first heap   total 351232K, used 247316K [0x0000000080000000, 0x0000000100000000)
  region size 1024K, 5 young (5120K), 5 survivors (5120K)
 Metaspace       used 111349K, committed 113344K, reserved 557056K
  class space    used 15567K, committed 16512K, reserved 425984K
}
Event: 35.144 GC heap before
{Heap before GC invocations=103 (full 0):
 garbage-first heap   total 351232K, used 303636K [0x0000000080000000, 0x0000000100000000)
  region size 1024K, 57 young (58368K), 5 survivors (5120K)
 Metaspace       used 111821K, committed 113920K, reserved 557056K
  class space    used 15646K, committed 16640K, reserved 425984K
}
Event: 35.148 GC heap after
{Heap after GC invocations=104 (full 0):
 garbage-first heap   total 351232K, used 259473K [0x0000000080000000, 0x0000000100000000)
  region size 1024K, 8 young (8192K), 8 survivors (8192K)
 Metaspace       used 111821K, committed 113920K, reserved 557056K
  class space    used 15646K, committed 16640K, reserved 425984K
}
Event: 35.627 GC heap before
{Heap before GC invocations=104 (full 0):
 garbage-first heap   total 351232K, used 298385K [0x0000000080000000, 0x0000000100000000)
  region size 1024K, 46 young (47104K), 8 survivors (8192K)
 Metaspace       used 114112K, committed 116160K, reserved 557056K
  class space    used 15968K, committed 16896K, reserved 425984K
}
Event: 35.631 GC heap after
{Heap after GC invocations=105 (full 0):
 garbage-first heap   total 351232K, used 262585K [0x0000000080000000, 0x0000000100000000)
  region size 1024K, 3 young (3072K), 3 survivors (3072K)
 Metaspace       used 114112K, committed 116160K, reserved 557056K
  class space    used 15968K, committed 16896K, reserved 425984K
}
Event: 36.103 GC heap before
{Heap before GC invocations=105 (full 0):
 garbage-first heap   total 351232K, used 299449K [0x0000000080000000, 0x0000000100000000)
  region size 1024K, 40 young (40960K), 3 survivors (3072K)
 Metaspace       used 116787K, committed 118784K, reserved 557056K
  class space    used 16347K, committed 17280K, reserved 425984K
}
Event: 36.107 GC heap after
{Heap after GC invocations=106 (full 0):
 garbage-first heap   total 351232K, used 264984K [0x0000000080000000, 0x0000000100000000)
  region size 1024K, 5 young (5120K), 5 survivors (5120K)
 Metaspace       used 116787K, committed 118784K, reserved 557056K
  class space    used 16347K, committed 17280K, reserved 425984K
}
Event: 36.740 GC heap before
{Heap before GC invocations=106 (full 0):
 garbage-first heap   total 351232K, used 302872K [0x0000000080000000, 0x0000000100000000)
  region size 1024K, 42 young (43008K), 5 survivors (5120K)
 Metaspace       used 118085K, committed 120128K, reserved 557056K
  class space    used 16497K, committed 17408K, reserved 425984K
}
Event: 36.744 GC heap after
{Heap after GC invocations=107 (full 0):
 garbage-first heap   total 351232K, used 268665K [0x0000000080000000, 0x0000000100000000)
  region size 1024K, 6 young (6144K), 6 survivors (6144K)
 Metaspace       used 118085K, committed 120128K, reserved 557056K
  class space    used 16497K, committed 17408K, reserved 425984K
}
Event: 36.752 GC heap before
{Heap before GC invocations=107 (full 0):
 garbage-first heap   total 351232K, used 269689K [0x0000000080000000, 0x0000000100000000)
  region size 1024K, 8 young (8192K), 6 survivors (6144K)
 Metaspace       used 118136K, committed 120128K, reserved 557056K
  class space    used 16503K, committed 17408K, reserved 425984K
}
Event: 36.756 GC heap after
{Heap after GC invocations=108 (full 0):
 garbage-first heap   total 351232K, used 269931K [0x0000000080000000, 0x0000000100000000)
  region size 1024K, 2 young (2048K), 2 survivors (2048K)
 Metaspace       used 118136K, committed 120128K, reserved 557056K
  class space    used 16503K, committed 17408K, reserved 425984K
}
Event: 37.496 GC heap before
{Heap before GC invocations=109 (full 0):
 garbage-first heap   total 471040K, used 303723K [0x0000000080000000, 0x0000000100000000)
  region size 1024K, 35 young (35840K), 2 survivors (2048K)
 Metaspace       used 118356K, committed 120384K, reserved 557056K
  class space    used 16536K, committed 17472K, reserved 425984K
}
Event: 37.501 GC heap after
{Heap after GC invocations=110 (full 0):
 garbage-first heap   total 471040K, used 277704K [0x0000000080000000, 0x0000000100000000)
  region size 1024K, 5 young (5120K), 5 survivors (5120K)
 Metaspace       used 118356K, committed 120384K, reserved 557056K
  class space    used 16536K, committed 17472K, reserved 425984K
}

Deoptimization events (20 events):
Event: 37.271 Thread 0x00000239cfc5a2d0 Uncommon trap: trap_request=0xffffffd6 fr.pc=0x000002399ff75b58 relative=0x0000000000000438
Event: 37.271 Thread 0x00000239cfc5a2d0 Uncommon trap: reason=array_check action=maybe_recompile pc=0x000002399ff75b58 method=java.util.HashMap.valuesToArray([Ljava/lang/Object;)[Ljava/lang/Object; @ 62 c2
Event: 37.271 Thread 0x00000239cfc5a2d0 DEOPT PACKING pc=0x000002399ff75b58 sp=0x000000c4bccf6f90
Event: 37.271 Thread 0x00000239cfc5a2d0 DEOPT UNPACKING pc=0x000002399ed123a3 sp=0x000000c4bccf6f18 mode 2
Event: 37.273 Thread 0x00000239cfc5a2d0 Uncommon trap: trap_request=0xffffffd6 fr.pc=0x000002399ff75b58 relative=0x0000000000000438
Event: 37.273 Thread 0x00000239cfc5a2d0 Uncommon trap: reason=array_check action=maybe_recompile pc=0x000002399ff75b58 method=java.util.HashMap.valuesToArray([Ljava/lang/Object;)[Ljava/lang/Object; @ 62 c2
Event: 37.273 Thread 0x00000239cfc5a2d0 DEOPT PACKING pc=0x000002399ff75b58 sp=0x000000c4bccf7190
Event: 37.273 Thread 0x00000239cfc5a2d0 DEOPT UNPACKING pc=0x000002399ed123a3 sp=0x000000c4bccf7118 mode 2
Event: 37.283 Thread 0x00000239cfc5a2d0 Uncommon trap: trap_request=0xffffffd6 fr.pc=0x000002399ff75b58 relative=0x0000000000000438
Event: 37.283 Thread 0x00000239cfc5a2d0 Uncommon trap: reason=array_check action=maybe_recompile pc=0x000002399ff75b58 method=java.util.HashMap.valuesToArray([Ljava/lang/Object;)[Ljava/lang/Object; @ 62 c2
Event: 37.283 Thread 0x00000239cfc5a2d0 DEOPT PACKING pc=0x000002399ff75b58 sp=0x000000c4bccf6f90
Event: 37.284 Thread 0x00000239cfc5a2d0 DEOPT UNPACKING pc=0x000002399ed123a3 sp=0x000000c4bccf6f18 mode 2
Event: 37.339 Thread 0x00000239cfc5a2d0 Uncommon trap: trap_request=0xfffffff4 fr.pc=0x000002399fe0be5c relative=0x000000000000535c
Event: 37.339 Thread 0x00000239cfc5a2d0 Uncommon trap: reason=null_check action=make_not_entrant pc=0x000002399fe0be5c method=org.gradle.api.internal.attributes.immutable.artifact.ImmutableArtifactTypeRegistry.applyForExtension(Lorg/gradle/api/internal/attributes/ImmutableAttributes;Ljava/lang/
Event: 37.339 Thread 0x00000239cfc5a2d0 DEOPT PACKING pc=0x000002399fe0be5c sp=0x000000c4bccfa230
Event: 37.339 Thread 0x00000239cfc5a2d0 DEOPT UNPACKING pc=0x000002399ed123a3 sp=0x000000c4bccf9e38 mode 2
Event: 37.585 Thread 0x00000239cfc5a2d0 Uncommon trap: trap_request=0xffffffc6 fr.pc=0x000002399f92f37c relative=0x000000000000133c
Event: 37.585 Thread 0x00000239cfc5a2d0 Uncommon trap: reason=bimorphic_or_optimized_type_check action=maybe_recompile pc=0x000002399f92f37c method=org.gradle.internal.ImmutableActionSet.add(Lorg/gradle/api/Action;)Lorg/gradle/internal/ImmutableActionSet; @ 62 c2
Event: 37.585 Thread 0x00000239cfc5a2d0 DEOPT PACKING pc=0x000002399f92f37c sp=0x000000c4bccf9890
Event: 37.585 Thread 0x00000239cfc5a2d0 DEOPT UNPACKING pc=0x000002399ed123a3 sp=0x000000c4bccf9890 mode 2

Classes unloaded (0 events):
No events

Classes redefined (0 events):
No events

Internal exceptions (20 events):
Event: 37.303 Thread 0x00000239cfc5a2d0 Exception <a 'java/lang/ClassNotFoundException'{0x000000009c487d70}: org/gradle/api/internal/tasks/DefaultTaskOutputsCustomizer> (0x000000009c487d70) 
thrown [s\open\src\hotspot\share\classfile\systemDictionary.cpp, line 256]
Event: 37.310 Thread 0x00000239cfc5a2d0 Exception <a 'java/lang/ClassNotFoundException'{0x000000009c345b88}: com/android/build/gradle/internal/tasks/PackageRenderscriptTask_DecoratedBeanInfo> (0x000000009c345b88) 
thrown [s\open\src\hotspot\share\classfile\systemDictionary.cpp, line 256]
Event: 37.311 Thread 0x00000239cfc5a2d0 Exception <a 'java/lang/ClassNotFoundException'{0x000000009c3566e8}: com/android/build/gradle/internal/tasks/PackageRenderscriptTaskBeanInfo> (0x000000009c3566e8) 
thrown [s\open\src\hotspot\share\classfile\systemDictionary.cpp, line 256]
Event: 37.311 Thread 0x00000239cfc5a2d0 Exception <a 'java/lang/ClassNotFoundException'{0x000000009c363b60}: org/gradle/api/tasks/SyncBeanInfo> (0x000000009c363b60) 
thrown [s\open\src\hotspot\share\classfile\systemDictionary.cpp, line 256]
Event: 37.311 Thread 0x00000239cfc5a2d0 Exception <a 'java/lang/ClassNotFoundException'{0x000000009c370fb8}: org/gradle/api/tasks/SyncCustomizer> (0x000000009c370fb8) 
thrown [s\open\src\hotspot\share\classfile\systemDictionary.cpp, line 256]
Event: 37.313 Thread 0x00000239cfc5a2d0 Exception <a 'java/lang/ClassNotFoundException'{0x000000009c39a870}: com/android/build/gradle/internal/tasks/PackageRenderscriptTaskCustomizer> (0x000000009c39a870) 
thrown [s\open\src\hotspot\share\classfile\systemDictionary.cpp, line 256]
Event: 37.313 Thread 0x00000239cfc5a2d0 Exception <a 'java/lang/ClassNotFoundException'{0x000000009c3c1a50}: com/android/build/gradle/internal/tasks/PackageRenderscriptTask_DecoratedCustomizer> (0x000000009c3c1a50) 
thrown [s\open\src\hotspot\share\classfile\systemDictionary.cpp, line 256]
Event: 37.318 Thread 0x00000239cfc5a2d0 Exception <a 'java/lang/ClassNotFoundException'{0x000000009c29f518}: com/android/build/gradle/internal/res/GenerateLibraryRFileTask_DecoratedBeanInfo> (0x000000009c29f518) 
thrown [s\open\src\hotspot\share\classfile\systemDictionary.cpp, line 256]
Event: 37.319 Thread 0x00000239cfc5a2d0 Exception <a 'java/lang/ClassNotFoundException'{0x000000009c2aff48}: com/android/build/gradle/internal/res/GenerateLibraryRFileTaskBeanInfo> (0x000000009c2aff48) 
thrown [s\open\src\hotspot\share\classfile\systemDictionary.cpp, line 256]
Event: 37.319 Thread 0x00000239cfc5a2d0 Exception <a 'java/lang/ClassNotFoundException'{0x000000009c2c0698}: com/android/build/gradle/tasks/ProcessAndroidResourcesBeanInfo> (0x000000009c2c0698) 
thrown [s\open\src\hotspot\share\classfile\systemDictionary.cpp, line 256]
Event: 37.320 Thread 0x00000239cfc5a2d0 Exception <a 'java/lang/ClassNotFoundException'{0x000000009c2d1310}: com/android/build/gradle/internal/tasks/NewIncrementalTaskBeanInfo> (0x000000009c2d1310) 
thrown [s\open\src\hotspot\share\classfile\systemDictionary.cpp, line 256]
Event: 37.321 Thread 0x00000239cfc5a2d0 Exception <a 'java/lang/ClassNotFoundException'{0x000000009c2e1ce0}: com/android/build/gradle/internal/tasks/NewIncrementalTaskCustomizer> (0x000000009c2e1ce0) 
thrown [s\open\src\hotspot\share\classfile\systemDictionary.cpp, line 256]
Event: 37.322 Thread 0x00000239cfc5a2d0 Exception <a 'java/lang/ClassNotFoundException'{0x000000009c100a08}: com/android/build/gradle/tasks/ProcessAndroidResourcesCustomizer> (0x000000009c100a08) 
thrown [s\open\src\hotspot\share\classfile\systemDictionary.cpp, line 256]
Event: 37.324 Thread 0x00000239cfc5a2d0 Exception <a 'java/lang/ClassNotFoundException'{0x000000009c121ad0}: com/android/build/gradle/internal/res/GenerateLibraryRFileTaskCustomizer> (0x000000009c121ad0) 
thrown [s\open\src\hotspot\share\classfile\systemDictionary.cpp, line 256]
Event: 37.325 Thread 0x00000239cfc5a2d0 Exception <a 'java/lang/ClassNotFoundException'{0x000000009c158298}: com/android/build/gradle/internal/res/GenerateLibraryRFileTask_DecoratedCustomizer> (0x000000009c158298) 
thrown [s\open\src\hotspot\share\classfile\systemDictionary.cpp, line 256]
Event: 37.335 Thread 0x00000239cfc5a2d0 Exception <a 'java/lang/ClassNotFoundException'{0x000000009c058918}: com/android/build/gradle/tasks/ZipMergingTask_DecoratedBeanInfo> (0x000000009c058918) 
thrown [s\open\src\hotspot\share\classfile\systemDictionary.cpp, line 256]
Event: 37.335 Thread 0x00000239cfc5a2d0 Exception <a 'java/lang/ClassNotFoundException'{0x000000009c068e60}: com/android/build/gradle/tasks/ZipMergingTaskBeanInfo> (0x000000009c068e60) 
thrown [s\open\src\hotspot\share\classfile\systemDictionary.cpp, line 256]
Event: 37.336 Thread 0x00000239cfc5a2d0 Exception <a 'java/lang/ClassNotFoundException'{0x000000009c0794c8}: com/android/build/gradle/tasks/ZipMergingTaskCustomizer> (0x000000009c0794c8) 
thrown [s\open\src\hotspot\share\classfile\systemDictionary.cpp, line 256]
Event: 37.337 Thread 0x00000239cfc5a2d0 Exception <a 'java/lang/ClassNotFoundException'{0x000000009c09c348}: com/android/build/gradle/tasks/ZipMergingTask_DecoratedCustomizer> (0x000000009c09c348) 
thrown [s\open\src\hotspot\share\classfile\systemDictionary.cpp, line 256]
Event: 37.339 Thread 0x00000239cfc5a2d0 Implicit null exception at 0x000002399fe08e1f to 0x000002399fe0be1c

VM Operations (20 events):
Event: 35.631 Executing VM operation: G1CollectForAllocation done
Event: 36.087 Executing VM operation: ICBufferFull
Event: 36.087 Executing VM operation: ICBufferFull done
Event: 36.103 Executing VM operation: G1CollectForAllocation
Event: 36.107 Executing VM operation: G1CollectForAllocation done
Event: 36.717 Executing VM operation: HandshakeAllThreads
Event: 36.717 Executing VM operation: HandshakeAllThreads done
Event: 36.739 Executing VM operation: G1CollectForAllocation
Event: 36.744 Executing VM operation: G1CollectForAllocation done
Event: 36.752 Executing VM operation: CollectForMetadataAllocation
Event: 36.756 Executing VM operation: CollectForMetadataAllocation done
Event: 36.889 Executing VM operation: G1Concurrent
Event: 37.200 Executing VM operation: G1Concurrent done
Event: 37.272 Executing VM operation: G1Concurrent
Event: 37.272 Executing VM operation: G1Concurrent done
Event: 37.484 Executing VM operation: HandshakeAllThreads
Event: 37.484 Executing VM operation: HandshakeAllThreads done
Event: 37.496 Executing VM operation: G1CollectForAllocation
Event: 37.501 Executing VM operation: G1CollectForAllocation done
Event: 38.516 Executing VM operation: Cleanup

Events (20 events):
Event: 37.514 Thread 0x00000239ae6af160 flushing nmethod 0x0000023998e0eb90
Event: 37.514 Thread 0x00000239ae6af160 flushing nmethod 0x0000023998e2b810
Event: 37.514 Thread 0x00000239ae6af160 flushing nmethod 0x0000023998ea4010
Event: 37.514 Thread 0x00000239ae6af160 flushing nmethod 0x0000023998ea5510
Event: 37.514 Thread 0x00000239ae6af160 flushing nmethod 0x0000023998ea6a90
Event: 37.514 Thread 0x00000239ae6af160 flushing nmethod 0x0000023998eb4b90
Event: 37.514 Thread 0x00000239ae6af160 flushing nmethod 0x0000023998eb6910
Event: 37.514 Thread 0x00000239ae6af160 flushing nmethod 0x0000023998eba110
Event: 37.514 Thread 0x00000239ae6af160 flushing nmethod 0x0000023998ebb010
Event: 37.515 Thread 0x00000239ae6af160 flushing nmethod 0x0000023998ef9290
Event: 37.515 Thread 0x00000239ae6af160 flushing nmethod 0x0000023998f07610
Event: 37.515 Thread 0x00000239ae6af160 flushing nmethod 0x0000023998f1bf90
Event: 37.515 Thread 0x00000239ae6af160 flushing nmethod 0x0000023998fc6210
Event: 37.515 Thread 0x00000239ae6af160 flushing nmethod 0x0000023998fcf490
Event: 37.515 Thread 0x00000239ae6af160 flushing nmethod 0x0000023998fd8490
Event: 37.515 Thread 0x00000239ae6af160 flushing nmethod 0x0000023999011310
Event: 37.516 Thread 0x00000239ae6af160 flushing nmethod 0x000002399915f510
Event: 37.516 Thread 0x00000239ae6af160 flushing nmethod 0x0000023999160c90
Event: 37.517 Thread 0x00000239ae6af160 flushing nmethod 0x00000239991d0210
Event: 37.517 Thread 0x00000239ae6af160 flushing nmethod 0x0000023999258d90


Dynamic libraries:
0x00007ff60b130000 - 0x00007ff60b140000 	C:\Program Files\Java\jdk-17\bin\java.exe
0x00007ff8fcf80000 - 0x00007ff8fd1e7000 	C:\WINDOWS\SYSTEM32\ntdll.dll
0x00007ff8fc550000 - 0x00007ff8fc619000 	C:\WINDOWS\System32\KERNEL32.DLL
0x00007ff8fa5c0000 - 0x00007ff8fa9b4000 	C:\WINDOWS\System32\KERNELBASE.dll
0x00007ff8fa9c0000 - 0x00007ff8fab0b000 	C:\WINDOWS\System32\ucrtbase.dll
0x00007ff8d9ea0000 - 0x00007ff8d9eb9000 	C:\Program Files\Java\jdk-17\bin\jli.dll
0x00007ff8d9910000 - 0x00007ff8d992b000 	C:\Program Files\Java\jdk-17\bin\VCRUNTIME140.dll
0x00007ff8fc840000 - 0x00007ff8fc8f6000 	C:\WINDOWS\System32\ADVAPI32.dll
0x00007ff8fc930000 - 0x00007ff8fc9d9000 	C:\WINDOWS\System32\msvcrt.dll
0x00007ff8fbb20000 - 0x00007ff8fbbc7000 	C:\WINDOWS\System32\sechost.dll
0x00007ff8fc710000 - 0x00007ff8fc828000 	C:\WINDOWS\System32\RPCRT4.dll
0x00007ff8fb950000 - 0x00007ff8fbb15000 	C:\WINDOWS\System32\USER32.dll
0x00007ff8d7170000 - 0x00007ff8d7403000 	C:\WINDOWS\WinSxS\amd64_microsoft.windows.common-controls_6595b64144ccf1df_6.0.26100.8115_none_3e075c82e3354f9c\COMCTL32.dll
0x00007ff8f99c0000 - 0x00007ff8f99e7000 	C:\WINDOWS\System32\win32u.dll
0x00007ff8fc900000 - 0x00007ff8fc92b000 	C:\WINDOWS\System32\GDI32.dll
0x00007ff8f9b70000 - 0x00007ff8f9c9b000 	C:\WINDOWS\System32\gdi32full.dll
0x00007ff8f9ca0000 - 0x00007ff8f9d43000 	C:\WINDOWS\System32\msvcp_win.dll
0x00007ff8ee160000 - 0x00007ff8ee16b000 	C:\WINDOWS\SYSTEM32\VERSION.dll
0x00007ff8fc6b0000 - 0x00007ff8fc6e2000 	C:\WINDOWS\System32\IMM32.DLL
0x00007ff8ef400000 - 0x00007ff8ef40c000 	C:\Program Files\Java\jdk-17\bin\vcruntime140_1.dll
0x00007ff8d7d60000 - 0x00007ff8d7dee000 	C:\Program Files\Java\jdk-17\bin\msvcp140.dll
0x00007ff867d80000 - 0x00007ff868960000 	C:\Program Files\Java\jdk-17\bin\server\jvm.dll
0x00007ff8fbbd0000 - 0x00007ff8fbbd8000 	C:\WINDOWS\System32\PSAPI.DLL
0x00007ff8db950000 - 0x00007ff8db95a000 	C:\WINDOWS\SYSTEM32\WSOCK32.dll
0x00007ff8e8580000 - 0x00007ff8e85b6000 	C:\WINDOWS\SYSTEM32\WINMM.dll
0x00007ff8fb0a0000 - 0x00007ff8fb120000 	C:\WINDOWS\System32\WS2_32.dll
0x00007ff8f85e0000 - 0x00007ff8f85fb000 	C:\WINDOWS\SYSTEM32\kernel.appcore.dll
0x00007ff8edd80000 - 0x00007ff8edd8a000 	C:\Program Files\Java\jdk-17\bin\jimage.dll
0x00007ff8f75b0000 - 0x00007ff8f77f2000 	C:\WINDOWS\SYSTEM32\DBGHELP.DLL
0x00007ff8fad10000 - 0x00007ff8fb092000 	C:\WINDOWS\System32\combase.dll
0x00007ff8fbed0000 - 0x00007ff8fbfa8000 	C:\WINDOWS\System32\OLEAUT32.dll
0x00007ff8d7540000 - 0x00007ff8d757b000 	C:\WINDOWS\SYSTEM32\dbgcore.DLL
0x00007ff8f9850000 - 0x00007ff8f98f5000 	C:\WINDOWS\System32\bcryptPrimitives.dll
0x00007ff8d8740000 - 0x00007ff8d874e000 	C:\Program Files\Java\jdk-17\bin\instrument.dll
0x00007ff8d7c40000 - 0x00007ff8d7c65000 	C:\Program Files\Java\jdk-17\bin\java.dll
0x00007ff8cba20000 - 0x00007ff8cbaf7000 	C:\Program Files\Java\jdk-17\bin\jsvml.dll
0x00007ff8fb130000 - 0x00007ff8fb897000 	C:\WINDOWS\System32\SHELL32.dll
0x00007ff8fab10000 - 0x00007ff8fac7a000 	C:\WINDOWS\System32\wintypes.dll
0x00007ff8f9d50000 - 0x00007ff8fa5b8000 	C:\WINDOWS\System32\windows.storage.dll
0x00007ff8fbbe0000 - 0x00007ff8fbcd8000 	C:\WINDOWS\System32\SHCORE.dll
0x00007ff8fc4e0000 - 0x00007ff8fc546000 	C:\WINDOWS\System32\shlwapi.dll
0x00007ff8f9770000 - 0x00007ff8f9799000 	C:\WINDOWS\SYSTEM32\profapi.dll
0x00007ff8cef20000 - 0x00007ff8cef38000 	C:\Program Files\Java\jdk-17\bin\zip.dll
0x00007ff8d7c20000 - 0x00007ff8d7c39000 	C:\Program Files\Java\jdk-17\bin\net.dll
0x00007ff8ef800000 - 0x00007ff8ef92d000 	C:\WINDOWS\SYSTEM32\WINHTTP.dll
0x00007ff8f8bc0000 - 0x00007ff8f8c2c000 	C:\WINDOWS\system32\mswsock.dll
0x00007ff8ceff0000 - 0x00007ff8cf006000 	C:\Program Files\Java\jdk-17\bin\nio.dll
0x00007ff8db960000 - 0x00007ff8db970000 	C:\Program Files\Java\jdk-17\bin\verify.dll
0x00007ff8ceb00000 - 0x00007ff8ceb27000 	C:\Users\Rohit\.gradle\native\1def1411415f61bf3af743bc5b6707747c0891f09f0c88961ee8f79bc544acac\windows-amd64\native-platform.dll
0x00007ff8ca640000 - 0x00007ff8ca6b7000 	C:\Users\Rohit\.gradle\native\0.2.8\x86_64-windows-gnu\gradle-fileevents.dll
0x00007ff8edcd0000 - 0x00007ff8edcda000 	C:\Program Files\Java\jdk-17\bin\management.dll
0x00007ff8eac00000 - 0x00007ff8eac0b000 	C:\Program Files\Java\jdk-17\bin\management_ext.dll
0x00007ff8f7fc0000 - 0x00007ff8f7ff2000 	C:\WINDOWS\SYSTEM32\IPHLPAPI.DLL
0x00007ff8fbce0000 - 0x00007ff8fbcea000 	C:\WINDOWS\System32\NSI.dll
0x00007ff8f0d70000 - 0x00007ff8f0d8d000 	C:\WINDOWS\SYSTEM32\dhcpcsvc6.DLL
0x00007ff8f0d40000 - 0x00007ff8f0d65000 	C:\WINDOWS\SYSTEM32\dhcpcsvc.DLL
0x00007ff8f8050000 - 0x00007ff8f8182000 	C:\WINDOWS\SYSTEM32\DNSAPI.dll
0x00007ff8f8ec0000 - 0x00007ff8f8edb000 	C:\WINDOWS\SYSTEM32\CRYPTSP.dll
0x00007ff8f8540000 - 0x00007ff8f8579000 	C:\WINDOWS\system32\rsaenh.dll
0x00007ff8f8c70000 - 0x00007ff8f8ca3000 	C:\WINDOWS\SYSTEM32\USERENV.dll
0x00007ff8f9740000 - 0x00007ff8f976a000 	C:\WINDOWS\SYSTEM32\bcrypt.dll
0x00007ff8f8ee0000 - 0x00007ff8f8eec000 	C:\WINDOWS\SYSTEM32\CRYPTBASE.dll
0x00007ff8d76b0000 - 0x00007ff8d76be000 	C:\Program Files\Java\jdk-17\bin\sunmscapi.dll
0x00007ff8f99f0000 - 0x00007ff8f9b67000 	C:\WINDOWS\System32\CRYPT32.dll
0x00007ff8f9170000 - 0x00007ff8f91a0000 	C:\WINDOWS\SYSTEM32\ncrypt.dll
0x00007ff8f9120000 - 0x00007ff8f915f000 	C:\WINDOWS\SYSTEM32\NTASN1.dll
0x00007ff8d8cf0000 - 0x00007ff8d8cf8000 	C:\WINDOWS\system32\wshunix.dll

dbghelp: loaded successfully - version: 4.0.5 - missing functions: none
symbol engine: initialized successfully - sym options: 0x614 - pdb path: .;C:\Program Files\Java\jdk-17\bin;C:\WINDOWS\SYSTEM32;C:\WINDOWS\WinSxS\amd64_microsoft.windows.common-controls_6595b64144ccf1df_6.0.26100.8115_none_3e075c82e3354f9c;C:\Program Files\Java\jdk-17\bin\server;C:\Users\Rohit\.gradle\native\1def1411415f61bf3af743bc5b6707747c0891f09f0c88961ee8f79bc544acac\windows-amd64;C:\Users\Rohit\.gradle\native\0.2.8\x86_64-windows-gnu

VM Arguments:
jvm_args: --add-opens=java.base/java.lang=ALL-UNNAMED --add-opens=java.base/java.lang.invoke=ALL-UNNAMED --add-opens=java.base/java.util=ALL-UNNAMED --add-opens=java.prefs/java.util.prefs=ALL-UNNAMED --add-exports=jdk.compiler/com.sun.tools.javac.api=ALL-UNNAMED --add-exports=jdk.compiler/com.sun.tools.javac.util=ALL-UNNAMED --add-opens=java.base/java.util=ALL-UNNAMED --add-opens=java.prefs/java.util.prefs=ALL-UNNAMED --add-opens=java.base/java.nio.charset=ALL-UNNAMED --add-opens=java.base/java.net=ALL-UNNAMED --add-opens=java.base/java.util.concurrent=ALL-UNNAMED --add-opens=java.base/java.util.concurrent.atomic=ALL-UNNAMED --add-opens=java.xml/javax.xml.namespace=ALL-UNNAMED -XX:MaxMetaspaceSize=512m -Xmx2048m -Dfile.encoding=windows-1252 -Duser.country=IN -Duser.language=en -Duser.variant -javaagent:C:\Users\Rohit\.gradle\wrapper\dists\gradle-9.0.0-bin\d6wjpkvcgsg3oed0qlfss3wgl\gradle-9.0.0\lib\agents\gradle-instrumentation-agent-9.0.0.jar 
java_command: org.gradle.launcher.daemon.bootstrap.GradleDaemon 9.0.0
java_class_path (initial): C:\Users\Rohit\.gradle\wrapper\dists\gradle-9.0.0-bin\d6wjpkvcgsg3oed0qlfss3wgl\gradle-9.0.0\lib\gradle-daemon-main-9.0.0.jar
Launcher Type: SUN_STANDARD

[Global flags]
     intx CICompilerCount                          = 4                                         {product} {ergonomic}
   size_t CompressedClassSpaceSize                 = 436207616                                 {product} {ergonomic}
     uint ConcGCThreads                            = 3                                         {product} {ergonomic}
     uint G1ConcRefinementThreads                  = 10                                        {product} {ergonomic}
   size_t G1HeapRegionSize                         = 1048576                                   {product} {ergonomic}
    uintx GCDrainStackTargetSize                   = 64                                        {product} {ergonomic}
   size_t InitialHeapSize                          = 264241152                                 {product} {ergonomic}
   size_t MarkStackSize                            = 4194304                                   {product} {ergonomic}
   size_t MaxHeapSize                              = 2147483648                                {product} {command line}
   size_t MaxMetaspaceSize                         = 536870912                                 {product} {command line}
   size_t MaxNewSize                               = 1287651328                                {product} {ergonomic}
   size_t MinHeapDeltaBytes                        = 1048576                                   {product} {ergonomic}
   size_t MinHeapSize                              = 8388608                                   {product} {ergonomic}
    uintx NonNMethodCodeHeapSize                   = 5839372                                {pd product} {ergonomic}
    uintx NonProfiledCodeHeapSize                  = 122909434                              {pd product} {ergonomic}
    uintx ProfiledCodeHeapSize                     = 122909434                              {pd product} {ergonomic}
    uintx ReservedCodeCacheSize                    = 251658240                              {pd product} {ergonomic}
     bool SegmentedCodeCache                       = true                                      {product} {ergonomic}
   size_t SoftMaxHeapSize                          = 2147483648                             {manageable} {ergonomic}
     bool UseCompressedClassPointers               = true                           {product lp64_product} {ergonomic}
     bool UseCompressedOops                        = true                           {product lp64_product} {ergonomic}
     bool UseG1GC                                  = true                                      {product} {ergonomic}
     bool UseLargePagesIndividualAllocation        = false                                  {pd product} {ergonomic}

Logging:
Log output configuration:
 #0: stdout all=warning uptime,level,tags
 #1: stderr all=off uptime,level,tags

Environment Variables:
JAVA_HOME=C:\Program Files\Java\jdk-17
PATH=D:\my project\main project\FootFlex\forntend\node_modules\.bin;D:\my project\main project\FootFlex\forntend\node_modules\.bin;D:\my project\main project\FootFlex\node_modules\.bin;D:\my project\main project\node_modules\.bin;D:\my project\node_modules\.bin;D:\node_modules\.bin;C:\Program Files\nodejs\node_modules\npm\node_modules\@npmcli\run-script\lib\node-gyp-bin;c:\Users\Rohit\AppData\Roaming\Code\User\globalStorage\github.copilot-chat\debugCommand;c:\Users\Rohit\AppData\Roaming\Code\User\globalStorage\github.copilot-chat\copilotCli;C:\Users\Rohit\AppData\Local\Programs\Microsoft VS Code;C:\Program Files\Java\jdk-17\bin;C:\Program Files\Common Files\Oracle\Java\javapath;C:\oraclexe\app\oracle\product\10.2.0\server\bin;C:\windows\system32;C:\windows;C:\windows\System32\Wbem;C:\windows\System32\WindowsPowerShell\v1.0\;C:\windows\System32\OpenSSH\;C:\Program Files (x86)\NVIDIA Corporation\PhysX\Common;C:\Program Files\NVIDIA Corporation\NVIDIA NvDLISR;C:\Users\Administrator\AppData\Local\Microsoft\WindowsApps;C:\Program Files\HP\OMEN-Broadcast\Common;C:\ProgramData\chocolatey\bin;C:\Program Files\nodejs\;C:\xampp\php;C:\ProgramData\ComposerSetup\bin;C:\Program Files\Git\cmd;C:\Program Files\Microsoft SQL Server\150\Tools\Binn\;C:\Program Files\Microsoft SQL Server\Client SDK\ODBC\170\Tools\Binn\;C:\Program Files\dotnet\;%SystemRoot%\system32;%SystemRoot%;%SystemRoot%\System32\Wbem;%SYSTEMROOT%\System32\WindowsPowerShell\v1.0\;%SYSTEMROOT%\System32\OpenSSH\;C:\Users\Rohit\AppData\Local\Programs\Python\Python313\Scripts\;C:\Users\Rohit\AppData\Local\Programs\Python\Python313\;C:\Users\Rohit\AppData\Local\Microsoft\WindowsApps;C:\Users\Rohit\AppData\Local\Programs\Microsoft VS Code\bin;C:\Program Files\Java\jdk-17\bin;D:\Android\Flutter\SDK\flutter\bin;C:\Users\Rohit\AppData\Local\GitHubDesktop\bin;C:\Users\Rohit\AppData\Roaming\npm;C:\Users\Rohit\AppData\Local\Android\Sdk;C:\Users\Rohit\AppData\Roaming\Composer\vendor\bin;C:\Users\Rohit\.dotnet\tools;C:\Program File
USERNAME=Rohit
LANG=en_US.UTF-8
OS=Windows_NT
PROCESSOR_IDENTIFIER=Intel64 Family 6 Model 186 Stepping 2, GenuineIntel



---------------  S Y S T E M  ---------------

OS:
 Windows 11 , 64 bit Build 26100 (10.0.26100.8246)
OS uptime: 0 days 7:05 hours
Hyper-V role detected

CPU: total 12 (initial active 12) (6 cores per cpu, 2 threads per core) family 6 model 186 stepping 2 microcode 0x4122, cx8, cmov, fxsr, ht, mmx, 3dnowpref, sse, sse2, sse3, ssse3, sse4.1, sse4.2, popcnt, lzcnt, tsc, tscinvbit, avx, avx2, aes, erms, clmul, bmi1, bmi2, adx, sha, fma, vzeroupper, clflush, clflushopt, clwb, hv

Memory: 4k page, system-wide physical 16024M (1039M free)
TotalPageFile size 50273M (AvailPageFile size 7M)
current process WorkingSet (physical memory assigned to process): 747M, peak: 750M
current process commit charge ("private bytes"): 895M, peak: 900M

vm_info: Java HotSpot(TM) 64-Bit Server VM (17.0.12+8-LTS-286) for windows-amd64 JRE (17.0.12+8-LTS-286), built on Jun  5 2024 06:46:59 by "mach5one" with MS VC++ 17.6 (VS2022)

END.
