#
# There is insufficient memory for the Java Runtime Environment to continue.
# Native memory allocation (malloc) failed to allocate 1053056 bytes for Chunk::new
# Possible reasons:
#   The system is out of physical RAM or swap space
#   The process is running with CompressedOops enabled, and the Java Heap may be blocking the growth of the native heap
# Possible solutions:
#   Reduce memory load on the system
#   Increase physical memory or swap space
#   Check if swap backing store is full
#   Decrease Java heap size (-Xmx/-Xms)
#   Decrease number of Java threads
#   Decrease Java thread stack sizes (-Xss)
#   Set larger code cache with -XX:ReservedCodeCacheSize=
#   JVM is running with Unscaled Compressed Oops mode in which the Java heap is
#     placed in the first 4GB address space. The Java Heap base address is the
#     maximum limit for the native heap growth. Please use -XX:HeapBaseMinAddress
#     to set the Java Heap base and to place the Java Heap above 4GB virtual address.
# This output file may be truncated or incomplete.
#
#  Out of Memory Error (arena.cpp:189), pid=20672, tid=28604
#
# JRE version: Java(TM) SE Runtime Environment (17.0.12+8) (build 17.0.12+8-LTS-286)
# Java VM: Java HotSpot(TM) 64-Bit Server VM (17.0.12+8-LTS-286, mixed mode, sharing, tiered, compressed oops, compressed class ptrs, g1 gc, windows-amd64)
# No core dump will be written. Minidumps are not enabled by default on client versions of Windows
#

---------------  S U M M A R Y ------------

Command Line: --add-opens=java.base/java.lang=ALL-UNNAMED --add-opens=java.base/java.lang.invoke=ALL-UNNAMED --add-opens=java.base/java.util=ALL-UNNAMED --add-opens=java.prefs/java.util.prefs=ALL-UNNAMED --add-exports=jdk.compiler/com.sun.tools.javac.api=ALL-UNNAMED --add-exports=jdk.compiler/com.sun.tools.javac.util=ALL-UNNAMED --add-opens=java.base/java.util=ALL-UNNAMED --add-opens=java.prefs/java.util.prefs=ALL-UNNAMED --add-opens=java.base/java.nio.charset=ALL-UNNAMED --add-opens=java.base/java.net=ALL-UNNAMED --add-opens=java.base/java.util.concurrent=ALL-UNNAMED --add-opens=java.base/java.util.concurrent.atomic=ALL-UNNAMED --add-opens=java.xml/javax.xml.namespace=ALL-UNNAMED -XX:MaxMetaspaceSize=512m -Xmx2048m -Dfile.encoding=windows-1252 -Duser.country=IN -Duser.language=en -Duser.variant -javaagent:C:\Users\Rohit\.gradle\wrapper\dists\gradle-9.0.0-bin\d6wjpkvcgsg3oed0qlfss3wgl\gradle-9.0.0\lib\agents\gradle-instrumentation-agent-9.0.0.jar org.gradle.launcher.daemon.bootstrap.GradleDaemon 9.0.0

Host: 13th Gen Intel(R) Core(TM) i5-13420H, 12 cores, 15G,  Windows 11 , 64 bit Build 26100 (10.0.26100.8246)
Time: Wed Apr 29 12:18:47 2026 India Standard Time elapsed time: 8394.089442 seconds (0d 2h 19m 54s)

---------------  T H R E A D  ---------------

Current thread (0x00000266f676ecb0):  JavaThread "C2 CompilerThread1" daemon [_thread_in_native, id=28604, stack(0x0000009435d00000,0x0000009435e00000)]


Current CompileTask:
C2:8394090 29121       4       org.gradle.api.internal.artifacts.ivyservice.resolveengine.result.AdhocHandlingComponentResultSerializer::writeComponentResult (36 bytes)

Stack: [0x0000009435d00000,0x0000009435e00000]
Native frames: (J=compiled Java code, j=interpreted, Vv=VM code, C=native code)
V  [jvm.dll+0x67a04a]
V  [jvm.dll+0x7da4ed]
V  [jvm.dll+0x7dbe33]
V  [jvm.dll+0x7dc4a3]
V  [jvm.dll+0x24508f]
V  [jvm.dll+0xab773]
V  [jvm.dll+0xabd3c]
V  [jvm.dll+0x2aa52f]
V  [jvm.dll+0x581eb9]
V  [jvm.dll+0x21f422]
V  [jvm.dll+0x2184c2]
V  [jvm.dll+0x215b65]
V  [jvm.dll+0x1a2960]
V  [jvm.dll+0x22610b]
V  [jvm.dll+0x2242ab]
V  [jvm.dll+0x79075c]
V  [jvm.dll+0x78abea]
V  [jvm.dll+0x678f35]
C  [ucrtbase.dll+0x37b0]
C  [KERNEL32.DLL+0x2e8d7]
C  [ntdll.dll+0x8c3fc]


---------------  P R O C E S S  ---------------

Threads class SMR info:
_java_thread_list=0x00000266f4e9c4b0, length=197, elements={
0x00000266b20dcbd0, 0x00000266d27a9fb0, 0x00000266d27aaa80, 0x00000266d27c00d0,
0x00000266d27c09a0, 0x00000266d27c1270, 0x00000266d27c1b40, 0x00000266d27c4750,
0x00000266d27c9120, 0x00000266d27cc1f0, 0x00000266d2900fc0, 0x00000266d29a7600,
0x00000266f34980c0, 0x00000266f3df2060, 0x00000266f3b8ba30, 0x00000266f3bcc750,
0x00000266f3bca8f0, 0x00000266f3bccc60, 0x00000266f3bca3e0, 0x00000266f3bcae00,
0x00000266f659c7e0, 0x00000266f659bdc0, 0x00000266f6b4a230, 0x00000266f5796110,
0x00000266f5799dd0, 0x00000266f704cd90, 0x00000266f704d7b0, 0x00000266f704b950,
0x00000266f7050a50, 0x00000266f704d2a0, 0x00000266f7051e90, 0x00000266f70532d0,
0x00000266f70528b0, 0x00000266f7050f60, 0x00000266f4d233d0, 0x00000266f4b5d8d0,
0x00000266f4b59c10, 0x00000266f4b5a120, 0x00000266f4b59700, 0x00000266f4b587d0,
0x00000266f4b58ce0, 0x00000266f4b5a630, 0x00000266f4b5ab40, 0x00000266f4b5b050,
0x00000266f4b591f0, 0x00000266f4b5b560, 0x00000266f4b57db0, 0x00000266f4b5ba70,
0x00000266f4b582c0, 0x00000266f4b5ed10, 0x00000266f4b5c490, 0x00000266f4b60150,
0x00000266f4b5e800, 0x00000266f4b61080, 0x00000266f4b61590, 0x00000266f4b60660,
0x00000266f4b633f0, 0x00000266f4b60b70, 0x00000266f4b61fb0, 0x00000266f4b5fc40,
0x00000266f4b63900, 0x00000266f4b63e10, 0x00000266f4b64320, 0x00000266f4b64d40,
0x00000266f4b64830, 0x00000266f4b65250, 0x00000266f4b61aa0, 0x00000266f4b65760,
0x00000266f4b670b0, 0x00000266f4b675c0, 0x00000266f4b65c70, 0x00000266f4b66180,
0x00000266f4b66ba0, 0x00000266f4b66690, 0x00000266f4d24d20, 0x00000266f4d21570,
0x00000266f4d284d0, 0x00000266f4d27fc0, 0x00000266f4d275a0, 0x00000266f4d27090,
0x00000266f4d27ab0, 0x00000266f4d25230, 0x00000266f4d28ef0, 0x00000266f4d2a330,
0x00000266f4d2b260, 0x00000266f4d289e0, 0x00000266f4d2ad50, 0x00000266f4d2c6a0,
0x00000266f4d29e20, 0x00000266f4d29910, 0x00000266f4d2c190, 0x00000266f4d2b770,
0x00000266f4d2a840, 0x00000266f4d2bc80, 0x00000266f4d2cbb0, 0x00000266f4d29400,
0x00000266f4d30360, 0x00000266f4d2d0c0, 0x00000266f4d2dff0, 0x00000266f4d2f940,
0x00000266f4d2f430, 0x00000266f4d30870, 0x00000266f4d2e500, 0x00000266f4d2d5d0,
0x00000266f4d2dae0, 0x00000266f4d2fe50, 0x00000266f4d2ea10, 0x00000266f4d2ef20,
0x00000266f57942b0, 0x00000266f5796b30, 0x00000266f5796620, 0x00000266f57947c0,
0x00000266f5793da0, 0x00000266f5795c00, 0x00000266f5797040, 0x00000266f5793890,
0x00000266f5797550, 0x00000266f57951e0, 0x00000266f57956f0, 0x00000266f579a2e0,
0x00000266f579a7f0, 0x00000266f5798ea0, 0x00000266f5797f70, 0x00000266f57993b0,
0x00000266f5798990, 0x00000266f5798480, 0x00000266f57998c0, 0x00000266f5797a60,
0x00000266f579ad00, 0x00000266f579b210, 0x00000266f6b49d20, 0x00000266f6b483d0,
0x00000266f6b488e0, 0x00000266f6b47ec0, 0x00000266f6b48df0, 0x00000266f6b46f90,
0x00000266f6b4ac50, 0x00000266f6b474a0, 0x00000266f6b4b160, 0x00000266f6b479b0,
0x00000266f6b4c5a0, 0x00000266f6b4def0, 0x00000266f6b4e400, 0x00000266f6b4b670,
0x00000266f6b4cfc0, 0x00000266f6b4d9e0, 0x00000266f6b4c090, 0x00000266f6b4cab0,
0x00000266f6b4bb80, 0x00000266f6b4e910, 0x00000266f659ccf0, 0x00000266f659a470,
0x00000266f659d710, 0x00000266f659e130, 0x00000266f659a980, 0x00000266f659e640,
0x00000266f659eb50, 0x00000266f659b8b0, 0x00000266f659fa80, 0x00000266f659b3a0,
0x00000266f65a0ec0, 0x00000266f659ff90, 0x00000266f659f060, 0x00000266f659f570,
0x00000266f65a04a0, 0x00000266f65a09b0, 0x00000266f65a13d0, 0x00000266f704e1d0,
0x00000266f704e6e0, 0x00000266f7051470, 0x00000266f704fb20, 0x00000266f7051980,
0x00000266f70523a0, 0x00000266f7050030, 0x00000266f704ebf0, 0x00000266f7052dc0,
0x00000266f7050540, 0x00000266f3bc94b0, 0x00000266f3bc99c0, 0x00000266f3bcc240,
0x00000266f3bc9ed0, 0x00000266f3bcb310, 0x00000266f3bcb820, 0x00000266f3bcbd30,
0x00000266f9f82790, 0x00000266f9f82ca0, 0x00000266f9f81d70, 0x00000266f9f836c0,
0x0000026680e2ab50, 0x0000026680e2c9b0, 0x0000026680e2a130, 0x0000026680e2ba80,
0x0000026680e2b570, 0x0000026680e2a640, 0x0000026680e2b060, 0x0000026680e2bf90,
0x00000266f676ecb0
}

Java Threads: ( => current thread )
  0x00000266b20dcbd0 JavaThread "main" [_thread_blocked, id=21736, stack(0x0000009429400000,0x0000009429500000)]
  0x00000266d27a9fb0 JavaThread "Reference Handler" daemon [_thread_blocked, id=19528, stack(0x0000009429b00000,0x0000009429c00000)]
  0x00000266d27aaa80 JavaThread "Finalizer" daemon [_thread_blocked, id=13412, stack(0x0000009429c00000,0x0000009429d00000)]
  0x00000266d27c00d0 JavaThread "Signal Dispatcher" daemon [_thread_blocked, id=17584, stack(0x0000009429d00000,0x0000009429e00000)]
  0x00000266d27c09a0 JavaThread "Attach Listener" daemon [_thread_blocked, id=20536, stack(0x0000009429e00000,0x0000009429f00000)]
  0x00000266d27c1270 JavaThread "Service Thread" daemon [_thread_blocked, id=17260, stack(0x0000009429f00000,0x000000942a000000)]
  0x00000266d27c1b40 JavaThread "Monitor Deflation Thread" daemon [_thread_blocked, id=15196, stack(0x000000942a000000,0x000000942a100000)]
  0x00000266d27c4750 JavaThread "C2 CompilerThread0" daemon [_thread_in_vm, id=5316, stack(0x000000942a100000,0x000000942a200000)]
  0x00000266d27c9120 JavaThread "C1 CompilerThread0" daemon [_thread_blocked, id=13388, stack(0x000000942a200000,0x000000942a300000)]
  0x00000266d27cc1f0 JavaThread "Sweeper thread" daemon [_thread_blocked, id=7296, stack(0x000000942a300000,0x000000942a400000)]
  0x00000266d2900fc0 JavaThread "Common-Cleaner" daemon [_thread_blocked, id=12116, stack(0x000000942a400000,0x000000942a500000)]
  0x00000266d29a7600 JavaThread "Notification Thread" daemon [_thread_blocked, id=21272, stack(0x000000942a500000,0x000000942a600000)]
  0x00000266f34980c0 JavaThread "Daemon health stats" [_thread_blocked, id=18452, stack(0x000000942a800000,0x000000942a900000)]
  0x00000266f3df2060 JavaThread "Incoming local TCP Connector on port 59587" [_thread_in_native, id=19812, stack(0x000000942ae00000,0x000000942af00000)]
  0x00000266f3b8ba30 JavaThread "Daemon periodic checks" [_thread_blocked, id=9068, stack(0x000000942af00000,0x000000942b000000)]
  0x00000266f3bcc750 JavaThread "Cache worker for journal cache (C:\Users\Rohit\.gradle\caches\journal-1)" [_thread_blocked, id=10616, stack(0x000000942b700000,0x000000942b800000)]
  0x00000266f3bca8f0 JavaThread "File lock request listener" [_thread_in_native, id=14560, stack(0x000000942b800000,0x000000942b900000)]
  0x00000266f3bccc60 JavaThread "Cache worker for file hash cache (C:\Users\Rohit\.gradle\caches\9.0.0\fileHashes)" [_thread_blocked, id=3548, stack(0x000000942b900000,0x000000942ba00000)]
  0x00000266f3bca3e0 JavaThread "File watcher server" daemon [_thread_in_native, id=5960, stack(0x000000942c200000,0x000000942c300000)]
  0x00000266f3bcae00 JavaThread "File watcher consumer" daemon [_thread_blocked, id=1660, stack(0x000000942c300000,0x000000942c400000)]
  0x00000266f659c7e0 JavaThread "Cache worker for file content cache (C:\Users\Rohit\.gradle\caches\9.0.0\fileContent)" [_thread_blocked, id=21304, stack(0x000000942bf00000,0x000000942c000000)]
  0x00000266f659bdc0 JavaThread "jar transforms" [_thread_blocked, id=22376, stack(0x000000942c900000,0x000000942ca00000)]
  0x00000266f6b4a230 JavaThread "Memory manager" [_thread_blocked, id=23676, stack(0x000000942dc00000,0x000000942dd00000)]
  0x00000266f5796110 JavaThread "jar transforms Thread 2" [_thread_blocked, id=15448, stack(0x0000009435500000,0x0000009435600000)]
  0x00000266f5799dd0 JavaThread "jar transforms Thread 3" [_thread_blocked, id=23708, stack(0x0000009435600000,0x0000009435700000)]
  0x00000266f704cd90 JavaThread "jar transforms Thread 4" [_thread_blocked, id=19128, stack(0x0000009436000000,0x0000009436100000)]
  0x00000266f704d7b0 JavaThread "jar transforms Thread 5" [_thread_blocked, id=24080, stack(0x0000009435400000,0x0000009435500000)]
  0x00000266f704b950 JavaThread "jar transforms Thread 6" [_thread_blocked, id=22332, stack(0x0000009435f00000,0x0000009436000000)]
  0x00000266f7050a50 JavaThread "jar transforms Thread 7" [_thread_blocked, id=24400, stack(0x0000009436500000,0x0000009436600000)]
  0x00000266f704d2a0 JavaThread "jar transforms Thread 8" [_thread_blocked, id=15780, stack(0x0000009436600000,0x0000009436700000)]
  0x00000266f7051e90 JavaThread "jar transforms Thread 9" [_thread_blocked, id=10288, stack(0x0000009436700000,0x0000009436800000)]
  0x00000266f70532d0 JavaThread "jar transforms Thread 10" [_thread_blocked, id=19344, stack(0x0000009436800000,0x0000009436900000)]
  0x00000266f70528b0 JavaThread "jar transforms Thread 11" [_thread_blocked, id=20708, stack(0x0000009436900000,0x0000009436a00000)]
  0x00000266f7050f60 JavaThread "jar transforms Thread 12" [_thread_blocked, id=18500, stack(0x0000009436a00000,0x0000009436b00000)]
  0x00000266f4d233d0 JavaThread "pool-3-thread-1" [_thread_blocked, id=20276, stack(0x0000009437000000,0x0000009437100000)]
  0x00000266f4b5d8d0 JavaThread "pool-6-thread-1" [_thread_blocked, id=18164, stack(0x0000009436400000,0x0000009436500000)]
  0x00000266f4b59c10 JavaThread "Daemon Thread 3" [_thread_blocked, id=21064, stack(0x0000009429100000,0x0000009429200000)]
  0x00000266f4b5a120 JavaThread "Handler for socket connection from /127.0.0.1:59587 to /127.0.0.1:60608" [_thread_in_native, id=10252, stack(0x0000009429200000,0x0000009429300000)]
  0x00000266f4b59700 JavaThread "Cancel handler" [_thread_blocked, id=20164, stack(0x0000009429300000,0x0000009429400000)]
  0x00000266f4b587d0 JavaThread "Daemon worker Thread 3" [_thread_blocked, id=21268, stack(0x000000942b000000,0x000000942b100000)]
  0x00000266f4b58ce0 JavaThread "Asynchronous log dispatcher for DefaultDaemonConnection: socket connection from /127.0.0.1:59587 to /127.0.0.1:60608" [_thread_blocked, id=24564, stack(0x000000942b100000,0x000000942b200000)]
  0x00000266f4b5a630 JavaThread "Stdin handler" [_thread_blocked, id=12472, stack(0x000000942b200000,0x000000942b300000)]
  0x00000266f4b5ab40 JavaThread "Daemon client event forwarder" [_thread_blocked, id=24532, stack(0x000000942b300000,0x000000942b400000)]
  0x00000266f4b5b050 JavaThread "Cache worker for file hash cache (D:\my project\main project\FootFlex\forntend\android\.gradle\9.0.0\fileHashes)" [_thread_blocked, id=17792, stack(0x000000942b400000,0x000000942b500000)]
  0x00000266f4b591f0 JavaThread "Cache worker for Build Output Cleanup Cache (D:\my project\main project\FootFlex\forntend\android\.gradle\buildOutputCleanup)" [_thread_blocked, id=10860, stack(0x000000942b500000,0x000000942b600000)]
  0x00000266f4b5b560 JavaThread "Cache worker for checksums cache (D:\my project\main project\FootFlex\forntend\android\.gradle\9.0.0\checksums)" [_thread_blocked, id=27264, stack(0x000000942b600000,0x000000942b700000)]
  0x00000266f4b57db0 JavaThread "Cache worker for cache directory md-supplier (C:\Users\Rohit\.gradle\caches\9.0.0\md-supplier)" [_thread_blocked, id=14364, stack(0x000000942c000000,0x000000942c100000)]
  0x00000266f4b5ba70 JavaThread "Cache worker for cache directory md-rule (C:\Users\Rohit\.gradle\caches\9.0.0\md-rule)" [_thread_blocked, id=12836, stack(0x000000942c100000,0x000000942c200000)]
  0x00000266f4b582c0 JavaThread "Cache worker for Build Output Cleanup Cache (D:\my project\main project\FootFlex\forntend\node_modules\@react-native\gradle-plugin\.gradle\buildOutputCleanup)" [_thread_blocked, id=23560, stack(0x000000942c400000,0x000000942c500000)]
  0x00000266f4b5ed10 JavaThread "Unconstrained build operations" [_thread_blocked, id=14640, stack(0x000000942c500000,0x000000942c600000)]
  0x00000266f4b5c490 JavaThread "Unconstrained build operations Thread 2" [_thread_blocked, id=19488, stack(0x000000942c600000,0x000000942c700000)]
  0x00000266f4b60150 JavaThread "Unconstrained build operations Thread 3" [_thread_blocked, id=28272, stack(0x000000942c700000,0x000000942c800000)]
  0x00000266f4b5e800 JavaThread "Unconstrained build operations Thread 4" [_thread_blocked, id=24100, stack(0x000000942c800000,0x000000942c900000)]
  0x00000266f4b61080 JavaThread "Unconstrained build operations Thread 5" [_thread_blocked, id=12428, stack(0x000000942cc00000,0x000000942cd00000)]
  0x00000266f4b61590 JavaThread "Unconstrained build operations Thread 6" [_thread_blocked, id=22392, stack(0x000000942cd00000,0x000000942ce00000)]
  0x00000266f4b60660 JavaThread "Unconstrained build operations Thread 7" [_thread_blocked, id=4324, stack(0x000000942ce00000,0x000000942cf00000)]
  0x00000266f4b633f0 JavaThread "Unconstrained build operations Thread 8" [_thread_blocked, id=20696, stack(0x000000942cf00000,0x000000942d000000)]
  0x00000266f4b60b70 JavaThread "Unconstrained build operations Thread 9" [_thread_blocked, id=12976, stack(0x000000942d000000,0x000000942d100000)]
  0x00000266f4b61fb0 JavaThread "Unconstrained build operations Thread 10" [_thread_blocked, id=3888, stack(0x000000942d100000,0x000000942d200000)]
  0x00000266f4b5fc40 JavaThread "Unconstrained build operations Thread 11" [_thread_blocked, id=21340, stack(0x000000942d200000,0x000000942d300000)]
  0x00000266f4b63900 JavaThread "Unconstrained build operations Thread 12" [_thread_blocked, id=25824, stack(0x000000942d300000,0x000000942d400000)]
  0x00000266f4b63e10 JavaThread "Unconstrained build operations Thread 13" [_thread_blocked, id=10544, stack(0x000000942d400000,0x000000942d500000)]
  0x00000266f4b64320 JavaThread "Unconstrained build operations Thread 14" [_thread_blocked, id=18008, stack(0x000000942d500000,0x000000942d600000)]
  0x00000266f4b64d40 JavaThread "Unconstrained build operations Thread 15" [_thread_blocked, id=7868, stack(0x000000942d600000,0x000000942d700000)]
  0x00000266f4b64830 JavaThread "Unconstrained build operations Thread 16" [_thread_blocked, id=19300, stack(0x000000942d700000,0x000000942d800000)]
  0x00000266f4b65250 JavaThread "Unconstrained build operations Thread 17" [_thread_blocked, id=10948, stack(0x000000942d800000,0x000000942d900000)]
  0x00000266f4b61aa0 JavaThread "Unconstrained build operations Thread 18" [_thread_blocked, id=25912, stack(0x000000942d900000,0x000000942da00000)]
  0x00000266f4b65760 JavaThread "Unconstrained build operations Thread 19" [_thread_blocked, id=15144, stack(0x000000942da00000,0x000000942db00000)]
  0x00000266f4b670b0 JavaThread "Unconstrained build operations Thread 20" [_thread_blocked, id=26220, stack(0x000000942db00000,0x000000942dc00000)]
  0x00000266f4b675c0 JavaThread "Unconstrained build operations Thread 21" [_thread_blocked, id=26952, stack(0x000000942dd00000,0x000000942de00000)]
  0x00000266f4b65c70 JavaThread "Unconstrained build operations Thread 22" [_thread_blocked, id=672, stack(0x000000942de00000,0x000000942df00000)]
  0x00000266f4b66180 JavaThread "Unconstrained build operations Thread 23" [_thread_blocked, id=9084, stack(0x000000942df00000,0x000000942e000000)]
  0x00000266f4b66ba0 JavaThread "Unconstrained build operations Thread 24" [_thread_blocked, id=13744, stack(0x000000942e000000,0x000000942e100000)]
  0x00000266f4b66690 JavaThread "Unconstrained build operations Thread 25" [_thread_blocked, id=28580, stack(0x000000942e100000,0x000000942e200000)]
  0x00000266f4d24d20 JavaThread "Unconstrained build operations Thread 26" [_thread_blocked, id=22360, stack(0x000000942e200000,0x000000942e300000)]
  0x00000266f4d21570 JavaThread "build event listener" [_thread_blocked, id=25872, stack(0x000000942e300000,0x000000942e400000)]
  0x00000266f4d284d0 JavaThread "ForkJoinPool.commonPool-worker-23" daemon [_thread_blocked, id=27464, stack(0x000000942cb00000,0x000000942cc00000)]
  0x00000266f4d27fc0 JavaThread "ForkJoinPool.commonPool-worker-24" daemon [_thread_blocked, id=17864, stack(0x000000942e400000,0x000000942e500000)]
  0x00000266f4d275a0 JavaThread "ForkJoinPool.commonPool-worker-26" daemon [_thread_blocked, id=8828, stack(0x000000942e500000,0x000000942e600000)]
  0x00000266f4d27090 JavaThread "ForkJoinPool.commonPool-worker-25" daemon [_thread_blocked, id=27556, stack(0x000000942e600000,0x000000942e700000)]
  0x00000266f4d27ab0 JavaThread "ForkJoinPool.commonPool-worker-27" daemon [_thread_blocked, id=3524, stack(0x000000942e700000,0x000000942e800000)]
  0x00000266f4d25230 JavaThread "ForkJoinPool.commonPool-worker-28" daemon [_thread_blocked, id=27392, stack(0x000000942e800000,0x000000942e900000)]
  0x00000266f4d28ef0 JavaThread "ForkJoinPool.commonPool-worker-29" daemon [_thread_blocked, id=27056, stack(0x000000942e900000,0x000000942ea00000)]
  0x00000266f4d2a330 JavaThread "ForkJoinPool.commonPool-worker-30" daemon [_thread_blocked, id=14708, stack(0x000000942ea00000,0x000000942eb00000)]
  0x00000266f4d2b260 JavaThread "included builds" [_thread_blocked, id=28072, stack(0x000000942eb00000,0x000000942ec00000)]
  0x00000266f4d289e0 JavaThread "Execution worker" [_thread_blocked, id=14348, stack(0x000000942ec00000,0x000000942ed00000)]
  0x00000266f4d2ad50 JavaThread "Execution worker Thread 2" [_thread_blocked, id=11436, stack(0x000000942ed00000,0x000000942ee00000)]
  0x00000266f4d2c6a0 JavaThread "Execution worker Thread 3" [_thread_blocked, id=6832, stack(0x000000942ee00000,0x000000942ef00000)]
  0x00000266f4d29e20 JavaThread "Execution worker Thread 4" [_thread_blocked, id=15052, stack(0x000000942ef00000,0x000000942f000000)]
  0x00000266f4d29910 JavaThread "Execution worker Thread 5" [_thread_blocked, id=27400, stack(0x000000942f000000,0x000000942f100000)]
  0x00000266f4d2c190 JavaThread "Execution worker Thread 6" [_thread_blocked, id=24940, stack(0x000000942f100000,0x000000942f200000)]
  0x00000266f4d2b770 JavaThread "Execution worker Thread 7" [_thread_blocked, id=11780, stack(0x000000942f200000,0x000000942f300000)]
  0x00000266f4d2a840 JavaThread "Execution worker Thread 8" [_thread_blocked, id=14232, stack(0x000000942f300000,0x000000942f400000)]
  0x00000266f4d2bc80 JavaThread "Execution worker Thread 9" [_thread_blocked, id=20948, stack(0x000000942f400000,0x000000942f500000)]
  0x00000266f4d2cbb0 JavaThread "Execution worker Thread 10" [_thread_blocked, id=28392, stack(0x000000942f500000,0x000000942f600000)]
  0x00000266f4d29400 JavaThread "Execution worker Thread 11" [_thread_blocked, id=21280, stack(0x000000942f600000,0x000000942f700000)]
  0x00000266f4d30360 JavaThread "Cache worker for execution history cache (D:\my project\main project\FootFlex\forntend\node_modules\@react-native\gradle-plugin\.gradle\9.0.0\executionHistory)" [_thread_blocked, id=8488, stack(0x000000942f700000,0x000000942f800000)]
  0x00000266f4d2d0c0 JavaThread "Unconstrained build operations Thread 27" [_thread_blocked, id=26288, stack(0x000000942f800000,0x000000942f900000)]
  0x00000266f4d2dff0 JavaThread "Unconstrained build operations Thread 28" [_thread_blocked, id=972, stack(0x000000942f900000,0x000000942fa00000)]
  0x00000266f4d2f940 JavaThread "Unconstrained build operations Thread 29" [_thread_blocked, id=3236, stack(0x000000942fa00000,0x000000942fb00000)]
  0x00000266f4d2f430 JavaThread "Unconstrained build operations Thread 30" [_thread_blocked, id=25492, stack(0x000000942fb00000,0x000000942fc00000)]
  0x00000266f4d30870 JavaThread "Unconstrained build operations Thread 31" [_thread_blocked, id=9288, stack(0x000000942fc00000,0x000000942fd00000)]
  0x00000266f4d2e500 JavaThread "Unconstrained build operations Thread 32" [_thread_blocked, id=3192, stack(0x000000942fd00000,0x000000942fe00000)]
  0x00000266f4d2d5d0 JavaThread "Unconstrained build operations Thread 33" [_thread_blocked, id=23072, stack(0x000000942fe00000,0x000000942ff00000)]
  0x00000266f4d2dae0 JavaThread "Unconstrained build operations Thread 34" [_thread_blocked, id=6800, stack(0x000000942ff00000,0x0000009430000000)]
  0x00000266f4d2fe50 JavaThread "Unconstrained build operations Thread 35" [_thread_blocked, id=22152, stack(0x0000009430000000,0x0000009430100000)]
  0x00000266f4d2ea10 JavaThread "Unconstrained build operations Thread 36" [_thread_blocked, id=15908, stack(0x0000009430100000,0x0000009430200000)]
  0x00000266f4d2ef20 JavaThread "Unconstrained build operations Thread 37" [_thread_blocked, id=9464, stack(0x0000009430200000,0x0000009430300000)]
  0x00000266f57942b0 JavaThread "Unconstrained build operations Thread 38" [_thread_blocked, id=17072, stack(0x0000009430300000,0x0000009430400000)]
  0x00000266f5796b30 JavaThread "Unconstrained build operations Thread 39" [_thread_blocked, id=26016, stack(0x0000009430400000,0x0000009430500000)]
  0x00000266f5796620 JavaThread "Unconstrained build operations Thread 40" [_thread_blocked, id=22592, stack(0x0000009430500000,0x0000009430600000)]
  0x00000266f57947c0 JavaThread "Unconstrained build operations Thread 41" [_thread_blocked, id=13120, stack(0x0000009430600000,0x0000009430700000)]
  0x00000266f5793da0 JavaThread "Unconstrained build operations Thread 42" [_thread_blocked, id=23176, stack(0x0000009430700000,0x0000009430800000)]
  0x00000266f5795c00 JavaThread "Unconstrained build operations Thread 43" [_thread_blocked, id=19240, stack(0x0000009430800000,0x0000009430900000)]
  0x00000266f5797040 JavaThread "Unconstrained build operations Thread 44" [_thread_blocked, id=15420, stack(0x0000009430900000,0x0000009430a00000)]
  0x00000266f5793890 JavaThread "Unconstrained build operations Thread 45" [_thread_blocked, id=27480, stack(0x0000009430a00000,0x0000009430b00000)]
  0x00000266f5797550 JavaThread "Unconstrained build operations Thread 46" [_thread_blocked, id=25584, stack(0x0000009430b00000,0x0000009430c00000)]
  0x00000266f57951e0 JavaThread "Unconstrained build operations Thread 47" [_thread_blocked, id=28484, stack(0x0000009430c00000,0x0000009430d00000)]
  0x00000266f57956f0 JavaThread "Unconstrained build operations Thread 48" [_thread_blocked, id=10120, stack(0x0000009430d00000,0x0000009430e00000)]
  0x00000266f579a2e0 JavaThread "Unconstrained build operations Thread 49" [_thread_blocked, id=27380, stack(0x0000009430e00000,0x0000009430f00000)]
  0x00000266f579a7f0 JavaThread "Unconstrained build operations Thread 50" [_thread_blocked, id=15584, stack(0x0000009430f00000,0x0000009431000000)]
  0x00000266f5798ea0 JavaThread "Unconstrained build operations Thread 51" [_thread_blocked, id=26308, stack(0x0000009431000000,0x0000009431100000)]
  0x00000266f5797f70 JavaThread "Unconstrained build operations Thread 52" [_thread_blocked, id=4728, stack(0x0000009431100000,0x0000009431200000)]
  0x00000266f57993b0 JavaThread "Unconstrained build operations Thread 53" [_thread_blocked, id=27320, stack(0x0000009431200000,0x0000009431300000)]
  0x00000266f5798990 JavaThread "Unconstrained build operations Thread 54" [_thread_blocked, id=19348, stack(0x0000009431300000,0x0000009431400000)]
  0x00000266f5798480 JavaThread "Unconstrained build operations Thread 55" [_thread_blocked, id=22544, stack(0x0000009431400000,0x0000009431500000)]
  0x00000266f57998c0 JavaThread "Unconstrained build operations Thread 56" [_thread_blocked, id=22568, stack(0x0000009431500000,0x0000009431600000)]
  0x00000266f5797a60 JavaThread "Unconstrained build operations Thread 57" [_thread_blocked, id=27800, stack(0x0000009431600000,0x0000009431700000)]
  0x00000266f579ad00 JavaThread "Unconstrained build operations Thread 58" [_thread_blocked, id=4012, stack(0x0000009431700000,0x0000009431800000)]
  0x00000266f579b210 JavaThread "Unconstrained build operations Thread 59" [_thread_blocked, id=21528, stack(0x0000009431800000,0x0000009431900000)]
  0x00000266f6b49d20 JavaThread "Unconstrained build operations Thread 60" [_thread_blocked, id=25728, stack(0x0000009431900000,0x0000009431a00000)]
  0x00000266f6b483d0 JavaThread "Unconstrained build operations Thread 61" [_thread_blocked, id=13524, stack(0x0000009431a00000,0x0000009431b00000)]
  0x00000266f6b488e0 JavaThread "Unconstrained build operations Thread 62" [_thread_blocked, id=11660, stack(0x0000009431b00000,0x0000009431c00000)]
  0x00000266f6b47ec0 JavaThread "Unconstrained build operations Thread 63" [_thread_blocked, id=27608, stack(0x0000009431c00000,0x0000009431d00000)]
  0x00000266f6b48df0 JavaThread "Unconstrained build operations Thread 64" [_thread_blocked, id=5992, stack(0x0000009431d00000,0x0000009431e00000)]
  0x00000266f6b46f90 JavaThread "Unconstrained build operations Thread 65" [_thread_blocked, id=27496, stack(0x0000009431e00000,0x0000009431f00000)]
  0x00000266f6b4ac50 JavaThread "Unconstrained build operations Thread 66" [_thread_blocked, id=12592, stack(0x0000009431f00000,0x0000009432000000)]
  0x00000266f6b474a0 JavaThread "Unconstrained build operations Thread 67" [_thread_blocked, id=12932, stack(0x0000009432000000,0x0000009432100000)]
  0x00000266f6b4b160 JavaThread "Unconstrained build operations Thread 68" [_thread_blocked, id=20784, stack(0x0000009432100000,0x0000009432200000)]
  0x00000266f6b479b0 JavaThread "Exec process Thread 7" [_thread_in_native, id=26360, stack(0x0000009432200000,0x0000009432300000)]
  0x00000266f6b4c5a0 JavaThread "Exec process Thread 8" [_thread_in_native, id=26416, stack(0x0000009432300000,0x0000009432400000)]
  0x00000266f6b4def0 JavaThread "Exec process Thread 9" [_thread_in_native, id=14360, stack(0x0000009432400000,0x0000009432500000)]
  0x00000266f6b4e400 JavaThread "Unconstrained build operations Thread 69" [_thread_blocked, id=27164, stack(0x0000009432600000,0x0000009432700000)]
  0x00000266f6b4b670 JavaThread "Unconstrained build operations Thread 70" [_thread_blocked, id=24916, stack(0x0000009432700000,0x0000009432800000)]
  0x00000266f6b4cfc0 JavaThread "Unconstrained build operations Thread 71" [_thread_blocked, id=27632, stack(0x0000009432800000,0x0000009432900000)]
  0x00000266f6b4d9e0 JavaThread "Unconstrained build operations Thread 72" [_thread_blocked, id=24160, stack(0x0000009432900000,0x0000009432a00000)]
  0x00000266f6b4c090 JavaThread "Unconstrained build operations Thread 73" [_thread_blocked, id=16624, stack(0x0000009432a00000,0x0000009432b00000)]
  0x00000266f6b4cab0 JavaThread "Unconstrained build operations Thread 74" [_thread_blocked, id=12108, stack(0x0000009432b00000,0x0000009432c00000)]
  0x00000266f6b4bb80 JavaThread "Unconstrained build operations Thread 75" [_thread_blocked, id=27936, stack(0x0000009432c00000,0x0000009432d00000)]
  0x00000266f6b4e910 JavaThread "Unconstrained build operations Thread 76" [_thread_blocked, id=2660, stack(0x0000009432d00000,0x0000009432e00000)]
  0x00000266f659ccf0 JavaThread "Unconstrained build operations Thread 77" [_thread_blocked, id=11580, stack(0x0000009432e00000,0x0000009432f00000)]
  0x00000266f659a470 JavaThread "Unconstrained build operations Thread 78" [_thread_blocked, id=25444, stack(0x0000009432f00000,0x0000009433000000)]
  0x00000266f659d710 JavaThread "Unconstrained build operations Thread 79" [_thread_blocked, id=27152, stack(0x0000009433000000,0x0000009433100000)]
  0x00000266f659e130 JavaThread "Unconstrained build operations Thread 80" [_thread_blocked, id=14036, stack(0x0000009433100000,0x0000009433200000)]
  0x00000266f659a980 JavaThread "Unconstrained build operations Thread 81" [_thread_blocked, id=25628, stack(0x0000009433200000,0x0000009433300000)]
  0x00000266f659e640 JavaThread "Unconstrained build operations Thread 82" [_thread_blocked, id=27452, stack(0x0000009433300000,0x0000009433400000)]
  0x00000266f659eb50 JavaThread "Unconstrained build operations Thread 83" [_thread_blocked, id=24716, stack(0x0000009433400000,0x0000009433500000)]
  0x00000266f659b8b0 JavaThread "Unconstrained build operations Thread 84" [_thread_blocked, id=21916, stack(0x0000009433500000,0x0000009433600000)]
  0x00000266f659fa80 JavaThread "Unconstrained build operations Thread 85" [_thread_blocked, id=25704, stack(0x0000009433600000,0x0000009433700000)]
  0x00000266f659b3a0 JavaThread "Unconstrained build operations Thread 86" [_thread_blocked, id=13304, stack(0x0000009433700000,0x0000009433800000)]
  0x00000266f65a0ec0 JavaThread "Unconstrained build operations Thread 87" [_thread_blocked, id=20180, stack(0x0000009433800000,0x0000009433900000)]
  0x00000266f659ff90 JavaThread "Unconstrained build operations Thread 88" [_thread_blocked, id=15704, stack(0x0000009433900000,0x0000009433a00000)]
  0x00000266f659f060 JavaThread "Unconstrained build operations Thread 89" [_thread_blocked, id=22676, stack(0x0000009433a00000,0x0000009433b00000)]
  0x00000266f659f570 JavaThread "Unconstrained build operations Thread 90" [_thread_blocked, id=24420, stack(0x0000009433b00000,0x0000009433c00000)]
  0x00000266f65a04a0 JavaThread "Unconstrained build operations Thread 91" [_thread_blocked, id=20720, stack(0x0000009433c00000,0x0000009433d00000)]
  0x00000266f65a09b0 JavaThread "Unconstrained build operations Thread 92" [_thread_blocked, id=22128, stack(0x0000009433d00000,0x0000009433e00000)]
  0x00000266f65a13d0 JavaThread "Unconstrained build operations Thread 93" [_thread_blocked, id=26240, stack(0x0000009433e00000,0x0000009433f00000)]
  0x00000266f704e1d0 JavaThread "Unconstrained build operations Thread 94" [_thread_blocked, id=26132, stack(0x0000009433f00000,0x0000009434000000)]
  0x00000266f704e6e0 JavaThread "Unconstrained build operations Thread 95" [_thread_blocked, id=25012, stack(0x0000009434000000,0x0000009434100000)]
  0x00000266f7051470 JavaThread "Unconstrained build operations Thread 96" [_thread_blocked, id=25236, stack(0x0000009434100000,0x0000009434200000)]
  0x00000266f704fb20 JavaThread "Unconstrained build operations Thread 97" [_thread_blocked, id=15424, stack(0x0000009434200000,0x0000009434300000)]
  0x00000266f7051980 JavaThread "Unconstrained build operations Thread 98" [_thread_blocked, id=27596, stack(0x0000009434300000,0x0000009434400000)]
  0x00000266f70523a0 JavaThread "Unconstrained build operations Thread 99" [_thread_blocked, id=20880, stack(0x0000009434400000,0x0000009434500000)]
  0x00000266f7050030 JavaThread "Unconstrained build operations Thread 100" [_thread_blocked, id=24468, stack(0x0000009434500000,0x0000009434600000)]
  0x00000266f704ebf0 JavaThread "build event listener" [_thread_blocked, id=19136, stack(0x0000009432500000,0x0000009432600000)]
  0x00000266f7052dc0 JavaThread "Problems report writer" [_thread_blocked, id=28640, stack(0x000000942ca00000,0x000000942cb00000)]
  0x00000266f7050540 JavaThread "Unconstrained build operations Thread 101" [_thread_blocked, id=6216, stack(0x0000009434700000,0x0000009434800000)]
  0x00000266f3bc94b0 JavaThread "Unconstrained build operations Thread 102" [_thread_blocked, id=27504, stack(0x0000009434800000,0x0000009434900000)]
  0x00000266f3bc99c0 JavaThread "Unconstrained build operations Thread 103" [_thread_blocked, id=22992, stack(0x0000009434900000,0x0000009434a00000)]
  0x00000266f3bcc240 JavaThread "Unconstrained build operations Thread 104" [_thread_blocked, id=16992, stack(0x0000009434a00000,0x0000009434b00000)]
  0x00000266f3bc9ed0 JavaThread "Unconstrained build operations Thread 105" [_thread_blocked, id=22952, stack(0x0000009434b00000,0x0000009434c00000)]
  0x00000266f3bcb310 JavaThread "Unconstrained build operations Thread 106" [_thread_blocked, id=13732, stack(0x0000009434c00000,0x0000009434d00000)]
  0x00000266f3bcb820 JavaThread "Unconstrained build operations Thread 107" [_thread_blocked, id=26768, stack(0x0000009434d00000,0x0000009434e00000)]
  0x00000266f3bcbd30 JavaThread "Unconstrained build operations Thread 108" [_thread_blocked, id=20908, stack(0x0000009434e00000,0x0000009434f00000)]
  0x00000266f9f82790 JavaThread "Unconstrained build operations Thread 109" [_thread_blocked, id=25384, stack(0x0000009434f00000,0x0000009435000000)]
  0x00000266f9f82ca0 JavaThread "Unconstrained build operations Thread 110" [_thread_blocked, id=26440, stack(0x0000009435000000,0x0000009435100000)]
  0x00000266f9f81d70 JavaThread "Unconstrained build operations Thread 111" [_thread_blocked, id=21792, stack(0x0000009435100000,0x0000009435200000)]
  0x00000266f9f836c0 JavaThread "Unconstrained build operations Thread 112" [_thread_blocked, id=14724, stack(0x0000009435200000,0x0000009435300000)]
  0x0000026680e2ab50 JavaThread "Unconstrained build operations Thread 113" [_thread_blocked, id=15072, stack(0x0000009435300000,0x0000009435400000)]
  0x0000026680e2c9b0 JavaThread "Unconstrained build operations Thread 114" [_thread_blocked, id=21448, stack(0x0000009435700000,0x0000009435800000)]
  0x0000026680e2a130 JavaThread "Unconstrained build operations Thread 115" [_thread_blocked, id=1116, stack(0x0000009435800000,0x0000009435900000)]
  0x0000026680e2ba80 JavaThread "Unconstrained build operations Thread 116" [_thread_blocked, id=23464, stack(0x0000009435900000,0x0000009435a00000)]
  0x0000026680e2b570 JavaThread "Unconstrained build operations Thread 117" [_thread_blocked, id=24772, stack(0x0000009435a00000,0x0000009435b00000)]
  0x0000026680e2a640 JavaThread "Unconstrained build operations Thread 118" [_thread_blocked, id=11916, stack(0x0000009435b00000,0x0000009435c00000)]
  0x0000026680e2b060 JavaThread "Unconstrained build operations Thread 119" [_thread_blocked, id=6476, stack(0x0000009434600000,0x0000009434700000)]
  0x0000026680e2bf90 JavaThread "Unconstrained build operations Thread 120" [_thread_blocked, id=27756, stack(0x0000009435c00000,0x0000009435d00000)]
=>0x00000266f676ecb0 JavaThread "C2 CompilerThread1" daemon [_thread_in_native, id=28604, stack(0x0000009435d00000,0x0000009435e00000)]

Other Threads:
  0x00000266d27a7a60 VMThread "VM Thread" [stack: 0x0000009429a00000,0x0000009429b00000] [id=10396]
  0x00000266b215e9d0 WatcherThread [stack: 0x000000942a600000,0x000000942a700000] [id=21356]
  0x00000266b213a1d0 GCTaskThread "GC Thread#0" [stack: 0x0000009429500000,0x0000009429600000] [id=17840]
  0x00000266f230d6a0 GCTaskThread "GC Thread#1" [stack: 0x000000942a900000,0x000000942aa00000] [id=9188]
  0x00000266f230dc20 GCTaskThread "GC Thread#2" [stack: 0x000000942aa00000,0x000000942ab00000] [id=12156]
  0x00000266f230c620 GCTaskThread "GC Thread#3" [stack: 0x000000942ab00000,0x000000942ac00000] [id=2884]
  0x00000266f230d960 GCTaskThread "GC Thread#4" [stack: 0x000000942ac00000,0x000000942ad00000] [id=12508]
  0x00000266f230c8e0 GCTaskThread "GC Thread#5" [stack: 0x000000942ad00000,0x000000942ae00000] [id=18908]
  0x00000266f230ce60 GCTaskThread "GC Thread#6" [stack: 0x000000942a700000,0x000000942a800000] [id=21140]
  0x00000266f230d120 GCTaskThread "GC Thread#7" [stack: 0x000000942ba00000,0x000000942bb00000] [id=21204]
  0x00000266f230d3e0 GCTaskThread "GC Thread#8" [stack: 0x000000942bb00000,0x000000942bc00000] [id=13416]
  0x00000266f4d0c070 GCTaskThread "GC Thread#9" [stack: 0x000000942bc00000,0x000000942bd00000] [id=23340]
  0x00000266b214b030 ConcurrentGCThread "G1 Main Marker" [stack: 0x0000009429600000,0x0000009429700000] [id=23544]
  0x00000266b214c620 ConcurrentGCThread "G1 Conc#0" [stack: 0x0000009429700000,0x0000009429800000] [id=11432]
  0x00000266f4d0ec70 ConcurrentGCThread "G1 Conc#1" [stack: 0x000000942bd00000,0x000000942be00000] [id=22816]
  0x00000266f4d0f770 ConcurrentGCThread "G1 Conc#2" [stack: 0x000000942be00000,0x000000942bf00000] [id=1840]
  0x00000266b219e630 ConcurrentGCThread "G1 Refine#0" [stack: 0x0000009429800000,0x0000009429900000] [id=18460]
  0x00000266f8442d40 ConcurrentGCThread "G1 Refine#1" [stack: 0x0000009435e00000,0x0000009435f00000] [id=23432]
  0x00000266f8443320 ConcurrentGCThread "G1 Refine#2" [stack: 0x0000009436100000,0x0000009436200000] [id=4380]
  0x00000266f9af62b0 ConcurrentGCThread "G1 Refine#3" [stack: 0x0000009436200000,0x0000009436300000] [id=11848]
  0x00000266816559d0 ConcurrentGCThread "G1 Refine#4" [stack: 0x0000009436300000,0x0000009436400000] [id=12304]
  0x00000266ff30b320 ConcurrentGCThread "G1 Refine#5" [stack: 0x0000009436b00000,0x0000009436c00000] [id=2396]
  0x00000266f8443610 ConcurrentGCThread "G1 Refine#6" [stack: 0x0000009436c00000,0x0000009436d00000] [id=25780]
  0x00000266d1ddeeb0 ConcurrentGCThread "G1 Service" [stack: 0x0000009429900000,0x0000009429a00000] [id=20632]

Threads with active compile tasks:
C2 CompilerThread0  8394190 29124       4       java.lang.invoke.DelegatingMethodHandle::makeReinvokerForm (344 bytes)
C2 CompilerThread1  8394190 29121       4       org.gradle.api.internal.artifacts.ivyservice.resolveengine.result.AdhocHandlingComponentResultSerializer::writeComponentResult (36 bytes)

VM state: not at safepoint (normal execution)

VM Mutex/Monitor currently owned by a thread: None

Heap address: 0x0000000080000000, size: 2048 MB, Compressed Oops mode: 32-bit

CDS archive(s) mapped at: [0x00000266d3000000-0x00000266d3bd0000-0x00000266d3bd0000), size 12386304, SharedBaseAddress: 0x00000266d3000000, ArchiveRelocationMode: 1.
Compressed class space mapped at: 0x00000266d4000000-0x00000266ee000000, reserved size: 436207616
Narrow klass base: 0x00000266d3000000, Narrow klass shift: 0, Narrow klass range: 0x100000000

GC Precious Log:
 CPUs: 12 total, 12 available
 Memory: 16024M
 Large Page Support: Disabled
 NUMA Support: Disabled
 Compressed Oops: Enabled (32-bit)
 Heap Region Size: 1M
 Heap Min Capacity: 8M
 Heap Initial Capacity: 252M
 Heap Max Capacity: 2G
 Pre-touch: Disabled
 Parallel Workers: 10
 Concurrent Workers: 3
 Concurrent Refinement Workers: 10
 Periodic GC: Disabled

Heap:
 garbage-first heap   total 772096K, used 406171K [0x0000000080000000, 0x0000000100000000)
  region size 1024K, 17 young (17408K), 5 survivors (5120K)
 Metaspace       used 143440K, committed 147008K, reserved 557056K
  class space    used 19098K, committed 20608K, reserved 425984K

Heap Regions: E=young(eden), S=young(survivor), O=old, HS=humongous(starts), HC=humongous(continues), CS=collection set, F=free, OA=open archive, CA=closed archive, TAMS=top-at-mark-start (previous, next)
|   0|0x0000000080000000, 0x0000000080100000, 0x0000000080100000|100%|HS|  |TAMS 0x0000000080100000, 0x0000000080000000| Complete 
|   1|0x0000000080100000, 0x0000000080200000, 0x0000000080200000|100%|HC|  |TAMS 0x0000000080200000, 0x0000000080100000| Complete 
|   2|0x0000000080200000, 0x0000000080300000, 0x0000000080300000|100%|HC|  |TAMS 0x0000000080300000, 0x0000000080200000| Complete 
|   3|0x0000000080300000, 0x0000000080400000, 0x0000000080400000|100%| O|  |TAMS 0x0000000080400000, 0x0000000080300000| Untracked 
|   4|0x0000000080400000, 0x0000000080500000, 0x0000000080500000|100%| O|  |TAMS 0x0000000080500000, 0x0000000080400000| Untracked 
|   5|0x0000000080500000, 0x0000000080600000, 0x0000000080600000|100%| O|  |TAMS 0x0000000080600000, 0x0000000080500000| Untracked 
|   6|0x0000000080600000, 0x0000000080700000, 0x0000000080700000|100%|HS|  |TAMS 0x0000000080700000, 0x0000000080600000| Complete 
|   7|0x0000000080700000, 0x0000000080800000, 0x0000000080800000|100%| O|  |TAMS 0x0000000080800000, 0x0000000080700000| Untracked 
|   8|0x0000000080800000, 0x0000000080900000, 0x0000000080900000|100%| O|  |TAMS 0x0000000080900000, 0x0000000080800000| Untracked 
|   9|0x0000000080900000, 0x0000000080a00000, 0x0000000080a00000|100%| O|  |TAMS 0x0000000080a00000, 0x0000000080900000| Untracked 
|  10|0x0000000080a00000, 0x0000000080b00000, 0x0000000080b00000|100%| O|  |TAMS 0x0000000080b00000, 0x0000000080a00000| Untracked 
|  11|0x0000000080b00000, 0x0000000080c00000, 0x0000000080c00000|100%| O|  |TAMS 0x0000000080c00000, 0x0000000080b00000| Untracked 
|  12|0x0000000080c00000, 0x0000000080d00000, 0x0000000080d00000|100%| O|  |TAMS 0x0000000080d00000, 0x0000000080c00000| Untracked 
|  13|0x0000000080d00000, 0x0000000080e00000, 0x0000000080e00000|100%| O|  |TAMS 0x0000000080e00000, 0x0000000080d00000| Untracked 
|  14|0x0000000080e00000, 0x0000000080f00000, 0x0000000080f00000|100%| O|  |TAMS 0x0000000080f00000, 0x0000000080e00000| Untracked 
|  15|0x0000000080f00000, 0x0000000081000000, 0x0000000081000000|100%| O|  |TAMS 0x0000000081000000, 0x0000000080f00000| Untracked 
|  16|0x0000000081000000, 0x0000000081100000, 0x0000000081100000|100%| O|  |TAMS 0x0000000081100000, 0x0000000081000000| Untracked 
|  17|0x0000000081100000, 0x0000000081200000, 0x0000000081200000|100%| O|  |TAMS 0x0000000081200000, 0x0000000081100000| Untracked 
|  18|0x0000000081200000, 0x0000000081300000, 0x0000000081300000|100%| O|  |TAMS 0x0000000081300000, 0x0000000081200000| Untracked 
|  19|0x0000000081300000, 0x0000000081400000, 0x0000000081400000|100%| O|  |TAMS 0x0000000081400000, 0x0000000081300000| Untracked 
|  20|0x0000000081400000, 0x0000000081500000, 0x0000000081500000|100%| O|  |TAMS 0x0000000081500000, 0x0000000081400000| Untracked 
|  21|0x0000000081500000, 0x0000000081600000, 0x0000000081600000|100%| O|  |TAMS 0x0000000081600000, 0x0000000081500000| Untracked 
|  22|0x0000000081600000, 0x0000000081700000, 0x0000000081700000|100%| O|  |TAMS 0x0000000081700000, 0x0000000081600000| Untracked 
|  23|0x0000000081700000, 0x0000000081800000, 0x0000000081800000|100%| O|  |TAMS 0x0000000081800000, 0x0000000081700000| Untracked 
|  24|0x0000000081800000, 0x0000000081900000, 0x0000000081900000|100%| O|  |TAMS 0x0000000081900000, 0x0000000081800000| Untracked 
|  25|0x0000000081900000, 0x0000000081a00000, 0x0000000081a00000|100%| O|  |TAMS 0x0000000081a00000, 0x0000000081900000| Untracked 
|  26|0x0000000081a00000, 0x0000000081b00000, 0x0000000081b00000|100%| O|  |TAMS 0x0000000081b00000, 0x0000000081a00000| Untracked 
|  27|0x0000000081b00000, 0x0000000081c00000, 0x0000000081c00000|100%| O|  |TAMS 0x0000000081c00000, 0x0000000081b00000| Untracked 
|  28|0x0000000081c00000, 0x0000000081d00000, 0x0000000081d00000|100%| O|  |TAMS 0x0000000081d00000, 0x0000000081c00000| Untracked 
|  29|0x0000000081d00000, 0x0000000081e00000, 0x0000000081e00000|100%| O|  |TAMS 0x0000000081e00000, 0x0000000081d00000| Untracked 
|  30|0x0000000081e00000, 0x0000000081f00000, 0x0000000081f00000|100%| O|  |TAMS 0x0000000081f00000, 0x0000000081e00000| Untracked 
|  31|0x0000000081f00000, 0x0000000082000000, 0x0000000082000000|100%| O|  |TAMS 0x0000000082000000, 0x0000000081f00000| Untracked 
|  32|0x0000000082000000, 0x0000000082100000, 0x0000000082100000|100%| O|  |TAMS 0x0000000082100000, 0x0000000082000000| Untracked 
|  33|0x0000000082100000, 0x0000000082200000, 0x0000000082200000|100%| O|  |TAMS 0x0000000082200000, 0x0000000082100000| Complete 
|  34|0x0000000082200000, 0x0000000082300000, 0x0000000082300000|100%| O|  |TAMS 0x0000000082300000, 0x0000000082200000| Untracked 
|  35|0x0000000082300000, 0x0000000082400000, 0x0000000082400000|100%| O|  |TAMS 0x0000000082400000, 0x0000000082300000| Untracked 
|  36|0x0000000082400000, 0x0000000082500000, 0x0000000082500000|100%| O|  |TAMS 0x0000000082500000, 0x0000000082400000| Complete 
|  37|0x0000000082500000, 0x0000000082600000, 0x0000000082600000|100%| O|  |TAMS 0x0000000082600000, 0x0000000082500000| Untracked 
|  38|0x0000000082600000, 0x0000000082700000, 0x0000000082700000|100%| O|  |TAMS 0x0000000082700000, 0x0000000082600000| Untracked 
|  39|0x0000000082700000, 0x0000000082800000, 0x0000000082800000|100%| O|  |TAMS 0x0000000082800000, 0x0000000082700000| Complete 
|  40|0x0000000082800000, 0x0000000082900000, 0x0000000082900000|100%| O|  |TAMS 0x0000000082900000, 0x0000000082800000| Untracked 
|  41|0x0000000082900000, 0x0000000082a00000, 0x0000000082a00000|100%| O|  |TAMS 0x0000000082a00000, 0x0000000082900000| Complete 
|  42|0x0000000082a00000, 0x0000000082b00000, 0x0000000082b00000|100%| O|  |TAMS 0x0000000082b00000, 0x0000000082a00000| Complete 
|  43|0x0000000082b00000, 0x0000000082c00000, 0x0000000082c00000|100%| O|  |TAMS 0x0000000082c00000, 0x0000000082b00000| Complete 
|  44|0x0000000082c00000, 0x0000000082d00000, 0x0000000082d00000|100%| O|  |TAMS 0x0000000082d00000, 0x0000000082c00000| Untracked 
|  45|0x0000000082d00000, 0x0000000082e00000, 0x0000000082e00000|100%| O|  |TAMS 0x0000000082e00000, 0x0000000082d00000| Complete 
|  46|0x0000000082e00000, 0x0000000082f00000, 0x0000000082f00000|100%|HS|  |TAMS 0x0000000082f00000, 0x0000000082e00000| Complete 
|  47|0x0000000082f00000, 0x0000000083000000, 0x0000000083000000|100%|HC|  |TAMS 0x0000000083000000, 0x0000000082f00000| Complete 
|  48|0x0000000083000000, 0x0000000083100000, 0x0000000083100000|100%|HC|  |TAMS 0x0000000083100000, 0x0000000083000000| Complete 
|  49|0x0000000083100000, 0x0000000083200000, 0x0000000083200000|100%|HS|  |TAMS 0x0000000083200000, 0x0000000083100000| Complete 
|  50|0x0000000083200000, 0x0000000083300000, 0x0000000083300000|100%|HC|  |TAMS 0x0000000083300000, 0x0000000083200000| Complete 
|  51|0x0000000083300000, 0x0000000083400000, 0x0000000083400000|100%|HC|  |TAMS 0x0000000083400000, 0x0000000083300000| Complete 
|  52|0x0000000083400000, 0x0000000083500000, 0x0000000083500000|100%| O|  |TAMS 0x0000000083500000, 0x0000000083400000| Complete 
|  53|0x0000000083500000, 0x0000000083600000, 0x0000000083600000|100%| O|  |TAMS 0x0000000083600000, 0x0000000083500000| Untracked 
|  54|0x0000000083600000, 0x0000000083700000, 0x0000000083700000|100%| O|  |TAMS 0x0000000083700000, 0x0000000083600000| Untracked 
|  55|0x0000000083700000, 0x0000000083800000, 0x0000000083800000|100%| O|  |TAMS 0x0000000083800000, 0x0000000083700000| Complete 
|  56|0x0000000083800000, 0x0000000083900000, 0x0000000083900000|100%| O|  |TAMS 0x0000000083900000, 0x0000000083800000| Untracked 
|  57|0x0000000083900000, 0x0000000083a00000, 0x0000000083a00000|100%| O|  |TAMS 0x0000000083a00000, 0x0000000083900000| Untracked 
|  58|0x0000000083a00000, 0x0000000083b00000, 0x0000000083b00000|100%| O|  |TAMS 0x0000000083b00000, 0x0000000083a00000| Untracked 
|  59|0x0000000083b00000, 0x0000000083c00000, 0x0000000083c00000|100%| O|  |TAMS 0x0000000083c00000, 0x0000000083b00000| Untracked 
|  60|0x0000000083c00000, 0x0000000083d00000, 0x0000000083d00000|100%| O|  |TAMS 0x0000000083d00000, 0x0000000083c00000| Untracked 
|  61|0x0000000083d00000, 0x0000000083e00000, 0x0000000083e00000|100%| O|  |TAMS 0x0000000083e00000, 0x0000000083d00000| Untracked 
|  62|0x0000000083e00000, 0x0000000083f00000, 0x0000000083f00000|100%| O|  |TAMS 0x0000000083f00000, 0x0000000083e00000| Untracked 
|  63|0x0000000083f00000, 0x0000000084000000, 0x0000000084000000|100%| O|  |TAMS 0x0000000084000000, 0x0000000083f00000| Complete 
|  64|0x0000000084000000, 0x0000000084100000, 0x0000000084100000|100%| O|  |TAMS 0x0000000084100000, 0x0000000084000000| Complete 
|  65|0x0000000084100000, 0x0000000084200000, 0x0000000084200000|100%| O|  |TAMS 0x0000000084200000, 0x0000000084100000| Complete 
|  66|0x0000000084200000, 0x0000000084300000, 0x0000000084300000|100%| O|  |TAMS 0x0000000084300000, 0x0000000084200000| Complete 
|  67|0x0000000084300000, 0x0000000084400000, 0x0000000084400000|100%| O|  |TAMS 0x0000000084400000, 0x0000000084300000| Complete 
|  68|0x0000000084400000, 0x0000000084500000, 0x0000000084500000|100%| O|  |TAMS 0x0000000084500000, 0x0000000084400000| Complete 
|  69|0x0000000084500000, 0x0000000084600000, 0x0000000084600000|100%| O|  |TAMS 0x0000000084600000, 0x0000000084500000| Complete 
|  70|0x0000000084600000, 0x0000000084700000, 0x0000000084700000|100%| O|  |TAMS 0x0000000084700000, 0x0000000084600000| Complete 
|  71|0x0000000084700000, 0x0000000084800000, 0x0000000084800000|100%| O|  |TAMS 0x0000000084800000, 0x0000000084700000| Complete 
|  72|0x0000000084800000, 0x0000000084900000, 0x0000000084900000|100%| O|  |TAMS 0x0000000084900000, 0x0000000084800000| Untracked 
|  73|0x0000000084900000, 0x0000000084a00000, 0x0000000084a00000|100%| O|  |TAMS 0x0000000084a00000, 0x0000000084900000| Complete 
|  74|0x0000000084a00000, 0x0000000084b00000, 0x0000000084b00000|100%| O|  |TAMS 0x0000000084b00000, 0x0000000084a00000| Complete 
|  75|0x0000000084b00000, 0x0000000084c00000, 0x0000000084c00000|100%| O|  |TAMS 0x0000000084c00000, 0x0000000084b00000| Complete 
|  76|0x0000000084c00000, 0x0000000084d00000, 0x0000000084d00000|100%| O|  |TAMS 0x0000000084d00000, 0x0000000084c00000| Complete 
|  77|0x0000000084d00000, 0x0000000084e00000, 0x0000000084e00000|100%| O|  |TAMS 0x0000000084e00000, 0x0000000084d00000| Complete 
|  78|0x0000000084e00000, 0x0000000084f00000, 0x0000000084f00000|100%| O|  |TAMS 0x0000000084f00000, 0x0000000084e00000| Complete 
|  79|0x0000000084f00000, 0x0000000085000000, 0x0000000085000000|100%| O|  |TAMS 0x0000000085000000, 0x0000000084f00000| Complete 
|  80|0x0000000085000000, 0x0000000085100000, 0x0000000085100000|100%| O|  |TAMS 0x0000000085100000, 0x0000000085000000| Untracked 
|  81|0x0000000085100000, 0x0000000085200000, 0x0000000085200000|100%| O|  |TAMS 0x0000000085200000, 0x0000000085100000| Untracked 
|  82|0x0000000085200000, 0x0000000085300000, 0x0000000085300000|100%| O|  |TAMS 0x0000000085300000, 0x0000000085200000| Complete 
|  83|0x0000000085300000, 0x0000000085400000, 0x0000000085400000|100%|HS|  |TAMS 0x0000000085400000, 0x0000000085300000| Complete 
|  84|0x0000000085400000, 0x0000000085500000, 0x0000000085500000|100%|HS|  |TAMS 0x0000000085500000, 0x0000000085400000| Complete 
|  85|0x0000000085500000, 0x0000000085600000, 0x0000000085600000|100%|HS|  |TAMS 0x0000000085600000, 0x0000000085500000| Complete 
|  86|0x0000000085600000, 0x0000000085700000, 0x0000000085700000|100%|HS|  |TAMS 0x0000000085700000, 0x0000000085600000| Complete 
|  87|0x0000000085700000, 0x0000000085800000, 0x0000000085800000|100%| O|  |TAMS 0x0000000085800000, 0x0000000085700000| Untracked 
|  88|0x0000000085800000, 0x0000000085900000, 0x0000000085900000|100%|HS|  |TAMS 0x0000000085900000, 0x0000000085800000| Complete 
|  89|0x0000000085900000, 0x0000000085a00000, 0x0000000085a00000|100%|HS|  |TAMS 0x0000000085a00000, 0x0000000085900000| Complete 
|  90|0x0000000085a00000, 0x0000000085b00000, 0x0000000085b00000|100%| O|  |TAMS 0x0000000085b00000, 0x0000000085a00000| Complete 
|  91|0x0000000085b00000, 0x0000000085c00000, 0x0000000085c00000|100%| O|  |TAMS 0x0000000085c00000, 0x0000000085b00000| Untracked 
|  92|0x0000000085c00000, 0x0000000085d00000, 0x0000000085d00000|100%| O|  |TAMS 0x0000000085d00000, 0x0000000085c00000| Untracked 
|  93|0x0000000085d00000, 0x0000000085e00000, 0x0000000085e00000|100%| O|  |TAMS 0x0000000085e00000, 0x0000000085d00000| Untracked 
|  94|0x0000000085e00000, 0x0000000085f00000, 0x0000000085f00000|100%| O|  |TAMS 0x0000000085f00000, 0x0000000085e00000| Untracked 
|  95|0x0000000085f00000, 0x0000000086000000, 0x0000000086000000|100%| O|  |TAMS 0x0000000086000000, 0x0000000085f00000| Untracked 
|  96|0x0000000086000000, 0x0000000086100000, 0x0000000086100000|100%| O|  |TAMS 0x0000000086100000, 0x0000000086000000| Untracked 
|  97|0x0000000086100000, 0x0000000086200000, 0x0000000086200000|100%| O|  |TAMS 0x0000000086200000, 0x0000000086100000| Complete 
|  98|0x0000000086200000, 0x0000000086300000, 0x0000000086300000|100%| O|  |TAMS 0x0000000086300000, 0x0000000086200000| Untracked 
|  99|0x0000000086300000, 0x0000000086400000, 0x0000000086400000|100%| O|  |TAMS 0x0000000086400000, 0x0000000086300000| Untracked 
| 100|0x0000000086400000, 0x0000000086500000, 0x0000000086500000|100%| O|  |TAMS 0x0000000086500000, 0x0000000086400000| Untracked 
| 101|0x0000000086500000, 0x0000000086600000, 0x0000000086600000|100%| O|  |TAMS 0x0000000086600000, 0x0000000086500000| Complete 
| 102|0x0000000086600000, 0x0000000086700000, 0x0000000086700000|100%| O|  |TAMS 0x0000000086700000, 0x0000000086600000| Complete 
| 103|0x0000000086700000, 0x0000000086800000, 0x0000000086800000|100%|HS|  |TAMS 0x0000000086800000, 0x0000000086700000| Complete 
| 104|0x0000000086800000, 0x0000000086900000, 0x0000000086900000|100%| O|  |TAMS 0x0000000086900000, 0x0000000086800000| Untracked 
| 105|0x0000000086900000, 0x0000000086a00000, 0x0000000086a00000|100%|HS|  |TAMS 0x0000000086a00000, 0x0000000086900000| Complete 
| 106|0x0000000086a00000, 0x0000000086b00000, 0x0000000086b00000|100%|HC|  |TAMS 0x0000000086b00000, 0x0000000086a00000| Complete 
| 107|0x0000000086b00000, 0x0000000086c00000, 0x0000000086c00000|100%|HC|  |TAMS 0x0000000086c00000, 0x0000000086b00000| Complete 
| 108|0x0000000086c00000, 0x0000000086d00000, 0x0000000086d00000|100%| O|  |TAMS 0x0000000086d00000, 0x0000000086c00000| Untracked 
| 109|0x0000000086d00000, 0x0000000086e00000, 0x0000000086e00000|100%| O|  |TAMS 0x0000000086e00000, 0x0000000086d00000| Untracked 
| 110|0x0000000086e00000, 0x0000000086f00000, 0x0000000086f00000|100%| O|  |TAMS 0x0000000086f00000, 0x0000000086e00000| Untracked 
| 111|0x0000000086f00000, 0x0000000087000000, 0x0000000087000000|100%| O|  |TAMS 0x0000000087000000, 0x0000000086f00000| Untracked 
| 112|0x0000000087000000, 0x0000000087100000, 0x0000000087100000|100%| O|  |TAMS 0x0000000087100000, 0x0000000087000000| Untracked 
| 113|0x0000000087100000, 0x0000000087200000, 0x0000000087200000|100%| O|  |TAMS 0x0000000087200000, 0x0000000087100000| Untracked 
| 114|0x0000000087200000, 0x0000000087300000, 0x0000000087300000|100%| O|  |TAMS 0x0000000087300000, 0x0000000087200000| Untracked 
| 115|0x0000000087300000, 0x0000000087400000, 0x0000000087400000|100%| O|  |TAMS 0x0000000087400000, 0x0000000087300000| Untracked 
| 116|0x0000000087400000, 0x0000000087500000, 0x0000000087500000|100%| O|  |TAMS 0x0000000087500000, 0x0000000087400000| Untracked 
| 117|0x0000000087500000, 0x0000000087600000, 0x0000000087600000|100%| O|  |TAMS 0x0000000087600000, 0x0000000087500000| Untracked 
| 118|0x0000000087600000, 0x0000000087700000, 0x0000000087700000|100%| O|  |TAMS 0x0000000087700000, 0x0000000087600000| Untracked 
| 119|0x0000000087700000, 0x0000000087800000, 0x0000000087800000|100%| O|  |TAMS 0x0000000087800000, 0x0000000087700000| Complete 
| 120|0x0000000087800000, 0x0000000087900000, 0x0000000087900000|100%| O|  |TAMS 0x0000000087900000, 0x0000000087800000| Untracked 
| 121|0x0000000087900000, 0x0000000087a00000, 0x0000000087a00000|100%| O|  |TAMS 0x0000000087a00000, 0x0000000087900000| Untracked 
| 122|0x0000000087a00000, 0x0000000087b00000, 0x0000000087b00000|100%| O|  |TAMS 0x0000000087b00000, 0x0000000087a00000| Untracked 
| 123|0x0000000087b00000, 0x0000000087c00000, 0x0000000087c00000|100%| O|  |TAMS 0x0000000087c00000, 0x0000000087b00000| Untracked 
| 124|0x0000000087c00000, 0x0000000087d00000, 0x0000000087d00000|100%| O|  |TAMS 0x0000000087d00000, 0x0000000087c00000| Complete 
| 125|0x0000000087d00000, 0x0000000087e00000, 0x0000000087e00000|100%| O|  |TAMS 0x0000000087e00000, 0x0000000087d00000| Complete 
| 126|0x0000000087e00000, 0x0000000087f00000, 0x0000000087f00000|100%| O|  |TAMS 0x0000000087f00000, 0x0000000087e00000| Untracked 
| 127|0x0000000087f00000, 0x0000000088000000, 0x0000000088000000|100%| O|  |TAMS 0x0000000088000000, 0x0000000087f00000| Complete 
| 128|0x0000000088000000, 0x0000000088100000, 0x0000000088100000|100%| O|  |TAMS 0x0000000088100000, 0x0000000088000000| Complete 
| 129|0x0000000088100000, 0x0000000088200000, 0x0000000088200000|100%| O|  |TAMS 0x0000000088200000, 0x0000000088100000| Complete 
| 130|0x0000000088200000, 0x0000000088300000, 0x0000000088300000|100%| O|  |TAMS 0x0000000088300000, 0x0000000088200000| Complete 
| 131|0x0000000088300000, 0x0000000088400000, 0x0000000088400000|100%| O|  |TAMS 0x0000000088400000, 0x0000000088300000| Untracked 
| 132|0x0000000088400000, 0x0000000088500000, 0x0000000088500000|100%| O|  |TAMS 0x0000000088500000, 0x0000000088400000| Complete 
| 133|0x0000000088500000, 0x0000000088600000, 0x0000000088600000|100%|HS|  |TAMS 0x0000000088600000, 0x0000000088500000| Complete 
| 134|0x0000000088600000, 0x0000000088700000, 0x0000000088700000|100%|HS|  |TAMS 0x0000000088700000, 0x0000000088600000| Complete 
| 135|0x0000000088700000, 0x0000000088800000, 0x0000000088800000|100%|HS|  |TAMS 0x0000000088800000, 0x0000000088700000| Complete 
| 136|0x0000000088800000, 0x0000000088900000, 0x0000000088900000|100%| O|  |TAMS 0x0000000088900000, 0x0000000088800000| Untracked 
| 137|0x0000000088900000, 0x0000000088a00000, 0x0000000088a00000|100%| O|  |TAMS 0x0000000088a00000, 0x0000000088900000| Complete 
| 138|0x0000000088a00000, 0x0000000088b00000, 0x0000000088b00000|100%| O|  |TAMS 0x0000000088b00000, 0x0000000088a00000| Complete 
| 139|0x0000000088b00000, 0x0000000088c00000, 0x0000000088c00000|100%| O|  |TAMS 0x0000000088c00000, 0x0000000088b00000| Untracked 
| 140|0x0000000088c00000, 0x0000000088d00000, 0x0000000088d00000|100%| O|  |TAMS 0x0000000088d00000, 0x0000000088c00000| Untracked 
| 141|0x0000000088d00000, 0x0000000088e00000, 0x0000000088e00000|100%| O|  |TAMS 0x0000000088e00000, 0x0000000088d00000| Untracked 
| 142|0x0000000088e00000, 0x0000000088f00000, 0x0000000088f00000|100%| O|  |TAMS 0x0000000088f00000, 0x0000000088e00000| Untracked 
| 143|0x0000000088f00000, 0x0000000089000000, 0x0000000089000000|100%| O|  |TAMS 0x0000000089000000, 0x0000000088f00000| Complete 
| 144|0x0000000089000000, 0x0000000089100000, 0x0000000089100000|100%| O|  |TAMS 0x0000000089100000, 0x0000000089000000| Untracked 
| 145|0x0000000089100000, 0x0000000089200000, 0x0000000089200000|100%| O|  |TAMS 0x0000000089200000, 0x0000000089100000| Complete 
| 146|0x0000000089200000, 0x0000000089300000, 0x0000000089300000|100%| O|  |TAMS 0x0000000089300000, 0x0000000089200000| Complete 
| 147|0x0000000089300000, 0x0000000089400000, 0x0000000089400000|100%| O|  |TAMS 0x0000000089400000, 0x0000000089300000| Complete 
| 148|0x0000000089400000, 0x0000000089500000, 0x0000000089500000|100%| O|  |TAMS 0x0000000089500000, 0x0000000089400000| Complete 
| 149|0x0000000089500000, 0x0000000089600000, 0x0000000089600000|100%| O|  |TAMS 0x0000000089600000, 0x0000000089500000| Complete 
| 150|0x0000000089600000, 0x0000000089700000, 0x0000000089700000|100%| O|  |TAMS 0x0000000089700000, 0x0000000089600000| Complete 
| 151|0x0000000089700000, 0x0000000089800000, 0x0000000089800000|100%| O|  |TAMS 0x0000000089800000, 0x0000000089700000| Complete 
| 152|0x0000000089800000, 0x0000000089800000, 0x0000000089900000|  0%| F|  |TAMS 0x0000000089800000, 0x0000000089800000| Untracked 
| 153|0x0000000089900000, 0x0000000089a00000, 0x0000000089a00000|100%| O|  |TAMS 0x0000000089a00000, 0x0000000089900000| Complete 
| 154|0x0000000089a00000, 0x0000000089b00000, 0x0000000089b00000|100%| O|  |TAMS 0x0000000089b00000, 0x0000000089a00000| Complete 
| 155|0x0000000089b00000, 0x0000000089b00000, 0x0000000089c00000|  0%| F|  |TAMS 0x0000000089b00000, 0x0000000089b00000| Untracked 
| 156|0x0000000089c00000, 0x0000000089d00000, 0x0000000089d00000|100%| O|  |TAMS 0x0000000089d00000, 0x0000000089c00000| Complete 
| 157|0x0000000089d00000, 0x0000000089e00000, 0x0000000089e00000|100%| O|  |TAMS 0x0000000089e00000, 0x0000000089d00000| Complete 
| 158|0x0000000089e00000, 0x0000000089f00000, 0x0000000089f00000|100%|HS|  |TAMS 0x0000000089f00000, 0x0000000089e00000| Complete 
| 159|0x0000000089f00000, 0x000000008a000000, 0x000000008a000000|100%|HS|  |TAMS 0x000000008a000000, 0x0000000089f00000| Complete 
| 160|0x000000008a000000, 0x000000008a100000, 0x000000008a100000|100%|HS|  |TAMS 0x000000008a100000, 0x000000008a000000| Complete 
| 161|0x000000008a100000, 0x000000008a200000, 0x000000008a200000|100%| O|  |TAMS 0x000000008a200000, 0x000000008a100000| Untracked 
| 162|0x000000008a200000, 0x000000008a300000, 0x000000008a300000|100%| O|  |TAMS 0x000000008a300000, 0x000000008a200000| Complete 
| 163|0x000000008a300000, 0x000000008a300000, 0x000000008a400000|  0%| F|  |TAMS 0x000000008a300000, 0x000000008a300000| Untracked 
| 164|0x000000008a400000, 0x000000008a400000, 0x000000008a500000|  0%| F|  |TAMS 0x000000008a400000, 0x000000008a400000| Untracked 
| 165|0x000000008a500000, 0x000000008a600000, 0x000000008a600000|100%| O|  |TAMS 0x000000008a600000, 0x000000008a500000| Complete 
| 166|0x000000008a600000, 0x000000008a700000, 0x000000008a700000|100%| O|  |TAMS 0x000000008a700000, 0x000000008a600000| Untracked 
| 167|0x000000008a700000, 0x000000008a800000, 0x000000008a800000|100%| O|  |TAMS 0x000000008a800000, 0x000000008a700000| Untracked 
| 168|0x000000008a800000, 0x000000008a900000, 0x000000008a900000|100%| O|  |TAMS 0x000000008a900000, 0x000000008a800000| Untracked 
| 169|0x000000008a900000, 0x000000008aa00000, 0x000000008aa00000|100%| O|  |TAMS 0x000000008aa00000, 0x000000008a900000| Untracked 
| 170|0x000000008aa00000, 0x000000008ab00000, 0x000000008ab00000|100%| O|  |TAMS 0x000000008ab00000, 0x000000008aa00000| Untracked 
| 171|0x000000008ab00000, 0x000000008ac00000, 0x000000008ac00000|100%| O|  |TAMS 0x000000008ac00000, 0x000000008ab00000| Complete 
| 172|0x000000008ac00000, 0x000000008ad00000, 0x000000008ad00000|100%| O|  |TAMS 0x000000008ad00000, 0x000000008ac00000| Complete 
| 173|0x000000008ad00000, 0x000000008ae00000, 0x000000008ae00000|100%| O|  |TAMS 0x000000008ae00000, 0x000000008ad00000| Complete 
| 174|0x000000008ae00000, 0x000000008af00000, 0x000000008af00000|100%| O|  |TAMS 0x000000008af00000, 0x000000008ae00000| Complete 
| 175|0x000000008af00000, 0x000000008b000000, 0x000000008b000000|100%| O|  |TAMS 0x000000008b000000, 0x000000008af00000| Complete 
| 176|0x000000008b000000, 0x000000008b100000, 0x000000008b100000|100%| O|  |TAMS 0x000000008b100000, 0x000000008b000000| Complete 
| 177|0x000000008b100000, 0x000000008b200000, 0x000000008b200000|100%|HS|  |TAMS 0x000000008b200000, 0x000000008b100000| Complete 
| 178|0x000000008b200000, 0x000000008b300000, 0x000000008b300000|100%|HS|  |TAMS 0x000000008b300000, 0x000000008b200000| Complete 
| 179|0x000000008b300000, 0x000000008b400000, 0x000000008b400000|100%| O|  |TAMS 0x000000008b400000, 0x000000008b300000| Untracked 
| 180|0x000000008b400000, 0x000000008b500000, 0x000000008b500000|100%| O|  |TAMS 0x000000008b500000, 0x000000008b400000| Complete 
| 181|0x000000008b500000, 0x000000008b600000, 0x000000008b600000|100%| O|  |TAMS 0x000000008b600000, 0x000000008b500000| Complete 
| 182|0x000000008b600000, 0x000000008b600000, 0x000000008b700000|  0%| F|  |TAMS 0x000000008b600000, 0x000000008b600000| Untracked 
| 183|0x000000008b700000, 0x000000008b800000, 0x000000008b800000|100%| O|  |TAMS 0x000000008b800000, 0x000000008b700000| Complete 
| 184|0x000000008b800000, 0x000000008b900000, 0x000000008b900000|100%| O|  |TAMS 0x000000008b900000, 0x000000008b800000| Untracked 
| 185|0x000000008b900000, 0x000000008ba00000, 0x000000008ba00000|100%| O|  |TAMS 0x000000008ba00000, 0x000000008b900000| Complete 
| 186|0x000000008ba00000, 0x000000008bb00000, 0x000000008bb00000|100%| O|  |TAMS 0x000000008bb00000, 0x000000008ba00000| Complete 
| 187|0x000000008bb00000, 0x000000008bc00000, 0x000000008bc00000|100%| O|  |TAMS 0x000000008bc00000, 0x000000008bb00000| Untracked 
| 188|0x000000008bc00000, 0x000000008bd00000, 0x000000008bd00000|100%|HS|  |TAMS 0x000000008bd00000, 0x000000008bc00000| Complete 
| 189|0x000000008bd00000, 0x000000008be00000, 0x000000008be00000|100%|HS|  |TAMS 0x000000008be00000, 0x000000008bd00000| Complete 
| 190|0x000000008be00000, 0x000000008bf00000, 0x000000008bf00000|100%| O|  |TAMS 0x000000008bf00000, 0x000000008be00000| Untracked 
| 191|0x000000008bf00000, 0x000000008c000000, 0x000000008c000000|100%| O|  |TAMS 0x000000008c000000, 0x000000008bf00000| Untracked 
| 192|0x000000008c000000, 0x000000008c100000, 0x000000008c100000|100%| O|  |TAMS 0x000000008c100000, 0x000000008c000000| Complete 
| 193|0x000000008c100000, 0x000000008c200000, 0x000000008c200000|100%| O|  |TAMS 0x000000008c200000, 0x000000008c100000| Untracked 
| 194|0x000000008c200000, 0x000000008c300000, 0x000000008c300000|100%| O|  |TAMS 0x000000008c300000, 0x000000008c200000| Complete 
| 195|0x000000008c300000, 0x000000008c400000, 0x000000008c400000|100%| O|  |TAMS 0x000000008c400000, 0x000000008c300000| Untracked 
| 196|0x000000008c400000, 0x000000008c500000, 0x000000008c500000|100%| O|  |TAMS 0x000000008c500000, 0x000000008c400000| Complete 
| 197|0x000000008c500000, 0x000000008c600000, 0x000000008c600000|100%| O|  |TAMS 0x000000008c600000, 0x000000008c500000| Complete 
| 198|0x000000008c600000, 0x000000008c700000, 0x000000008c700000|100%| O|  |TAMS 0x000000008c700000, 0x000000008c600000| Complete 
| 199|0x000000008c700000, 0x000000008c800000, 0x000000008c800000|100%| O|  |TAMS 0x000000008c800000, 0x000000008c700000| Untracked 
| 200|0x000000008c800000, 0x000000008c900000, 0x000000008c900000|100%| O|  |TAMS 0x000000008c900000, 0x000000008c800000| Complete 
| 201|0x000000008c900000, 0x000000008ca00000, 0x000000008ca00000|100%| O|  |TAMS 0x000000008ca00000, 0x000000008c900000| Complete 
| 202|0x000000008ca00000, 0x000000008cb00000, 0x000000008cb00000|100%| O|  |TAMS 0x000000008cb00000, 0x000000008ca00000| Complete 
| 203|0x000000008cb00000, 0x000000008cc00000, 0x000000008cc00000|100%| O|  |TAMS 0x000000008cc00000, 0x000000008cb00000| Complete 
| 204|0x000000008cc00000, 0x000000008cd00000, 0x000000008cd00000|100%| O|  |TAMS 0x000000008cd00000, 0x000000008cc00000| Complete 
| 205|0x000000008cd00000, 0x000000008ce00000, 0x000000008ce00000|100%| O|  |TAMS 0x000000008ce00000, 0x000000008cd00000| Complete 
| 206|0x000000008ce00000, 0x000000008cf00000, 0x000000008cf00000|100%| O|  |TAMS 0x000000008cf00000, 0x000000008ce00000| Complete 
| 207|0x000000008cf00000, 0x000000008d000000, 0x000000008d000000|100%| O|  |TAMS 0x000000008d000000, 0x000000008cf00000| Complete 
| 208|0x000000008d000000, 0x000000008d100000, 0x000000008d100000|100%| O|  |TAMS 0x000000008d100000, 0x000000008d000000| Complete 
| 209|0x000000008d100000, 0x000000008d100000, 0x000000008d200000|  0%| F|  |TAMS 0x000000008d100000, 0x000000008d100000| Untracked 
| 210|0x000000008d200000, 0x000000008d300000, 0x000000008d300000|100%| O|  |TAMS 0x000000008d300000, 0x000000008d200000| Complete 
| 211|0x000000008d300000, 0x000000008d400000, 0x000000008d400000|100%| O|  |TAMS 0x000000008d400000, 0x000000008d300000| Complete 
| 212|0x000000008d400000, 0x000000008d500000, 0x000000008d500000|100%| O|  |TAMS 0x000000008d500000, 0x000000008d400000| Complete 
| 213|0x000000008d500000, 0x000000008d600000, 0x000000008d600000|100%| O|  |TAMS 0x000000008d600000, 0x000000008d500000| Complete 
| 214|0x000000008d600000, 0x000000008d700000, 0x000000008d700000|100%| O|  |TAMS 0x000000008d700000, 0x000000008d600000| Untracked 
| 215|0x000000008d700000, 0x000000008d800000, 0x000000008d800000|100%|HS|  |TAMS 0x000000008d800000, 0x000000008d700000| Complete 
| 216|0x000000008d800000, 0x000000008d900000, 0x000000008d900000|100%|HS|  |TAMS 0x000000008d900000, 0x000000008d800000| Complete 
| 217|0x000000008d900000, 0x000000008da00000, 0x000000008da00000|100%| O|  |TAMS 0x000000008da00000, 0x000000008d900000| Untracked 
| 218|0x000000008da00000, 0x000000008db00000, 0x000000008db00000|100%|HS|  |TAMS 0x000000008db00000, 0x000000008da00000| Complete 
| 219|0x000000008db00000, 0x000000008dc00000, 0x000000008dc00000|100%|HC|  |TAMS 0x000000008dc00000, 0x000000008db00000| Complete 
| 220|0x000000008dc00000, 0x000000008dd00000, 0x000000008dd00000|100%| O|  |TAMS 0x000000008dd00000, 0x000000008dc00000| Untracked 
| 221|0x000000008dd00000, 0x000000008de00000, 0x000000008de00000|100%| O|  |TAMS 0x000000008de00000, 0x000000008dd00000| Complete 
| 222|0x000000008de00000, 0x000000008de00000, 0x000000008df00000|  0%| F|  |TAMS 0x000000008de00000, 0x000000008de00000| Untracked 
| 223|0x000000008df00000, 0x000000008e000000, 0x000000008e000000|100%| O|  |TAMS 0x000000008e000000, 0x000000008df00000| Complete 
| 224|0x000000008e000000, 0x000000008e100000, 0x000000008e100000|100%| O|  |TAMS 0x000000008e100000, 0x000000008e000000| Complete 
| 225|0x000000008e100000, 0x000000008e100000, 0x000000008e200000|  0%| F|  |TAMS 0x000000008e100000, 0x000000008e100000| Untracked 
| 226|0x000000008e200000, 0x000000008e300000, 0x000000008e300000|100%| O|  |TAMS 0x000000008e300000, 0x000000008e200000| Complete 
| 227|0x000000008e300000, 0x000000008e400000, 0x000000008e400000|100%| O|  |TAMS 0x000000008e400000, 0x000000008e300000| Untracked 
| 228|0x000000008e400000, 0x000000008e500000, 0x000000008e500000|100%| O|  |TAMS 0x000000008e500000, 0x000000008e400000| Untracked 
| 229|0x000000008e500000, 0x000000008e600000, 0x000000008e600000|100%| O|  |TAMS 0x000000008e600000, 0x000000008e500000| Untracked 
| 230|0x000000008e600000, 0x000000008e700000, 0x000000008e700000|100%| O|  |TAMS 0x000000008e700000, 0x000000008e600000| Untracked 
| 231|0x000000008e700000, 0x000000008e800000, 0x000000008e800000|100%| O|  |TAMS 0x000000008e800000, 0x000000008e700000| Untracked 
| 232|0x000000008e800000, 0x000000008e900000, 0x000000008e900000|100%| O|  |TAMS 0x000000008e900000, 0x000000008e800000| Complete 
| 233|0x000000008e900000, 0x000000008ea00000, 0x000000008ea00000|100%| O|  |TAMS 0x000000008ea00000, 0x000000008e900000| Complete 
| 234|0x000000008ea00000, 0x000000008eb00000, 0x000000008eb00000|100%| O|  |TAMS 0x000000008eb00000, 0x000000008ea00000| Complete 
| 235|0x000000008eb00000, 0x000000008ec00000, 0x000000008ec00000|100%|HS|  |TAMS 0x000000008ec00000, 0x000000008eb00000| Complete 
| 236|0x000000008ec00000, 0x000000008ed00000, 0x000000008ed00000|100%|HS|  |TAMS 0x000000008ed00000, 0x000000008ec00000| Complete 
| 237|0x000000008ed00000, 0x000000008ee00000, 0x000000008ee00000|100%|HS|  |TAMS 0x000000008ee00000, 0x000000008ed00000| Complete 
| 238|0x000000008ee00000, 0x000000008ef00000, 0x000000008ef00000|100%| O|  |TAMS 0x000000008ef00000, 0x000000008ee00000| Untracked 
| 239|0x000000008ef00000, 0x000000008f000000, 0x000000008f000000|100%| O|  |TAMS 0x000000008f000000, 0x000000008ef00000| Complete 
| 240|0x000000008f000000, 0x000000008f000000, 0x000000008f100000|  0%| F|  |TAMS 0x000000008f000000, 0x000000008f000000| Untracked 
| 241|0x000000008f100000, 0x000000008f100000, 0x000000008f200000|  0%| F|  |TAMS 0x000000008f100000, 0x000000008f100000| Untracked 
| 242|0x000000008f200000, 0x000000008f300000, 0x000000008f300000|100%| O|  |TAMS 0x000000008f300000, 0x000000008f200000| Complete 
| 243|0x000000008f300000, 0x000000008f400000, 0x000000008f400000|100%| O|  |TAMS 0x000000008f400000, 0x000000008f300000| Complete 
| 244|0x000000008f400000, 0x000000008f500000, 0x000000008f500000|100%| O|  |TAMS 0x000000008f500000, 0x000000008f400000| Complete 
| 245|0x000000008f500000, 0x000000008f600000, 0x000000008f600000|100%| O|  |TAMS 0x000000008f600000, 0x000000008f500000| Untracked 
| 246|0x000000008f600000, 0x000000008f700000, 0x000000008f700000|100%| O|  |TAMS 0x000000008f700000, 0x000000008f600000| Untracked 
| 247|0x000000008f700000, 0x000000008f800000, 0x000000008f800000|100%| O|  |TAMS 0x000000008f800000, 0x000000008f700000| Untracked 
| 248|0x000000008f800000, 0x000000008f900000, 0x000000008f900000|100%| O|  |TAMS 0x000000008f900000, 0x000000008f800000| Complete 
| 249|0x000000008f900000, 0x000000008fa00000, 0x000000008fa00000|100%| O|  |TAMS 0x000000008fa00000, 0x000000008f900000| Untracked 
| 250|0x000000008fa00000, 0x000000008fb00000, 0x000000008fb00000|100%| O|  |TAMS 0x000000008fb00000, 0x000000008fa00000| Complete 
| 251|0x000000008fb00000, 0x000000008fc00000, 0x000000008fc00000|100%| O|  |TAMS 0x000000008fc00000, 0x000000008fb00000| Complete 
| 252|0x000000008fc00000, 0x000000008fd00000, 0x000000008fd00000|100%| O|  |TAMS 0x000000008fd00000, 0x000000008fc00000| Complete 
| 253|0x000000008fd00000, 0x000000008fe00000, 0x000000008fe00000|100%| O|  |TAMS 0x000000008fe00000, 0x000000008fd00000| Untracked 
| 254|0x000000008fe00000, 0x000000008ff00000, 0x000000008ff00000|100%| O|  |TAMS 0x000000008ff00000, 0x000000008fe00000| Complete 
| 255|0x000000008ff00000, 0x0000000090000000, 0x0000000090000000|100%| O|  |TAMS 0x0000000090000000, 0x000000008ff00000| Complete 
| 256|0x0000000090000000, 0x0000000090100000, 0x0000000090100000|100%| O|  |TAMS 0x0000000090100000, 0x0000000090000000| Complete 
| 257|0x0000000090100000, 0x0000000090200000, 0x0000000090200000|100%| O|  |TAMS 0x0000000090200000, 0x0000000090100000| Complete 
| 258|0x0000000090200000, 0x0000000090300000, 0x0000000090300000|100%| O|  |TAMS 0x0000000090300000, 0x0000000090200000| Complete 
| 259|0x0000000090300000, 0x0000000090400000, 0x0000000090400000|100%| O|  |TAMS 0x0000000090400000, 0x0000000090300000| Complete 
| 260|0x0000000090400000, 0x0000000090500000, 0x0000000090500000|100%| O|  |TAMS 0x0000000090500000, 0x0000000090400000| Complete 
| 261|0x0000000090500000, 0x0000000090600000, 0x0000000090600000|100%| O|  |TAMS 0x0000000090600000, 0x0000000090500000| Complete 
| 262|0x0000000090600000, 0x0000000090700000, 0x0000000090700000|100%| O|  |TAMS 0x0000000090700000, 0x0000000090600000| Complete 
| 263|0x0000000090700000, 0x0000000090800000, 0x0000000090800000|100%| O|  |TAMS 0x0000000090800000, 0x0000000090700000| Complete 
| 264|0x0000000090800000, 0x0000000090900000, 0x0000000090900000|100%| O|  |TAMS 0x0000000090900000, 0x0000000090800000| Complete 
| 265|0x0000000090900000, 0x0000000090a00000, 0x0000000090a00000|100%| O|  |TAMS 0x0000000090a00000, 0x0000000090900000| Complete 
| 266|0x0000000090a00000, 0x0000000090b00000, 0x0000000090b00000|100%| O|  |TAMS 0x0000000090b00000, 0x0000000090a00000| Complete 
| 267|0x0000000090b00000, 0x0000000090c00000, 0x0000000090c00000|100%| O|  |TAMS 0x0000000090c00000, 0x0000000090b00000| Complete 
| 268|0x0000000090c00000, 0x0000000090d00000, 0x0000000090d00000|100%| O|  |TAMS 0x0000000090d00000, 0x0000000090c00000| Complete 
| 269|0x0000000090d00000, 0x0000000090e00000, 0x0000000090e00000|100%| O|  |TAMS 0x0000000090e00000, 0x0000000090d00000| Complete 
| 270|0x0000000090e00000, 0x0000000090f00000, 0x0000000090f00000|100%| O|  |TAMS 0x0000000090f00000, 0x0000000090e00000| Complete 
| 271|0x0000000090f00000, 0x0000000091000000, 0x0000000091000000|100%| O|  |TAMS 0x0000000091000000, 0x0000000090f00000| Complete 
| 272|0x0000000091000000, 0x0000000091100000, 0x0000000091100000|100%| O|  |TAMS 0x0000000091100000, 0x0000000091000000| Complete 
| 273|0x0000000091100000, 0x0000000091200000, 0x0000000091200000|100%| O|  |TAMS 0x0000000091200000, 0x0000000091100000| Complete 
| 274|0x0000000091200000, 0x0000000091300000, 0x0000000091300000|100%| O|  |TAMS 0x0000000091300000, 0x0000000091200000| Complete 
| 275|0x0000000091300000, 0x0000000091400000, 0x0000000091400000|100%| O|  |TAMS 0x0000000091400000, 0x0000000091300000| Complete 
| 276|0x0000000091400000, 0x0000000091500000, 0x0000000091500000|100%| O|  |TAMS 0x0000000091500000, 0x0000000091400000| Complete 
| 277|0x0000000091500000, 0x0000000091600000, 0x0000000091600000|100%| O|  |TAMS 0x0000000091600000, 0x0000000091500000| Complete 
| 278|0x0000000091600000, 0x0000000091700000, 0x0000000091700000|100%| O|  |TAMS 0x0000000091700000, 0x0000000091600000| Complete 
| 279|0x0000000091700000, 0x0000000091700000, 0x0000000091800000|  0%| F|  |TAMS 0x0000000091700000, 0x0000000091700000| Untracked 
| 280|0x0000000091800000, 0x0000000091900000, 0x0000000091900000|100%| O|  |TAMS 0x0000000091900000, 0x0000000091800000| Complete 
| 281|0x0000000091900000, 0x0000000091a00000, 0x0000000091a00000|100%| O|  |TAMS 0x0000000091a00000, 0x0000000091900000| Complete 
| 282|0x0000000091a00000, 0x0000000091a00000, 0x0000000091b00000|  0%| F|  |TAMS 0x0000000091a00000, 0x0000000091a00000| Untracked 
| 283|0x0000000091b00000, 0x0000000091b00000, 0x0000000091c00000|  0%| F|  |TAMS 0x0000000091b00000, 0x0000000091b00000| Untracked 
| 284|0x0000000091c00000, 0x0000000091c00000, 0x0000000091d00000|  0%| F|  |TAMS 0x0000000091c00000, 0x0000000091c00000| Untracked 
| 285|0x0000000091d00000, 0x0000000091e00000, 0x0000000091e00000|100%| O|  |TAMS 0x0000000091e00000, 0x0000000091d00000| Complete 
| 286|0x0000000091e00000, 0x0000000091f00000, 0x0000000091f00000|100%| O|  |TAMS 0x0000000091f00000, 0x0000000091e00000| Untracked 
| 287|0x0000000091f00000, 0x0000000092000000, 0x0000000092000000|100%| O|  |TAMS 0x0000000092000000, 0x0000000091f00000| Untracked 
| 288|0x0000000092000000, 0x0000000092100000, 0x0000000092100000|100%| O|  |TAMS 0x0000000092100000, 0x0000000092000000| Untracked 
| 289|0x0000000092100000, 0x0000000092200000, 0x0000000092200000|100%| O|  |TAMS 0x0000000092200000, 0x0000000092100000| Untracked 
| 290|0x0000000092200000, 0x0000000092300000, 0x0000000092300000|100%| O|  |TAMS 0x0000000092300000, 0x0000000092200000| Complete 
| 291|0x0000000092300000, 0x0000000092400000, 0x0000000092400000|100%| O|  |TAMS 0x0000000092400000, 0x0000000092300000| Complete 
| 292|0x0000000092400000, 0x0000000092500000, 0x0000000092500000|100%| O|  |TAMS 0x0000000092500000, 0x0000000092400000| Complete 
| 293|0x0000000092500000, 0x0000000092600000, 0x0000000092600000|100%| O|  |TAMS 0x0000000092600000, 0x0000000092500000| Complete 
| 294|0x0000000092600000, 0x0000000092700000, 0x0000000092700000|100%| O|  |TAMS 0x0000000092700000, 0x0000000092600000| Complete 
| 295|0x0000000092700000, 0x0000000092800000, 0x0000000092800000|100%| O|  |TAMS 0x0000000092800000, 0x0000000092700000| Complete 
| 296|0x0000000092800000, 0x0000000092900000, 0x0000000092900000|100%| O|  |TAMS 0x0000000092900000, 0x0000000092800000| Untracked 
| 297|0x0000000092900000, 0x0000000092a00000, 0x0000000092a00000|100%| O|  |TAMS 0x0000000092a00000, 0x0000000092900000| Complete 
| 298|0x0000000092a00000, 0x0000000092b00000, 0x0000000092b00000|100%| O|  |TAMS 0x0000000092b00000, 0x0000000092a00000| Untracked 
| 299|0x0000000092b00000, 0x0000000092c00000, 0x0000000092c00000|100%| O|  |TAMS 0x0000000092c00000, 0x0000000092b00000| Untracked 
| 300|0x0000000092c00000, 0x0000000092d00000, 0x0000000092d00000|100%| O|  |TAMS 0x0000000092d00000, 0x0000000092c00000| Untracked 
| 301|0x0000000092d00000, 0x0000000092e00000, 0x0000000092e00000|100%| O|  |TAMS 0x0000000092e00000, 0x0000000092d00000| Untracked 
| 302|0x0000000092e00000, 0x0000000092f00000, 0x0000000092f00000|100%| O|  |TAMS 0x0000000092f00000, 0x0000000092e00000| Untracked 
| 303|0x0000000092f00000, 0x0000000093000000, 0x0000000093000000|100%| O|  |TAMS 0x0000000093000000, 0x0000000092f00000| Untracked 
| 304|0x0000000093000000, 0x0000000093100000, 0x0000000093100000|100%| O|  |TAMS 0x0000000093100000, 0x0000000093000000| Complete 
| 305|0x0000000093100000, 0x0000000093200000, 0x0000000093200000|100%| O|  |TAMS 0x0000000093200000, 0x0000000093100000| Complete 
| 306|0x0000000093200000, 0x0000000093300000, 0x0000000093300000|100%| O|  |TAMS 0x0000000093300000, 0x0000000093200000| Complete 
| 307|0x0000000093300000, 0x0000000093400000, 0x0000000093400000|100%| O|  |TAMS 0x0000000093400000, 0x0000000093300000| Complete 
| 308|0x0000000093400000, 0x0000000093500000, 0x0000000093500000|100%| O|  |TAMS 0x0000000093500000, 0x0000000093400000| Complete 
| 309|0x0000000093500000, 0x0000000093600000, 0x0000000093600000|100%| O|  |TAMS 0x0000000093600000, 0x0000000093500000| Complete 
| 310|0x0000000093600000, 0x0000000093700000, 0x0000000093700000|100%| O|  |TAMS 0x0000000093700000, 0x0000000093600000| Complete 
| 311|0x0000000093700000, 0x0000000093800000, 0x0000000093800000|100%| O|  |TAMS 0x0000000093800000, 0x0000000093700000| Untracked 
| 312|0x0000000093800000, 0x0000000093900000, 0x0000000093900000|100%| O|  |TAMS 0x0000000093900000, 0x0000000093800000| Complete 
| 313|0x0000000093900000, 0x0000000093a00000, 0x0000000093a00000|100%| O|  |TAMS 0x0000000093a00000, 0x0000000093900000| Complete 
| 314|0x0000000093a00000, 0x0000000093b00000, 0x0000000093b00000|100%| O|  |TAMS 0x0000000093b00000, 0x0000000093a00000| Untracked 
| 315|0x0000000093b00000, 0x0000000093c00000, 0x0000000093c00000|100%| O|  |TAMS 0x0000000093c00000, 0x0000000093b00000| Untracked 
| 316|0x0000000093c00000, 0x0000000093d00000, 0x0000000093d00000|100%| O|  |TAMS 0x0000000093d00000, 0x0000000093c00000| Untracked 
| 317|0x0000000093d00000, 0x0000000093e00000, 0x0000000093e00000|100%| O|  |TAMS 0x0000000093e00000, 0x0000000093d00000| Untracked 
| 318|0x0000000093e00000, 0x0000000093f00000, 0x0000000093f00000|100%| O|  |TAMS 0x0000000093f00000, 0x0000000093e00000| Untracked 
| 319|0x0000000093f00000, 0x0000000094000000, 0x0000000094000000|100%| O|  |TAMS 0x0000000094000000, 0x0000000093f00000| Complete 
| 320|0x0000000094000000, 0x0000000094100000, 0x0000000094100000|100%| O|  |TAMS 0x0000000094100000, 0x0000000094000000| Complete 
| 321|0x0000000094100000, 0x0000000094200000, 0x0000000094200000|100%| O|  |TAMS 0x0000000094200000, 0x0000000094100000| Complete 
| 322|0x0000000094200000, 0x0000000094300000, 0x0000000094300000|100%| O|  |TAMS 0x0000000094300000, 0x0000000094200000| Untracked 
| 323|0x0000000094300000, 0x0000000094400000, 0x0000000094400000|100%| O|  |TAMS 0x0000000094400000, 0x0000000094300000| Untracked 
| 324|0x0000000094400000, 0x0000000094500000, 0x0000000094500000|100%| O|  |TAMS 0x0000000094500000, 0x0000000094400000| Untracked 
| 325|0x0000000094500000, 0x0000000094600000, 0x0000000094600000|100%| O|  |TAMS 0x0000000094600000, 0x0000000094500000| Untracked 
| 326|0x0000000094600000, 0x0000000094700000, 0x0000000094700000|100%| O|  |TAMS 0x0000000094700000, 0x0000000094600000| Untracked 
| 327|0x0000000094700000, 0x0000000094800000, 0x0000000094800000|100%| O|  |TAMS 0x0000000094800000, 0x0000000094700000| Untracked 
| 328|0x0000000094800000, 0x0000000094900000, 0x0000000094900000|100%| O|  |TAMS 0x0000000094900000, 0x0000000094800000| Complete 
| 329|0x0000000094900000, 0x0000000094a00000, 0x0000000094a00000|100%| O|  |TAMS 0x0000000094a00000, 0x0000000094900000| Complete 
| 330|0x0000000094a00000, 0x0000000094b00000, 0x0000000094b00000|100%| O|  |TAMS 0x0000000094b00000, 0x0000000094a00000| Complete 
| 331|0x0000000094b00000, 0x0000000094c00000, 0x0000000094c00000|100%| O|  |TAMS 0x0000000094c00000, 0x0000000094b00000| Complete 
| 332|0x0000000094c00000, 0x0000000094d00000, 0x0000000094d00000|100%| O|  |TAMS 0x0000000094d00000, 0x0000000094c00000| Untracked 
| 333|0x0000000094d00000, 0x0000000094e00000, 0x0000000094e00000|100%| O|  |TAMS 0x0000000094e00000, 0x0000000094d00000| Untracked 
| 334|0x0000000094e00000, 0x0000000094f00000, 0x0000000094f00000|100%| O|  |TAMS 0x0000000094f00000, 0x0000000094e00000| Untracked 
| 335|0x0000000094f00000, 0x0000000095000000, 0x0000000095000000|100%| O|  |TAMS 0x0000000095000000, 0x0000000094f00000| Untracked 
| 336|0x0000000095000000, 0x0000000095100000, 0x0000000095100000|100%| O|  |TAMS 0x0000000095100000, 0x0000000095000000| Untracked 
| 337|0x0000000095100000, 0x0000000095200000, 0x0000000095200000|100%| O|  |TAMS 0x0000000095200000, 0x0000000095100000| Untracked 
| 338|0x0000000095200000, 0x0000000095300000, 0x0000000095300000|100%| O|  |TAMS 0x0000000095300000, 0x0000000095200000| Complete 
| 339|0x0000000095300000, 0x0000000095400000, 0x0000000095400000|100%| O|  |TAMS 0x0000000095400000, 0x0000000095300000| Complete 
| 340|0x0000000095400000, 0x0000000095500000, 0x0000000095500000|100%| O|  |TAMS 0x0000000095500000, 0x0000000095400000| Untracked 
| 341|0x0000000095500000, 0x0000000095600000, 0x0000000095600000|100%| O|  |TAMS 0x0000000095600000, 0x0000000095500000| Complete 
| 342|0x0000000095600000, 0x0000000095700000, 0x0000000095700000|100%| O|  |TAMS 0x0000000095700000, 0x0000000095600000| Complete 
| 343|0x0000000095700000, 0x0000000095800000, 0x0000000095800000|100%| O|  |TAMS 0x0000000095800000, 0x0000000095700000| Complete 
| 344|0x0000000095800000, 0x0000000095800000, 0x0000000095900000|  0%| F|  |TAMS 0x0000000095800000, 0x0000000095800000| Untracked 
| 345|0x0000000095900000, 0x0000000095900000, 0x0000000095a00000|  0%| F|  |TAMS 0x0000000095900000, 0x0000000095900000| Untracked 
| 346|0x0000000095a00000, 0x0000000095a00000, 0x0000000095b00000|  0%| F|  |TAMS 0x0000000095a00000, 0x0000000095a00000| Untracked 
| 347|0x0000000095b00000, 0x0000000095c00000, 0x0000000095c00000|100%| O|  |TAMS 0x0000000095c00000, 0x0000000095b00000| Complete 
| 348|0x0000000095c00000, 0x0000000095d00000, 0x0000000095d00000|100%| O|  |TAMS 0x0000000095d00000, 0x0000000095c00000| Complete 
| 349|0x0000000095d00000, 0x0000000095e00000, 0x0000000095e00000|100%| O|  |TAMS 0x0000000095e00000, 0x0000000095d00000| Complete 
| 350|0x0000000095e00000, 0x0000000095e00000, 0x0000000095f00000|  0%| F|  |TAMS 0x0000000095e00000, 0x0000000095e00000| Untracked 
| 351|0x0000000095f00000, 0x0000000096000000, 0x0000000096000000|100%| O|  |TAMS 0x0000000095f00000, 0x0000000095f00000| Untracked 
| 352|0x0000000096000000, 0x0000000096100000, 0x0000000096100000|100%| O|  |TAMS 0x0000000096100000, 0x0000000096000000| Complete 
| 353|0x0000000096100000, 0x0000000096200000, 0x0000000096200000|100%| O|  |TAMS 0x0000000096100000, 0x0000000096100000| Untracked 
| 354|0x0000000096200000, 0x0000000096300000, 0x0000000096300000|100%| O|  |TAMS 0x0000000096200000, 0x0000000096200000| Untracked 
| 355|0x0000000096300000, 0x0000000096300000, 0x0000000096400000|  0%| F|  |TAMS 0x0000000096300000, 0x0000000096300000| Untracked 
| 356|0x0000000096400000, 0x0000000096400000, 0x0000000096500000|  0%| F|  |TAMS 0x0000000096400000, 0x0000000096400000| Untracked 
| 357|0x0000000096500000, 0x0000000096500000, 0x0000000096600000|  0%| F|  |TAMS 0x0000000096500000, 0x0000000096500000| Untracked 
| 358|0x0000000096600000, 0x0000000096700000, 0x0000000096700000|100%| O|  |TAMS 0x0000000096700000, 0x0000000096600000| Complete 
| 359|0x0000000096700000, 0x0000000096700000, 0x0000000096800000|  0%| F|  |TAMS 0x0000000096700000, 0x0000000096700000| Untracked 
| 360|0x0000000096800000, 0x0000000096800000, 0x0000000096900000|  0%| F|  |TAMS 0x0000000096800000, 0x0000000096800000| Untracked 
| 361|0x0000000096900000, 0x0000000096900000, 0x0000000096a00000|  0%| F|  |TAMS 0x0000000096900000, 0x0000000096900000| Untracked 
| 362|0x0000000096a00000, 0x0000000096a00000, 0x0000000096b00000|  0%| F|  |TAMS 0x0000000096a00000, 0x0000000096a00000| Untracked 
| 363|0x0000000096b00000, 0x0000000096b00000, 0x0000000096c00000|  0%| F|  |TAMS 0x0000000096b00000, 0x0000000096b00000| Untracked 
| 364|0x0000000096c00000, 0x0000000096c00000, 0x0000000096d00000|  0%| F|  |TAMS 0x0000000096c00000, 0x0000000096c00000| Untracked 
| 365|0x0000000096d00000, 0x0000000096d00000, 0x0000000096e00000|  0%| F|  |TAMS 0x0000000096d00000, 0x0000000096d00000| Untracked 
| 366|0x0000000096e00000, 0x0000000096f00000, 0x0000000096f00000|100%| O|  |TAMS 0x0000000096e00000, 0x0000000096e00000| Untracked 
| 367|0x0000000096f00000, 0x0000000097000000, 0x0000000097000000|100%| O|  |TAMS 0x0000000097000000, 0x0000000096f00000| Complete 
| 368|0x0000000097000000, 0x0000000097100000, 0x0000000097100000|100%| O|  |TAMS 0x0000000097100000, 0x0000000097000000| Complete 
| 369|0x0000000097100000, 0x0000000097100000, 0x0000000097200000|  0%| F|  |TAMS 0x0000000097100000, 0x0000000097100000| Untracked 
| 370|0x0000000097200000, 0x0000000097200000, 0x0000000097300000|  0%| F|  |TAMS 0x0000000097200000, 0x0000000097200000| Untracked 
| 371|0x0000000097300000, 0x0000000097300000, 0x0000000097400000|  0%| F|  |TAMS 0x0000000097300000, 0x0000000097300000| Untracked 
| 372|0x0000000097400000, 0x0000000097400000, 0x0000000097500000|  0%| F|  |TAMS 0x0000000097400000, 0x0000000097400000| Untracked 
| 373|0x0000000097500000, 0x0000000097500000, 0x0000000097600000|  0%| F|  |TAMS 0x0000000097500000, 0x0000000097500000| Untracked 
| 374|0x0000000097600000, 0x0000000097600000, 0x0000000097700000|  0%| F|  |TAMS 0x0000000097600000, 0x0000000097600000| Untracked 
| 375|0x0000000097700000, 0x0000000097800000, 0x0000000097800000|100%| O|  |TAMS 0x0000000097800000, 0x0000000097700000| Complete 
| 376|0x0000000097800000, 0x0000000097800000, 0x0000000097900000|  0%| F|  |TAMS 0x0000000097800000, 0x0000000097800000| Untracked 
| 377|0x0000000097900000, 0x0000000097900000, 0x0000000097a00000|  0%| F|  |TAMS 0x0000000097900000, 0x0000000097900000| Untracked 
| 378|0x0000000097a00000, 0x0000000097a00000, 0x0000000097b00000|  0%| F|  |TAMS 0x0000000097a00000, 0x0000000097a00000| Untracked 
| 379|0x0000000097b00000, 0x0000000097b00000, 0x0000000097c00000|  0%| F|  |TAMS 0x0000000097b00000, 0x0000000097b00000| Untracked 
| 380|0x0000000097c00000, 0x0000000097c00000, 0x0000000097d00000|  0%| F|  |TAMS 0x0000000097c00000, 0x0000000097c00000| Untracked 
| 381|0x0000000097d00000, 0x0000000097d00000, 0x0000000097e00000|  0%| F|  |TAMS 0x0000000097d00000, 0x0000000097d00000| Untracked 
| 382|0x0000000097e00000, 0x0000000097f00000, 0x0000000097f00000|100%| O|  |TAMS 0x0000000097f00000, 0x0000000097e00000| Complete 
| 383|0x0000000097f00000, 0x0000000097f00000, 0x0000000098000000|  0%| F|  |TAMS 0x0000000097f00000, 0x0000000097f00000| Untracked 
| 384|0x0000000098000000, 0x0000000098000000, 0x0000000098100000|  0%| F|  |TAMS 0x0000000098000000, 0x0000000098000000| Untracked 
| 385|0x0000000098100000, 0x0000000098100000, 0x0000000098200000|  0%| F|  |TAMS 0x0000000098100000, 0x0000000098100000| Untracked 
| 386|0x0000000098200000, 0x0000000098200000, 0x0000000098300000|  0%| F|  |TAMS 0x0000000098200000, 0x0000000098200000| Untracked 
| 387|0x0000000098300000, 0x0000000098400000, 0x0000000098400000|100%| O|  |TAMS 0x0000000098400000, 0x0000000098300000| Complete 
| 388|0x0000000098400000, 0x0000000098400000, 0x0000000098500000|  0%| F|  |TAMS 0x0000000098400000, 0x0000000098400000| Untracked 
| 389|0x0000000098500000, 0x0000000098500000, 0x0000000098600000|  0%| F|  |TAMS 0x0000000098500000, 0x0000000098500000| Untracked 
| 390|0x0000000098600000, 0x0000000098600000, 0x0000000098700000|  0%| F|  |TAMS 0x0000000098600000, 0x0000000098600000| Untracked 
| 391|0x0000000098700000, 0x0000000098700000, 0x0000000098800000|  0%| F|  |TAMS 0x0000000098700000, 0x0000000098700000| Untracked 
| 392|0x0000000098800000, 0x0000000098800000, 0x0000000098900000|  0%| F|  |TAMS 0x0000000098800000, 0x0000000098800000| Untracked 
| 393|0x0000000098900000, 0x0000000098900000, 0x0000000098a00000|  0%| F|  |TAMS 0x0000000098900000, 0x0000000098900000| Untracked 
| 394|0x0000000098a00000, 0x0000000098a00000, 0x0000000098b00000|  0%| F|  |TAMS 0x0000000098a00000, 0x0000000098a00000| Untracked 
| 395|0x0000000098b00000, 0x0000000098b00000, 0x0000000098c00000|  0%| F|  |TAMS 0x0000000098b00000, 0x0000000098b00000| Untracked 
| 396|0x0000000098c00000, 0x0000000098d00000, 0x0000000098d00000|100%| O|  |TAMS 0x0000000098c00000, 0x0000000098c00000| Untracked 
| 397|0x0000000098d00000, 0x0000000098d00000, 0x0000000098e00000|  0%| F|  |TAMS 0x0000000098d00000, 0x0000000098d00000| Untracked 
| 398|0x0000000098e00000, 0x0000000098e00000, 0x0000000098f00000|  0%| F|  |TAMS 0x0000000098e00000, 0x0000000098e00000| Untracked 
| 399|0x0000000098f00000, 0x0000000098f00000, 0x0000000099000000|  0%| F|  |TAMS 0x0000000098f00000, 0x0000000098f00000| Untracked 
| 400|0x0000000099000000, 0x0000000099000000, 0x0000000099100000|  0%| F|  |TAMS 0x0000000099000000, 0x0000000099000000| Untracked 
| 401|0x0000000099100000, 0x0000000099100000, 0x0000000099200000|  0%| F|  |TAMS 0x0000000099100000, 0x0000000099100000| Untracked 
| 402|0x0000000099200000, 0x0000000099200000, 0x0000000099300000|  0%| F|  |TAMS 0x0000000099200000, 0x0000000099200000| Untracked 
| 403|0x0000000099300000, 0x0000000099400000, 0x0000000099400000|100%| O|  |TAMS 0x0000000099400000, 0x0000000099300000| Complete 
| 404|0x0000000099400000, 0x0000000099400000, 0x0000000099500000|  0%| F|  |TAMS 0x0000000099400000, 0x0000000099400000| Untracked 
| 405|0x0000000099500000, 0x0000000099500000, 0x0000000099600000|  0%| F|  |TAMS 0x0000000099500000, 0x0000000099500000| Untracked 
| 406|0x0000000099600000, 0x0000000099700000, 0x0000000099700000|100%| O|  |TAMS 0x0000000099600000, 0x0000000099600000| Untracked 
| 407|0x0000000099700000, 0x0000000099800000, 0x0000000099800000|100%| O|  |TAMS 0x0000000099700000, 0x0000000099700000| Untracked 
| 408|0x0000000099800000, 0x0000000099800000, 0x0000000099900000|  0%| F|  |TAMS 0x0000000099800000, 0x0000000099800000| Untracked 
| 409|0x0000000099900000, 0x0000000099900000, 0x0000000099a00000|  0%| F|  |TAMS 0x0000000099900000, 0x0000000099900000| Untracked 
| 410|0x0000000099a00000, 0x0000000099b00000, 0x0000000099b00000|100%| O|  |TAMS 0x0000000099a00000, 0x0000000099a00000| Untracked 
| 411|0x0000000099b00000, 0x0000000099b00000, 0x0000000099c00000|  0%| F|  |TAMS 0x0000000099b00000, 0x0000000099b00000| Untracked 
| 412|0x0000000099c00000, 0x0000000099d00000, 0x0000000099d00000|100%| O|  |TAMS 0x0000000099c00000, 0x0000000099c00000| Untracked 
| 413|0x0000000099d00000, 0x0000000099d00000, 0x0000000099e00000|  0%| F|  |TAMS 0x0000000099d00000, 0x0000000099d00000| Untracked 
| 414|0x0000000099e00000, 0x0000000099e00000, 0x0000000099f00000|  0%| F|  |TAMS 0x0000000099e00000, 0x0000000099e00000| Untracked 
| 415|0x0000000099f00000, 0x0000000099f00000, 0x000000009a000000|  0%| F|  |TAMS 0x0000000099f00000, 0x0000000099f00000| Untracked 
| 416|0x000000009a000000, 0x000000009a0a6e00, 0x000000009a100000| 65%| O|  |TAMS 0x000000009a000000, 0x000000009a000000| Untracked 
| 417|0x000000009a100000, 0x000000009a100000, 0x000000009a200000|  0%| F|  |TAMS 0x000000009a100000, 0x000000009a100000| Untracked 
| 418|0x000000009a200000, 0x000000009a200000, 0x000000009a300000|  0%| F|  |TAMS 0x000000009a200000, 0x000000009a200000| Untracked 
| 419|0x000000009a300000, 0x000000009a300000, 0x000000009a400000|  0%| F|  |TAMS 0x000000009a300000, 0x000000009a300000| Untracked 
| 420|0x000000009a400000, 0x000000009a400000, 0x000000009a500000|  0%| F|  |TAMS 0x000000009a400000, 0x000000009a400000| Untracked 
| 421|0x000000009a500000, 0x000000009a500000, 0x000000009a600000|  0%| F|  |TAMS 0x000000009a500000, 0x000000009a500000| Untracked 
| 422|0x000000009a600000, 0x000000009a600000, 0x000000009a700000|  0%| F|  |TAMS 0x000000009a600000, 0x000000009a600000| Untracked 
| 423|0x000000009a700000, 0x000000009a800000, 0x000000009a800000|100%| O|  |TAMS 0x000000009a800000, 0x000000009a700000| Complete 
| 424|0x000000009a800000, 0x000000009a800000, 0x000000009a900000|  0%| F|  |TAMS 0x000000009a800000, 0x000000009a800000| Untracked 
| 425|0x000000009a900000, 0x000000009aa00000, 0x000000009aa00000|100%| O|  |TAMS 0x000000009aa00000, 0x000000009a900000| Complete 
| 426|0x000000009aa00000, 0x000000009aa00000, 0x000000009ab00000|  0%| F|  |TAMS 0x000000009aa00000, 0x000000009aa00000| Untracked 
| 427|0x000000009ab00000, 0x000000009ab00000, 0x000000009ac00000|  0%| F|  |TAMS 0x000000009ab00000, 0x000000009ab00000| Untracked 
| 428|0x000000009ac00000, 0x000000009ac00000, 0x000000009ad00000|  0%| F|  |TAMS 0x000000009ac00000, 0x000000009ac00000| Untracked 
| 429|0x000000009ad00000, 0x000000009ae00000, 0x000000009ae00000|100%| O|  |TAMS 0x000000009ae00000, 0x000000009ad00000| Complete 
| 430|0x000000009ae00000, 0x000000009ae00000, 0x000000009af00000|  0%| F|  |TAMS 0x000000009ae00000, 0x000000009ae00000| Untracked 
| 431|0x000000009af00000, 0x000000009b000000, 0x000000009b000000|100%| O|  |TAMS 0x000000009b000000, 0x000000009af00000| Complete 
| 432|0x000000009b000000, 0x000000009b100000, 0x000000009b100000|100%| O|  |TAMS 0x000000009b100000, 0x000000009b000000| Untracked 
| 433|0x000000009b100000, 0x000000009b200000, 0x000000009b200000|100%| O|  |TAMS 0x000000009b200000, 0x000000009b100000| Untracked 
| 434|0x000000009b200000, 0x000000009b300000, 0x000000009b300000|100%| O|  |TAMS 0x000000009b300000, 0x000000009b200000| Untracked 
| 435|0x000000009b300000, 0x000000009b400000, 0x000000009b400000|100%| O|  |TAMS 0x000000009b400000, 0x000000009b300000| Untracked 
| 436|0x000000009b400000, 0x000000009b500000, 0x000000009b500000|100%| O|  |TAMS 0x000000009b500000, 0x000000009b400000| Untracked 
| 437|0x000000009b500000, 0x000000009b600000, 0x000000009b600000|100%| O|  |TAMS 0x000000009b600000, 0x000000009b500000| Untracked 
| 438|0x000000009b600000, 0x000000009b700000, 0x000000009b700000|100%| O|  |TAMS 0x000000009b700000, 0x000000009b600000| Untracked 
| 439|0x000000009b700000, 0x000000009b800000, 0x000000009b800000|100%| O|  |TAMS 0x000000009b800000, 0x000000009b700000| Untracked 
| 440|0x000000009b800000, 0x000000009b900000, 0x000000009b900000|100%| O|  |TAMS 0x000000009b900000, 0x000000009b800000| Untracked 
| 441|0x000000009b900000, 0x000000009ba00000, 0x000000009ba00000|100%| O|  |TAMS 0x000000009ba00000, 0x000000009b900000| Untracked 
| 442|0x000000009ba00000, 0x000000009bb00000, 0x000000009bb00000|100%| O|  |TAMS 0x000000009bb00000, 0x000000009ba00000| Untracked 
| 443|0x000000009bb00000, 0x000000009bc00000, 0x000000009bc00000|100%| O|  |TAMS 0x000000009bc00000, 0x000000009bb00000| Untracked 
| 444|0x000000009bc00000, 0x000000009bd00000, 0x000000009bd00000|100%| O|  |TAMS 0x000000009bd00000, 0x000000009bc00000| Untracked 
| 445|0x000000009bd00000, 0x000000009be00000, 0x000000009be00000|100%| O|  |TAMS 0x000000009be00000, 0x000000009bd00000| Untracked 
| 446|0x000000009be00000, 0x000000009bf00000, 0x000000009bf00000|100%| O|  |TAMS 0x000000009bf00000, 0x000000009be00000| Untracked 
| 447|0x000000009bf00000, 0x000000009c000000, 0x000000009c000000|100%| O|  |TAMS 0x000000009c000000, 0x000000009bf00000| Untracked 
| 448|0x000000009c000000, 0x000000009c100000, 0x000000009c100000|100%| O|  |TAMS 0x000000009c100000, 0x000000009c000000| Untracked 
| 449|0x000000009c100000, 0x000000009c200000, 0x000000009c200000|100%| O|  |TAMS 0x000000009c200000, 0x000000009c100000| Untracked 
| 450|0x000000009c200000, 0x000000009c300000, 0x000000009c300000|100%| O|  |TAMS 0x000000009c286800, 0x000000009c200000| Untracked 
| 451|0x000000009c300000, 0x000000009c400000, 0x000000009c400000|100%| O|  |TAMS 0x000000009c300000, 0x000000009c300000| Untracked 
| 452|0x000000009c400000, 0x000000009c500000, 0x000000009c500000|100%| O|  |TAMS 0x000000009c400000, 0x000000009c400000| Untracked 
| 453|0x000000009c500000, 0x000000009c600000, 0x000000009c600000|100%| O|  |TAMS 0x000000009c500000, 0x000000009c500000| Untracked 
| 454|0x000000009c600000, 0x000000009c700000, 0x000000009c700000|100%| O|  |TAMS 0x000000009c600000, 0x000000009c600000| Untracked 
| 455|0x000000009c700000, 0x000000009c800000, 0x000000009c800000|100%| O|  |TAMS 0x000000009c700000, 0x000000009c700000| Untracked 
| 456|0x000000009c800000, 0x000000009c900000, 0x000000009c900000|100%| O|  |TAMS 0x000000009c800000, 0x000000009c800000| Untracked 
| 457|0x000000009c900000, 0x000000009ca00000, 0x000000009ca00000|100%| O|  |TAMS 0x000000009c900000, 0x000000009c900000| Untracked 
| 458|0x000000009ca00000, 0x000000009cb00000, 0x000000009cb00000|100%| O|  |TAMS 0x000000009ca00000, 0x000000009ca00000| Untracked 
| 459|0x000000009cb00000, 0x000000009cb00000, 0x000000009cc00000|  0%| F|  |TAMS 0x000000009cb00000, 0x000000009cb00000| Untracked 
| 460|0x000000009cc00000, 0x000000009cc00000, 0x000000009cd00000|  0%| F|  |TAMS 0x000000009cc00000, 0x000000009cc00000| Untracked 
| 461|0x000000009cd00000, 0x000000009cd00000, 0x000000009ce00000|  0%| F|  |TAMS 0x000000009cd00000, 0x000000009cd00000| Untracked 
| 462|0x000000009ce00000, 0x000000009ce00000, 0x000000009cf00000|  0%| F|  |TAMS 0x000000009ce00000, 0x000000009ce00000| Untracked 
| 463|0x000000009cf00000, 0x000000009cf00000, 0x000000009d000000|  0%| F|  |TAMS 0x000000009cf00000, 0x000000009cf00000| Untracked 
| 464|0x000000009d000000, 0x000000009d000000, 0x000000009d100000|  0%| F|  |TAMS 0x000000009d000000, 0x000000009d000000| Untracked 
| 465|0x000000009d100000, 0x000000009d100000, 0x000000009d200000|  0%| F|  |TAMS 0x000000009d100000, 0x000000009d100000| Untracked 
| 466|0x000000009d200000, 0x000000009d200000, 0x000000009d300000|  0%| F|  |TAMS 0x000000009d200000, 0x000000009d200000| Untracked 
| 467|0x000000009d300000, 0x000000009d300000, 0x000000009d400000|  0%| F|  |TAMS 0x000000009d300000, 0x000000009d300000| Untracked 
| 468|0x000000009d400000, 0x000000009d400000, 0x000000009d500000|  0%| F|  |TAMS 0x000000009d400000, 0x000000009d400000| Untracked 
| 469|0x000000009d500000, 0x000000009d500000, 0x000000009d600000|  0%| F|  |TAMS 0x000000009d500000, 0x000000009d500000| Untracked 
| 470|0x000000009d600000, 0x000000009d600000, 0x000000009d700000|  0%| F|  |TAMS 0x000000009d600000, 0x000000009d600000| Untracked 
| 471|0x000000009d700000, 0x000000009d700000, 0x000000009d800000|  0%| F|  |TAMS 0x000000009d700000, 0x000000009d700000| Untracked 
| 472|0x000000009d800000, 0x000000009d800000, 0x000000009d900000|  0%| F|  |TAMS 0x000000009d800000, 0x000000009d800000| Untracked 
| 473|0x000000009d900000, 0x000000009d900000, 0x000000009da00000|  0%| F|  |TAMS 0x000000009d900000, 0x000000009d900000| Untracked 
| 474|0x000000009da00000, 0x000000009da00000, 0x000000009db00000|  0%| F|  |TAMS 0x000000009da00000, 0x000000009da00000| Untracked 
| 475|0x000000009db00000, 0x000000009db00000, 0x000000009dc00000|  0%| F|  |TAMS 0x000000009db00000, 0x000000009db00000| Untracked 
| 476|0x000000009dc00000, 0x000000009dc00000, 0x000000009dd00000|  0%| F|  |TAMS 0x000000009dc00000, 0x000000009dc00000| Untracked 
| 477|0x000000009dd00000, 0x000000009dd00000, 0x000000009de00000|  0%| F|  |TAMS 0x000000009dd00000, 0x000000009dd00000| Untracked 
| 478|0x000000009de00000, 0x000000009de00000, 0x000000009df00000|  0%| F|  |TAMS 0x000000009de00000, 0x000000009de00000| Untracked 
| 479|0x000000009df00000, 0x000000009df00000, 0x000000009e000000|  0%| F|  |TAMS 0x000000009df00000, 0x000000009df00000| Untracked 
| 480|0x000000009e000000, 0x000000009e000000, 0x000000009e100000|  0%| F|  |TAMS 0x000000009e000000, 0x000000009e000000| Untracked 
| 481|0x000000009e100000, 0x000000009e100000, 0x000000009e200000|  0%| F|  |TAMS 0x000000009e100000, 0x000000009e100000| Untracked 
| 482|0x000000009e200000, 0x000000009e200000, 0x000000009e300000|  0%| F|  |TAMS 0x000000009e200000, 0x000000009e200000| Untracked 
| 483|0x000000009e300000, 0x000000009e300000, 0x000000009e400000|  0%| F|  |TAMS 0x000000009e300000, 0x000000009e300000| Untracked 
| 484|0x000000009e400000, 0x000000009e400000, 0x000000009e500000|  0%| F|  |TAMS 0x000000009e400000, 0x000000009e400000| Untracked 
| 485|0x000000009e500000, 0x000000009e500000, 0x000000009e600000|  0%| F|  |TAMS 0x000000009e500000, 0x000000009e500000| Untracked 
| 486|0x000000009e600000, 0x000000009e600000, 0x000000009e700000|  0%| F|  |TAMS 0x000000009e600000, 0x000000009e600000| Untracked 
| 487|0x000000009e700000, 0x000000009e700000, 0x000000009e800000|  0%| F|  |TAMS 0x000000009e700000, 0x000000009e700000| Untracked 
| 488|0x000000009e800000, 0x000000009e800000, 0x000000009e900000|  0%| F|  |TAMS 0x000000009e800000, 0x000000009e800000| Untracked 
| 489|0x000000009e900000, 0x000000009e900000, 0x000000009ea00000|  0%| F|  |TAMS 0x000000009e900000, 0x000000009e900000| Untracked 
| 490|0x000000009ea00000, 0x000000009ea00000, 0x000000009eb00000|  0%| F|  |TAMS 0x000000009ea00000, 0x000000009ea00000| Untracked 
| 491|0x000000009eb00000, 0x000000009eb00000, 0x000000009ec00000|  0%| F|  |TAMS 0x000000009eb00000, 0x000000009eb00000| Untracked 
| 492|0x000000009ec00000, 0x000000009ec00000, 0x000000009ed00000|  0%| F|  |TAMS 0x000000009ec00000, 0x000000009ec00000| Untracked 
| 493|0x000000009ed00000, 0x000000009ed00000, 0x000000009ee00000|  0%| F|  |TAMS 0x000000009ed00000, 0x000000009ed00000| Untracked 
| 494|0x000000009ee00000, 0x000000009ee00000, 0x000000009ef00000|  0%| F|  |TAMS 0x000000009ee00000, 0x000000009ee00000| Untracked 
| 495|0x000000009ef00000, 0x000000009ef00000, 0x000000009f000000|  0%| F|  |TAMS 0x000000009ef00000, 0x000000009ef00000| Untracked 
| 496|0x000000009f000000, 0x000000009f000000, 0x000000009f100000|  0%| F|  |TAMS 0x000000009f000000, 0x000000009f000000| Untracked 
| 497|0x000000009f100000, 0x000000009f100000, 0x000000009f200000|  0%| F|  |TAMS 0x000000009f100000, 0x000000009f100000| Untracked 
| 498|0x000000009f200000, 0x000000009f200000, 0x000000009f300000|  0%| F|  |TAMS 0x000000009f200000, 0x000000009f200000| Untracked 
| 499|0x000000009f300000, 0x000000009f300000, 0x000000009f400000|  0%| F|  |TAMS 0x000000009f300000, 0x000000009f300000| Untracked 
| 500|0x000000009f400000, 0x000000009f400000, 0x000000009f500000|  0%| F|  |TAMS 0x000000009f400000, 0x000000009f400000| Untracked 
| 501|0x000000009f500000, 0x000000009f500000, 0x000000009f600000|  0%| F|  |TAMS 0x000000009f500000, 0x000000009f500000| Untracked 
| 502|0x000000009f600000, 0x000000009f600000, 0x000000009f700000|  0%| F|  |TAMS 0x000000009f600000, 0x000000009f600000| Untracked 
| 503|0x000000009f700000, 0x000000009f700000, 0x000000009f800000|  0%| F|  |TAMS 0x000000009f700000, 0x000000009f700000| Untracked 
| 504|0x000000009f800000, 0x000000009f800000, 0x000000009f900000|  0%| F|  |TAMS 0x000000009f800000, 0x000000009f800000| Untracked 
| 505|0x000000009f900000, 0x000000009f900000, 0x000000009fa00000|  0%| F|  |TAMS 0x000000009f900000, 0x000000009f900000| Untracked 
| 506|0x000000009fa00000, 0x000000009fa00000, 0x000000009fb00000|  0%| F|  |TAMS 0x000000009fa00000, 0x000000009fa00000| Untracked 
| 507|0x000000009fb00000, 0x000000009fb00000, 0x000000009fc00000|  0%| F|  |TAMS 0x000000009fb00000, 0x000000009fb00000| Untracked 
| 508|0x000000009fc00000, 0x000000009fc00000, 0x000000009fd00000|  0%| F|  |TAMS 0x000000009fc00000, 0x000000009fc00000| Untracked 
| 509|0x000000009fd00000, 0x000000009fd00000, 0x000000009fe00000|  0%| F|  |TAMS 0x000000009fd00000, 0x000000009fd00000| Untracked 
| 510|0x000000009fe00000, 0x000000009fe00000, 0x000000009ff00000|  0%| F|  |TAMS 0x000000009fe00000, 0x000000009fe00000| Untracked 
| 511|0x000000009ff00000, 0x000000009ff00000, 0x00000000a0000000|  0%| F|  |TAMS 0x000000009ff00000, 0x000000009ff00000| Untracked 
| 512|0x00000000a0000000, 0x00000000a0000000, 0x00000000a0100000|  0%| F|  |TAMS 0x00000000a0000000, 0x00000000a0000000| Untracked 
| 513|0x00000000a0100000, 0x00000000a0100000, 0x00000000a0200000|  0%| F|  |TAMS 0x00000000a0100000, 0x00000000a0100000| Untracked 
| 514|0x00000000a0200000, 0x00000000a0200000, 0x00000000a0300000|  0%| F|  |TAMS 0x00000000a0200000, 0x00000000a0200000| Untracked 
| 515|0x00000000a0300000, 0x00000000a0300000, 0x00000000a0400000|  0%| F|  |TAMS 0x00000000a0300000, 0x00000000a0300000| Untracked 
| 516|0x00000000a0400000, 0x00000000a0400000, 0x00000000a0500000|  0%| F|  |TAMS 0x00000000a0400000, 0x00000000a0400000| Untracked 
| 517|0x00000000a0500000, 0x00000000a0500000, 0x00000000a0600000|  0%| F|  |TAMS 0x00000000a0500000, 0x00000000a0500000| Untracked 
| 518|0x00000000a0600000, 0x00000000a0600000, 0x00000000a0700000|  0%| F|  |TAMS 0x00000000a0600000, 0x00000000a0600000| Untracked 
| 519|0x00000000a0700000, 0x00000000a0700000, 0x00000000a0800000|  0%| F|  |TAMS 0x00000000a0700000, 0x00000000a0700000| Untracked 
| 520|0x00000000a0800000, 0x00000000a0800000, 0x00000000a0900000|  0%| F|  |TAMS 0x00000000a0800000, 0x00000000a0800000| Untracked 
| 521|0x00000000a0900000, 0x00000000a0900000, 0x00000000a0a00000|  0%| F|  |TAMS 0x00000000a0900000, 0x00000000a0900000| Untracked 
| 522|0x00000000a0a00000, 0x00000000a0a00000, 0x00000000a0b00000|  0%| F|  |TAMS 0x00000000a0a00000, 0x00000000a0a00000| Untracked 
| 523|0x00000000a0b00000, 0x00000000a0b00000, 0x00000000a0c00000|  0%| F|  |TAMS 0x00000000a0b00000, 0x00000000a0b00000| Untracked 
| 524|0x00000000a0c00000, 0x00000000a0c00000, 0x00000000a0d00000|  0%| F|  |TAMS 0x00000000a0c00000, 0x00000000a0c00000| Untracked 
| 525|0x00000000a0d00000, 0x00000000a0d00000, 0x00000000a0e00000|  0%| F|  |TAMS 0x00000000a0d00000, 0x00000000a0d00000| Untracked 
| 526|0x00000000a0e00000, 0x00000000a0e00000, 0x00000000a0f00000|  0%| F|  |TAMS 0x00000000a0e00000, 0x00000000a0e00000| Untracked 
| 527|0x00000000a0f00000, 0x00000000a0f00000, 0x00000000a1000000|  0%| F|  |TAMS 0x00000000a0f00000, 0x00000000a0f00000| Untracked 
| 528|0x00000000a1000000, 0x00000000a1000000, 0x00000000a1100000|  0%| F|  |TAMS 0x00000000a1000000, 0x00000000a1000000| Untracked 
| 529|0x00000000a1100000, 0x00000000a1100000, 0x00000000a1200000|  0%| F|  |TAMS 0x00000000a1100000, 0x00000000a1100000| Untracked 
| 530|0x00000000a1200000, 0x00000000a1200000, 0x00000000a1300000|  0%| F|  |TAMS 0x00000000a1200000, 0x00000000a1200000| Untracked 
| 531|0x00000000a1300000, 0x00000000a1300000, 0x00000000a1400000|  0%| F|  |TAMS 0x00000000a1300000, 0x00000000a1300000| Untracked 
| 532|0x00000000a1400000, 0x00000000a1400000, 0x00000000a1500000|  0%| F|  |TAMS 0x00000000a1400000, 0x00000000a1400000| Untracked 
| 533|0x00000000a1500000, 0x00000000a1500000, 0x00000000a1600000|  0%| F|  |TAMS 0x00000000a1500000, 0x00000000a1500000| Untracked 
| 534|0x00000000a1600000, 0x00000000a1600000, 0x00000000a1700000|  0%| F|  |TAMS 0x00000000a1600000, 0x00000000a1600000| Untracked 
| 535|0x00000000a1700000, 0x00000000a1700000, 0x00000000a1800000|  0%| F|  |TAMS 0x00000000a1700000, 0x00000000a1700000| Untracked 
| 536|0x00000000a1800000, 0x00000000a1800000, 0x00000000a1900000|  0%| F|  |TAMS 0x00000000a1800000, 0x00000000a1800000| Untracked 
| 537|0x00000000a1900000, 0x00000000a1900000, 0x00000000a1a00000|  0%| F|  |TAMS 0x00000000a1900000, 0x00000000a1900000| Untracked 
| 538|0x00000000a1a00000, 0x00000000a1a00000, 0x00000000a1b00000|  0%| F|  |TAMS 0x00000000a1a00000, 0x00000000a1a00000| Untracked 
| 539|0x00000000a1b00000, 0x00000000a1b00000, 0x00000000a1c00000|  0%| F|  |TAMS 0x00000000a1b00000, 0x00000000a1b00000| Untracked 
| 540|0x00000000a1c00000, 0x00000000a1c00000, 0x00000000a1d00000|  0%| F|  |TAMS 0x00000000a1c00000, 0x00000000a1c00000| Untracked 
| 541|0x00000000a1d00000, 0x00000000a1d00000, 0x00000000a1e00000|  0%| F|  |TAMS 0x00000000a1d00000, 0x00000000a1d00000| Untracked 
| 542|0x00000000a1e00000, 0x00000000a1e00000, 0x00000000a1f00000|  0%| F|  |TAMS 0x00000000a1e00000, 0x00000000a1e00000| Untracked 
| 543|0x00000000a1f00000, 0x00000000a1f00000, 0x00000000a2000000|  0%| F|  |TAMS 0x00000000a1f00000, 0x00000000a1f00000| Untracked 
| 544|0x00000000a2000000, 0x00000000a2000000, 0x00000000a2100000|  0%| F|  |TAMS 0x00000000a2000000, 0x00000000a2000000| Untracked 
| 545|0x00000000a2100000, 0x00000000a2100000, 0x00000000a2200000|  0%| F|  |TAMS 0x00000000a2100000, 0x00000000a2100000| Untracked 
| 546|0x00000000a2200000, 0x00000000a2200000, 0x00000000a2300000|  0%| F|  |TAMS 0x00000000a2200000, 0x00000000a2200000| Untracked 
| 547|0x00000000a2300000, 0x00000000a2300000, 0x00000000a2400000|  0%| F|  |TAMS 0x00000000a2300000, 0x00000000a2300000| Untracked 
| 548|0x00000000a2400000, 0x00000000a2400000, 0x00000000a2500000|  0%| F|  |TAMS 0x00000000a2400000, 0x00000000a2400000| Untracked 
| 549|0x00000000a2500000, 0x00000000a2500000, 0x00000000a2600000|  0%| F|  |TAMS 0x00000000a2500000, 0x00000000a2500000| Untracked 
| 550|0x00000000a2600000, 0x00000000a2600000, 0x00000000a2700000|  0%| F|  |TAMS 0x00000000a2600000, 0x00000000a2600000| Untracked 
| 551|0x00000000a2700000, 0x00000000a2700000, 0x00000000a2800000|  0%| F|  |TAMS 0x00000000a2700000, 0x00000000a2700000| Untracked 
| 552|0x00000000a2800000, 0x00000000a2800000, 0x00000000a2900000|  0%| F|  |TAMS 0x00000000a2800000, 0x00000000a2800000| Untracked 
| 553|0x00000000a2900000, 0x00000000a2900000, 0x00000000a2a00000|  0%| F|  |TAMS 0x00000000a2900000, 0x00000000a2900000| Untracked 
| 554|0x00000000a2a00000, 0x00000000a2a00000, 0x00000000a2b00000|  0%| F|  |TAMS 0x00000000a2a00000, 0x00000000a2a00000| Untracked 
| 555|0x00000000a2b00000, 0x00000000a2b00000, 0x00000000a2c00000|  0%| F|  |TAMS 0x00000000a2b00000, 0x00000000a2b00000| Untracked 
| 556|0x00000000a2c00000, 0x00000000a2c00000, 0x00000000a2d00000|  0%| F|  |TAMS 0x00000000a2c00000, 0x00000000a2c00000| Untracked 
| 557|0x00000000a2d00000, 0x00000000a2d00000, 0x00000000a2e00000|  0%| F|  |TAMS 0x00000000a2d00000, 0x00000000a2d00000| Untracked 
| 558|0x00000000a2e00000, 0x00000000a2e00000, 0x00000000a2f00000|  0%| F|  |TAMS 0x00000000a2e00000, 0x00000000a2e00000| Untracked 
| 559|0x00000000a2f00000, 0x00000000a2f00000, 0x00000000a3000000|  0%| F|  |TAMS 0x00000000a2f00000, 0x00000000a2f00000| Untracked 
| 560|0x00000000a3000000, 0x00000000a3000000, 0x00000000a3100000|  0%| F|  |TAMS 0x00000000a3000000, 0x00000000a3000000| Untracked 
| 561|0x00000000a3100000, 0x00000000a3100000, 0x00000000a3200000|  0%| F|  |TAMS 0x00000000a3100000, 0x00000000a3100000| Untracked 
| 562|0x00000000a3200000, 0x00000000a3200000, 0x00000000a3300000|  0%| F|  |TAMS 0x00000000a3200000, 0x00000000a3200000| Untracked 
| 563|0x00000000a3300000, 0x00000000a3300000, 0x00000000a3400000|  0%| F|  |TAMS 0x00000000a3300000, 0x00000000a3300000| Untracked 
| 564|0x00000000a3400000, 0x00000000a3400000, 0x00000000a3500000|  0%| F|  |TAMS 0x00000000a3400000, 0x00000000a3400000| Untracked 
| 565|0x00000000a3500000, 0x00000000a3500000, 0x00000000a3600000|  0%| F|  |TAMS 0x00000000a3500000, 0x00000000a3500000| Untracked 
| 566|0x00000000a3600000, 0x00000000a3600000, 0x00000000a3700000|  0%| F|  |TAMS 0x00000000a3600000, 0x00000000a3600000| Untracked 
| 567|0x00000000a3700000, 0x00000000a3700000, 0x00000000a3800000|  0%| F|  |TAMS 0x00000000a3700000, 0x00000000a3700000| Untracked 
| 568|0x00000000a3800000, 0x00000000a3800000, 0x00000000a3900000|  0%| F|  |TAMS 0x00000000a3800000, 0x00000000a3800000| Untracked 
| 569|0x00000000a3900000, 0x00000000a3900000, 0x00000000a3a00000|  0%| F|  |TAMS 0x00000000a3900000, 0x00000000a3900000| Untracked 
| 570|0x00000000a3a00000, 0x00000000a3a00000, 0x00000000a3b00000|  0%| F|  |TAMS 0x00000000a3a00000, 0x00000000a3a00000| Untracked 
| 571|0x00000000a3b00000, 0x00000000a3b00000, 0x00000000a3c00000|  0%| F|  |TAMS 0x00000000a3b00000, 0x00000000a3b00000| Untracked 
| 572|0x00000000a3c00000, 0x00000000a3c00000, 0x00000000a3d00000|  0%| F|  |TAMS 0x00000000a3c00000, 0x00000000a3c00000| Untracked 
| 573|0x00000000a3d00000, 0x00000000a3d00000, 0x00000000a3e00000|  0%| F|  |TAMS 0x00000000a3d00000, 0x00000000a3d00000| Untracked 
| 574|0x00000000a3e00000, 0x00000000a3e00000, 0x00000000a3f00000|  0%| F|  |TAMS 0x00000000a3e00000, 0x00000000a3e00000| Untracked 
| 575|0x00000000a3f00000, 0x00000000a3f00000, 0x00000000a4000000|  0%| F|  |TAMS 0x00000000a3f00000, 0x00000000a3f00000| Untracked 
| 576|0x00000000a4000000, 0x00000000a4000000, 0x00000000a4100000|  0%| F|  |TAMS 0x00000000a4000000, 0x00000000a4000000| Untracked 
| 577|0x00000000a4100000, 0x00000000a4100000, 0x00000000a4200000|  0%| F|  |TAMS 0x00000000a4100000, 0x00000000a4100000| Untracked 
| 578|0x00000000a4200000, 0x00000000a4200000, 0x00000000a4300000|  0%| F|  |TAMS 0x00000000a4200000, 0x00000000a4200000| Untracked 
| 579|0x00000000a4300000, 0x00000000a4300000, 0x00000000a4400000|  0%| F|  |TAMS 0x00000000a4300000, 0x00000000a4300000| Untracked 
| 580|0x00000000a4400000, 0x00000000a4400000, 0x00000000a4500000|  0%| F|  |TAMS 0x00000000a4400000, 0x00000000a4400000| Untracked 
| 581|0x00000000a4500000, 0x00000000a4500000, 0x00000000a4600000|  0%| F|  |TAMS 0x00000000a4500000, 0x00000000a4500000| Untracked 
| 582|0x00000000a4600000, 0x00000000a4600000, 0x00000000a4700000|  0%| F|  |TAMS 0x00000000a4600000, 0x00000000a4600000| Untracked 
| 583|0x00000000a4700000, 0x00000000a4700000, 0x00000000a4800000|  0%| F|  |TAMS 0x00000000a4700000, 0x00000000a4700000| Untracked 
| 584|0x00000000a4800000, 0x00000000a4800000, 0x00000000a4900000|  0%| F|  |TAMS 0x00000000a4800000, 0x00000000a4800000| Untracked 
| 585|0x00000000a4900000, 0x00000000a4900000, 0x00000000a4a00000|  0%| F|  |TAMS 0x00000000a4900000, 0x00000000a4900000| Untracked 
| 586|0x00000000a4a00000, 0x00000000a4a00000, 0x00000000a4b00000|  0%| F|  |TAMS 0x00000000a4a00000, 0x00000000a4a00000| Untracked 
| 587|0x00000000a4b00000, 0x00000000a4b00000, 0x00000000a4c00000|  0%| F|  |TAMS 0x00000000a4b00000, 0x00000000a4b00000| Untracked 
| 588|0x00000000a4c00000, 0x00000000a4c00000, 0x00000000a4d00000|  0%| F|  |TAMS 0x00000000a4c00000, 0x00000000a4c00000| Untracked 
| 589|0x00000000a4d00000, 0x00000000a4d00000, 0x00000000a4e00000|  0%| F|  |TAMS 0x00000000a4d00000, 0x00000000a4d00000| Untracked 
| 590|0x00000000a4e00000, 0x00000000a4e00000, 0x00000000a4f00000|  0%| F|  |TAMS 0x00000000a4e00000, 0x00000000a4e00000| Untracked 
| 591|0x00000000a4f00000, 0x00000000a4f00000, 0x00000000a5000000|  0%| F|  |TAMS 0x00000000a4f00000, 0x00000000a4f00000| Untracked 
| 592|0x00000000a5000000, 0x00000000a5000000, 0x00000000a5100000|  0%| F|  |TAMS 0x00000000a5000000, 0x00000000a5000000| Untracked 
| 593|0x00000000a5100000, 0x00000000a5100000, 0x00000000a5200000|  0%| F|  |TAMS 0x00000000a5100000, 0x00000000a5100000| Untracked 
| 594|0x00000000a5200000, 0x00000000a5200000, 0x00000000a5300000|  0%| F|  |TAMS 0x00000000a5200000, 0x00000000a5200000| Untracked 
| 595|0x00000000a5300000, 0x00000000a5300000, 0x00000000a5400000|  0%| F|  |TAMS 0x00000000a5300000, 0x00000000a5300000| Untracked 
| 596|0x00000000a5400000, 0x00000000a5400000, 0x00000000a5500000|  0%| F|  |TAMS 0x00000000a5400000, 0x00000000a5400000| Untracked 
| 597|0x00000000a5500000, 0x00000000a5500000, 0x00000000a5600000|  0%| F|  |TAMS 0x00000000a5500000, 0x00000000a5500000| Untracked 
| 598|0x00000000a5600000, 0x00000000a5600000, 0x00000000a5700000|  0%| F|  |TAMS 0x00000000a5600000, 0x00000000a5600000| Untracked 
| 599|0x00000000a5700000, 0x00000000a5700000, 0x00000000a5800000|  0%| F|  |TAMS 0x00000000a5700000, 0x00000000a5700000| Untracked 
| 600|0x00000000a5800000, 0x00000000a5800000, 0x00000000a5900000|  0%| F|  |TAMS 0x00000000a5800000, 0x00000000a5800000| Untracked 
| 601|0x00000000a5900000, 0x00000000a5900000, 0x00000000a5a00000|  0%| F|  |TAMS 0x00000000a5900000, 0x00000000a5900000| Untracked 
| 602|0x00000000a5a00000, 0x00000000a5a00000, 0x00000000a5b00000|  0%| F|  |TAMS 0x00000000a5a00000, 0x00000000a5a00000| Untracked 
| 603|0x00000000a5b00000, 0x00000000a5b00000, 0x00000000a5c00000|  0%| F|  |TAMS 0x00000000a5b00000, 0x00000000a5b00000| Untracked 
| 604|0x00000000a5c00000, 0x00000000a5c00000, 0x00000000a5d00000|  0%| F|  |TAMS 0x00000000a5c00000, 0x00000000a5c00000| Untracked 
| 605|0x00000000a5d00000, 0x00000000a5d00000, 0x00000000a5e00000|  0%| F|  |TAMS 0x00000000a5d00000, 0x00000000a5d00000| Untracked 
| 606|0x00000000a5e00000, 0x00000000a5e00000, 0x00000000a5f00000|  0%| F|  |TAMS 0x00000000a5e00000, 0x00000000a5e00000| Untracked 
| 607|0x00000000a5f00000, 0x00000000a5f00000, 0x00000000a6000000|  0%| F|  |TAMS 0x00000000a5f00000, 0x00000000a5f00000| Untracked 
| 608|0x00000000a6000000, 0x00000000a6000000, 0x00000000a6100000|  0%| F|  |TAMS 0x00000000a6000000, 0x00000000a6000000| Untracked 
| 609|0x00000000a6100000, 0x00000000a6100000, 0x00000000a6200000|  0%| F|  |TAMS 0x00000000a6100000, 0x00000000a6100000| Untracked 
| 610|0x00000000a6200000, 0x00000000a6200000, 0x00000000a6300000|  0%| F|  |TAMS 0x00000000a6200000, 0x00000000a6200000| Untracked 
| 611|0x00000000a6300000, 0x00000000a6300000, 0x00000000a6400000|  0%| F|  |TAMS 0x00000000a6300000, 0x00000000a6300000| Untracked 
| 612|0x00000000a6400000, 0x00000000a6400000, 0x00000000a6500000|  0%| F|  |TAMS 0x00000000a6400000, 0x00000000a6400000| Untracked 
| 613|0x00000000a6500000, 0x00000000a6500000, 0x00000000a6600000|  0%| F|  |TAMS 0x00000000a6500000, 0x00000000a6500000| Untracked 
| 614|0x00000000a6600000, 0x00000000a6600000, 0x00000000a6700000|  0%| F|  |TAMS 0x00000000a6600000, 0x00000000a6600000| Untracked 
| 615|0x00000000a6700000, 0x00000000a6700000, 0x00000000a6800000|  0%| F|  |TAMS 0x00000000a6700000, 0x00000000a6700000| Untracked 
| 616|0x00000000a6800000, 0x00000000a6800000, 0x00000000a6900000|  0%| F|  |TAMS 0x00000000a6800000, 0x00000000a6800000| Untracked 
| 617|0x00000000a6900000, 0x00000000a6900000, 0x00000000a6a00000|  0%| F|  |TAMS 0x00000000a6900000, 0x00000000a6900000| Untracked 
| 618|0x00000000a6a00000, 0x00000000a6a00000, 0x00000000a6b00000|  0%| F|  |TAMS 0x00000000a6a00000, 0x00000000a6a00000| Untracked 
| 619|0x00000000a6b00000, 0x00000000a6b00000, 0x00000000a6c00000|  0%| F|  |TAMS 0x00000000a6b00000, 0x00000000a6b00000| Untracked 
| 620|0x00000000a6c00000, 0x00000000a6c00000, 0x00000000a6d00000|  0%| F|  |TAMS 0x00000000a6c00000, 0x00000000a6c00000| Untracked 
| 621|0x00000000a6d00000, 0x00000000a6d00000, 0x00000000a6e00000|  0%| F|  |TAMS 0x00000000a6d00000, 0x00000000a6d00000| Untracked 
| 622|0x00000000a6e00000, 0x00000000a6e00000, 0x00000000a6f00000|  0%| F|  |TAMS 0x00000000a6e00000, 0x00000000a6e00000| Untracked 
| 623|0x00000000a6f00000, 0x00000000a6f00000, 0x00000000a7000000|  0%| F|  |TAMS 0x00000000a6f00000, 0x00000000a6f00000| Untracked 
| 624|0x00000000a7000000, 0x00000000a7000000, 0x00000000a7100000|  0%| F|  |TAMS 0x00000000a7000000, 0x00000000a7000000| Untracked 
| 625|0x00000000a7100000, 0x00000000a7100000, 0x00000000a7200000|  0%| F|  |TAMS 0x00000000a7100000, 0x00000000a7100000| Untracked 
| 626|0x00000000a7200000, 0x00000000a7200000, 0x00000000a7300000|  0%| F|  |TAMS 0x00000000a7200000, 0x00000000a7200000| Untracked 
| 627|0x00000000a7300000, 0x00000000a7300000, 0x00000000a7400000|  0%| F|  |TAMS 0x00000000a7300000, 0x00000000a7300000| Untracked 
| 628|0x00000000a7400000, 0x00000000a7400000, 0x00000000a7500000|  0%| F|  |TAMS 0x00000000a7400000, 0x00000000a7400000| Untracked 
| 629|0x00000000a7500000, 0x00000000a7500000, 0x00000000a7600000|  0%| F|  |TAMS 0x00000000a7500000, 0x00000000a7500000| Untracked 
| 630|0x00000000a7600000, 0x00000000a7600000, 0x00000000a7700000|  0%| F|  |TAMS 0x00000000a7600000, 0x00000000a7600000| Untracked 
| 631|0x00000000a7700000, 0x00000000a7700000, 0x00000000a7800000|  0%| F|  |TAMS 0x00000000a7700000, 0x00000000a7700000| Untracked 
| 632|0x00000000a7800000, 0x00000000a7800000, 0x00000000a7900000|  0%| F|  |TAMS 0x00000000a7800000, 0x00000000a7800000| Untracked 
| 633|0x00000000a7900000, 0x00000000a7900000, 0x00000000a7a00000|  0%| F|  |TAMS 0x00000000a7900000, 0x00000000a7900000| Untracked 
| 634|0x00000000a7a00000, 0x00000000a7a00000, 0x00000000a7b00000|  0%| F|  |TAMS 0x00000000a7a00000, 0x00000000a7a00000| Untracked 
| 635|0x00000000a7b00000, 0x00000000a7b00000, 0x00000000a7c00000|  0%| F|  |TAMS 0x00000000a7b00000, 0x00000000a7b00000| Untracked 
| 636|0x00000000a7c00000, 0x00000000a7c00000, 0x00000000a7d00000|  0%| F|  |TAMS 0x00000000a7c00000, 0x00000000a7c00000| Untracked 
| 637|0x00000000a7d00000, 0x00000000a7d00000, 0x00000000a7e00000|  0%| F|  |TAMS 0x00000000a7d00000, 0x00000000a7d00000| Untracked 
| 638|0x00000000a7e00000, 0x00000000a7e00000, 0x00000000a7f00000|  0%| F|  |TAMS 0x00000000a7e00000, 0x00000000a7e00000| Untracked 
| 639|0x00000000a7f00000, 0x00000000a7f00000, 0x00000000a8000000|  0%| F|  |TAMS 0x00000000a7f00000, 0x00000000a7f00000| Untracked 
| 640|0x00000000a8000000, 0x00000000a8000000, 0x00000000a8100000|  0%| F|  |TAMS 0x00000000a8000000, 0x00000000a8000000| Untracked 
| 641|0x00000000a8100000, 0x00000000a8100000, 0x00000000a8200000|  0%| F|  |TAMS 0x00000000a8100000, 0x00000000a8100000| Untracked 
| 642|0x00000000a8200000, 0x00000000a8200000, 0x00000000a8300000|  0%| F|  |TAMS 0x00000000a8200000, 0x00000000a8200000| Untracked 
| 643|0x00000000a8300000, 0x00000000a8300000, 0x00000000a8400000|  0%| F|  |TAMS 0x00000000a8300000, 0x00000000a8300000| Untracked 
| 644|0x00000000a8400000, 0x00000000a8400000, 0x00000000a8500000|  0%| F|  |TAMS 0x00000000a8400000, 0x00000000a8400000| Untracked 
| 645|0x00000000a8500000, 0x00000000a8500000, 0x00000000a8600000|  0%| F|  |TAMS 0x00000000a8500000, 0x00000000a8500000| Untracked 
| 646|0x00000000a8600000, 0x00000000a8600000, 0x00000000a8700000|  0%| F|  |TAMS 0x00000000a8600000, 0x00000000a8600000| Untracked 
| 647|0x00000000a8700000, 0x00000000a8700000, 0x00000000a8800000|  0%| F|  |TAMS 0x00000000a8700000, 0x00000000a8700000| Untracked 
| 648|0x00000000a8800000, 0x00000000a8800000, 0x00000000a8900000|  0%| F|  |TAMS 0x00000000a8800000, 0x00000000a8800000| Untracked 
| 649|0x00000000a8900000, 0x00000000a8900000, 0x00000000a8a00000|  0%| F|  |TAMS 0x00000000a8900000, 0x00000000a8900000| Untracked 
| 650|0x00000000a8a00000, 0x00000000a8a00000, 0x00000000a8b00000|  0%| F|  |TAMS 0x00000000a8a00000, 0x00000000a8a00000| Untracked 
| 651|0x00000000a8b00000, 0x00000000a8b00000, 0x00000000a8c00000|  0%| F|  |TAMS 0x00000000a8b00000, 0x00000000a8b00000| Untracked 
| 652|0x00000000a8c00000, 0x00000000a8c00000, 0x00000000a8d00000|  0%| F|  |TAMS 0x00000000a8c00000, 0x00000000a8c00000| Untracked 
| 653|0x00000000a8d00000, 0x00000000a8d00000, 0x00000000a8e00000|  0%| F|  |TAMS 0x00000000a8d00000, 0x00000000a8d00000| Untracked 
| 654|0x00000000a8e00000, 0x00000000a8e00000, 0x00000000a8f00000|  0%| F|  |TAMS 0x00000000a8e00000, 0x00000000a8e00000| Untracked 
| 655|0x00000000a8f00000, 0x00000000a8f00000, 0x00000000a9000000|  0%| F|  |TAMS 0x00000000a8f00000, 0x00000000a8f00000| Untracked 
| 656|0x00000000a9000000, 0x00000000a9000000, 0x00000000a9100000|  0%| F|  |TAMS 0x00000000a9000000, 0x00000000a9000000| Untracked 
| 657|0x00000000a9100000, 0x00000000a9100000, 0x00000000a9200000|  0%| F|  |TAMS 0x00000000a9100000, 0x00000000a9100000| Untracked 
| 658|0x00000000a9200000, 0x00000000a9200000, 0x00000000a9300000|  0%| F|  |TAMS 0x00000000a9200000, 0x00000000a9200000| Untracked 
| 659|0x00000000a9300000, 0x00000000a9300000, 0x00000000a9400000|  0%| F|  |TAMS 0x00000000a9300000, 0x00000000a9300000| Untracked 
| 660|0x00000000a9400000, 0x00000000a9400000, 0x00000000a9500000|  0%| F|  |TAMS 0x00000000a9400000, 0x00000000a9400000| Untracked 
| 661|0x00000000a9500000, 0x00000000a9500000, 0x00000000a9600000|  0%| F|  |TAMS 0x00000000a9500000, 0x00000000a9500000| Untracked 
| 662|0x00000000a9600000, 0x00000000a9600000, 0x00000000a9700000|  0%| F|  |TAMS 0x00000000a9600000, 0x00000000a9600000| Untracked 
| 663|0x00000000a9700000, 0x00000000a9700000, 0x00000000a9800000|  0%| F|  |TAMS 0x00000000a9700000, 0x00000000a9700000| Untracked 
| 664|0x00000000a9800000, 0x00000000a9800000, 0x00000000a9900000|  0%| F|  |TAMS 0x00000000a9800000, 0x00000000a9800000| Untracked 
| 665|0x00000000a9900000, 0x00000000a9900000, 0x00000000a9a00000|  0%| F|  |TAMS 0x00000000a9900000, 0x00000000a9900000| Untracked 
| 666|0x00000000a9a00000, 0x00000000a9a00000, 0x00000000a9b00000|  0%| F|  |TAMS 0x00000000a9a00000, 0x00000000a9a00000| Untracked 
| 667|0x00000000a9b00000, 0x00000000a9b00000, 0x00000000a9c00000|  0%| F|  |TAMS 0x00000000a9b00000, 0x00000000a9b00000| Untracked 
| 668|0x00000000a9c00000, 0x00000000a9c00000, 0x00000000a9d00000|  0%| F|  |TAMS 0x00000000a9c00000, 0x00000000a9c00000| Untracked 
| 669|0x00000000a9d00000, 0x00000000a9d00000, 0x00000000a9e00000|  0%| F|  |TAMS 0x00000000a9d00000, 0x00000000a9d00000| Untracked 
| 670|0x00000000a9e00000, 0x00000000a9e00000, 0x00000000a9f00000|  0%| F|  |TAMS 0x00000000a9e00000, 0x00000000a9e00000| Untracked 
| 671|0x00000000a9f00000, 0x00000000a9f00000, 0x00000000aa000000|  0%| F|  |TAMS 0x00000000a9f00000, 0x00000000a9f00000| Untracked 
| 672|0x00000000aa000000, 0x00000000aa000000, 0x00000000aa100000|  0%| F|  |TAMS 0x00000000aa000000, 0x00000000aa000000| Untracked 
| 673|0x00000000aa100000, 0x00000000aa100000, 0x00000000aa200000|  0%| F|  |TAMS 0x00000000aa100000, 0x00000000aa100000| Untracked 
| 674|0x00000000aa200000, 0x00000000aa200000, 0x00000000aa300000|  0%| F|  |TAMS 0x00000000aa200000, 0x00000000aa200000| Untracked 
| 675|0x00000000aa300000, 0x00000000aa300000, 0x00000000aa400000|  0%| F|  |TAMS 0x00000000aa300000, 0x00000000aa300000| Untracked 
| 676|0x00000000aa400000, 0x00000000aa400000, 0x00000000aa500000|  0%| F|  |TAMS 0x00000000aa400000, 0x00000000aa400000| Untracked 
| 677|0x00000000aa500000, 0x00000000aa500000, 0x00000000aa600000|  0%| F|  |TAMS 0x00000000aa500000, 0x00000000aa500000| Untracked 
| 678|0x00000000aa600000, 0x00000000aa600000, 0x00000000aa700000|  0%| F|  |TAMS 0x00000000aa600000, 0x00000000aa600000| Untracked 
| 679|0x00000000aa700000, 0x00000000aa700000, 0x00000000aa800000|  0%| F|  |TAMS 0x00000000aa700000, 0x00000000aa700000| Untracked 
| 680|0x00000000aa800000, 0x00000000aa800000, 0x00000000aa900000|  0%| F|  |TAMS 0x00000000aa800000, 0x00000000aa800000| Untracked 
| 681|0x00000000aa900000, 0x00000000aa900000, 0x00000000aaa00000|  0%| F|  |TAMS 0x00000000aa900000, 0x00000000aa900000| Untracked 
| 682|0x00000000aaa00000, 0x00000000aaa00000, 0x00000000aab00000|  0%| F|  |TAMS 0x00000000aaa00000, 0x00000000aaa00000| Untracked 
| 683|0x00000000aab00000, 0x00000000aab00000, 0x00000000aac00000|  0%| F|  |TAMS 0x00000000aab00000, 0x00000000aab00000| Untracked 
| 684|0x00000000aac00000, 0x00000000aac00000, 0x00000000aad00000|  0%| F|  |TAMS 0x00000000aac00000, 0x00000000aac00000| Untracked 
| 685|0x00000000aad00000, 0x00000000aad00000, 0x00000000aae00000|  0%| F|  |TAMS 0x00000000aad00000, 0x00000000aad00000| Untracked 
| 686|0x00000000aae00000, 0x00000000aae00000, 0x00000000aaf00000|  0%| F|  |TAMS 0x00000000aae00000, 0x00000000aae00000| Untracked 
| 687|0x00000000aaf00000, 0x00000000aaf00000, 0x00000000ab000000|  0%| F|  |TAMS 0x00000000aaf00000, 0x00000000aaf00000| Untracked 
| 688|0x00000000ab000000, 0x00000000ab000000, 0x00000000ab100000|  0%| F|  |TAMS 0x00000000ab000000, 0x00000000ab000000| Untracked 
| 689|0x00000000ab100000, 0x00000000ab100000, 0x00000000ab200000|  0%| F|  |TAMS 0x00000000ab100000, 0x00000000ab100000| Untracked 
| 690|0x00000000ab200000, 0x00000000ab200000, 0x00000000ab300000|  0%| F|  |TAMS 0x00000000ab200000, 0x00000000ab200000| Untracked 
| 691|0x00000000ab300000, 0x00000000ab300000, 0x00000000ab400000|  0%| F|  |TAMS 0x00000000ab300000, 0x00000000ab300000| Untracked 
| 692|0x00000000ab400000, 0x00000000ab400000, 0x00000000ab500000|  0%| F|  |TAMS 0x00000000ab400000, 0x00000000ab400000| Untracked 
| 693|0x00000000ab500000, 0x00000000ab500000, 0x00000000ab600000|  0%| F|  |TAMS 0x00000000ab500000, 0x00000000ab500000| Untracked 
| 694|0x00000000ab600000, 0x00000000ab600000, 0x00000000ab700000|  0%| F|  |TAMS 0x00000000ab600000, 0x00000000ab600000| Untracked 
| 695|0x00000000ab700000, 0x00000000ab700000, 0x00000000ab800000|  0%| F|  |TAMS 0x00000000ab700000, 0x00000000ab700000| Untracked 
| 696|0x00000000ab800000, 0x00000000ab800000, 0x00000000ab900000|  0%| F|  |TAMS 0x00000000ab800000, 0x00000000ab800000| Untracked 
| 697|0x00000000ab900000, 0x00000000ab900000, 0x00000000aba00000|  0%| F|  |TAMS 0x00000000ab900000, 0x00000000ab900000| Untracked 
| 698|0x00000000aba00000, 0x00000000aba00000, 0x00000000abb00000|  0%| F|  |TAMS 0x00000000aba00000, 0x00000000aba00000| Untracked 
| 699|0x00000000abb00000, 0x00000000abb00000, 0x00000000abc00000|  0%| F|  |TAMS 0x00000000abb00000, 0x00000000abb00000| Untracked 
| 700|0x00000000abc00000, 0x00000000abc00000, 0x00000000abd00000|  0%| F|  |TAMS 0x00000000abc00000, 0x00000000abc00000| Untracked 
| 701|0x00000000abd00000, 0x00000000abd00000, 0x00000000abe00000|  0%| F|  |TAMS 0x00000000abd00000, 0x00000000abd00000| Untracked 
| 702|0x00000000abe00000, 0x00000000abe00000, 0x00000000abf00000|  0%| F|  |TAMS 0x00000000abe00000, 0x00000000abe00000| Untracked 
| 703|0x00000000abf00000, 0x00000000abf00000, 0x00000000ac000000|  0%| F|  |TAMS 0x00000000abf00000, 0x00000000abf00000| Untracked 
| 704|0x00000000ac000000, 0x00000000ac000000, 0x00000000ac100000|  0%| F|  |TAMS 0x00000000ac000000, 0x00000000ac000000| Untracked 
| 705|0x00000000ac100000, 0x00000000ac100000, 0x00000000ac200000|  0%| F|  |TAMS 0x00000000ac100000, 0x00000000ac100000| Untracked 
| 706|0x00000000ac200000, 0x00000000ac200000, 0x00000000ac300000|  0%| F|  |TAMS 0x00000000ac200000, 0x00000000ac200000| Untracked 
| 707|0x00000000ac300000, 0x00000000ac300000, 0x00000000ac400000|  0%| F|  |TAMS 0x00000000ac300000, 0x00000000ac300000| Untracked 
| 708|0x00000000ac400000, 0x00000000ac400000, 0x00000000ac500000|  0%| F|  |TAMS 0x00000000ac400000, 0x00000000ac400000| Untracked 
| 709|0x00000000ac500000, 0x00000000ac500000, 0x00000000ac600000|  0%| F|  |TAMS 0x00000000ac500000, 0x00000000ac500000| Untracked 
| 710|0x00000000ac600000, 0x00000000ac600000, 0x00000000ac700000|  0%| F|  |TAMS 0x00000000ac600000, 0x00000000ac600000| Untracked 
| 711|0x00000000ac700000, 0x00000000ac700000, 0x00000000ac800000|  0%| F|  |TAMS 0x00000000ac700000, 0x00000000ac700000| Untracked 
| 712|0x00000000ac800000, 0x00000000ac900000, 0x00000000ac900000|100%| S|CS|TAMS 0x00000000ac800000, 0x00000000ac800000| Complete 
| 713|0x00000000ac900000, 0x00000000aca00000, 0x00000000aca00000|100%| S|CS|TAMS 0x00000000ac900000, 0x00000000ac900000| Complete 
| 714|0x00000000aca00000, 0x00000000acb00000, 0x00000000acb00000|100%| S|CS|TAMS 0x00000000aca00000, 0x00000000aca00000| Complete 
| 715|0x00000000acb00000, 0x00000000acc00000, 0x00000000acc00000|100%| S|CS|TAMS 0x00000000acb00000, 0x00000000acb00000| Complete 
| 716|0x00000000acc00000, 0x00000000acd00000, 0x00000000acd00000|100%| S|CS|TAMS 0x00000000acc00000, 0x00000000acc00000| Complete 
| 717|0x00000000acd00000, 0x00000000acd00000, 0x00000000ace00000|  0%| F|  |TAMS 0x00000000acd00000, 0x00000000acd00000| Untracked 
| 718|0x00000000ace00000, 0x00000000ace00000, 0x00000000acf00000|  0%| F|  |TAMS 0x00000000ace00000, 0x00000000ace00000| Untracked 
| 719|0x00000000acf00000, 0x00000000acf00000, 0x00000000ad000000|  0%| F|  |TAMS 0x00000000acf00000, 0x00000000acf00000| Untracked 
| 720|0x00000000ad000000, 0x00000000ad000000, 0x00000000ad100000|  0%| F|  |TAMS 0x00000000ad000000, 0x00000000ad000000| Untracked 
| 721|0x00000000ad100000, 0x00000000ad100000, 0x00000000ad200000|  0%| F|  |TAMS 0x00000000ad100000, 0x00000000ad100000| Untracked 
| 722|0x00000000ad200000, 0x00000000ad200000, 0x00000000ad300000|  0%| F|  |TAMS 0x00000000ad200000, 0x00000000ad200000| Untracked 
| 723|0x00000000ad300000, 0x00000000ad300000, 0x00000000ad400000|  0%| F|  |TAMS 0x00000000ad300000, 0x00000000ad300000| Untracked 
| 724|0x00000000ad400000, 0x00000000ad400000, 0x00000000ad500000|  0%| F|  |TAMS 0x00000000ad400000, 0x00000000ad400000| Untracked 
| 725|0x00000000ad500000, 0x00000000ad500000, 0x00000000ad600000|  0%| F|  |TAMS 0x00000000ad500000, 0x00000000ad500000| Untracked 
| 726|0x00000000ad600000, 0x00000000ad600000, 0x00000000ad700000|  0%| F|  |TAMS 0x00000000ad600000, 0x00000000ad600000| Untracked 
| 727|0x00000000ad700000, 0x00000000ad700000, 0x00000000ad800000|  0%| F|  |TAMS 0x00000000ad700000, 0x00000000ad700000| Untracked 
| 728|0x00000000ad800000, 0x00000000ad800000, 0x00000000ad900000|  0%| F|  |TAMS 0x00000000ad800000, 0x00000000ad800000| Untracked 
| 729|0x00000000ad900000, 0x00000000ad900000, 0x00000000ada00000|  0%| F|  |TAMS 0x00000000ad900000, 0x00000000ad900000| Untracked 
| 730|0x00000000ada00000, 0x00000000ada00000, 0x00000000adb00000|  0%| F|  |TAMS 0x00000000ada00000, 0x00000000ada00000| Untracked 
| 731|0x00000000adb00000, 0x00000000adb00000, 0x00000000adc00000|  0%| F|  |TAMS 0x00000000adb00000, 0x00000000adb00000| Untracked 
| 732|0x00000000adc00000, 0x00000000adc00000, 0x00000000add00000|  0%| F|  |TAMS 0x00000000adc00000, 0x00000000adc00000| Untracked 
| 733|0x00000000add00000, 0x00000000add00000, 0x00000000ade00000|  0%| F|  |TAMS 0x00000000add00000, 0x00000000add00000| Untracked 
| 734|0x00000000ade00000, 0x00000000ade00000, 0x00000000adf00000|  0%| F|  |TAMS 0x00000000ade00000, 0x00000000ade00000| Untracked 
| 735|0x00000000adf00000, 0x00000000adf00000, 0x00000000ae000000|  0%| F|  |TAMS 0x00000000adf00000, 0x00000000adf00000| Untracked 
| 736|0x00000000ae000000, 0x00000000ae000000, 0x00000000ae100000|  0%| F|  |TAMS 0x00000000ae000000, 0x00000000ae000000| Untracked 
| 737|0x00000000ae100000, 0x00000000ae100000, 0x00000000ae200000|  0%| F|  |TAMS 0x00000000ae100000, 0x00000000ae100000| Untracked 
| 738|0x00000000ae200000, 0x00000000ae200000, 0x00000000ae300000|  0%| F|  |TAMS 0x00000000ae200000, 0x00000000ae200000| Untracked 
| 739|0x00000000ae300000, 0x00000000ae300000, 0x00000000ae400000|  0%| F|  |TAMS 0x00000000ae300000, 0x00000000ae300000| Untracked 
| 740|0x00000000ae400000, 0x00000000ae400000, 0x00000000ae500000|  0%| F|  |TAMS 0x00000000ae400000, 0x00000000ae400000| Untracked 
| 741|0x00000000ae500000, 0x00000000ae500000, 0x00000000ae600000|  0%| F|  |TAMS 0x00000000ae500000, 0x00000000ae500000| Untracked 
| 742|0x00000000ae600000, 0x00000000ae69c0c8, 0x00000000ae700000| 60%| E|  |TAMS 0x00000000ae600000, 0x00000000ae600000| Complete 
| 743|0x00000000ae700000, 0x00000000ae800000, 0x00000000ae800000|100%| E|CS|TAMS 0x00000000ae700000, 0x00000000ae700000| Complete 
| 744|0x00000000ae800000, 0x00000000ae900000, 0x00000000ae900000|100%| E|CS|TAMS 0x00000000ae800000, 0x00000000ae800000| Complete 
| 745|0x00000000ae900000, 0x00000000aea00000, 0x00000000aea00000|100%| E|CS|TAMS 0x00000000ae900000, 0x00000000ae900000| Complete 
| 746|0x00000000aea00000, 0x00000000aeb00000, 0x00000000aeb00000|100%| E|CS|TAMS 0x00000000aea00000, 0x00000000aea00000| Complete 
| 747|0x00000000aeb00000, 0x00000000aec00000, 0x00000000aec00000|100%| E|CS|TAMS 0x00000000aeb00000, 0x00000000aeb00000| Complete 
| 748|0x00000000aec00000, 0x00000000aed00000, 0x00000000aed00000|100%| E|CS|TAMS 0x00000000aec00000, 0x00000000aec00000| Complete 
| 749|0x00000000aed00000, 0x00000000aee00000, 0x00000000aee00000|100%| E|CS|TAMS 0x00000000aed00000, 0x00000000aed00000| Complete 
| 750|0x00000000aee00000, 0x00000000aef00000, 0x00000000aef00000|100%| E|CS|TAMS 0x00000000aee00000, 0x00000000aee00000| Complete 
| 751|0x00000000aef00000, 0x00000000af000000, 0x00000000af000000|100%| E|CS|TAMS 0x00000000aef00000, 0x00000000aef00000| Complete 
| 752|0x00000000af000000, 0x00000000af100000, 0x00000000af100000|100%| E|  |TAMS 0x00000000af000000, 0x00000000af000000| Complete 
| 753|0x00000000af100000, 0x00000000af200000, 0x00000000af200000|100%| E|CS|TAMS 0x00000000af100000, 0x00000000af100000| Complete 

Card table byte_map: [0x00000266cb270000,0x00000266cb670000] _byte_map_base: 0x00000266cae70000

Marking Bits (Prev, Next): (CMBitMap*) 0x00000266b213a700, (CMBitMap*) 0x00000266b213a740
 Prev Bits: [0x00000266cba70000, 0x00000266cda70000)
 Next Bits: [0x00000266cda70000, 0x00000266cfa70000)

Polling page: 0x00000266b21a0000

Metaspace:

Usage:
  Non-class:    121.43 MB used.
      Class:     18.65 MB used.
       Both:    140.08 MB used.

Virtual space:
  Non-class space:      128.00 MB reserved,     123.44 MB ( 96%) committed,  2 nodes.
      Class space:      416.00 MB reserved,      20.12 MB (  5%) committed,  1 nodes.
             Both:      544.00 MB reserved,     143.56 MB ( 26%) committed. 

Chunk freelists:
   Non-Class:  5.04 MB
       Class:  12.17 MB
        Both:  17.21 MB

MaxMetaspaceSize: 512.00 MB
CompressedClassSpaceSize: 416.00 MB
Initial GC threshold: 21.00 MB
Current GC threshold: 239.31 MB
CDS: on
MetaspaceReclaimPolicy: balanced
 - commit_granule_bytes: 65536.
 - commit_granule_words: 8192.
 - virtual_space_node_default_size: 8388608.
 - enlarge_chunks_in_place: 1.
 - new_chunks_are_fully_committed: 0.
 - uncommit_free_chunks: 1.
 - use_allocation_guard: 0.
 - handle_deallocations: 1.


Internal statistics:

num_allocs_failed_limit: 9.
num_arena_births: 4560.
num_arena_deaths: 818.
num_vsnodes_births: 3.
num_vsnodes_deaths: 0.
num_space_committed: 2295.
num_space_uncommitted: 0.
num_chunks_returned_to_freelist: 1013.
num_chunks_taken_from_freelist: 11951.
num_chunk_merges: 325.
num_chunk_splits: 7065.
num_chunks_enlarged: 3659.
num_inconsistent_stats: 0.

CodeHeap 'non-profiled nmethods': size=120000Kb used=22711Kb max_used=22711Kb free=97288Kb
 bounds [0x00000266c2da0000, 0x00000266c43d0000, 0x00000266ca2d0000]
CodeHeap 'profiled nmethods': size=120000Kb used=45039Kb max_used=45039Kb free=74960Kb
 bounds [0x00000266bb2d0000, 0x00000266bded0000, 0x00000266c2800000]
CodeHeap 'non-nmethods': size=5760Kb used=1863Kb max_used=1961Kb free=3896Kb
 bounds [0x00000266c2800000, 0x00000266c2a70000, 0x00000266c2da0000]
 total_blobs=24324 nmethods=23345 adapters=890
 compilation: enabled
              stopped_count=0, restarted_count=0
 full_count=0

Compilation events (20 events):
Event: 8392.547 Thread 0x00000266f676ecb0 nmethod 29116 0x00000266c43bf110 code [0x00000266c43bf280, 0x00000266c43bf338]
Event: 8392.547 Thread 0x00000266f676ecb0 29082   !   4       jdk.internal.reflect.GeneratedConstructorAccessor102::newInstance (61 bytes)
Event: 8392.551 Thread 0x00000266d27c9120 29117       3       org.gradle.api.internal.file.collections.DefaultConfigurableFileCollection::getBaseValue (34 bytes)
Event: 8392.551 Thread 0x00000266d27c9120 nmethod 29117 0x00000266bdecce90 code [0x00000266bdecd080, 0x00000266bdecd568]
Event: 8392.551 Thread 0x00000266d27c9120 29118       3       org.gradle.api.internal.file.collections.DefaultConfigurableFileCollection::isExplicit (8 bytes)
Event: 8392.552 Thread 0x00000266d27c9120 nmethod 29118 0x00000266bdecd710 code [0x00000266bdecd8c0, 0x00000266bdecda88]
Event: 8392.563 Thread 0x00000266f676ecb0 nmethod 29082 0x00000266c43bf410 code [0x00000266c43bf600, 0x00000266c43bfe50]
Event: 8392.563 Thread 0x00000266f676ecb0 29075       4       org.gradle.api.internal.artifacts.configurations.DefaultLegacyConfiguration_Decorated::isDetachedConfiguration (46 bytes)
Event: 8392.564 Thread 0x00000266f676ecb0 nmethod 29075 0x00000266c43c0310 code [0x00000266c43c0480, 0x00000266c43c0518]
Event: 8392.580 Thread 0x00000266d27c4750 nmethod 29091 0x00000266c43c0610 code [0x00000266c43c0820, 0x00000266c43c2358]
Event: 8392.621 Thread 0x00000266f676ecb0 29119       4       org.gradle.api.internal.artifacts.ivyservice.modulecache.ModuleMetadataSerializer$Reader::readMavenDependencies (43 bytes)
Event: 8392.661 Thread 0x00000266d27c4750 29120       4       org.gradle.internal.component.external.model.AbstractVariantBackedConfigurationMetadata::<init> (282 bytes)
Event: 8392.683 Thread 0x00000266f676ecb0 nmethod 29119 0x00000266c43c2c10 code [0x00000266c43c2e80, 0x00000266c43c42f0]
Event: 8392.766 Thread 0x00000266f676ecb0 29121       4       org.gradle.api.internal.artifacts.ivyservice.resolveengine.result.AdhocHandlingComponentResultSerializer::writeComponentResult (36 bytes)
Event: 8392.945 Thread 0x00000266d27c9120 29125   !   3       java.lang.reflect.Executable::declaredAnnotations (85 bytes)
Event: 8392.946 Thread 0x00000266d27c9120 nmethod 29125 0x00000266bdecdb90 code [0x00000266bdecddc0, 0x00000266bdece6a8]
Event: 8392.956 Thread 0x00000266d27c9120 29126       1       groovy.lang.Tuple2::getV1 (5 bytes)
Event: 8392.956 Thread 0x00000266d27c9120 nmethod 29126 0x00000266c43c4e10 code [0x00000266c43c4fa0, 0x00000266c43c5078]
Event: 8392.973 Thread 0x00000266d27c9120 29127       1       java.lang.ProcessImpl::getOutputStream (5 bytes)
Event: 8392.973 Thread 0x00000266d27c9120 nmethod 29127 0x00000266c43c5110 code [0x00000266c43c52a0, 0x00000266c43c5378]

GC Heap History (20 events):
Event: 8379.652 GC heap before
{Heap before GC invocations=169 (full 0):
 garbage-first heap   total 519168K, used 467197K [0x0000000080000000, 0x0000000100000000)
  region size 1024K, 25 young (25600K), 3 survivors (3072K)
 Metaspace       used 143940K, committed 146624K, reserved 557056K
  class space    used 19260K, committed 20608K, reserved 425984K
}
Event: 8379.676 GC heap after
{Heap after GC invocations=170 (full 0):
 garbage-first heap   total 519168K, used 447711K [0x0000000080000000, 0x0000000100000000)
  region size 1024K, 4 young (4096K), 4 survivors (4096K)
 Metaspace       used 143940K, committed 146624K, reserved 557056K
  class space    used 19260K, committed 20608K, reserved 425984K
}
Event: 8385.543 GC heap before
{Heap before GC invocations=170 (full 0):
 garbage-first heap   total 519168K, used 468191K [0x0000000080000000, 0x0000000100000000)
  region size 1024K, 25 young (25600K), 4 survivors (4096K)
 Metaspace       used 144026K, committed 146752K, reserved 557056K
  class space    used 19277K, committed 20608K, reserved 425984K
}
Event: 8385.564 GC heap after
{Heap after GC invocations=171 (full 0):
 garbage-first heap   total 519168K, used 451720K [0x0000000080000000, 0x0000000100000000)
  region size 1024K, 4 young (4096K), 4 survivors (4096K)
 Metaspace       used 144026K, committed 146752K, reserved 557056K
  class space    used 19277K, committed 20608K, reserved 425984K
}
Event: 8386.285 GC heap before
{Heap before GC invocations=171 (full 0):
 garbage-first heap   total 519168K, used 472200K [0x0000000080000000, 0x0000000100000000)
  region size 1024K, 25 young (25600K), 4 survivors (4096K)
 Metaspace       used 144035K, committed 146752K, reserved 557056K
  class space    used 19277K, committed 20608K, reserved 425984K
}
Event: 8386.307 GC heap after
{Heap after GC invocations=172 (full 0):
 garbage-first heap   total 519168K, used 453383K [0x0000000080000000, 0x0000000100000000)
  region size 1024K, 2 young (2048K), 2 survivors (2048K)
 Metaspace       used 144035K, committed 146752K, reserved 557056K
  class space    used 19277K, committed 20608K, reserved 425984K
}
Event: 8387.100 GC heap before
{Heap before GC invocations=172 (full 0):
 garbage-first heap   total 519168K, used 475911K [0x0000000080000000, 0x0000000100000000)
  region size 1024K, 25 young (25600K), 2 survivors (2048K)
 Metaspace       used 144091K, committed 146880K, reserved 557056K
  class space    used 19277K, committed 20608K, reserved 425984K
}
Event: 8387.115 GC heap after
{Heap after GC invocations=173 (full 0):
 garbage-first heap   total 519168K, used 456646K [0x0000000080000000, 0x0000000100000000)
  region size 1024K, 4 young (4096K), 4 survivors (4096K)
 Metaspace       used 144091K, committed 146880K, reserved 557056K
  class space    used 19277K, committed 20608K, reserved 425984K
}
Event: 8387.729 GC heap before
{Heap before GC invocations=173 (full 0):
 garbage-first heap   total 519168K, used 477126K [0x0000000080000000, 0x0000000100000000)
  region size 1024K, 25 young (25600K), 4 survivors (4096K)
 Metaspace       used 144126K, committed 146880K, reserved 557056K
  class space    used 19277K, committed 20608K, reserved 425984K
}
Event: 8387.747 GC heap after
{Heap after GC invocations=174 (full 0):
 garbage-first heap   total 519168K, used 461143K [0x0000000080000000, 0x0000000100000000)
  region size 1024K, 4 young (4096K), 4 survivors (4096K)
 Metaspace       used 144126K, committed 146880K, reserved 557056K
  class space    used 19277K, committed 20608K, reserved 425984K
}
Event: 8388.236 GC heap before
{Heap before GC invocations=174 (full 0):
 garbage-first heap   total 519168K, used 482647K [0x0000000080000000, 0x0000000100000000)
  region size 1024K, 25 young (25600K), 4 survivors (4096K)
 Metaspace       used 144153K, committed 146944K, reserved 557056K
  class space    used 19278K, committed 20608K, reserved 425984K
}
Event: 8388.257 GC heap after
{Heap after GC invocations=175 (full 0):
 garbage-first heap   total 519168K, used 464007K [0x0000000080000000, 0x0000000100000000)
  region size 1024K, 3 young (3072K), 3 survivors (3072K)
 Metaspace       used 144153K, committed 146944K, reserved 557056K
  class space    used 19278K, committed 20608K, reserved 425984K
}
Event: 8388.680 GC heap before
{Heap before GC invocations=175 (full 0):
 garbage-first heap   total 519168K, used 486535K [0x0000000080000000, 0x0000000100000000)
  region size 1024K, 25 young (25600K), 3 survivors (3072K)
 Metaspace       used 144199K, committed 147008K, reserved 557056K
  class space    used 19278K, committed 20608K, reserved 425984K
}
Event: 8388.741 GC heap after
{Heap after GC invocations=176 (full 0):
 garbage-first heap   total 519168K, used 468955K [0x0000000080000000, 0x0000000100000000)
  region size 1024K, 4 young (4096K), 4 survivors (4096K)
 Metaspace       used 144199K, committed 147008K, reserved 557056K
  class space    used 19278K, committed 20608K, reserved 425984K
}
Event: 8389.892 GC heap before
{Heap before GC invocations=176 (full 0):
 garbage-first heap   total 519168K, used 490459K [0x0000000080000000, 0x0000000100000000)
  region size 1024K, 25 young (25600K), 4 survivors (4096K)
 Metaspace       used 144200K, committed 147008K, reserved 557056K
  class space    used 19278K, committed 20608K, reserved 425984K
}
Event: 8389.912 GC heap after
{Heap after GC invocations=177 (full 0):
 garbage-first heap   total 519168K, used 472253K [0x0000000080000000, 0x0000000100000000)
  region size 1024K, 3 young (3072K), 3 survivors (3072K)
 Metaspace       used 144200K, committed 147008K, reserved 557056K
  class space    used 19278K, committed 20608K, reserved 425984K
}
Event: 8391.476 GC heap before
{Heap before GC invocations=178 (full 0):
 garbage-first heap   total 772096K, used 483517K [0x0000000080000000, 0x0000000100000000)
  region size 1024K, 25 young (25600K), 3 survivors (3072K)
 Metaspace       used 143402K, committed 147008K, reserved 557056K
  class space    used 19093K, committed 20608K, reserved 425984K
}
Event: 8391.503 GC heap after
{Heap after GC invocations=179 (full 0):
 garbage-first heap   total 772096K, used 466912K [0x0000000080000000, 0x0000000100000000)
  region size 1024K, 4 young (4096K), 4 survivors (4096K)
 Metaspace       used 143402K, committed 147008K, reserved 557056K
  class space    used 19093K, committed 20608K, reserved 425984K
}
Event: 8392.775 GC heap before
{Heap before GC invocations=179 (full 0):
 garbage-first heap   total 772096K, used 500704K [0x0000000080000000, 0x0000000100000000)
  region size 1024K, 37 young (37888K), 4 survivors (4096K)
 Metaspace       used 143432K, committed 147008K, reserved 557056K
  class space    used 19096K, committed 20608K, reserved 425984K
}
Event: 8392.829 GC heap after
{Heap after GC invocations=180 (full 0):
 garbage-first heap   total 772096K, used 395931K [0x0000000080000000, 0x0000000100000000)
  region size 1024K, 5 young (5120K), 5 survivors (5120K)
 Metaspace       used 143432K, committed 147008K, reserved 557056K
  class space    used 19096K, committed 20608K, reserved 425984K
}

Deoptimization events (20 events):
Event: 8391.707 Thread 0x00000266f4b587d0 DEOPT PACKING pc=0x00000266c434fa74 sp=0x000000942b0f87f0
Event: 8391.707 Thread 0x00000266f4b587d0 DEOPT UNPACKING pc=0x00000266c28523a3 sp=0x000000942b0f86a8 mode 2
Event: 8391.707 Thread 0x00000266f4b587d0 Uncommon trap: trap_request=0xffffffbe fr.pc=0x00000266c434fa74 relative=0x00000000000036d4
Event: 8391.707 Thread 0x00000266f4b587d0 Uncommon trap: reason=profile_predicate action=maybe_recompile pc=0x00000266c434fa74 method=org.gradle.api.internal.artifacts.ivyservice.resolveengine.graph.conflicts.VersionConflictResolutionDetails.getDisplayName()Ljava/lang/String; @ 48 c2
Event: 8391.707 Thread 0x00000266f4b587d0 DEOPT PACKING pc=0x00000266c434fa74 sp=0x000000942b0f87f0
Event: 8391.708 Thread 0x00000266f4b587d0 DEOPT UNPACKING pc=0x00000266c28523a3 sp=0x000000942b0f86a8 mode 2
Event: 8391.708 Thread 0x00000266f4b587d0 Uncommon trap: trap_request=0xffffffbe fr.pc=0x00000266c434fa74 relative=0x00000000000036d4
Event: 8391.708 Thread 0x00000266f4b587d0 Uncommon trap: reason=profile_predicate action=maybe_recompile pc=0x00000266c434fa74 method=org.gradle.api.internal.artifacts.ivyservice.resolveengine.graph.conflicts.VersionConflictResolutionDetails.getDisplayName()Ljava/lang/String; @ 48 c2
Event: 8391.708 Thread 0x00000266f4b587d0 DEOPT PACKING pc=0x00000266c434fa74 sp=0x000000942b0f87f0
Event: 8391.708 Thread 0x00000266f4b587d0 DEOPT UNPACKING pc=0x00000266c28523a3 sp=0x000000942b0f86a8 mode 2
Event: 8392.920 Thread 0x00000266f4b587d0 DEOPT PACKING pc=0x00000266bd225dab sp=0x000000942b0f9600
Event: 8392.920 Thread 0x00000266f4b587d0 DEOPT UNPACKING pc=0x00000266c2852b43 sp=0x000000942b0f8b18 mode 0
Event: 8392.936 Thread 0x00000266f4b587d0 Uncommon trap: trap_request=0xfffffff4 fr.pc=0x00000266c340af40 relative=0x0000000000008500
Event: 8392.936 Thread 0x00000266f4b587d0 Uncommon trap: reason=null_check action=make_not_entrant pc=0x00000266c340af40 method=java.lang.Class.reflectionData()Ljava/lang/Class$ReflectionData; @ 18 c2
Event: 8392.936 Thread 0x00000266f4b587d0 DEOPT PACKING pc=0x00000266c340af40 sp=0x000000942b0f0f20
Event: 8392.937 Thread 0x00000266f4b587d0 DEOPT UNPACKING pc=0x00000266c28523a3 sp=0x000000942b0f0938 mode 2
Event: 8392.956 Thread 0x00000266f4b587d0 Uncommon trap: trap_request=0xffffffde fr.pc=0x00000266c31ca654 relative=0x0000000000000154
Event: 8392.956 Thread 0x00000266f4b587d0 Uncommon trap: reason=class_check action=maybe_recompile pc=0x00000266c31ca654 method=java.lang.reflect.Array.newInstance(Ljava/lang/Class;I)Ljava/lang/Object; @ 2 c2
Event: 8392.956 Thread 0x00000266f4b587d0 DEOPT PACKING pc=0x00000266c31ca654 sp=0x000000942b0f3d60
Event: 8392.956 Thread 0x00000266f4b587d0 DEOPT UNPACKING pc=0x00000266c28523a3 sp=0x000000942b0f3cf8 mode 2

Classes unloaded (20 events):
Event: 8389.968 Thread 0x00000266d27a7a60 Unloading class 0x00000266d41e7000 'java/lang/invoke/LambdaForm$MH+0x00000266d41e7000'
Event: 8389.968 Thread 0x00000266d27a7a60 Unloading class 0x00000266d41e6c00 'java/lang/invoke/LambdaForm$MH+0x00000266d41e6c00'
Event: 8389.968 Thread 0x00000266d27a7a60 Unloading class 0x00000266d41e6800 'java/lang/invoke/LambdaForm$MH+0x00000266d41e6800'
Event: 8389.968 Thread 0x00000266d27a7a60 Unloading class 0x00000266d41e6400 'java/lang/invoke/LambdaForm$MH+0x00000266d41e6400'
Event: 8389.968 Thread 0x00000266d27a7a60 Unloading class 0x00000266d41e6000 'java/lang/invoke/LambdaForm$MH+0x00000266d41e6000'
Event: 8389.968 Thread 0x00000266d27a7a60 Unloading class 0x00000266d41e5c00 'java/lang/invoke/LambdaForm$MH+0x00000266d41e5c00'
Event: 8389.968 Thread 0x00000266d27a7a60 Unloading class 0x00000266d41e5800 'java/lang/invoke/LambdaForm$MH+0x00000266d41e5800'
Event: 8389.968 Thread 0x00000266d27a7a60 Unloading class 0x00000266d41e4800 'java/lang/invoke/LambdaForm$MH+0x00000266d41e4800'
Event: 8389.968 Thread 0x00000266d27a7a60 Unloading class 0x00000266d41e4400 'java/lang/invoke/LambdaForm$BMH+0x00000266d41e4400'
Event: 8389.968 Thread 0x00000266d27a7a60 Unloading class 0x00000266d4118800 'java/lang/invoke/LambdaForm$DMH+0x00000266d4118800'
Event: 8389.968 Thread 0x00000266d27a7a60 Unloading class 0x00000266d4118000 'java/lang/invoke/LambdaForm$DMH+0x00000266d4118000'
Event: 8389.968 Thread 0x00000266d27a7a60 Unloading class 0x00000266d40e6000 'java/lang/invoke/LambdaForm$MH+0x00000266d40e6000'
Event: 8389.968 Thread 0x00000266d27a7a60 Unloading class 0x00000266d40e5800 'java/lang/invoke/LambdaForm$MH+0x00000266d40e5800'
Event: 8389.968 Thread 0x00000266d27a7a60 Unloading class 0x00000266d40e5400 'java/lang/invoke/LambdaForm$MH+0x00000266d40e5400'
Event: 8389.968 Thread 0x00000266d27a7a60 Unloading class 0x00000266d40e5000 'java/lang/invoke/LambdaForm$MH+0x00000266d40e5000'
Event: 8389.968 Thread 0x00000266d27a7a60 Unloading class 0x00000266d40e4c00 'java/lang/invoke/LambdaForm$MH+0x00000266d40e4c00'
Event: 8389.968 Thread 0x00000266d27a7a60 Unloading class 0x00000266d40e4400 'java/lang/invoke/LambdaForm$MH+0x00000266d40e4400'
Event: 8389.968 Thread 0x00000266d27a7a60 Unloading class 0x00000266d403a800 'java/lang/invoke/LambdaForm$MH+0x00000266d403a800'
Event: 8389.968 Thread 0x00000266d27a7a60 Unloading class 0x00000266d403a400 'java/lang/invoke/LambdaForm$MH+0x00000266d403a400'
Event: 8389.969 Thread 0x00000266d27a7a60 Unloading class 0x00000266d4038000 'java/lang/invoke/LambdaForm$MH+0x00000266d4038000'

Classes redefined (0 events):
No events

Internal exceptions (20 events):
Event: 8386.877 Thread 0x00000266f4b587d0 Exception <a 'sun/nio/fs/WindowsException'{0x000000009ee6cde8}> (0x000000009ee6cde8) 
thrown [s\open\src\hotspot\share\prims\jni.cpp, line 516]
Event: 8390.507 Thread 0x00000266f4b587d0 Implicit null exception at 0x00000266c3ed5fda to 0x00000266c3ed91a0
Event: 8390.513 Thread 0x00000266f4b587d0 Implicit null exception at 0x00000266c3fa15ce to 0x00000266c3fa5d18
Event: 8390.521 Thread 0x00000266f4b587d0 Implicit null exception at 0x00000266c2fa6dee to 0x00000266c2fa71f0
Event: 8390.521 Thread 0x00000266f4b587d0 Implicit null exception at 0x00000266c2f617c2 to 0x00000266c2f619c0
Event: 8390.543 Thread 0x00000266f4b587d0 Implicit null exception at 0x00000266c351aa51 to 0x00000266c351ac9c
Event: 8390.543 Thread 0x00000266f4b587d0 Implicit null exception at 0x00000266c33352e4 to 0x00000266c333539c
Event: 8390.544 Thread 0x00000266f4b587d0 Implicit null exception at 0x00000266c35daebe to 0x00000266c35e0d0c
Event: 8390.622 Thread 0x00000266f4b587d0 Implicit null exception at 0x00000266c3ece603 to 0x00000266c3ed10c8
Event: 8390.624 Thread 0x00000266f4b587d0 Implicit null exception at 0x00000266c337940a to 0x00000266c337cdf0
Event: 8390.639 Thread 0x00000266f4b587d0 Implicit null exception at 0x00000266c3edf92f to 0x00000266c3ee21d0
Event: 8390.740 Thread 0x00000266f4b587d0 Implicit null exception at 0x00000266c37a251e to 0x00000266c37a27d0
Event: 8390.751 Thread 0x00000266f4b587d0 Implicit null exception at 0x00000266c37fc97d to 0x00000266c38010bc
Event: 8390.757 Thread 0x00000266f4b587d0 Implicit null exception at 0x00000266c3a0c02a to 0x00000266c3a0ec00
Event: 8390.767 Thread 0x00000266f4b587d0 Implicit null exception at 0x00000266c33eca2e to 0x00000266c33ee0f0
Event: 8390.775 Thread 0x00000266f4b587d0 Exception <a 'java/lang/ClassNotFoundException'{0x00000000af1e8080}: groovy/runtime/metaclass/[Ljava/lang/String;MetaClass> (0x00000000af1e8080) 
thrown [s\open\src\hotspot\share\prims\jni.cpp, line 535]
Event: 8390.786 Thread 0x00000266f4b587d0 Implicit null exception at 0x00000266c307966a to 0x00000266c3079a50
Event: 8390.787 Thread 0x00000266f4b587d0 Implicit null exception at 0x00000266c3457956 to 0x00000266c3459824
Event: 8391.019 Thread 0x00000266f4b587d0 Implicit null exception at 0x00000266c2f3b2f1 to 0x00000266c2f3b9bc
Event: 8392.936 Thread 0x00000266f4b587d0 Implicit null exception at 0x00000266c340578e to 0x00000266c340aee8

VM Operations (20 events):
Event: 8387.929 Executing VM operation: HandshakeAllThreads
Event: 8387.930 Executing VM operation: HandshakeAllThreads done
Event: 8388.235 Executing VM operation: G1CollectForAllocation
Event: 8388.257 Executing VM operation: G1CollectForAllocation done
Event: 8388.680 Executing VM operation: G1CollectForAllocation
Event: 8388.742 Executing VM operation: G1CollectForAllocation done
Event: 8389.743 Executing VM operation: Cleanup
Event: 8389.744 Executing VM operation: Cleanup done
Event: 8389.891 Executing VM operation: G1CollectForAllocation
Event: 8389.912 Executing VM operation: G1CollectForAllocation done
Event: 8389.929 Executing VM operation: G1Concurrent
Event: 8390.393 Executing VM operation: G1Concurrent done
Event: 8390.661 Executing VM operation: G1Concurrent
Event: 8390.731 Executing VM operation: G1Concurrent done
Event: 8391.476 Executing VM operation: G1CollectForAllocation
Event: 8391.503 Executing VM operation: G1CollectForAllocation done
Event: 8392.512 Executing VM operation: Cleanup
Event: 8392.512 Executing VM operation: Cleanup done
Event: 8392.775 Executing VM operation: G1CollectForAllocation
Event: 8392.831 Executing VM operation: G1CollectForAllocation done

Events (20 events):
Event: 8387.324 Thread 0x0000026680e2c9b0 Thread added: 0x0000026680e2c9b0
Event: 8387.325 Thread 0x0000026680e2a130 Thread added: 0x0000026680e2a130
Event: 8387.326 Thread 0x0000026680e2ba80 Thread added: 0x0000026680e2ba80
Event: 8387.326 Thread 0x0000026680e2b570 Thread added: 0x0000026680e2b570
Event: 8387.327 Thread 0x0000026680e2a640 Thread added: 0x0000026680e2a640
Event: 8387.696 Thread 0x00000266f6770c90 Thread exited: 0x00000266f6770c90
Event: 8387.699 Thread 0x0000026680e2b060 Thread added: 0x0000026680e2b060
Event: 8387.699 Thread 0x0000026680e2bf90 Thread added: 0x0000026680e2bf90
Event: 8387.787 Thread 0x00000266f676ecb0 Thread added: 0x00000266f676ecb0
Event: 8388.026 Thread 0x00000266d27cc1f0 flushing nmethod 0x00000266bb5a5610
Event: 8388.041 Thread 0x00000266d27cc1f0 flushing nmethod 0x00000266bb8c6c90
Event: 8388.051 Thread 0x00000266d27cc1f0 flushing nmethod 0x00000266bbbee190
Event: 8388.054 Thread 0x00000266d27cc1f0 flushing nmethod 0x00000266bbd1eb10
Event: 8388.057 Thread 0x00000266d27cc1f0 flushing nmethod 0x00000266bbdf7910
Event: 8388.060 Thread 0x00000266d27cc1f0 flushing nmethod 0x00000266bbeaaa10
Event: 8388.069 Thread 0x00000266d27cc1f0 flushing nmethod 0x00000266bc112510
Event: 8388.121 Thread 0x00000266d27cc1f0 flushing nmethod 0x00000266bcfb5310
Event: 8388.133 Thread 0x00000266d27cc1f0 flushing nmethod 0x00000266bd2e3290
Event: 8388.152 Thread 0x00000266d27cc1f0 flushing nmethod 0x00000266bd833190
Event: 8388.163 Thread 0x00000266d27cc1f0 flushing nmethod 0x00000266bdcabd10


Dynamic libraries:
0x00007ff67a8f0000 - 0x00007ff67a900000 	C:\Program Files\Java\jdk-17\bin\java.exe
0x00007ffe88bc0000 - 0x00007ffe88e27000 	C:\WINDOWS\SYSTEM32\ntdll.dll
0x00007ffe877b0000 - 0x00007ffe87879000 	C:\WINDOWS\System32\KERNEL32.DLL
0x00007ffe85490000 - 0x00007ffe85884000 	C:\WINDOWS\System32\KERNELBASE.dll
0x00007ffe86710000 - 0x00007ffe8685b000 	C:\WINDOWS\System32\ucrtbase.dll
0x00007ffe62a50000 - 0x00007ffe62a69000 	C:\Program Files\Java\jdk-17\bin\jli.dll
0x00007ffe87480000 - 0x00007ffe87536000 	C:\WINDOWS\System32\ADVAPI32.dll
0x00007ffe5fec0000 - 0x00007ffe5fedb000 	C:\Program Files\Java\jdk-17\bin\VCRUNTIME140.dll
0x00007ffe88570000 - 0x00007ffe88619000 	C:\WINDOWS\System32\msvcrt.dll
0x00007ffe86be0000 - 0x00007ffe86c87000 	C:\WINDOWS\System32\sechost.dll
0x00007ffe875e0000 - 0x00007ffe876f8000 	C:\WINDOWS\System32\RPCRT4.dll
0x00007ffe88620000 - 0x00007ffe887e5000 	C:\WINDOWS\System32\USER32.dll
0x00007ffe62620000 - 0x00007ffe628b3000 	C:\WINDOWS\WinSxS\amd64_microsoft.windows.common-controls_6595b64144ccf1df_6.0.26100.8115_none_3e075c82e3354f9c\COMCTL32.dll
0x00007ffe86860000 - 0x00007ffe86887000 	C:\WINDOWS\System32\win32u.dll
0x00007ffe88430000 - 0x00007ffe8845b000 	C:\WINDOWS\System32\GDI32.dll
0x00007ffe85a00000 - 0x00007ffe85b2b000 	C:\WINDOWS\System32\gdi32full.dll
0x00007ffe86660000 - 0x00007ffe86703000 	C:\WINDOWS\System32\msvcp_win.dll
0x00007ffe79bc0000 - 0x00007ffe79bcb000 	C:\WINDOWS\SYSTEM32\VERSION.dll
0x00007ffe87b70000 - 0x00007ffe87ba2000 	C:\WINDOWS\System32\IMM32.DLL
0x00007ffe5feb0000 - 0x00007ffe5febc000 	C:\Program Files\Java\jdk-17\bin\vcruntime140_1.dll
0x00007ffe23160000 - 0x00007ffe231ee000 	C:\Program Files\Java\jdk-17\bin\msvcp140.dll
0x00007ffd92c90000 - 0x00007ffd93870000 	C:\Program Files\Java\jdk-17\bin\server\jvm.dll
0x00007ffe87c00000 - 0x00007ffe87c08000 	C:\WINDOWS\System32\PSAPI.DLL
0x00007ffe50880000 - 0x00007ffe5088a000 	C:\WINDOWS\SYSTEM32\WSOCK32.dll
0x00007ffe717d0000 - 0x00007ffe71806000 	C:\WINDOWS\SYSTEM32\WINMM.dll
0x00007ffe87550000 - 0x00007ffe875d0000 	C:\WINDOWS\System32\WS2_32.dll
0x00007ffe84220000 - 0x00007ffe8423b000 	C:\WINDOWS\SYSTEM32\kernel.appcore.dll
0x00007ffe5fea0000 - 0x00007ffe5feaa000 	C:\Program Files\Java\jdk-17\bin\jimage.dll
0x00007ffe833f0000 - 0x00007ffe83632000 	C:\WINDOWS\SYSTEM32\DBGHELP.DLL
0x00007ffe887f0000 - 0x00007ffe88b72000 	C:\WINDOWS\System32\combase.dll
0x00007ffe87a90000 - 0x00007ffe87b68000 	C:\WINDOWS\System32\OLEAUT32.dll
0x00007ffe61e10000 - 0x00007ffe61e4b000 	C:\WINDOWS\SYSTEM32\dbgcore.DLL
0x00007ffe85cb0000 - 0x00007ffe85d55000 	C:\WINDOWS\System32\bcryptPrimitives.dll
0x00007ffe4f8c0000 - 0x00007ffe4f8ce000 	C:\Program Files\Java\jdk-17\bin\instrument.dll
0x00007ffe43bc0000 - 0x00007ffe43be5000 	C:\Program Files\Java\jdk-17\bin\java.dll
0x00007ffe23080000 - 0x00007ffe23157000 	C:\Program Files\Java\jdk-17\bin\jsvml.dll
0x00007ffe86d10000 - 0x00007ffe87477000 	C:\WINDOWS\System32\SHELL32.dll
0x00007ffe85890000 - 0x00007ffe859fa000 	C:\WINDOWS\System32\wintypes.dll
0x00007ffe85d60000 - 0x00007ffe865c8000 	C:\WINDOWS\System32\windows.storage.dll
0x00007ffe88130000 - 0x00007ffe88228000 	C:\WINDOWS\System32\SHCORE.dll
0x00007ffe86b70000 - 0x00007ffe86bd6000 	C:\WINDOWS\System32\shlwapi.dll
0x00007ffe853b0000 - 0x00007ffe853d9000 	C:\WINDOWS\SYSTEM32\profapi.dll
0x00007ffe431d0000 - 0x00007ffe431e8000 	C:\Program Files\Java\jdk-17\bin\zip.dll
0x00007ffe4fc40000 - 0x00007ffe4fc59000 	C:\Program Files\Java\jdk-17\bin\net.dll
0x00007ffe7b290000 - 0x00007ffe7b3bd000 	C:\WINDOWS\SYSTEM32\WINHTTP.dll
0x00007ffe84800000 - 0x00007ffe8486c000 	C:\WINDOWS\system32\mswsock.dll
0x00007ffe4f870000 - 0x00007ffe4f886000 	C:\Program Files\Java\jdk-17\bin\nio.dll
0x00007ffe4fe00000 - 0x00007ffe4fe10000 	C:\Program Files\Java\jdk-17\bin\verify.dll
0x00007ffe08cb0000 - 0x00007ffe08cd7000 	C:\Users\Rohit\.gradle\native\1def1411415f61bf3af743bc5b6707747c0891f09f0c88961ee8f79bc544acac\windows-amd64\native-platform.dll
0x00007ffe02770000 - 0x00007ffe027e7000 	C:\Users\Rohit\.gradle\native\0.2.8\x86_64-windows-gnu\gradle-fileevents.dll
0x00007ffe5fe90000 - 0x00007ffe5fe9a000 	C:\Program Files\Java\jdk-17\bin\management.dll
0x00007ffe51970000 - 0x00007ffe5197b000 	C:\Program Files\Java\jdk-17\bin\management_ext.dll
0x00007ffe83c50000 - 0x00007ffe83c82000 	C:\WINDOWS\SYSTEM32\IPHLPAPI.DLL
0x00007ffe87c10000 - 0x00007ffe87c1a000 	C:\WINDOWS\System32\NSI.dll
0x00007ffe7cae0000 - 0x00007ffe7cafd000 	C:\WINDOWS\SYSTEM32\dhcpcsvc6.DLL
0x00007ffe7cab0000 - 0x00007ffe7cad5000 	C:\WINDOWS\SYSTEM32\dhcpcsvc.DLL
0x00007ffe83cf0000 - 0x00007ffe83e22000 	C:\WINDOWS\SYSTEM32\DNSAPI.dll
0x00007ffe84af0000 - 0x00007ffe84b0b000 	C:\WINDOWS\SYSTEM32\CRYPTSP.dll
0x00007ffe84180000 - 0x00007ffe841b9000 	C:\WINDOWS\system32\rsaenh.dll
0x00007ffe848b0000 - 0x00007ffe848e3000 	C:\WINDOWS\SYSTEM32\USERENV.dll
0x00007ffe85380000 - 0x00007ffe853aa000 	C:\WINDOWS\SYSTEM32\bcrypt.dll
0x00007ffe84ae0000 - 0x00007ffe84aec000 	C:\WINDOWS\SYSTEM32\CRYPTBASE.dll
0x00007ffe44440000 - 0x00007ffe4444e000 	C:\Program Files\Java\jdk-17\bin\sunmscapi.dll
0x00007ffe85b30000 - 0x00007ffe85ca7000 	C:\WINDOWS\System32\CRYPT32.dll
0x00007ffe84db0000 - 0x00007ffe84de0000 	C:\WINDOWS\SYSTEM32\ncrypt.dll
0x00007ffe84d60000 - 0x00007ffe84d9f000 	C:\WINDOWS\SYSTEM32\NTASN1.dll
0x00007ffe62a40000 - 0x00007ffe62a48000 	C:\WINDOWS\system32\wshunix.dll
0x00007ffe7c120000 - 0x00007ffe7c12b000 	C:\Windows\System32\rasadhlp.dll
0x00007ffe7cba0000 - 0x00007ffe7cc26000 	C:\WINDOWS\System32\fwpuclnt.dll
0x00007ffe84340000 - 0x00007ffe84376000 	C:\WINDOWS\SYSTEM32\ntmarta.dll

dbghelp: loaded successfully - version: 4.0.5 - missing functions: none
symbol engine: initialized successfully - sym options: 0x614 - pdb path: .;C:\Program Files\Java\jdk-17\bin;C:\WINDOWS\SYSTEM32;C:\WINDOWS\WinSxS\amd64_microsoft.windows.common-controls_6595b64144ccf1df_6.0.26100.8115_none_3e075c82e3354f9c;C:\Program Files\Java\jdk-17\bin\server;C:\Users\Rohit\.gradle\native\1def1411415f61bf3af743bc5b6707747c0891f09f0c88961ee8f79bc544acac\windows-amd64;C:\Users\Rohit\.gradle\native\0.2.8\x86_64-windows-gnu

VM Arguments:
jvm_args: --add-opens=java.base/java.lang=ALL-UNNAMED --add-opens=java.base/java.lang.invoke=ALL-UNNAMED --add-opens=java.base/java.util=ALL-UNNAMED --add-opens=java.prefs/java.util.prefs=ALL-UNNAMED --add-exports=jdk.compiler/com.sun.tools.javac.api=ALL-UNNAMED --add-exports=jdk.compiler/com.sun.tools.javac.util=ALL-UNNAMED --add-opens=java.base/java.util=ALL-UNNAMED --add-opens=java.prefs/java.util.prefs=ALL-UNNAMED --add-opens=java.base/java.nio.charset=ALL-UNNAMED --add-opens=java.base/java.net=ALL-UNNAMED --add-opens=java.base/java.util.concurrent=ALL-UNNAMED --add-opens=java.base/java.util.concurrent.atomic=ALL-UNNAMED --add-opens=java.xml/javax.xml.namespace=ALL-UNNAMED -XX:MaxMetaspaceSize=512m -Xmx2048m -Dfile.encoding=windows-1252 -Duser.country=IN -Duser.language=en -Duser.variant -javaagent:C:\Users\Rohit\.gradle\wrapper\dists\gradle-9.0.0-bin\d6wjpkvcgsg3oed0qlfss3wgl\gradle-9.0.0\lib\agents\gradle-instrumentation-agent-9.0.0.jar 
java_command: org.gradle.launcher.daemon.bootstrap.GradleDaemon 9.0.0
java_class_path (initial): C:\Users\Rohit\.gradle\wrapper\dists\gradle-9.0.0-bin\d6wjpkvcgsg3oed0qlfss3wgl\gradle-9.0.0\lib\gradle-daemon-main-9.0.0.jar
Launcher Type: SUN_STANDARD

[Global flags]
     intx CICompilerCount                          = 4                                         {product} {ergonomic}
   size_t CompressedClassSpaceSize                 = 436207616                                 {product} {ergonomic}
     uint ConcGCThreads                            = 3                                         {product} {ergonomic}
     uint G1ConcRefinementThreads                  = 10                                        {product} {ergonomic}
   size_t G1HeapRegionSize                         = 1048576                                   {product} {ergonomic}
    uintx GCDrainStackTargetSize                   = 64                                        {product} {ergonomic}
   size_t InitialHeapSize                          = 264241152                                 {product} {ergonomic}
   size_t MarkStackSize                            = 4194304                                   {product} {ergonomic}
   size_t MaxHeapSize                              = 2147483648                                {product} {command line}
   size_t MaxMetaspaceSize                         = 536870912                                 {product} {command line}
   size_t MaxNewSize                               = 1287651328                                {product} {ergonomic}
   size_t MinHeapDeltaBytes                        = 1048576                                   {product} {ergonomic}
   size_t MinHeapSize                              = 8388608                                   {product} {ergonomic}
    uintx NonNMethodCodeHeapSize                   = 5839372                                {pd product} {ergonomic}
    uintx NonProfiledCodeHeapSize                  = 122909434                              {pd product} {ergonomic}
    uintx ProfiledCodeHeapSize                     = 122909434                              {pd product} {ergonomic}
    uintx ReservedCodeCacheSize                    = 251658240                              {pd product} {ergonomic}
     bool SegmentedCodeCache                       = true                                      {product} {ergonomic}
   size_t SoftMaxHeapSize                          = 2147483648                             {manageable} {ergonomic}
     bool UseCompressedClassPointers               = true                           {product lp64_product} {ergonomic}
     bool UseCompressedOops                        = true                           {product lp64_product} {ergonomic}
     bool UseG1GC                                  = true                                      {product} {ergonomic}
     bool UseLargePagesIndividualAllocation        = false                                  {pd product} {ergonomic}

Logging:
Log output configuration:
 #0: stdout all=warning uptime,level,tags
 #1: stderr all=off uptime,level,tags

Environment Variables:
JAVA_HOME=C:\Program Files\Java\jdk-17
PATH=D:\my project\main project\FootFlex\forntend\node_modules\.bin;D:\my project\main project\FootFlex\forntend\node_modules\.bin;D:\my project\main project\FootFlex\node_modules\.bin;D:\my project\main project\node_modules\.bin;D:\my project\node_modules\.bin;D:\node_modules\.bin;C:\Program Files\nodejs\node_modules\npm\node_modules\@npmcli\run-script\lib\node-gyp-bin;c:\Users\Rohit\AppData\Roaming\Code\User\globalStorage\github.copilot-chat\debugCommand;c:\Users\Rohit\AppData\Roaming\Code\User\globalStorage\github.copilot-chat\copilotCli;C:\Users\Rohit\AppData\Local\Programs\Microsoft VS Code;C:\Program Files\Java\jdk-17\bin;C:\Program Files\Common Files\Oracle\Java\javapath;C:\oraclexe\app\oracle\product\10.2.0\server\bin;C:\windows\system32;C:\windows;C:\windows\System32\Wbem;C:\windows\System32\WindowsPowerShell\v1.0\;C:\windows\System32\OpenSSH\;C:\Program Files (x86)\NVIDIA Corporation\PhysX\Common;C:\Program Files\NVIDIA Corporation\NVIDIA NvDLISR;C:\Users\Administrator\AppData\Local\Microsoft\WindowsApps;C:\Program Files\HP\OMEN-Broadcast\Common;C:\ProgramData\chocolatey\bin;C:\Program Files\nodejs\;C:\xampp\php;C:\ProgramData\ComposerSetup\bin;C:\Program Files\Git\cmd;C:\Program Files\Microsoft SQL Server\150\Tools\Binn\;C:\Program Files\Microsoft SQL Server\Client SDK\ODBC\170\Tools\Binn\;C:\Program Files\dotnet\;%SystemRoot%\system32;%SystemRoot%;%SystemRoot%\System32\Wbem;%SYSTEMROOT%\System32\WindowsPowerShell\v1.0\;%SYSTEMROOT%\System32\OpenSSH\;C:\Users\Rohit\AppData\Local\Programs\Python\Python313\Scripts\;C:\Users\Rohit\AppData\Local\Programs\Python\Python313\;C:\Users\Rohit\AppData\Local\Microsoft\WindowsApps;C:\Users\Rohit\AppData\Local\Programs\Microsoft VS Code\bin;C:\Program Files\Java\jdk-17\bin;D:\Android\Flutter\SDK\flutter\bin;C:\Users\Rohit\AppData\Local\GitHubDesktop\bin;C:\Users\Rohit\AppData\Roaming\npm;C:\Users\Rohit\AppData\Local\Android\Sdk;C:\Users\Rohit\AppData\Roaming\Composer\vendor\bin;C:\Users\Rohit\.dotnet\tools;C:\Program File
USERNAME=Rohit
LANG=en_US.UTF-8
OS=Windows_NT
PROCESSOR_IDENTIFIER=Intel64 Family 6 Model 186 Stepping 2, GenuineIntel



---------------  S Y S T E M  ---------------

OS:
 Windows 11 , 64 bit Build 26100 (10.0.26100.8246)
OS uptime: 0 days 3:20 hours
Hyper-V role detected

CPU: total 12 (initial active 12) (6 cores per cpu, 2 threads per core) family 6 model 186 stepping 2 microcode 0x4122, cx8, cmov, fxsr, ht, mmx, 3dnowpref, sse, sse2, sse3, ssse3, sse4.1, sse4.2, popcnt, lzcnt, tsc, tscinvbit, avx, avx2, aes, erms, clmul, bmi1, bmi2, adx, sha, fma, vzeroupper, clflush, clflushopt, clwb, hv

Memory: 4k page, system-wide physical 16024M (637M free)
TotalPageFile size 32408M (AvailPageFile size 6M)
current process WorkingSet (physical memory assigned to process): 671M, peak: 885M
current process commit charge ("private bytes"): 1276M, peak: 1284M

vm_info: Java HotSpot(TM) 64-Bit Server VM (17.0.12+8-LTS-286) for windows-amd64 JRE (17.0.12+8-LTS-286), built on Jun  5 2024 06:46:59 by "mach5one" with MS VC++ 17.6 (VS2022)

END.
