#
# There is insufficient memory for the Java Runtime Environment to continue.
# Native memory allocation (mmap) failed to map 377487360 bytes for G1 virtual space
# Possible reasons:
#   The system is out of physical RAM or swap space
#   The process is running with CompressedOops enabled, and the Java Heap may be blocking the growth of the native heap
# Possible solutions:
#   Reduce memory load on the system
#   Increase physical memory or swap space
#   Check if swap backing store is full
#   Decrease Java heap size (-Xmx/-Xms)
#   Decrease number of Java threads
#   Decrease Java thread stack sizes (-Xss)
#   Set larger code cache with -XX:ReservedCodeCacheSize=
#   JVM is running with Unscaled Compressed Oops mode in which the Java heap is
#     placed in the first 4GB address space. The Java Heap base address is the
#     maximum limit for the native heap growth. Please use -XX:HeapBaseMinAddress
#     to set the Java Heap base and to place the Java Heap above 4GB virtual address.
# This output file may be truncated or incomplete.
#
#  Out of Memory Error (os_windows.cpp:3548), pid=10196, tid=20108
#
# JRE version: Java(TM) SE Runtime Environment (17.0.12+8) (build 17.0.12+8-LTS-286)
# Java VM: Java HotSpot(TM) 64-Bit Server VM (17.0.12+8-LTS-286, mixed mode, sharing, tiered, compressed oops, compressed class ptrs, g1 gc, windows-amd64)
# No core dump will be written. Minidumps are not enabled by default on client versions of Windows
#

---------------  S U M M A R Y ------------

Command Line: --add-opens=java.base/java.lang=ALL-UNNAMED --add-opens=java.base/java.lang.invoke=ALL-UNNAMED --add-opens=java.base/java.util=ALL-UNNAMED --add-opens=java.prefs/java.util.prefs=ALL-UNNAMED --add-exports=jdk.compiler/com.sun.tools.javac.api=ALL-UNNAMED --add-exports=jdk.compiler/com.sun.tools.javac.util=ALL-UNNAMED --add-opens=java.base/java.util=ALL-UNNAMED --add-opens=java.prefs/java.util.prefs=ALL-UNNAMED --add-opens=java.base/java.nio.charset=ALL-UNNAMED --add-opens=java.base/java.net=ALL-UNNAMED --add-opens=java.base/java.util.concurrent=ALL-UNNAMED --add-opens=java.base/java.util.concurrent.atomic=ALL-UNNAMED --add-opens=java.xml/javax.xml.namespace=ALL-UNNAMED -XX:MaxMetaspaceSize=512m -Xmx2048m -Dfile.encoding=windows-1252 -Duser.country=IN -Duser.language=en -Duser.variant -javaagent:C:\Users\Rohit\.gradle\wrapper\dists\gradle-9.0.0-bin\d6wjpkvcgsg3oed0qlfss3wgl\gradle-9.0.0\lib\agents\gradle-instrumentation-agent-9.0.0.jar org.gradle.launcher.daemon.bootstrap.GradleDaemon 9.0.0

Host: 13th Gen Intel(R) Core(TM) i5-13420H, 12 cores, 15G,  Windows 11 , 64 bit Build 26100 (10.0.26100.8246)
Time: Tue Apr 28 09:35:33 2026 India Standard Time elapsed time: 63.152962 seconds (0d 0h 1m 3s)

---------------  T H R E A D  ---------------

Current thread (0x000002230f960f10):  VMThread "VM Thread" [stack: 0x0000009a86400000,0x0000009a86500000] [id=20108]

Stack: [0x0000009a86400000,0x0000009a86500000]
Native frames: (J=compiled Java code, j=interpreted, Vv=VM code, C=native code)
V  [jvm.dll+0x67a04a]
V  [jvm.dll+0x7da4ed]
V  [jvm.dll+0x7dbe33]
V  [jvm.dll+0x7dc4a3]
V  [jvm.dll+0x24508f]
V  [jvm.dll+0x677089]
V  [jvm.dll+0x66bd32]
V  [jvm.dll+0x301fa6]
V  [jvm.dll+0x309546]
V  [jvm.dll+0x359d2e]
V  [jvm.dll+0x359f5f]
V  [jvm.dll+0x2d9078]
V  [jvm.dll+0x2d74ad]
V  [jvm.dll+0x2d6afc]
V  [jvm.dll+0x31a65b]
V  [jvm.dll+0x7e0d9b]
V  [jvm.dll+0x7e1ad4]
V  [jvm.dll+0x7e1fed]
V  [jvm.dll+0x7e23c4]
V  [jvm.dll+0x7e2490]
V  [jvm.dll+0x78abea]
V  [jvm.dll+0x678f35]
C  [ucrtbase.dll+0x37b0]
C  [KERNEL32.DLL+0x2e8d7]
C  [ntdll.dll+0x8c3fc]

VM_Operation (0x0000009a85bfe540): G1CollectForAllocation, mode: safepoint, requested by thread 0x00000223314a18e0


---------------  P R O C E S S  ---------------

Threads class SMR info:
_java_thread_list=0x000002233e9d88e0, length=238, elements={
0x000002237126e370, 0x000002230f965410, 0x000002230f966a50, 0x000002230f97dff0,
0x000002230f97e8c0, 0x000002230faa2ff0, 0x000002230faa4430, 0x000002230faa6710,
0x000002230faa7b90, 0x000002230faa9010, 0x000002230f950400, 0x000002230fc68120,
0x0000022330de44d0, 0x0000022330789f40, 0x0000022330e487a0, 0x0000022330d4fcf0,
0x00000223302d0e80, 0x000002233079f1e0, 0x000002233079ecd0, 0x00000223307a1040,
0x000002233079f6f0, 0x000002233079fc00, 0x000002233079e2b0, 0x000002233079e7c0,
0x00000223307a0110, 0x00000223307a0620, 0x00000223307a0b30, 0x000002233149f570,
0x00000223314a0ec0, 0x00000223314a1df0, 0x00000223314a13d0, 0x00000223314a04a0,
0x00000223314a2810, 0x000002233149f060, 0x00000223314a09b0, 0x00000223314a2d20,
0x00000223314a3230, 0x000002233149fa80, 0x00000223314a3740, 0x000002233149ff90,
0x00000223314a64d0, 0x00000223314a5090, 0x00000223314a3c50, 0x00000223314a55a0,
0x00000223314a4160, 0x00000223314a5ab0, 0x00000223314a69e0, 0x00000223314a5fc0,
0x00000223314a4670, 0x00000223314a4b80, 0x00000223307a1550, 0x000002232f0a91f0,
0x000002232f0aab40, 0x000002232f0ac490, 0x000002232f0a8ce0, 0x000002232f0aa120,
0x000002232f0aa630, 0x000002232f0ab050, 0x000002232f0ac9a0, 0x000002232f0ab560,
0x000002232f0aceb0, 0x000002232f0a9700, 0x000002232f0ad3c0, 0x000002232f0aba70,
0x000002232f0a9c10, 0x000002232f0ae2f0, 0x000002232f0af730, 0x000002232f0ad8d0,
0x000002232f0adde0, 0x000002232f0aed10, 0x000002232f0ae800, 0x000002232f0af220,
0x000002232f0abf80, 0x000002232f0afc40, 0x000002232f0b0150, 0x000002232f0b0660,
0x0000022332b716e0, 0x0000022332b71bf0, 0x0000022332b72610, 0x0000022332b72b20,
0x0000022332b6fd90, 0x0000022332b6f370, 0x0000022332b6f880, 0x0000022332b702a0,
0x0000022332b707b0, 0x00000223328e5730, 0x00000223328e1f80, 0x00000223328e5220,
0x00000223328e5c40, 0x00000223328e2490, 0x00000223328e38d0, 0x00000223328e33c0,
0x00000223328e4800, 0x00000223328e29a0, 0x00000223328e6150, 0x00000223328e42f0,
0x00000223328e4d10, 0x00000223328e6660, 0x00000223328e2eb0, 0x00000223328e6b70,
0x00000223328e7590, 0x00000223328e3de0, 0x00000223328e7fb0, 0x00000223328e7aa0,
0x00000223328e84c0, 0x00000223328e89d0, 0x00000223328e8ee0, 0x00000223328e93f0,
0x00000223328e9900, 0x0000022335cba300, 0x0000022335cb93d0, 0x0000022335cb9df0,
0x0000022335cbd090, 0x0000022335cbc160, 0x0000022335cbc670, 0x0000022335cb98e0,
0x0000022335cbcb80, 0x0000022335cbbc50, 0x0000022335cbad20, 0x0000022335cbd5a0,
0x0000022335cbdab0, 0x0000022335cbb230, 0x0000022335cbdfc0, 0x0000022335cba810,
0x0000022335cbe4d0, 0x0000022335cbe9e0, 0x0000022335cbeef0, 0x0000022335cbb740,
0x0000022335cc0d50, 0x0000022335cbf400, 0x0000022335cbfe20, 0x0000022335cbf910,
0x0000022335cc0840, 0x000002233005b430, 0x000002233005e1c0, 0x000002233005c360,
0x000002233005cd80, 0x000002233005aa10, 0x000002233005e6d0, 0x000002233005af20,
0x000002233005ebe0, 0x000002233005c870, 0x000002233005f0f0, 0x000002233005b940,
0x000002233005dcb0, 0x000002233005f600, 0x000002233005d290, 0x000002233005d7a0,
0x000002233005be50, 0x0000022330060020, 0x0000022330061970, 0x0000022330060f50,
0x0000022330060a40, 0x0000022330060530, 0x000002233005fb10, 0x0000022330061e80,
0x0000022330062390, 0x0000022333b2a020, 0x0000022333b29600, 0x0000022333b277a0,
0x0000022333b290f0, 0x0000022333b29b10, 0x0000022333b281c0, 0x0000022333b26870,
0x0000022333b286d0, 0x0000022333b2a530, 0x0000022333b28be0, 0x0000022333b26d80,
0x0000022333b27cb0, 0x0000022333b2aa40, 0x0000022333b27290, 0x0000022333b2c8a0,
0x0000022333b2d2c0, 0x0000022333b2be80, 0x0000022333b2dce0, 0x0000022333b2c390,
0x0000022333b2cdb0, 0x0000022333b2b460, 0x0000022333b2b970, 0x0000022330061460,
0x00000223348dcc50, 0x00000223348da3d0, 0x00000223348d94a0, 0x00000223348dbd20,
0x00000223348dadf0, 0x00000223348db300, 0x00000223348df4d0, 0x00000223348deab0,
0x000002233388b260, 0x000002233388b770, 0x000002233388c190, 0x000002233388cbb0,
0x000002233388d0c0, 0x000002233388d5d0, 0x000002233388dae0, 0x000002233388dff0,
0x000002233388bc80, 0x000002232f34bf00, 0x000002232f348750, 0x000002232f34c410,
0x000002232f34d340, 0x000002232f3500d0, 0x000002232f3505e0, 0x000002232f350af0,
0x000002232f351000, 0x000002232f34e270, 0x000002232f34d850, 0x000002232f351f30,
0x000002232f353880, 0x000002232f353d90, 0x000002232f351a20, 0x000002232f3542a0,
0x000002232f352950, 0x000002232f353370, 0x000002233c888200, 0x000002232f3556e0,
0x000002232f354cc0, 0x000002232f3551d0, 0x000002232f355bf0, 0x000002232f356100,
0x000002232f356610, 0x000002232f356b20, 0x00000223348de090, 0x00000223348da8e0,
0x000002233388e500, 0x00000223314a18e0, 0x000002233f4f4380, 0x000002233f4f5cd0,
0x000002233f4f61e0, 0x000002233f4f7620, 0x000002233f4f52b0, 0x000002233f4f57c0,
0x000002233f4f4890, 0x000002233f4f66f0, 0x000002233f4f6c00, 0x000002233f4f7110,
0x000002233f4f3e70, 0x000002233c885230
}

Java Threads: ( => current thread )
  0x000002237126e370 JavaThread "main" [_thread_blocked, id=11844, stack(0x0000009a85e00000,0x0000009a85f00000)]
  0x000002230f965410 JavaThread "Reference Handler" daemon [_thread_blocked, id=10160, stack(0x0000009a86500000,0x0000009a86600000)]
  0x000002230f966a50 JavaThread "Finalizer" daemon [_thread_blocked, id=21420, stack(0x0000009a86600000,0x0000009a86700000)]
  0x000002230f97dff0 JavaThread "Signal Dispatcher" daemon [_thread_blocked, id=11096, stack(0x0000009a86700000,0x0000009a86800000)]
  0x000002230f97e8c0 JavaThread "Attach Listener" daemon [_thread_blocked, id=21772, stack(0x0000009a86800000,0x0000009a86900000)]
  0x000002230faa2ff0 JavaThread "Service Thread" daemon [_thread_blocked, id=8324, stack(0x0000009a86900000,0x0000009a86a00000)]
  0x000002230faa4430 JavaThread "Monitor Deflation Thread" daemon [_thread_blocked, id=14488, stack(0x0000009a86a00000,0x0000009a86b00000)]
  0x000002230faa6710 JavaThread "C2 CompilerThread0" daemon [_thread_blocked, id=19592, stack(0x0000009a86b00000,0x0000009a86c00000)]
  0x000002230faa7b90 JavaThread "C1 CompilerThread0" daemon [_thread_blocked, id=18832, stack(0x0000009a86c00000,0x0000009a86d00000)]
  0x000002230faa9010 JavaThread "Sweeper thread" daemon [_thread_blocked, id=9148, stack(0x0000009a86d00000,0x0000009a86e00000)]
  0x000002230f950400 JavaThread "Common-Cleaner" daemon [_thread_blocked, id=15572, stack(0x0000009a86e00000,0x0000009a86f00000)]
  0x000002230fc68120 JavaThread "Notification Thread" daemon [_thread_blocked, id=17528, stack(0x0000009a86f00000,0x0000009a87000000)]
  0x0000022330de44d0 JavaThread "Daemon health stats" [_thread_blocked, id=7616, stack(0x0000009a87100000,0x0000009a87200000)]
  0x0000022330789f40 JavaThread "Incoming local TCP Connector on port 58558" [_thread_in_native, id=18396, stack(0x0000009a87200000,0x0000009a87300000)]
  0x0000022330e487a0 JavaThread "Daemon periodic checks" [_thread_blocked, id=22184, stack(0x0000009a87800000,0x0000009a87900000)]
  0x0000022330d4fcf0 JavaThread "Daemon" [_thread_blocked, id=21604, stack(0x0000009a87900000,0x0000009a87a00000)]
  0x00000223302d0e80 JavaThread "Handler for socket connection from /127.0.0.1:58558 to /127.0.0.1:58559" [_thread_in_native, id=14416, stack(0x0000009a87a00000,0x0000009a87b00000)]
  0x000002233079f1e0 JavaThread "Cancel handler" [_thread_blocked, id=18280, stack(0x0000009a87b00000,0x0000009a87c00000)]
  0x000002233079ecd0 JavaThread "Daemon worker" [_thread_blocked, id=12784, stack(0x0000009a87c00000,0x0000009a87d00000)]
  0x00000223307a1040 JavaThread "Asynchronous log dispatcher for DefaultDaemonConnection: socket connection from /127.0.0.1:58558 to /127.0.0.1:58559" [_thread_blocked, id=13080, stack(0x0000009a87d00000,0x0000009a87e00000)]
  0x000002233079f6f0 JavaThread "Stdin handler" [_thread_blocked, id=13692, stack(0x0000009a87e00000,0x0000009a87f00000)]
  0x000002233079fc00 JavaThread "Daemon client event forwarder" [_thread_blocked, id=21648, stack(0x0000009a87f00000,0x0000009a88000000)]
  0x000002233079e2b0 JavaThread "Cache worker for journal cache (C:\Users\Rohit\.gradle\caches\journal-1)" [_thread_blocked, id=12592, stack(0x0000009a88100000,0x0000009a88200000)]
  0x000002233079e7c0 JavaThread "File lock request listener" [_thread_in_native, id=4340, stack(0x0000009a88200000,0x0000009a88300000)]
  0x00000223307a0110 JavaThread "Cache worker for file hash cache (C:\Users\Rohit\.gradle\caches\9.0.0\fileHashes)" [_thread_blocked, id=19024, stack(0x0000009a88300000,0x0000009a88400000)]
  0x00000223307a0620 JavaThread "Cache worker for file hash cache (D:\my project\main project\FootFlex\forntend\android\.gradle\9.0.0\fileHashes)" [_thread_blocked, id=10428, stack(0x0000009a88a00000,0x0000009a88b00000)]
  0x00000223307a0b30 JavaThread "Cache worker for Build Output Cleanup Cache (D:\my project\main project\FootFlex\forntend\android\.gradle\buildOutputCleanup)" [_thread_blocked, id=17284, stack(0x0000009a88b00000,0x0000009a88c00000)]
  0x000002233149f570 JavaThread "File watcher server" daemon [_thread_blocked, id=2516, stack(0x0000009a88c00000,0x0000009a88d00000)]
  0x00000223314a0ec0 JavaThread "File watcher consumer" daemon [_thread_blocked, id=20300, stack(0x0000009a88d00000,0x0000009a88e00000)]
  0x00000223314a1df0 JavaThread "Cache worker for checksums cache (D:\my project\main project\FootFlex\forntend\android\.gradle\9.0.0\checksums)" [_thread_blocked, id=21004, stack(0x0000009a88900000,0x0000009a88a00000)]
  0x00000223314a13d0 JavaThread "Cache worker for file content cache (C:\Users\Rohit\.gradle\caches\9.0.0\fileContent)" [_thread_blocked, id=21172, stack(0x0000009a88e00000,0x0000009a88f00000)]
  0x00000223314a04a0 JavaThread "Cache worker for cache directory md-supplier (C:\Users\Rohit\.gradle\caches\9.0.0\md-supplier)" [_thread_blocked, id=19112, stack(0x0000009a89000000,0x0000009a89100000)]
  0x00000223314a2810 JavaThread "Cache worker for cache directory md-rule (C:\Users\Rohit\.gradle\caches\9.0.0\md-rule)" [_thread_blocked, id=4568, stack(0x0000009a89100000,0x0000009a89200000)]
  0x000002233149f060 JavaThread "jar transforms" [_thread_blocked, id=13124, stack(0x0000009a89200000,0x0000009a89300000)]
  0x00000223314a09b0 JavaThread "Cache worker for Build Output Cleanup Cache (D:\my project\main project\FootFlex\forntend\node_modules\@react-native\gradle-plugin\.gradle\buildOutputCleanup)" [_thread_blocked, id=7064, stack(0x0000009a89400000,0x0000009a89500000)]
  0x00000223314a2d20 JavaThread "Unconstrained build operations" [_thread_blocked, id=17492, stack(0x0000009a88f00000,0x0000009a89000000)]
  0x00000223314a3230 JavaThread "Unconstrained build operations Thread 2" [_thread_blocked, id=9120, stack(0x0000009a89300000,0x0000009a89400000)]
  0x000002233149fa80 JavaThread "Unconstrained build operations Thread 3" [_thread_blocked, id=8876, stack(0x0000009a89500000,0x0000009a89600000)]
  0x00000223314a3740 JavaThread "Unconstrained build operations Thread 4" [_thread_blocked, id=7028, stack(0x0000009a89600000,0x0000009a89700000)]
  0x000002233149ff90 JavaThread "Unconstrained build operations Thread 5" [_thread_blocked, id=18016, stack(0x0000009a89700000,0x0000009a89800000)]
  0x00000223314a64d0 JavaThread "Unconstrained build operations Thread 6" [_thread_blocked, id=21184, stack(0x0000009a89800000,0x0000009a89900000)]
  0x00000223314a5090 JavaThread "Unconstrained build operations Thread 7" [_thread_blocked, id=21640, stack(0x0000009a89b00000,0x0000009a89c00000)]
  0x00000223314a3c50 JavaThread "Unconstrained build operations Thread 8" [_thread_blocked, id=16552, stack(0x0000009a89c00000,0x0000009a89d00000)]
  0x00000223314a55a0 JavaThread "Unconstrained build operations Thread 9" [_thread_blocked, id=16648, stack(0x0000009a89d00000,0x0000009a89e00000)]
  0x00000223314a4160 JavaThread "Unconstrained build operations Thread 10" [_thread_blocked, id=20568, stack(0x0000009a89e00000,0x0000009a89f00000)]
  0x00000223314a5ab0 JavaThread "Unconstrained build operations Thread 11" [_thread_blocked, id=5368, stack(0x0000009a89f00000,0x0000009a8a000000)]
  0x00000223314a69e0 JavaThread "Unconstrained build operations Thread 12" [_thread_blocked, id=3596, stack(0x0000009a8a000000,0x0000009a8a100000)]
  0x00000223314a5fc0 JavaThread "Unconstrained build operations Thread 13" [_thread_blocked, id=21100, stack(0x0000009a8a100000,0x0000009a8a200000)]
  0x00000223314a4670 JavaThread "Unconstrained build operations Thread 14" [_thread_blocked, id=21936, stack(0x0000009a8a200000,0x0000009a8a300000)]
  0x00000223314a4b80 JavaThread "Unconstrained build operations Thread 15" [_thread_blocked, id=18300, stack(0x0000009a8a300000,0x0000009a8a400000)]
  0x00000223307a1550 JavaThread "Unconstrained build operations Thread 16" [_thread_blocked, id=20280, stack(0x0000009a8a400000,0x0000009a8a500000)]
  0x000002232f0a91f0 JavaThread "Unconstrained build operations Thread 17" [_thread_blocked, id=9928, stack(0x0000009a8a500000,0x0000009a8a600000)]
  0x000002232f0aab40 JavaThread "Unconstrained build operations Thread 18" [_thread_blocked, id=19460, stack(0x0000009a8a600000,0x0000009a8a700000)]
  0x000002232f0ac490 JavaThread "Unconstrained build operations Thread 19" [_thread_blocked, id=4064, stack(0x0000009a8a700000,0x0000009a8a800000)]
  0x000002232f0a8ce0 JavaThread "Unconstrained build operations Thread 20" [_thread_blocked, id=13436, stack(0x0000009a8a800000,0x0000009a8a900000)]
  0x000002232f0aa120 JavaThread "Unconstrained build operations Thread 21" [_thread_blocked, id=10028, stack(0x0000009a8a900000,0x0000009a8aa00000)]
  0x000002232f0aa630 JavaThread "Unconstrained build operations Thread 22" [_thread_blocked, id=19472, stack(0x0000009a8aa00000,0x0000009a8ab00000)]
  0x000002232f0ab050 JavaThread "Unconstrained build operations Thread 23" [_thread_blocked, id=13584, stack(0x0000009a8ab00000,0x0000009a8ac00000)]
  0x000002232f0ac9a0 JavaThread "Unconstrained build operations Thread 24" [_thread_blocked, id=12524, stack(0x0000009a8ac00000,0x0000009a8ad00000)]
  0x000002232f0ab560 JavaThread "Unconstrained build operations Thread 25" [_thread_blocked, id=18436, stack(0x0000009a8ad00000,0x0000009a8ae00000)]
  0x000002232f0aceb0 JavaThread "Unconstrained build operations Thread 26" [_thread_blocked, id=7468, stack(0x0000009a8ae00000,0x0000009a8af00000)]
  0x000002232f0a9700 JavaThread "Unconstrained build operations Thread 27" [_thread_blocked, id=8636, stack(0x0000009a8af00000,0x0000009a8b000000)]
  0x000002232f0ad3c0 JavaThread "Unconstrained build operations Thread 28" [_thread_blocked, id=19276, stack(0x0000009a8b000000,0x0000009a8b100000)]
  0x000002232f0aba70 JavaThread "Unconstrained build operations Thread 29" [_thread_blocked, id=7776, stack(0x0000009a8b100000,0x0000009a8b200000)]
  0x000002232f0a9c10 JavaThread "Unconstrained build operations Thread 30" [_thread_blocked, id=11840, stack(0x0000009a8b200000,0x0000009a8b300000)]
  0x000002232f0ae2f0 JavaThread "Unconstrained build operations Thread 31" [_thread_blocked, id=19880, stack(0x0000009a8b300000,0x0000009a8b400000)]
  0x000002232f0af730 JavaThread "Unconstrained build operations Thread 32" [_thread_blocked, id=10312, stack(0x0000009a8b400000,0x0000009a8b500000)]
  0x000002232f0ad8d0 JavaThread "Unconstrained build operations Thread 33" [_thread_blocked, id=20008, stack(0x0000009a8b500000,0x0000009a8b600000)]
  0x000002232f0adde0 JavaThread "Unconstrained build operations Thread 34" [_thread_blocked, id=21600, stack(0x0000009a8b600000,0x0000009a8b700000)]
  0x000002232f0aed10 JavaThread "Unconstrained build operations Thread 35" [_thread_blocked, id=12508, stack(0x0000009a8b700000,0x0000009a8b800000)]
  0x000002232f0ae800 JavaThread "Unconstrained build operations Thread 36" [_thread_blocked, id=10316, stack(0x0000009a8b800000,0x0000009a8b900000)]
  0x000002232f0af220 JavaThread "Unconstrained build operations Thread 37" [_thread_blocked, id=13056, stack(0x0000009a8b900000,0x0000009a8ba00000)]
  0x000002232f0abf80 JavaThread "Unconstrained build operations Thread 38" [_thread_blocked, id=2640, stack(0x0000009a8ba00000,0x0000009a8bb00000)]
  0x000002232f0afc40 JavaThread "Unconstrained build operations Thread 39" [_thread_blocked, id=15444, stack(0x0000009a8bb00000,0x0000009a8bc00000)]
  0x000002232f0b0150 JavaThread "build event listener" [_thread_blocked, id=19136, stack(0x0000009a89a00000,0x0000009a89b00000)]
  0x000002232f0b0660 JavaThread "Memory manager" [_thread_blocked, id=22080, stack(0x0000009a89900000,0x0000009a89a00000)]
  0x0000022332b716e0 JavaThread "ForkJoinPool.commonPool-worker-1" daemon [_thread_blocked, id=10544, stack(0x0000009a8be00000,0x0000009a8bf00000)]
  0x0000022332b71bf0 JavaThread "ForkJoinPool.commonPool-worker-2" daemon [_thread_blocked, id=4176, stack(0x0000009a8bf00000,0x0000009a8c000000)]
  0x0000022332b72610 JavaThread "ForkJoinPool.commonPool-worker-3" daemon [_thread_blocked, id=8948, stack(0x0000009a8c000000,0x0000009a8c100000)]
  0x0000022332b72b20 JavaThread "ForkJoinPool.commonPool-worker-4" daemon [_thread_blocked, id=21356, stack(0x0000009a8c100000,0x0000009a8c200000)]
  0x0000022332b6fd90 JavaThread "ForkJoinPool.commonPool-worker-5" daemon [_thread_blocked, id=9380, stack(0x0000009a8c200000,0x0000009a8c300000)]
  0x0000022332b6f370 JavaThread "ForkJoinPool.commonPool-worker-6" daemon [_thread_blocked, id=7724, stack(0x0000009a8c300000,0x0000009a8c400000)]
  0x0000022332b6f880 JavaThread "ForkJoinPool.commonPool-worker-7" daemon [_thread_blocked, id=19992, stack(0x0000009a8c400000,0x0000009a8c500000)]
  0x0000022332b702a0 JavaThread "ForkJoinPool.commonPool-worker-8" daemon [_thread_blocked, id=20384, stack(0x0000009a8c500000,0x0000009a8c600000)]
  0x0000022332b707b0 JavaThread "ForkJoinPool.commonPool-worker-10" daemon [_thread_blocked, id=12780, stack(0x0000009a8c600000,0x0000009a8c700000)]
  0x00000223328e5730 JavaThread "ForkJoinPool.commonPool-worker-9" daemon [_thread_blocked, id=20952, stack(0x0000009a8c700000,0x0000009a8c800000)]
  0x00000223328e1f80 JavaThread "ForkJoinPool.commonPool-worker-11" daemon [_thread_blocked, id=18824, stack(0x0000009a8c800000,0x0000009a8c900000)]
  0x00000223328e5220 JavaThread "included builds" [_thread_blocked, id=2768, stack(0x0000009a8c900000,0x0000009a8ca00000)]
  0x00000223328e5c40 JavaThread "Execution worker" [_thread_blocked, id=20072, stack(0x0000009a8ca00000,0x0000009a8cb00000)]
  0x00000223328e2490 JavaThread "Execution worker Thread 2" [_thread_blocked, id=19696, stack(0x0000009a8cb00000,0x0000009a8cc00000)]
  0x00000223328e38d0 JavaThread "Execution worker Thread 3" [_thread_blocked, id=21900, stack(0x0000009a8cc00000,0x0000009a8cd00000)]
  0x00000223328e33c0 JavaThread "Execution worker Thread 4" [_thread_blocked, id=21964, stack(0x0000009a8cd00000,0x0000009a8ce00000)]
  0x00000223328e4800 JavaThread "Execution worker Thread 5" [_thread_blocked, id=12124, stack(0x0000009a8ce00000,0x0000009a8cf00000)]
  0x00000223328e29a0 JavaThread "Execution worker Thread 6" [_thread_blocked, id=19192, stack(0x0000009a8cf00000,0x0000009a8d000000)]
  0x00000223328e6150 JavaThread "Execution worker Thread 7" [_thread_blocked, id=12520, stack(0x0000009a8d000000,0x0000009a8d100000)]
  0x00000223328e42f0 JavaThread "Execution worker Thread 8" [_thread_blocked, id=18880, stack(0x0000009a8d100000,0x0000009a8d200000)]
  0x00000223328e4d10 JavaThread "Execution worker Thread 9" [_thread_blocked, id=21200, stack(0x0000009a8d200000,0x0000009a8d300000)]
  0x00000223328e6660 JavaThread "Execution worker Thread 10" [_thread_blocked, id=20924, stack(0x0000009a8d300000,0x0000009a8d400000)]
  0x00000223328e2eb0 JavaThread "Execution worker Thread 11" [_thread_blocked, id=3060, stack(0x0000009a8d400000,0x0000009a8d500000)]
  0x00000223328e6b70 JavaThread "Cache worker for execution history cache (D:\my project\main project\FootFlex\forntend\node_modules\@react-native\gradle-plugin\.gradle\9.0.0\executionHistory)" [_thread_blocked, id=12132, stack(0x0000009a8d500000,0x0000009a8d600000)]
  0x00000223328e7590 JavaThread "Unconstrained build operations Thread 40" [_thread_blocked, id=9272, stack(0x0000009a8d600000,0x0000009a8d700000)]
  0x00000223328e3de0 JavaThread "Unconstrained build operations Thread 41" [_thread_blocked, id=22128, stack(0x0000009a8d700000,0x0000009a8d800000)]
  0x00000223328e7fb0 JavaThread "Unconstrained build operations Thread 42" [_thread_blocked, id=18512, stack(0x0000009a8d800000,0x0000009a8d900000)]
  0x00000223328e7aa0 JavaThread "Unconstrained build operations Thread 43" [_thread_blocked, id=21916, stack(0x0000009a8d900000,0x0000009a8da00000)]
  0x00000223328e84c0 JavaThread "Unconstrained build operations Thread 44" [_thread_blocked, id=17720, stack(0x0000009a8da00000,0x0000009a8db00000)]
  0x00000223328e89d0 JavaThread "Unconstrained build operations Thread 45" [_thread_blocked, id=1112, stack(0x0000009a8db00000,0x0000009a8dc00000)]
  0x00000223328e8ee0 JavaThread "Unconstrained build operations Thread 46" [_thread_blocked, id=16968, stack(0x0000009a8dc00000,0x0000009a8dd00000)]
  0x00000223328e93f0 JavaThread "Unconstrained build operations Thread 47" [_thread_blocked, id=8612, stack(0x0000009a8dd00000,0x0000009a8de00000)]
  0x00000223328e9900 JavaThread "Unconstrained build operations Thread 48" [_thread_blocked, id=19924, stack(0x0000009a8de00000,0x0000009a8df00000)]
  0x0000022335cba300 JavaThread "Unconstrained build operations Thread 49" [_thread_blocked, id=19620, stack(0x0000009a8df00000,0x0000009a8e000000)]
  0x0000022335cb93d0 JavaThread "Unconstrained build operations Thread 50" [_thread_blocked, id=17980, stack(0x0000009a8e000000,0x0000009a8e100000)]
  0x0000022335cb9df0 JavaThread "Unconstrained build operations Thread 51" [_thread_blocked, id=20488, stack(0x0000009a8e100000,0x0000009a8e200000)]
  0x0000022335cbd090 JavaThread "Unconstrained build operations Thread 52" [_thread_blocked, id=3216, stack(0x0000009a8e200000,0x0000009a8e300000)]
  0x0000022335cbc160 JavaThread "Unconstrained build operations Thread 53" [_thread_blocked, id=16964, stack(0x0000009a8e300000,0x0000009a8e400000)]
  0x0000022335cbc670 JavaThread "Unconstrained build operations Thread 54" [_thread_blocked, id=10680, stack(0x0000009a8e400000,0x0000009a8e500000)]
  0x0000022335cb98e0 JavaThread "Unconstrained build operations Thread 55" [_thread_blocked, id=5900, stack(0x0000009a8e500000,0x0000009a8e600000)]
  0x0000022335cbcb80 JavaThread "Unconstrained build operations Thread 56" [_thread_blocked, id=22144, stack(0x0000009a8e600000,0x0000009a8e700000)]
  0x0000022335cbbc50 JavaThread "Unconstrained build operations Thread 57" [_thread_blocked, id=21940, stack(0x0000009a8e700000,0x0000009a8e800000)]
  0x0000022335cbad20 JavaThread "Unconstrained build operations Thread 58" [_thread_blocked, id=21620, stack(0x0000009a8e800000,0x0000009a8e900000)]
  0x0000022335cbd5a0 JavaThread "Unconstrained build operations Thread 59" [_thread_blocked, id=18576, stack(0x0000009a8e900000,0x0000009a8ea00000)]
  0x0000022335cbdab0 JavaThread "Unconstrained build operations Thread 60" [_thread_blocked, id=21924, stack(0x0000009a8ea00000,0x0000009a8eb00000)]
  0x0000022335cbb230 JavaThread "Unconstrained build operations Thread 61" [_thread_blocked, id=4360, stack(0x0000009a8eb00000,0x0000009a8ec00000)]
  0x0000022335cbdfc0 JavaThread "Unconstrained build operations Thread 62" [_thread_blocked, id=17784, stack(0x0000009a8ec00000,0x0000009a8ed00000)]
  0x0000022335cba810 JavaThread "Unconstrained build operations Thread 63" [_thread_blocked, id=19700, stack(0x0000009a8ed00000,0x0000009a8ee00000)]
  0x0000022335cbe4d0 JavaThread "Unconstrained build operations Thread 64" [_thread_blocked, id=12988, stack(0x0000009a8ee00000,0x0000009a8ef00000)]
  0x0000022335cbe9e0 JavaThread "Unconstrained build operations Thread 65" [_thread_blocked, id=11492, stack(0x0000009a8ef00000,0x0000009a8f000000)]
  0x0000022335cbeef0 JavaThread "Unconstrained build operations Thread 66" [_thread_blocked, id=5508, stack(0x0000009a8f000000,0x0000009a8f100000)]
  0x0000022335cbb740 JavaThread "Unconstrained build operations Thread 67" [_thread_blocked, id=21780, stack(0x0000009a8f100000,0x0000009a8f200000)]
  0x0000022335cc0d50 JavaThread "Unconstrained build operations Thread 68" [_thread_blocked, id=13632, stack(0x0000009a8f200000,0x0000009a8f300000)]
  0x0000022335cbf400 JavaThread "Unconstrained build operations Thread 69" [_thread_blocked, id=21140, stack(0x0000009a8f300000,0x0000009a8f400000)]
  0x0000022335cbfe20 JavaThread "Unconstrained build operations Thread 70" [_thread_blocked, id=376, stack(0x0000009a8f400000,0x0000009a8f500000)]
  0x0000022335cbf910 JavaThread "Unconstrained build operations Thread 71" [_thread_blocked, id=20800, stack(0x0000009a8f500000,0x0000009a8f600000)]
  0x0000022335cc0840 JavaThread "Unconstrained build operations Thread 72" [_thread_blocked, id=21836, stack(0x0000009a8f600000,0x0000009a8f700000)]
  0x000002233005b430 JavaThread "Unconstrained build operations Thread 73" [_thread_blocked, id=10092, stack(0x0000009a8f700000,0x0000009a8f800000)]
  0x000002233005e1c0 JavaThread "Unconstrained build operations Thread 74" [_thread_blocked, id=21500, stack(0x0000009a8f800000,0x0000009a8f900000)]
  0x000002233005c360 JavaThread "Unconstrained build operations Thread 75" [_thread_blocked, id=16736, stack(0x0000009a8f900000,0x0000009a8fa00000)]
  0x000002233005cd80 JavaThread "Unconstrained build operations Thread 76" [_thread_blocked, id=13484, stack(0x0000009a8fa00000,0x0000009a8fb00000)]
  0x000002233005aa10 JavaThread "Unconstrained build operations Thread 77" [_thread_blocked, id=22140, stack(0x0000009a8fb00000,0x0000009a8fc00000)]
  0x000002233005e6d0 JavaThread "Unconstrained build operations Thread 78" [_thread_blocked, id=22216, stack(0x0000009a8fc00000,0x0000009a8fd00000)]
  0x000002233005af20 JavaThread "Unconstrained build operations Thread 79" [_thread_blocked, id=19884, stack(0x0000009a8fd00000,0x0000009a8fe00000)]
  0x000002233005ebe0 JavaThread "Unconstrained build operations Thread 80" [_thread_blocked, id=19384, stack(0x0000009a8fe00000,0x0000009a8ff00000)]
  0x000002233005c870 JavaThread "Unconstrained build operations Thread 81" [_thread_blocked, id=3768, stack(0x0000009a8ff00000,0x0000009a90000000)]
  0x000002233005f0f0 JavaThread "Unconstrained build operations Thread 82" [_thread_blocked, id=7524, stack(0x0000009a90000000,0x0000009a90100000)]
  0x000002233005b940 JavaThread "Unconstrained build operations Thread 83" [_thread_blocked, id=15648, stack(0x0000009a90100000,0x0000009a90200000)]
  0x000002233005dcb0 JavaThread "Unconstrained build operations Thread 84" [_thread_blocked, id=12172, stack(0x0000009a90200000,0x0000009a90300000)]
  0x000002233005f600 JavaThread "Unconstrained build operations Thread 85" [_thread_blocked, id=21352, stack(0x0000009a90300000,0x0000009a90400000)]
  0x000002233005d290 JavaThread "Unconstrained build operations Thread 86" [_thread_blocked, id=22504, stack(0x0000009a90400000,0x0000009a90500000)]
  0x000002233005d7a0 JavaThread "Unconstrained build operations Thread 87" [_thread_blocked, id=5136, stack(0x0000009a90500000,0x0000009a90600000)]
  0x000002233005be50 JavaThread "Unconstrained build operations Thread 88" [_thread_blocked, id=20880, stack(0x0000009a90600000,0x0000009a90700000)]
  0x0000022330060020 JavaThread "Unconstrained build operations Thread 89" [_thread_blocked, id=15676, stack(0x0000009a90700000,0x0000009a90800000)]
  0x0000022330061970 JavaThread "Unconstrained build operations Thread 90" [_thread_blocked, id=21888, stack(0x0000009a90800000,0x0000009a90900000)]
  0x0000022330060f50 JavaThread "Unconstrained build operations Thread 91" [_thread_blocked, id=12284, stack(0x0000009a90900000,0x0000009a90a00000)]
  0x0000022330060a40 JavaThread "Unconstrained build operations Thread 92" [_thread_blocked, id=21852, stack(0x0000009a90a00000,0x0000009a90b00000)]
  0x0000022330060530 JavaThread "Unconstrained build operations Thread 93" [_thread_blocked, id=20764, stack(0x0000009a90b00000,0x0000009a90c00000)]
  0x000002233005fb10 JavaThread "Unconstrained build operations Thread 94" [_thread_blocked, id=20864, stack(0x0000009a90c00000,0x0000009a90d00000)]
  0x0000022330061e80 JavaThread "Unconstrained build operations Thread 95" [_thread_blocked, id=15524, stack(0x0000009a90d00000,0x0000009a90e00000)]
  0x0000022330062390 JavaThread "Unconstrained build operations Thread 96" [_thread_blocked, id=3332, stack(0x0000009a90e00000,0x0000009a90f00000)]
  0x0000022333b2a020 JavaThread "Unconstrained build operations Thread 97" [_thread_blocked, id=21824, stack(0x0000009a90f00000,0x0000009a91000000)]
  0x0000022333b29600 JavaThread "Unconstrained build operations Thread 98" [_thread_blocked, id=16596, stack(0x0000009a91000000,0x0000009a91100000)]
  0x0000022333b277a0 JavaThread "Unconstrained build operations Thread 99" [_thread_blocked, id=21136, stack(0x0000009a91100000,0x0000009a91200000)]
  0x0000022333b290f0 JavaThread "Unconstrained build operations Thread 100" [_thread_blocked, id=18924, stack(0x0000009a91200000,0x0000009a91300000)]
  0x0000022333b29b10 JavaThread "Unconstrained build operations Thread 101" [_thread_blocked, id=18400, stack(0x0000009a91300000,0x0000009a91400000)]
  0x0000022333b281c0 JavaThread "Unconstrained build operations Thread 102" [_thread_blocked, id=22112, stack(0x0000009a91400000,0x0000009a91500000)]
  0x0000022333b26870 JavaThread "Unconstrained build operations Thread 103" [_thread_blocked, id=22228, stack(0x0000009a91500000,0x0000009a91600000)]
  0x0000022333b286d0 JavaThread "Unconstrained build operations Thread 104" [_thread_blocked, id=22160, stack(0x0000009a91600000,0x0000009a91700000)]
  0x0000022333b2a530 JavaThread "Unconstrained build operations Thread 105" [_thread_blocked, id=17704, stack(0x0000009a91700000,0x0000009a91800000)]
  0x0000022333b28be0 JavaThread "Unconstrained build operations Thread 106" [_thread_blocked, id=22280, stack(0x0000009a91800000,0x0000009a91900000)]
  0x0000022333b26d80 JavaThread "Unconstrained build operations Thread 107" [_thread_blocked, id=21884, stack(0x0000009a91900000,0x0000009a91a00000)]
  0x0000022333b27cb0 JavaThread "Unconstrained build operations Thread 108" [_thread_blocked, id=22148, stack(0x0000009a91a00000,0x0000009a91b00000)]
  0x0000022333b2aa40 JavaThread "Unconstrained build operations Thread 109" [_thread_blocked, id=21632, stack(0x0000009a91b00000,0x0000009a91c00000)]
  0x0000022333b27290 JavaThread "Unconstrained build operations Thread 110" [_thread_blocked, id=16924, stack(0x0000009a91c00000,0x0000009a91d00000)]
  0x0000022333b2c8a0 JavaThread "Unconstrained build operations Thread 111" [_thread_blocked, id=11032, stack(0x0000009a91d00000,0x0000009a91e00000)]
  0x0000022333b2d2c0 JavaThread "Unconstrained build operations Thread 112" [_thread_blocked, id=20808, stack(0x0000009a91e00000,0x0000009a91f00000)]
  0x0000022333b2be80 JavaThread "jar transforms Thread 2" [_thread_blocked, id=3716, stack(0x0000009a91f00000,0x0000009a92000000)]
  0x0000022333b2dce0 JavaThread "jar transforms Thread 3" [_thread_blocked, id=18728, stack(0x0000009a92000000,0x0000009a92100000)]
  0x0000022333b2c390 JavaThread "Unconstrained build operations Thread 113" [_thread_blocked, id=18588, stack(0x0000009a92100000,0x0000009a92200000)]
  0x0000022333b2cdb0 JavaThread "Unconstrained build operations Thread 114" [_thread_blocked, id=6560, stack(0x0000009a92200000,0x0000009a92300000)]
  0x0000022333b2b460 JavaThread "Unconstrained build operations Thread 115" [_thread_blocked, id=22156, stack(0x0000009a92300000,0x0000009a92400000)]
  0x0000022333b2b970 JavaThread "Unconstrained build operations Thread 116" [_thread_blocked, id=21512, stack(0x0000009a92400000,0x0000009a92500000)]
  0x0000022330061460 JavaThread "Unconstrained build operations Thread 117" [_thread_blocked, id=21516, stack(0x0000009a92500000,0x0000009a92600000)]
  0x00000223348dcc50 JavaThread "Unconstrained build operations Thread 118" [_thread_blocked, id=14196, stack(0x0000009a92600000,0x0000009a92700000)]
  0x00000223348da3d0 JavaThread "Unconstrained build operations Thread 119" [_thread_blocked, id=21084, stack(0x0000009a92700000,0x0000009a92800000)]
  0x00000223348d94a0 JavaThread "Unconstrained build operations Thread 120" [_thread_blocked, id=17996, stack(0x0000009a92800000,0x0000009a92900000)]
  0x00000223348dbd20 JavaThread "jar transforms Thread 4" [_thread_blocked, id=22412, stack(0x0000009a92900000,0x0000009a92a00000)]
  0x00000223348dadf0 JavaThread "jar transforms Thread 5" [_thread_blocked, id=21520, stack(0x0000009a92a00000,0x0000009a92b00000)]
  0x00000223348db300 JavaThread "jar transforms Thread 6" [_thread_blocked, id=21368, stack(0x0000009a92b00000,0x0000009a92c00000)]
  0x00000223348df4d0 JavaThread "build event listener" [_thread_blocked, id=22408, stack(0x0000009a8bc00000,0x0000009a8bd00000)]
  0x00000223348deab0 JavaThread "Problems report writer" [_thread_blocked, id=4512, stack(0x0000009a92c00000,0x0000009a92d00000)]
  0x000002233388b260 JavaThread "jar transforms Thread 7" [_thread_blocked, id=7172, stack(0x0000009a92e00000,0x0000009a92f00000)]
  0x000002233388b770 JavaThread "jar transforms Thread 8" [_thread_blocked, id=8260, stack(0x0000009a92f00000,0x0000009a93000000)]
  0x000002233388c190 JavaThread "jar transforms Thread 9" [_thread_blocked, id=19260, stack(0x0000009a93000000,0x0000009a93100000)]
  0x000002233388cbb0 JavaThread "jar transforms Thread 10" [_thread_blocked, id=19580, stack(0x0000009a93100000,0x0000009a93200000)]
  0x000002233388d0c0 JavaThread "jar transforms Thread 11" [_thread_blocked, id=4056, stack(0x0000009a92d00000,0x0000009a92e00000)]
  0x000002233388d5d0 JavaThread "jar transforms Thread 12" [_thread_blocked, id=13784, stack(0x0000009a93300000,0x0000009a93400000)]
  0x000002233388dae0 JavaThread "Exec process" [_thread_blocked, id=9404, stack(0x0000009a93400000,0x0000009a93500000)]
  0x000002233388dff0 JavaThread "Exec process Thread 2" [_thread_blocked, id=7856, stack(0x0000009a93500000,0x0000009a93600000)]
  0x000002233388bc80 JavaThread "Exec process Thread 3" [_thread_blocked, id=7928, stack(0x0000009a93600000,0x0000009a93700000)]
  0x000002232f34bf00 JavaThread "pool-3-thread-1" [_thread_blocked, id=18520, stack(0x0000009a93900000,0x0000009a93a00000)]
  0x000002232f348750 JavaThread "build event listener" [_thread_blocked, id=10980, stack(0x0000009a93a00000,0x0000009a93b00000)]
  0x000002232f34c410 JavaThread "Cache worker for execution history cache (D:\my project\main project\FootFlex\forntend\android\.gradle\9.0.0\executionHistory)" [_thread_blocked, id=3264, stack(0x0000009a93b00000,0x0000009a93c00000)]
  0x000002232f34d340 JavaThread "Cache worker for Java compile cache (C:\Users\Rohit\.gradle\caches\9.0.0\javaCompile)" [_thread_blocked, id=8628, stack(0x0000009a93c00000,0x0000009a93d00000)]
  0x000002232f3500d0 JavaThread "Build operations" [_thread_blocked, id=19032, stack(0x0000009a93d00000,0x0000009a93e00000)]
  0x000002232f3505e0 JavaThread "Build operations Thread 2" [_thread_blocked, id=18452, stack(0x0000009a93e00000,0x0000009a93f00000)]
  0x000002232f350af0 JavaThread "Build operations Thread 3" [_thread_blocked, id=21692, stack(0x0000009a93f00000,0x0000009a94000000)]
  0x000002232f351000 JavaThread "Build operations Thread 4" [_thread_blocked, id=6416, stack(0x0000009a94000000,0x0000009a94100000)]
  0x000002232f34e270 JavaThread "Build operations Thread 5" [_thread_blocked, id=12160, stack(0x0000009a94100000,0x0000009a94200000)]
  0x000002232f34d850 JavaThread "Build operations Thread 6" [_thread_blocked, id=5684, stack(0x0000009a94200000,0x0000009a94300000)]
  0x000002232f351f30 JavaThread "Build operations Thread 7" [_thread_blocked, id=20556, stack(0x0000009a94300000,0x0000009a94400000)]
  0x000002232f353880 JavaThread "Build operations Thread 8" [_thread_blocked, id=22036, stack(0x0000009a94400000,0x0000009a94500000)]
  0x000002232f353d90 JavaThread "Build operations Thread 9" [_thread_blocked, id=19296, stack(0x0000009a94500000,0x0000009a94600000)]
  0x000002232f351a20 JavaThread "Build operations Thread 10" [_thread_blocked, id=13096, stack(0x0000009a94600000,0x0000009a94700000)]
  0x000002232f3542a0 JavaThread "Build operations Thread 11" [_thread_blocked, id=21508, stack(0x0000009a94700000,0x0000009a94800000)]
  0x000002232f352950 JavaThread "WorkerExecutor Queue" [_thread_in_native, id=21840, stack(0x0000009a94800000,0x0000009a94900000)]
  0x000002232f353370 JavaThread "WorkerExecutor Queue Thread 2" [_thread_blocked, id=14380, stack(0x0000009a8bd00000,0x0000009a8be00000)]
  0x000002233c888200 JavaThread "C2 CompilerThread1" daemon [_thread_blocked, id=4656, stack(0x0000009a93800000,0x0000009a93900000)]
  0x000002232f3556e0 JavaThread "RMI Scheduler(0)" daemon [_thread_blocked, id=7732, stack(0x0000009a94a00000,0x0000009a94b00000)]
  0x000002232f354cc0 JavaThread "RMI RenewClean-[127.0.0.1:17255,org.jetbrains.kotlin.daemon.common.LoopbackNetworkInterface$ClientLoopbackSocketFactory@7d8a7b5e]" daemon [_thread_blocked, id=14980, stack(0x0000009a94b00000,0x0000009a94c00000)]
  0x000002232f3551d0 JavaThread "RMI GC Daemon" daemon [_thread_blocked, id=1296, stack(0x0000009a94c00000,0x0000009a94d00000)]
  0x000002232f355bf0 JavaThread "WorkerExecutor Queue Thread 3" [_thread_blocked, id=8660, stack(0x0000009a94d00000,0x0000009a94e00000)]
  0x000002232f356100 JavaThread "RMI TCP Accept-0" daemon [_thread_in_native, id=22084, stack(0x0000009a94e00000,0x0000009a94f00000)]
  0x000002232f356610 JavaThread "RMI Reaper" [_thread_blocked, id=17676, stack(0x0000009a94f00000,0x0000009a95000000)]
  0x000002232f356b20 JavaThread "RMI TCP Connection(1)-127.0.0.1" daemon [_thread_in_native, id=15240, stack(0x0000009a95000000,0x0000009a95100000)]
  0x00000223348de090 JavaThread "WorkerExecutor Queue Thread 4" [_thread_blocked, id=22524, stack(0x0000009a94900000,0x0000009a94a00000)]
  0x00000223348da8e0 JavaThread "WorkerExecutor Queue Thread 5" [_thread_blocked, id=8984, stack(0x0000009a95100000,0x0000009a95200000)]
  0x000002233388e500 JavaThread "WorkerExecutor Queue Thread 6" [_thread_blocked, id=992, stack(0x0000009a95200000,0x0000009a95300000)]
  0x00000223314a18e0 JavaThread "ForkJoinPool-1-worker-1" daemon [_thread_blocked, id=15424, stack(0x0000009a85b00000,0x0000009a85c00000)]
  0x000002233f4f4380 JavaThread "ForkJoinPool-1-worker-2" daemon [_thread_blocked, id=17476, stack(0x0000009a85d00000,0x0000009a85e00000)]
  0x000002233f4f5cd0 JavaThread "ForkJoinPool-1-worker-3" daemon [_thread_blocked, id=21228, stack(0x0000009a95900000,0x0000009a95a00000)]
  0x000002233f4f61e0 JavaThread "ForkJoinPool-1-worker-4" daemon [_thread_blocked, id=4292, stack(0x0000009a95c00000,0x0000009a95d00000)]
  0x000002233f4f7620 JavaThread "ForkJoinPool-1-worker-5" daemon [_thread_blocked, id=14180, stack(0x0000009a95d00000,0x0000009a95e00000)]
  0x000002233f4f52b0 JavaThread "ForkJoinPool-1-worker-6" daemon [_thread_blocked, id=5004, stack(0x0000009a95e00000,0x0000009a95f00000)]
  0x000002233f4f57c0 JavaThread "ForkJoinPool-1-worker-7" daemon [_thread_blocked, id=7588, stack(0x0000009a95f00000,0x0000009a96000000)]
  0x000002233f4f4890 JavaThread "ForkJoinPool-1-worker-8" daemon [_thread_blocked, id=18852, stack(0x0000009a96000000,0x0000009a96100000)]
  0x000002233f4f66f0 JavaThread "ForkJoinPool-1-worker-9" daemon [_thread_blocked, id=20356, stack(0x0000009a96100000,0x0000009a96200000)]
  0x000002233f4f6c00 JavaThread "ForkJoinPool-1-worker-10" daemon [_thread_blocked, id=14672, stack(0x0000009a96200000,0x0000009a96300000)]
  0x000002233f4f7110 JavaThread "ForkJoinPool-1-worker-11" daemon [_thread_blocked, id=3520, stack(0x0000009a96300000,0x0000009a96400000)]
  0x000002233f4f3e70 JavaThread "ForkJoinPool-1-worker-12" daemon [_thread_blocked, id=19248, stack(0x0000009a96400000,0x0000009a96500000)]
  0x000002233c885230 JavaThread "C2 CompilerThread2" daemon [_thread_blocked, id=20564, stack(0x0000009a95300000,0x0000009a95400000)]

Other Threads:
=>0x000002230f960f10 VMThread "VM Thread" [stack: 0x0000009a86400000,0x0000009a86500000] [id=20108]
  0x00000223712f2020 WatcherThread [stack: 0x0000009a87000000,0x0000009a87100000] [id=7372]
  0x00000223712c9960 GCTaskThread "GC Thread#0" [stack: 0x0000009a85f00000,0x0000009a86000000] [id=2088]
  0x000002232f73aa40 GCTaskThread "GC Thread#1" [stack: 0x0000009a87300000,0x0000009a87400000] [id=22016]
  0x000002232f73ad00 GCTaskThread "GC Thread#2" [stack: 0x0000009a87400000,0x0000009a87500000] [id=21360]
  0x000002232f73afc0 GCTaskThread "GC Thread#3" [stack: 0x0000009a87500000,0x0000009a87600000] [id=22260]
  0x000002232f24aa90 GCTaskThread "GC Thread#4" [stack: 0x0000009a87600000,0x0000009a87700000] [id=22488]
  0x000002232f24ad50 GCTaskThread "GC Thread#5" [stack: 0x0000009a87700000,0x0000009a87800000] [id=18004]
  0x0000022331120c40 GCTaskThread "GC Thread#6" [stack: 0x0000009a88000000,0x0000009a88100000] [id=9076]
  0x000002233111fbc0 GCTaskThread "GC Thread#7" [stack: 0x0000009a88400000,0x0000009a88500000] [id=2028]
  0x000002233111fe80 GCTaskThread "GC Thread#8" [stack: 0x0000009a88500000,0x0000009a88600000] [id=11092]
  0x0000022331120f00 GCTaskThread "GC Thread#9" [stack: 0x0000009a88600000,0x0000009a88700000] [id=9248]
  0x00000223712da7c0 ConcurrentGCThread "G1 Main Marker" [stack: 0x0000009a86000000,0x0000009a86100000] [id=18404]
  0x00000223712dbdb0 ConcurrentGCThread "G1 Conc#0" [stack: 0x0000009a86100000,0x0000009a86200000] [id=15140]
  0x000002233111f640 ConcurrentGCThread "G1 Conc#1" [stack: 0x0000009a88700000,0x0000009a88800000] [id=18692]
  0x000002233111f900 ConcurrentGCThread "G1 Conc#2" [stack: 0x0000009a88800000,0x0000009a88900000] [id=20636]
  0x000002237132e110 ConcurrentGCThread "G1 Refine#0" [stack: 0x0000009a86200000,0x0000009a86300000] [id=14768]
  0x000002233de91c60 ConcurrentGCThread "G1 Refine#1" [stack: 0x0000009a95400000,0x0000009a95500000] [id=19244]
  0x000002233de8ff00 ConcurrentGCThread "G1 Refine#2" [stack: 0x0000009a95500000,0x0000009a95600000] [id=13820]
  0x000002233de8f050 ConcurrentGCThread "G1 Refine#3" [stack: 0x0000009a95600000,0x0000009a95700000] [id=16276]
  0x000002233de92530 ConcurrentGCThread "G1 Refine#4" [stack: 0x0000009a95700000,0x0000009a95800000] [id=10376]
  0x000002233de8fc10 ConcurrentGCThread "G1 Refine#5" [stack: 0x0000009a95800000,0x0000009a95900000] [id=2204]
  0x000002233de90db0 ConcurrentGCThread "G1 Refine#6" [stack: 0x0000009a96500000,0x0000009a96600000] [id=19520]
  0x000002233de8f920 ConcurrentGCThread "G1 Refine#7" [stack: 0x0000009a96600000,0x0000009a96700000] [id=388]
  0x000002233de92b10 ConcurrentGCThread "G1 Refine#8" [stack: 0x0000009a96700000,0x0000009a96800000] [id=20388]
  0x000002237132ea50 ConcurrentGCThread "G1 Service" [stack: 0x0000009a86300000,0x0000009a86400000] [id=21704]

Threads with active compile tasks:
C2 CompilerThread0    63198 25300       4       com.android.tools.r8.internal.Nn::a (3327 bytes)
C2 CompilerThread1    63198 25030       4       com.android.tools.r8.internal.le::a (7028 bytes)
C2 CompilerThread2    63198 25336 %     4       com.android.tools.r8.dex.C::a @ 293 (1016 bytes)

VM state: at safepoint (normal execution)

VM Mutex/Monitor currently owned by a thread:  ([mutex/lock_event])
[0x0000022371268b30] Threads_lock - owner thread: 0x000002230f960f10
[0x0000022371268e00] Heap_lock - owner thread: 0x00000223314a18e0

Heap address: 0x0000000080000000, size: 2048 MB, Compressed Oops mode: 32-bit

CDS archive(s) mapped at: [0x0000022310000000-0x0000022310bd0000-0x0000022310bd0000), size 12386304, SharedBaseAddress: 0x0000022310000000, ArchiveRelocationMode: 1.
Compressed class space mapped at: 0x0000022311000000-0x000002232b000000, reserved size: 436207616
Narrow klass base: 0x0000022310000000, Narrow klass shift: 0, Narrow klass range: 0x100000000

GC Precious Log:
 CPUs: 12 total, 12 available
 Memory: 16024M
 Large Page Support: Disabled
 NUMA Support: Disabled
 Compressed Oops: Enabled (32-bit)
 Heap Region Size: 1M
 Heap Min Capacity: 8M
 Heap Initial Capacity: 252M
 Heap Max Capacity: 2G
 Pre-touch: Disabled
 Parallel Workers: 10
 Concurrent Workers: 3
 Concurrent Refinement Workers: 10
 Periodic GC: Disabled

Heap:
 garbage-first heap   total 749568K, used 531436K [0x0000000080000000, 0x0000000100000000)
  region size 1024K, 15 young (15360K), 15 survivors (15360K)
 Metaspace       used 154533K, committed 156928K, reserved 622592K
  class space    used 21627K, committed 22784K, reserved 425984K

Heap Regions: E=young(eden), S=young(survivor), O=old, HS=humongous(starts), HC=humongous(continues), CS=collection set, F=free, OA=open archive, CA=closed archive, TAMS=top-at-mark-start (previous, next)
|   0|0x0000000080000000, 0x0000000080100000, 0x0000000080100000|100%|HS|  |TAMS 0x0000000080100000, 0x0000000080000000| Complete 
|   1|0x0000000080100000, 0x0000000080200000, 0x0000000080200000|100%|HC|  |TAMS 0x0000000080200000, 0x0000000080100000| Complete 
|   2|0x0000000080200000, 0x0000000080300000, 0x0000000080300000|100%|HC|  |TAMS 0x0000000080300000, 0x0000000080200000| Complete 
|   3|0x0000000080300000, 0x0000000080400000, 0x0000000080400000|100%| O|  |TAMS 0x0000000080400000, 0x0000000080300000| Untracked 
|   4|0x0000000080400000, 0x0000000080500000, 0x0000000080500000|100%| O|  |TAMS 0x0000000080500000, 0x0000000080400000| Untracked 
|   5|0x0000000080500000, 0x0000000080600000, 0x0000000080600000|100%| O|  |TAMS 0x0000000080600000, 0x0000000080500000| Untracked 
|   6|0x0000000080600000, 0x0000000080700000, 0x0000000080700000|100%|HS|  |TAMS 0x0000000080700000, 0x0000000080600000| Complete 
|   7|0x0000000080700000, 0x0000000080800000, 0x0000000080800000|100%| O|  |TAMS 0x0000000080800000, 0x0000000080700000| Untracked 
|   8|0x0000000080800000, 0x0000000080900000, 0x0000000080900000|100%| O|  |TAMS 0x0000000080900000, 0x0000000080800000| Untracked 
|   9|0x0000000080900000, 0x0000000080a00000, 0x0000000080a00000|100%| O|  |TAMS 0x0000000080a00000, 0x0000000080900000| Untracked 
|  10|0x0000000080a00000, 0x0000000080b00000, 0x0000000080b00000|100%| O|  |TAMS 0x0000000080b00000, 0x0000000080a00000| Untracked 
|  11|0x0000000080b00000, 0x0000000080c00000, 0x0000000080c00000|100%| O|  |TAMS 0x0000000080c00000, 0x0000000080b00000| Untracked 
|  12|0x0000000080c00000, 0x0000000080d00000, 0x0000000080d00000|100%| O|  |TAMS 0x0000000080d00000, 0x0000000080c00000| Untracked 
|  13|0x0000000080d00000, 0x0000000080e00000, 0x0000000080e00000|100%| O|  |TAMS 0x0000000080e00000, 0x0000000080d00000| Untracked 
|  14|0x0000000080e00000, 0x0000000080f00000, 0x0000000080f00000|100%| O|  |TAMS 0x0000000080f00000, 0x0000000080e00000| Untracked 
|  15|0x0000000080f00000, 0x0000000081000000, 0x0000000081000000|100%| O|  |TAMS 0x0000000081000000, 0x0000000080f00000| Untracked 
|  16|0x0000000081000000, 0x0000000081100000, 0x0000000081100000|100%| O|  |TAMS 0x0000000081100000, 0x0000000081000000| Untracked 
|  17|0x0000000081100000, 0x0000000081200000, 0x0000000081200000|100%| O|  |TAMS 0x0000000081200000, 0x0000000081100000| Untracked 
|  18|0x0000000081200000, 0x0000000081300000, 0x0000000081300000|100%| O|  |TAMS 0x0000000081300000, 0x0000000081200000| Untracked 
|  19|0x0000000081300000, 0x0000000081400000, 0x0000000081400000|100%| O|  |TAMS 0x0000000081400000, 0x0000000081300000| Untracked 
|  20|0x0000000081400000, 0x0000000081500000, 0x0000000081500000|100%| O|  |TAMS 0x0000000081500000, 0x0000000081400000| Untracked 
|  21|0x0000000081500000, 0x0000000081600000, 0x0000000081600000|100%| O|  |TAMS 0x0000000081600000, 0x0000000081500000| Untracked 
|  22|0x0000000081600000, 0x0000000081700000, 0x0000000081700000|100%| O|  |TAMS 0x0000000081700000, 0x0000000081600000| Untracked 
|  23|0x0000000081700000, 0x0000000081800000, 0x0000000081800000|100%| O|  |TAMS 0x0000000081800000, 0x0000000081700000| Untracked 
|  24|0x0000000081800000, 0x0000000081900000, 0x0000000081900000|100%| O|  |TAMS 0x0000000081900000, 0x0000000081800000| Untracked 
|  25|0x0000000081900000, 0x0000000081a00000, 0x0000000081a00000|100%| O|  |TAMS 0x0000000081a00000, 0x0000000081900000| Untracked 
|  26|0x0000000081a00000, 0x0000000081b00000, 0x0000000081b00000|100%| O|  |TAMS 0x0000000081b00000, 0x0000000081a00000| Untracked 
|  27|0x0000000081b00000, 0x0000000081c00000, 0x0000000081c00000|100%| O|  |TAMS 0x0000000081c00000, 0x0000000081b00000| Untracked 
|  28|0x0000000081c00000, 0x0000000081d00000, 0x0000000081d00000|100%| O|  |TAMS 0x0000000081d00000, 0x0000000081c00000| Untracked 
|  29|0x0000000081d00000, 0x0000000081e00000, 0x0000000081e00000|100%| O|  |TAMS 0x0000000081e00000, 0x0000000081d00000| Untracked 
|  30|0x0000000081e00000, 0x0000000081f00000, 0x0000000081f00000|100%| O|  |TAMS 0x0000000081f00000, 0x0000000081e00000| Untracked 
|  31|0x0000000081f00000, 0x0000000082000000, 0x0000000082000000|100%| O|  |TAMS 0x0000000082000000, 0x0000000081f00000| Untracked 
|  32|0x0000000082000000, 0x0000000082100000, 0x0000000082100000|100%| O|  |TAMS 0x0000000082100000, 0x0000000082000000| Untracked 
|  33|0x0000000082100000, 0x0000000082200000, 0x0000000082200000|100%|HS|  |TAMS 0x0000000082200000, 0x0000000082100000| Complete 
|  34|0x0000000082200000, 0x0000000082300000, 0x0000000082300000|100%| O|  |TAMS 0x0000000082300000, 0x0000000082200000| Untracked 
|  35|0x0000000082300000, 0x0000000082400000, 0x0000000082400000|100%| O|  |TAMS 0x0000000082400000, 0x0000000082300000| Untracked 
|  36|0x0000000082400000, 0x0000000082500000, 0x0000000082500000|100%| O|  |TAMS 0x0000000082500000, 0x0000000082400000| Untracked 
|  37|0x0000000082500000, 0x0000000082600000, 0x0000000082600000|100%| O|  |TAMS 0x0000000082600000, 0x0000000082500000| Untracked 
|  38|0x0000000082600000, 0x0000000082700000, 0x0000000082700000|100%| O|  |TAMS 0x0000000082700000, 0x0000000082600000| Untracked 
|  39|0x0000000082700000, 0x0000000082800000, 0x0000000082800000|100%| O|  |TAMS 0x0000000082800000, 0x0000000082700000| Untracked 
|  40|0x0000000082800000, 0x0000000082900000, 0x0000000082900000|100%| O|  |TAMS 0x0000000082900000, 0x0000000082800000| Untracked 
|  41|0x0000000082900000, 0x0000000082a00000, 0x0000000082a00000|100%|HS|  |TAMS 0x0000000082a00000, 0x0000000082900000| Complete 
|  42|0x0000000082a00000, 0x0000000082b00000, 0x0000000082b00000|100%|HC|  |TAMS 0x0000000082b00000, 0x0000000082a00000| Complete 
|  43|0x0000000082b00000, 0x0000000082c00000, 0x0000000082c00000|100%|HC|  |TAMS 0x0000000082c00000, 0x0000000082b00000| Complete 
|  44|0x0000000082c00000, 0x0000000082d00000, 0x0000000082d00000|100%|HS|  |TAMS 0x0000000082d00000, 0x0000000082c00000| Complete 
|  45|0x0000000082d00000, 0x0000000082e00000, 0x0000000082e00000|100%|HC|  |TAMS 0x0000000082e00000, 0x0000000082d00000| Complete 
|  46|0x0000000082e00000, 0x0000000082f00000, 0x0000000082f00000|100%|HC|  |TAMS 0x0000000082f00000, 0x0000000082e00000| Complete 
|  47|0x0000000082f00000, 0x0000000083000000, 0x0000000083000000|100%| O|  |TAMS 0x0000000083000000, 0x0000000082f00000| Untracked 
|  48|0x0000000083000000, 0x0000000083100000, 0x0000000083100000|100%| O|  |TAMS 0x0000000083100000, 0x0000000083000000| Untracked 
|  49|0x0000000083100000, 0x0000000083200000, 0x0000000083200000|100%| O|  |TAMS 0x0000000083200000, 0x0000000083100000| Untracked 
|  50|0x0000000083200000, 0x0000000083300000, 0x0000000083300000|100%| O|  |TAMS 0x0000000083300000, 0x0000000083200000| Untracked 
|  51|0x0000000083300000, 0x0000000083400000, 0x0000000083400000|100%|HS|  |TAMS 0x0000000083400000, 0x0000000083300000| Complete 
|  52|0x0000000083400000, 0x0000000083500000, 0x0000000083500000|100%| O|  |TAMS 0x0000000083500000, 0x0000000083400000| Untracked 
|  53|0x0000000083500000, 0x0000000083600000, 0x0000000083600000|100%| O|  |TAMS 0x0000000083600000, 0x0000000083500000| Untracked 
|  54|0x0000000083600000, 0x0000000083700000, 0x0000000083700000|100%| O|  |TAMS 0x0000000083700000, 0x0000000083600000| Untracked 
|  55|0x0000000083700000, 0x0000000083800000, 0x0000000083800000|100%| O|  |TAMS 0x0000000083800000, 0x0000000083700000| Untracked 
|  56|0x0000000083800000, 0x0000000083900000, 0x0000000083900000|100%| O|  |TAMS 0x0000000083900000, 0x0000000083800000| Untracked 
|  57|0x0000000083900000, 0x0000000083a00000, 0x0000000083a00000|100%| O|  |TAMS 0x0000000083a00000, 0x0000000083900000| Untracked 
|  58|0x0000000083a00000, 0x0000000083b00000, 0x0000000083b00000|100%|HS|  |TAMS 0x0000000083b00000, 0x0000000083a00000| Complete 
|  59|0x0000000083b00000, 0x0000000083c00000, 0x0000000083c00000|100%|HS|  |TAMS 0x0000000083c00000, 0x0000000083b00000| Complete 
|  60|0x0000000083c00000, 0x0000000083d00000, 0x0000000083d00000|100%| O|  |TAMS 0x0000000083d00000, 0x0000000083c00000| Untracked 
|  61|0x0000000083d00000, 0x0000000083e00000, 0x0000000083e00000|100%| O|  |TAMS 0x0000000083e00000, 0x0000000083d00000| Untracked 
|  62|0x0000000083e00000, 0x0000000083f00000, 0x0000000083f00000|100%|HS|  |TAMS 0x0000000083f00000, 0x0000000083e00000| Complete 
|  63|0x0000000083f00000, 0x0000000084000000, 0x0000000084000000|100%|HS|  |TAMS 0x0000000084000000, 0x0000000083f00000| Complete 
|  64|0x0000000084000000, 0x0000000084100000, 0x0000000084100000|100%| O|  |TAMS 0x0000000084100000, 0x0000000084000000| Untracked 
|  65|0x0000000084100000, 0x0000000084200000, 0x0000000084200000|100%| O|  |TAMS 0x0000000084200000, 0x0000000084100000| Untracked 
|  66|0x0000000084200000, 0x0000000084300000, 0x0000000084300000|100%| O|  |TAMS 0x0000000084300000, 0x0000000084200000| Untracked 
|  67|0x0000000084300000, 0x0000000084400000, 0x0000000084400000|100%| O|  |TAMS 0x0000000084400000, 0x0000000084300000| Untracked 
|  68|0x0000000084400000, 0x0000000084500000, 0x0000000084500000|100%| O|  |TAMS 0x0000000084400000, 0x0000000084400000| Untracked 
|  69|0x0000000084500000, 0x0000000084600000, 0x0000000084600000|100%| O|  |TAMS 0x0000000084600000, 0x0000000084500000| Untracked 
|  70|0x0000000084600000, 0x0000000084700000, 0x0000000084700000|100%| O|  |TAMS 0x0000000084700000, 0x0000000084600000| Untracked 
|  71|0x0000000084700000, 0x0000000084800000, 0x0000000084800000|100%| O|  |TAMS 0x0000000084800000, 0x0000000084700000| Untracked 
|  72|0x0000000084800000, 0x0000000084900000, 0x0000000084900000|100%| O|  |TAMS 0x0000000084900000, 0x0000000084800000| Untracked 
|  73|0x0000000084900000, 0x0000000084a00000, 0x0000000084a00000|100%| O|  |TAMS 0x0000000084a00000, 0x0000000084900000| Untracked 
|  74|0x0000000084a00000, 0x0000000084b00000, 0x0000000084b00000|100%| O|  |TAMS 0x0000000084b00000, 0x0000000084a00000| Untracked 
|  75|0x0000000084b00000, 0x0000000084c00000, 0x0000000084c00000|100%| O|  |TAMS 0x0000000084c00000, 0x0000000084b00000| Untracked 
|  76|0x0000000084c00000, 0x0000000084d00000, 0x0000000084d00000|100%| O|  |TAMS 0x0000000084d00000, 0x0000000084c00000| Untracked 
|  77|0x0000000084d00000, 0x0000000084e00000, 0x0000000084e00000|100%| O|  |TAMS 0x0000000084e00000, 0x0000000084d00000| Untracked 
|  78|0x0000000084e00000, 0x0000000084f00000, 0x0000000084f00000|100%| O|  |TAMS 0x0000000084f00000, 0x0000000084e00000| Untracked 
|  79|0x0000000084f00000, 0x0000000085000000, 0x0000000085000000|100%| O|  |TAMS 0x0000000085000000, 0x0000000084f00000| Untracked 
|  80|0x0000000085000000, 0x0000000085100000, 0x0000000085100000|100%| O|  |TAMS 0x0000000085100000, 0x0000000085000000| Untracked 
|  81|0x0000000085100000, 0x0000000085200000, 0x0000000085200000|100%| O|  |TAMS 0x0000000085200000, 0x0000000085100000| Untracked 
|  82|0x0000000085200000, 0x0000000085300000, 0x0000000085300000|100%| O|  |TAMS 0x0000000085300000, 0x0000000085200000| Untracked 
|  83|0x0000000085300000, 0x0000000085400000, 0x0000000085400000|100%| O|  |TAMS 0x0000000085400000, 0x0000000085300000| Untracked 
|  84|0x0000000085400000, 0x0000000085500000, 0x0000000085500000|100%| O|  |TAMS 0x0000000085500000, 0x0000000085400000| Untracked 
|  85|0x0000000085500000, 0x0000000085600000, 0x0000000085600000|100%| O|  |TAMS 0x0000000085600000, 0x0000000085500000| Untracked 
|  86|0x0000000085600000, 0x0000000085700000, 0x0000000085700000|100%| O|  |TAMS 0x0000000085700000, 0x0000000085600000| Untracked 
|  87|0x0000000085700000, 0x0000000085800000, 0x0000000085800000|100%|HS|  |TAMS 0x0000000085800000, 0x0000000085700000| Complete 
|  88|0x0000000085800000, 0x0000000085900000, 0x0000000085900000|100%| O|  |TAMS 0x0000000085900000, 0x0000000085800000| Untracked 
|  89|0x0000000085900000, 0x0000000085a00000, 0x0000000085a00000|100%| O|  |TAMS 0x0000000085a00000, 0x0000000085900000| Untracked 
|  90|0x0000000085a00000, 0x0000000085b00000, 0x0000000085b00000|100%| O|  |TAMS 0x0000000085b00000, 0x0000000085a00000| Untracked 
|  91|0x0000000085b00000, 0x0000000085c00000, 0x0000000085c00000|100%| O|  |TAMS 0x0000000085c00000, 0x0000000085b00000| Untracked 
|  92|0x0000000085c00000, 0x0000000085d00000, 0x0000000085d00000|100%| O|  |TAMS 0x0000000085d00000, 0x0000000085c00000| Untracked 
|  93|0x0000000085d00000, 0x0000000085e00000, 0x0000000085e00000|100%| O|  |TAMS 0x0000000085e00000, 0x0000000085d00000| Untracked 
|  94|0x0000000085e00000, 0x0000000085f00000, 0x0000000085f00000|100%| O|  |TAMS 0x0000000085f00000, 0x0000000085e00000| Untracked 
|  95|0x0000000085f00000, 0x0000000086000000, 0x0000000086000000|100%| O|  |TAMS 0x0000000086000000, 0x0000000085f00000| Untracked 
|  96|0x0000000086000000, 0x0000000086100000, 0x0000000086100000|100%| O|  |TAMS 0x0000000086100000, 0x0000000086000000| Untracked 
|  97|0x0000000086100000, 0x0000000086200000, 0x0000000086200000|100%|HS|  |TAMS 0x0000000086200000, 0x0000000086100000| Complete 
|  98|0x0000000086200000, 0x0000000086300000, 0x0000000086300000|100%|HS|  |TAMS 0x0000000086300000, 0x0000000086200000| Complete 
|  99|0x0000000086300000, 0x0000000086400000, 0x0000000086400000|100%| O|  |TAMS 0x0000000086400000, 0x0000000086300000| Untracked 
| 100|0x0000000086400000, 0x0000000086500000, 0x0000000086500000|100%| O|  |TAMS 0x0000000086500000, 0x0000000086400000| Untracked 
| 101|0x0000000086500000, 0x0000000086600000, 0x0000000086600000|100%| O|  |TAMS 0x0000000086600000, 0x0000000086500000| Untracked 
| 102|0x0000000086600000, 0x0000000086700000, 0x0000000086700000|100%| O|  |TAMS 0x0000000086700000, 0x0000000086600000| Untracked 
| 103|0x0000000086700000, 0x0000000086800000, 0x0000000086800000|100%| O|  |TAMS 0x0000000086800000, 0x0000000086700000| Untracked 
| 104|0x0000000086800000, 0x0000000086900000, 0x0000000086900000|100%|HS|  |TAMS 0x0000000086900000, 0x0000000086800000| Complete 
| 105|0x0000000086900000, 0x0000000086a00000, 0x0000000086a00000|100%|HC|  |TAMS 0x0000000086a00000, 0x0000000086900000| Complete 
| 106|0x0000000086a00000, 0x0000000086b00000, 0x0000000086b00000|100%|HC|  |TAMS 0x0000000086b00000, 0x0000000086a00000| Complete 
| 107|0x0000000086b00000, 0x0000000086c00000, 0x0000000086c00000|100%| O|  |TAMS 0x0000000086c00000, 0x0000000086b00000| Untracked 
| 108|0x0000000086c00000, 0x0000000086d00000, 0x0000000086d00000|100%| O|  |TAMS 0x0000000086d00000, 0x0000000086c00000| Untracked 
| 109|0x0000000086d00000, 0x0000000086e00000, 0x0000000086e00000|100%| O|  |TAMS 0x0000000086e00000, 0x0000000086d00000| Untracked 
| 110|0x0000000086e00000, 0x0000000086f00000, 0x0000000086f00000|100%| O|  |TAMS 0x0000000086f00000, 0x0000000086e00000| Untracked 
| 111|0x0000000086f00000, 0x0000000087000000, 0x0000000087000000|100%| O|  |TAMS 0x0000000087000000, 0x0000000086f00000| Untracked 
| 112|0x0000000087000000, 0x0000000087100000, 0x0000000087100000|100%| O|  |TAMS 0x0000000087100000, 0x0000000087000000| Untracked 
| 113|0x0000000087100000, 0x0000000087200000, 0x0000000087200000|100%| O|  |TAMS 0x0000000087200000, 0x0000000087100000| Untracked 
| 114|0x0000000087200000, 0x0000000087300000, 0x0000000087300000|100%| O|  |TAMS 0x0000000087300000, 0x0000000087200000| Untracked 
| 115|0x0000000087300000, 0x0000000087400000, 0x0000000087400000|100%| O|  |TAMS 0x0000000087400000, 0x0000000087300000| Untracked 
| 116|0x0000000087400000, 0x0000000087500000, 0x0000000087500000|100%| O|  |TAMS 0x0000000087500000, 0x0000000087400000| Untracked 
| 117|0x0000000087500000, 0x0000000087600000, 0x0000000087600000|100%| O|  |TAMS 0x0000000087600000, 0x0000000087500000| Untracked 
| 118|0x0000000087600000, 0x0000000087700000, 0x0000000087700000|100%| O|  |TAMS 0x0000000087600000, 0x0000000087600000| Untracked 
| 119|0x0000000087700000, 0x0000000087800000, 0x0000000087800000|100%| O|  |TAMS 0x0000000087800000, 0x0000000087700000| Untracked 
| 120|0x0000000087800000, 0x0000000087900000, 0x0000000087900000|100%| O|  |TAMS 0x0000000087900000, 0x0000000087800000| Untracked 
| 121|0x0000000087900000, 0x0000000087a00000, 0x0000000087a00000|100%| O|  |TAMS 0x0000000087a00000, 0x0000000087900000| Untracked 
| 122|0x0000000087a00000, 0x0000000087b00000, 0x0000000087b00000|100%| O|  |TAMS 0x0000000087b00000, 0x0000000087a00000| Untracked 
| 123|0x0000000087b00000, 0x0000000087c00000, 0x0000000087c00000|100%| O|  |TAMS 0x0000000087c00000, 0x0000000087b00000| Untracked 
| 124|0x0000000087c00000, 0x0000000087d00000, 0x0000000087d00000|100%| O|  |TAMS 0x0000000087d00000, 0x0000000087c00000| Untracked 
| 125|0x0000000087d00000, 0x0000000087e00000, 0x0000000087e00000|100%| O|  |TAMS 0x0000000087e00000, 0x0000000087d00000| Untracked 
| 126|0x0000000087e00000, 0x0000000087f00000, 0x0000000087f00000|100%| O|  |TAMS 0x0000000087f00000, 0x0000000087e00000| Untracked 
| 127|0x0000000087f00000, 0x0000000088000000, 0x0000000088000000|100%| O|  |TAMS 0x0000000088000000, 0x0000000087f00000| Untracked 
| 128|0x0000000088000000, 0x0000000088100000, 0x0000000088100000|100%| O|  |TAMS 0x0000000088100000, 0x0000000088000000| Untracked 
| 129|0x0000000088100000, 0x0000000088200000, 0x0000000088200000|100%| O|  |TAMS 0x0000000088100000, 0x0000000088100000| Untracked 
| 130|0x0000000088200000, 0x0000000088300000, 0x0000000088300000|100%| O|  |TAMS 0x0000000088300000, 0x0000000088200000| Untracked 
| 131|0x0000000088300000, 0x0000000088400000, 0x0000000088400000|100%| O|  |TAMS 0x0000000088400000, 0x0000000088300000| Untracked 
| 132|0x0000000088400000, 0x0000000088500000, 0x0000000088500000|100%| O|  |TAMS 0x0000000088500000, 0x0000000088400000| Untracked 
| 133|0x0000000088500000, 0x0000000088600000, 0x0000000088600000|100%| O|  |TAMS 0x0000000088600000, 0x0000000088500000| Untracked 
| 134|0x0000000088600000, 0x0000000088700000, 0x0000000088700000|100%| O|  |TAMS 0x0000000088700000, 0x0000000088600000| Untracked 
| 135|0x0000000088700000, 0x0000000088800000, 0x0000000088800000|100%| O|  |TAMS 0x0000000088800000, 0x0000000088700000| Untracked 
| 136|0x0000000088800000, 0x0000000088900000, 0x0000000088900000|100%| O|  |TAMS 0x0000000088800000, 0x0000000088800000| Untracked 
| 137|0x0000000088900000, 0x0000000088a00000, 0x0000000088a00000|100%|HS|  |TAMS 0x0000000088a00000, 0x0000000088900000| Complete 
| 138|0x0000000088a00000, 0x0000000088b00000, 0x0000000088b00000|100%|HS|  |TAMS 0x0000000088b00000, 0x0000000088a00000| Complete 
| 139|0x0000000088b00000, 0x0000000088c00000, 0x0000000088c00000|100%|HS|  |TAMS 0x0000000088c00000, 0x0000000088b00000| Complete 
| 140|0x0000000088c00000, 0x0000000088d00000, 0x0000000088d00000|100%| O|  |TAMS 0x0000000088d00000, 0x0000000088c00000| Untracked 
| 141|0x0000000088d00000, 0x0000000088e00000, 0x0000000088e00000|100%| O|  |TAMS 0x0000000088e00000, 0x0000000088d00000| Untracked 
| 142|0x0000000088e00000, 0x0000000088f00000, 0x0000000088f00000|100%| O|  |TAMS 0x0000000088f00000, 0x0000000088e00000| Untracked 
| 143|0x0000000088f00000, 0x0000000089000000, 0x0000000089000000|100%| O|  |TAMS 0x0000000089000000, 0x0000000088f00000| Untracked 
| 144|0x0000000089000000, 0x0000000089100000, 0x0000000089100000|100%| O|  |TAMS 0x0000000089100000, 0x0000000089000000| Untracked 
| 145|0x0000000089100000, 0x0000000089200000, 0x0000000089200000|100%| O|  |TAMS 0x0000000089200000, 0x0000000089100000| Untracked 
| 146|0x0000000089200000, 0x0000000089300000, 0x0000000089300000|100%| O|  |TAMS 0x0000000089300000, 0x0000000089200000| Untracked 
| 147|0x0000000089300000, 0x0000000089400000, 0x0000000089400000|100%| O|  |TAMS 0x0000000089400000, 0x0000000089300000| Untracked 
| 148|0x0000000089400000, 0x0000000089500000, 0x0000000089500000|100%| O|  |TAMS 0x0000000089500000, 0x0000000089400000| Untracked 
| 149|0x0000000089500000, 0x0000000089600000, 0x0000000089600000|100%| O|  |TAMS 0x0000000089600000, 0x0000000089500000| Untracked 
| 150|0x0000000089600000, 0x0000000089700000, 0x0000000089700000|100%| O|  |TAMS 0x0000000089700000, 0x0000000089600000| Untracked 
| 151|0x0000000089700000, 0x0000000089800000, 0x0000000089800000|100%| O|  |TAMS 0x0000000089800000, 0x0000000089700000| Untracked 
| 152|0x0000000089800000, 0x0000000089900000, 0x0000000089900000|100%| O|  |TAMS 0x0000000089900000, 0x0000000089800000| Untracked 
| 153|0x0000000089900000, 0x0000000089a00000, 0x0000000089a00000|100%| O|  |TAMS 0x0000000089a00000, 0x0000000089900000| Untracked 
| 154|0x0000000089a00000, 0x0000000089b00000, 0x0000000089b00000|100%| O|  |TAMS 0x0000000089b00000, 0x0000000089a00000| Untracked 
| 155|0x0000000089b00000, 0x0000000089c00000, 0x0000000089c00000|100%| O|  |TAMS 0x0000000089c00000, 0x0000000089b00000| Untracked 
| 156|0x0000000089c00000, 0x0000000089d00000, 0x0000000089d00000|100%| O|  |TAMS 0x0000000089d00000, 0x0000000089c00000| Untracked 
| 157|0x0000000089d00000, 0x0000000089e00000, 0x0000000089e00000|100%| O|  |TAMS 0x0000000089e00000, 0x0000000089d00000| Untracked 
| 158|0x0000000089e00000, 0x0000000089f00000, 0x0000000089f00000|100%| O|  |TAMS 0x0000000089f00000, 0x0000000089e00000| Untracked 
| 159|0x0000000089f00000, 0x000000008a000000, 0x000000008a000000|100%| O|  |TAMS 0x000000008a000000, 0x0000000089f00000| Untracked 
| 160|0x000000008a000000, 0x000000008a100000, 0x000000008a100000|100%| O|  |TAMS 0x000000008a100000, 0x000000008a000000| Untracked 
| 161|0x000000008a100000, 0x000000008a200000, 0x000000008a200000|100%| O|  |TAMS 0x000000008a200000, 0x000000008a100000| Untracked 
| 162|0x000000008a200000, 0x000000008a300000, 0x000000008a300000|100%|HS|  |TAMS 0x000000008a300000, 0x000000008a200000| Complete 
| 163|0x000000008a300000, 0x000000008a400000, 0x000000008a400000|100%|HS|  |TAMS 0x000000008a400000, 0x000000008a300000| Complete 
| 164|0x000000008a400000, 0x000000008a500000, 0x000000008a500000|100%|HS|  |TAMS 0x000000008a500000, 0x000000008a400000| Complete 
| 165|0x000000008a500000, 0x000000008a600000, 0x000000008a600000|100%| O|  |TAMS 0x000000008a600000, 0x000000008a500000| Untracked 
| 166|0x000000008a600000, 0x000000008a700000, 0x000000008a700000|100%| O|  |TAMS 0x000000008a700000, 0x000000008a600000| Untracked 
| 167|0x000000008a700000, 0x000000008a800000, 0x000000008a800000|100%| O|  |TAMS 0x000000008a800000, 0x000000008a700000| Untracked 
| 168|0x000000008a800000, 0x000000008a900000, 0x000000008a900000|100%| O|  |TAMS 0x000000008a900000, 0x000000008a800000| Untracked 
| 169|0x000000008a900000, 0x000000008aa00000, 0x000000008aa00000|100%| O|  |TAMS 0x000000008aa00000, 0x000000008a900000| Untracked 
| 170|0x000000008aa00000, 0x000000008ab00000, 0x000000008ab00000|100%| O|  |TAMS 0x000000008ab00000, 0x000000008aa00000| Untracked 
| 171|0x000000008ab00000, 0x000000008ac00000, 0x000000008ac00000|100%| O|  |TAMS 0x000000008ac00000, 0x000000008ab00000| Untracked 
| 172|0x000000008ac00000, 0x000000008ad00000, 0x000000008ad00000|100%| O|  |TAMS 0x000000008ad00000, 0x000000008ac00000| Untracked 
| 173|0x000000008ad00000, 0x000000008ae00000, 0x000000008ae00000|100%| O|  |TAMS 0x000000008ae00000, 0x000000008ad00000| Untracked 
| 174|0x000000008ae00000, 0x000000008af00000, 0x000000008af00000|100%| O|  |TAMS 0x000000008af00000, 0x000000008ae00000| Untracked 
| 175|0x000000008af00000, 0x000000008b000000, 0x000000008b000000|100%| O|  |TAMS 0x000000008b000000, 0x000000008af00000| Untracked 
| 176|0x000000008b000000, 0x000000008b100000, 0x000000008b100000|100%| O|  |TAMS 0x000000008b100000, 0x000000008b000000| Untracked 
| 177|0x000000008b100000, 0x000000008b200000, 0x000000008b200000|100%| O|  |TAMS 0x000000008b200000, 0x000000008b100000| Untracked 
| 178|0x000000008b200000, 0x000000008b300000, 0x000000008b300000|100%| O|  |TAMS 0x000000008b300000, 0x000000008b200000| Untracked 
| 179|0x000000008b300000, 0x000000008b400000, 0x000000008b400000|100%| O|  |TAMS 0x000000008b400000, 0x000000008b300000| Untracked 
| 180|0x000000008b400000, 0x000000008b500000, 0x000000008b500000|100%| O|  |TAMS 0x000000008b500000, 0x000000008b400000| Untracked 
| 181|0x000000008b500000, 0x000000008b600000, 0x000000008b600000|100%|HS|  |TAMS 0x000000008b600000, 0x000000008b500000| Complete 
| 182|0x000000008b600000, 0x000000008b700000, 0x000000008b700000|100%|HS|  |TAMS 0x000000008b700000, 0x000000008b600000| Complete 
| 183|0x000000008b700000, 0x000000008b800000, 0x000000008b800000|100%| O|  |TAMS 0x000000008b800000, 0x000000008b700000| Untracked 
| 184|0x000000008b800000, 0x000000008b900000, 0x000000008b900000|100%| O|  |TAMS 0x000000008b900000, 0x000000008b800000| Untracked 
| 185|0x000000008b900000, 0x000000008ba00000, 0x000000008ba00000|100%| O|  |TAMS 0x000000008ba00000, 0x000000008b900000| Untracked 
| 186|0x000000008ba00000, 0x000000008bb00000, 0x000000008bb00000|100%| O|  |TAMS 0x000000008bb00000, 0x000000008ba00000| Untracked 
| 187|0x000000008bb00000, 0x000000008bc00000, 0x000000008bc00000|100%| O|  |TAMS 0x000000008bc00000, 0x000000008bb00000| Untracked 
| 188|0x000000008bc00000, 0x000000008bd00000, 0x000000008bd00000|100%| O|  |TAMS 0x000000008bd00000, 0x000000008bc00000| Untracked 
| 189|0x000000008bd00000, 0x000000008be00000, 0x000000008be00000|100%| O|  |TAMS 0x000000008be00000, 0x000000008bd00000| Untracked 
| 190|0x000000008be00000, 0x000000008bf00000, 0x000000008bf00000|100%| O|  |TAMS 0x000000008bf00000, 0x000000008be00000| Untracked 
| 191|0x000000008bf00000, 0x000000008c000000, 0x000000008c000000|100%| O|  |TAMS 0x000000008bf00000, 0x000000008bf00000| Untracked 
| 192|0x000000008c000000, 0x000000008c100000, 0x000000008c100000|100%| O|  |TAMS 0x000000008c100000, 0x000000008c000000| Untracked 
| 193|0x000000008c100000, 0x000000008c200000, 0x000000008c200000|100%| O|  |TAMS 0x000000008c200000, 0x000000008c100000| Untracked 
| 194|0x000000008c200000, 0x000000008c300000, 0x000000008c300000|100%| O|  |TAMS 0x000000008c300000, 0x000000008c200000| Untracked 
| 195|0x000000008c300000, 0x000000008c400000, 0x000000008c400000|100%|HS|  |TAMS 0x000000008c400000, 0x000000008c300000| Complete 
| 196|0x000000008c400000, 0x000000008c500000, 0x000000008c500000|100%|HS|  |TAMS 0x000000008c500000, 0x000000008c400000| Complete 
| 197|0x000000008c500000, 0x000000008c600000, 0x000000008c600000|100%| O|  |TAMS 0x000000008c600000, 0x000000008c500000| Untracked 
| 198|0x000000008c600000, 0x000000008c700000, 0x000000008c700000|100%| O|  |TAMS 0x000000008c700000, 0x000000008c600000| Untracked 
| 199|0x000000008c700000, 0x000000008c800000, 0x000000008c800000|100%| O|  |TAMS 0x000000008c800000, 0x000000008c700000| Untracked 
| 200|0x000000008c800000, 0x000000008c900000, 0x000000008c900000|100%| O|  |TAMS 0x000000008c900000, 0x000000008c800000| Untracked 
| 201|0x000000008c900000, 0x000000008ca00000, 0x000000008ca00000|100%| O|  |TAMS 0x000000008ca00000, 0x000000008c900000| Untracked 
| 202|0x000000008ca00000, 0x000000008cb00000, 0x000000008cb00000|100%| O|  |TAMS 0x000000008cb00000, 0x000000008ca00000| Untracked 
| 203|0x000000008cb00000, 0x000000008cc00000, 0x000000008cc00000|100%| O|  |TAMS 0x000000008cc00000, 0x000000008cb00000| Untracked 
| 204|0x000000008cc00000, 0x000000008cd00000, 0x000000008cd00000|100%| O|  |TAMS 0x000000008cd00000, 0x000000008cc00000| Untracked 
| 205|0x000000008cd00000, 0x000000008ce00000, 0x000000008ce00000|100%| O|  |TAMS 0x000000008ce00000, 0x000000008cd00000| Untracked 
| 206|0x000000008ce00000, 0x000000008cf00000, 0x000000008cf00000|100%| O|  |TAMS 0x000000008cf00000, 0x000000008ce00000| Untracked 
| 207|0x000000008cf00000, 0x000000008d000000, 0x000000008d000000|100%| O|  |TAMS 0x000000008d000000, 0x000000008cf00000| Untracked 
| 208|0x000000008d000000, 0x000000008d100000, 0x000000008d100000|100%| O|  |TAMS 0x000000008d100000, 0x000000008d000000| Untracked 
| 209|0x000000008d100000, 0x000000008d200000, 0x000000008d200000|100%| O|  |TAMS 0x000000008d200000, 0x000000008d100000| Untracked 
| 210|0x000000008d200000, 0x000000008d300000, 0x000000008d300000|100%| O|  |TAMS 0x000000008d300000, 0x000000008d200000| Untracked 
| 211|0x000000008d300000, 0x000000008d400000, 0x000000008d400000|100%| O|  |TAMS 0x000000008d400000, 0x000000008d300000| Untracked 
| 212|0x000000008d400000, 0x000000008d500000, 0x000000008d500000|100%| O|  |TAMS 0x000000008d500000, 0x000000008d400000| Untracked 
| 213|0x000000008d500000, 0x000000008d600000, 0x000000008d600000|100%| O|  |TAMS 0x000000008d600000, 0x000000008d500000| Untracked 
| 214|0x000000008d600000, 0x000000008d700000, 0x000000008d700000|100%| O|  |TAMS 0x000000008d700000, 0x000000008d600000| Untracked 
| 215|0x000000008d700000, 0x000000008d800000, 0x000000008d800000|100%| O|  |TAMS 0x000000008d800000, 0x000000008d700000| Untracked 
| 216|0x000000008d800000, 0x000000008d900000, 0x000000008d900000|100%| O|  |TAMS 0x000000008d900000, 0x000000008d800000| Untracked 
| 217|0x000000008d900000, 0x000000008da00000, 0x000000008da00000|100%| O|  |TAMS 0x000000008da00000, 0x000000008d900000| Untracked 
| 218|0x000000008da00000, 0x000000008db00000, 0x000000008db00000|100%|HS|  |TAMS 0x000000008db00000, 0x000000008da00000| Complete 
| 219|0x000000008db00000, 0x000000008dc00000, 0x000000008dc00000|100%|HC|  |TAMS 0x000000008dc00000, 0x000000008db00000| Complete 
| 220|0x000000008dc00000, 0x000000008dd00000, 0x000000008dd00000|100%|HS|  |TAMS 0x000000008dd00000, 0x000000008dc00000| Complete 
| 221|0x000000008dd00000, 0x000000008de00000, 0x000000008de00000|100%|HS|  |TAMS 0x000000008de00000, 0x000000008dd00000| Complete 
| 222|0x000000008de00000, 0x000000008df00000, 0x000000008df00000|100%| O|  |TAMS 0x000000008df00000, 0x000000008de00000| Untracked 
| 223|0x000000008df00000, 0x000000008e000000, 0x000000008e000000|100%|HS|  |TAMS 0x000000008e000000, 0x000000008df00000| Complete 
| 224|0x000000008e000000, 0x000000008e100000, 0x000000008e100000|100%|HC|  |TAMS 0x000000008e100000, 0x000000008e000000| Complete 
| 225|0x000000008e100000, 0x000000008e200000, 0x000000008e200000|100%| O|  |TAMS 0x000000008e100000, 0x000000008e100000| Untracked 
| 226|0x000000008e200000, 0x000000008e300000, 0x000000008e300000|100%| O|  |TAMS 0x000000008e200000, 0x000000008e200000| Untracked 
| 227|0x000000008e300000, 0x000000008e400000, 0x000000008e400000|100%| O|  |TAMS 0x000000008e400000, 0x000000008e300000| Untracked 
| 228|0x000000008e400000, 0x000000008e500000, 0x000000008e500000|100%| O|  |TAMS 0x000000008e500000, 0x000000008e400000| Untracked 
| 229|0x000000008e500000, 0x000000008e600000, 0x000000008e600000|100%| O|  |TAMS 0x000000008e600000, 0x000000008e500000| Untracked 
| 230|0x000000008e600000, 0x000000008e700000, 0x000000008e700000|100%| O|  |TAMS 0x000000008e700000, 0x000000008e600000| Untracked 
| 231|0x000000008e700000, 0x000000008e800000, 0x000000008e800000|100%| O|  |TAMS 0x000000008e800000, 0x000000008e700000| Untracked 
| 232|0x000000008e800000, 0x000000008e900000, 0x000000008e900000|100%| O|  |TAMS 0x000000008e900000, 0x000000008e800000| Untracked 
| 233|0x000000008e900000, 0x000000008ea00000, 0x000000008ea00000|100%| O|  |TAMS 0x000000008ea00000, 0x000000008e900000| Untracked 
| 234|0x000000008ea00000, 0x000000008eb00000, 0x000000008eb00000|100%| O|  |TAMS 0x000000008eb00000, 0x000000008ea00000| Untracked 
| 235|0x000000008eb00000, 0x000000008ec00000, 0x000000008ec00000|100%| O|  |TAMS 0x000000008ec00000, 0x000000008eb00000| Untracked 
| 236|0x000000008ec00000, 0x000000008ed00000, 0x000000008ed00000|100%| O|  |TAMS 0x000000008ed00000, 0x000000008ec00000| Untracked 
| 237|0x000000008ed00000, 0x000000008ee00000, 0x000000008ee00000|100%| O|  |TAMS 0x000000008ee00000, 0x000000008ed00000| Untracked 
| 238|0x000000008ee00000, 0x000000008ef00000, 0x000000008ef00000|100%| O|  |TAMS 0x000000008ef00000, 0x000000008ee00000| Untracked 
| 239|0x000000008ef00000, 0x000000008f000000, 0x000000008f000000|100%|HS|  |TAMS 0x000000008f000000, 0x000000008ef00000| Complete 
| 240|0x000000008f000000, 0x000000008f100000, 0x000000008f100000|100%|HS|  |TAMS 0x000000008f100000, 0x000000008f000000| Complete 
| 241|0x000000008f100000, 0x000000008f200000, 0x000000008f200000|100%|HS|  |TAMS 0x000000008f200000, 0x000000008f100000| Complete 
| 242|0x000000008f200000, 0x000000008f300000, 0x000000008f300000|100%| O|  |TAMS 0x000000008f300000, 0x000000008f200000| Untracked 
| 243|0x000000008f300000, 0x000000008f400000, 0x000000008f400000|100%| O|  |TAMS 0x000000008f400000, 0x000000008f300000| Untracked 
| 244|0x000000008f400000, 0x000000008f500000, 0x000000008f500000|100%| O|  |TAMS 0x000000008f500000, 0x000000008f400000| Untracked 
| 245|0x000000008f500000, 0x000000008f600000, 0x000000008f600000|100%| O|  |TAMS 0x000000008f600000, 0x000000008f500000| Untracked 
| 246|0x000000008f600000, 0x000000008f700000, 0x000000008f700000|100%| O|  |TAMS 0x000000008f700000, 0x000000008f600000| Untracked 
| 247|0x000000008f700000, 0x000000008f800000, 0x000000008f800000|100%| O|  |TAMS 0x000000008f800000, 0x000000008f700000| Untracked 
| 248|0x000000008f800000, 0x000000008f900000, 0x000000008f900000|100%| O|  |TAMS 0x000000008f900000, 0x000000008f800000| Untracked 
| 249|0x000000008f900000, 0x000000008fa00000, 0x000000008fa00000|100%| O|  |TAMS 0x000000008fa00000, 0x000000008f900000| Untracked 
| 250|0x000000008fa00000, 0x000000008fb00000, 0x000000008fb00000|100%| O|  |TAMS 0x000000008fb00000, 0x000000008fa00000| Untracked 
| 251|0x000000008fb00000, 0x000000008fc00000, 0x000000008fc00000|100%| O|  |TAMS 0x000000008fc00000, 0x000000008fb00000| Untracked 
| 252|0x000000008fc00000, 0x000000008fd00000, 0x000000008fd00000|100%| O|  |TAMS 0x000000008fd00000, 0x000000008fc00000| Untracked 
| 253|0x000000008fd00000, 0x000000008fe00000, 0x000000008fe00000|100%| O|  |TAMS 0x000000008fe00000, 0x000000008fd00000| Untracked 
| 254|0x000000008fe00000, 0x000000008ff00000, 0x000000008ff00000|100%| O|  |TAMS 0x000000008ff00000, 0x000000008fe00000| Untracked 
| 255|0x000000008ff00000, 0x0000000090000000, 0x0000000090000000|100%| O|  |TAMS 0x0000000090000000, 0x000000008ff00000| Untracked 
| 256|0x0000000090000000, 0x0000000090100000, 0x0000000090100000|100%| O|  |TAMS 0x0000000090100000, 0x0000000090000000| Untracked 
| 257|0x0000000090100000, 0x0000000090200000, 0x0000000090200000|100%| O|  |TAMS 0x0000000090200000, 0x0000000090100000| Untracked 
| 258|0x0000000090200000, 0x0000000090300000, 0x0000000090300000|100%| O|  |TAMS 0x0000000090300000, 0x0000000090200000| Untracked 
| 259|0x0000000090300000, 0x0000000090400000, 0x0000000090400000|100%| O|  |TAMS 0x0000000090400000, 0x0000000090300000| Untracked 
| 260|0x0000000090400000, 0x0000000090500000, 0x0000000090500000|100%| O|  |TAMS 0x0000000090500000, 0x0000000090400000| Untracked 
| 261|0x0000000090500000, 0x0000000090600000, 0x0000000090600000|100%| O|  |TAMS 0x0000000090600000, 0x0000000090500000| Untracked 
| 262|0x0000000090600000, 0x0000000090700000, 0x0000000090700000|100%| O|  |TAMS 0x0000000090700000, 0x0000000090600000| Untracked 
| 263|0x0000000090700000, 0x0000000090800000, 0x0000000090800000|100%| O|  |TAMS 0x0000000090800000, 0x0000000090700000| Untracked 
| 264|0x0000000090800000, 0x0000000090900000, 0x0000000090900000|100%| O|  |TAMS 0x0000000090900000, 0x0000000090800000| Untracked 
| 265|0x0000000090900000, 0x0000000090a00000, 0x0000000090a00000|100%| O|  |TAMS 0x0000000090a00000, 0x0000000090900000| Untracked 
| 266|0x0000000090a00000, 0x0000000090b00000, 0x0000000090b00000|100%| O|  |TAMS 0x0000000090b00000, 0x0000000090a00000| Untracked 
| 267|0x0000000090b00000, 0x0000000090c00000, 0x0000000090c00000|100%| O|  |TAMS 0x0000000090c00000, 0x0000000090b00000| Untracked 
| 268|0x0000000090c00000, 0x0000000090d00000, 0x0000000090d00000|100%| O|  |TAMS 0x0000000090d00000, 0x0000000090c00000| Untracked 
| 269|0x0000000090d00000, 0x0000000090e00000, 0x0000000090e00000|100%| O|  |TAMS 0x0000000090e00000, 0x0000000090d00000| Untracked 
| 270|0x0000000090e00000, 0x0000000090f00000, 0x0000000090f00000|100%| O|  |TAMS 0x0000000090f00000, 0x0000000090e00000| Untracked 
| 271|0x0000000090f00000, 0x0000000091000000, 0x0000000091000000|100%| O|  |TAMS 0x0000000091000000, 0x0000000090f00000| Untracked 
| 272|0x0000000091000000, 0x0000000091100000, 0x0000000091100000|100%| O|  |TAMS 0x0000000091100000, 0x0000000091000000| Untracked 
| 273|0x0000000091100000, 0x0000000091200000, 0x0000000091200000|100%| O|  |TAMS 0x0000000091200000, 0x0000000091100000| Untracked 
| 274|0x0000000091200000, 0x0000000091300000, 0x0000000091300000|100%| O|  |TAMS 0x0000000091300000, 0x0000000091200000| Untracked 
| 275|0x0000000091300000, 0x0000000091400000, 0x0000000091400000|100%| O|  |TAMS 0x0000000091400000, 0x0000000091300000| Untracked 
| 276|0x0000000091400000, 0x0000000091500000, 0x0000000091500000|100%| O|  |TAMS 0x0000000091500000, 0x0000000091400000| Untracked 
| 277|0x0000000091500000, 0x0000000091600000, 0x0000000091600000|100%| O|  |TAMS 0x0000000091600000, 0x0000000091500000| Untracked 
| 278|0x0000000091600000, 0x0000000091700000, 0x0000000091700000|100%| O|  |TAMS 0x0000000091700000, 0x0000000091600000| Untracked 
| 279|0x0000000091700000, 0x0000000091800000, 0x0000000091800000|100%| O|  |TAMS 0x0000000091800000, 0x0000000091700000| Untracked 
| 280|0x0000000091800000, 0x0000000091900000, 0x0000000091900000|100%| O|  |TAMS 0x0000000091800000, 0x0000000091800000| Untracked 
| 281|0x0000000091900000, 0x0000000091a00000, 0x0000000091a00000|100%| O|  |TAMS 0x0000000091a00000, 0x0000000091900000| Untracked 
| 282|0x0000000091a00000, 0x0000000091b00000, 0x0000000091b00000|100%| O|  |TAMS 0x0000000091b00000, 0x0000000091a00000| Untracked 
| 283|0x0000000091b00000, 0x0000000091c00000, 0x0000000091c00000|100%| O|  |TAMS 0x0000000091c00000, 0x0000000091b00000| Untracked 
| 284|0x0000000091c00000, 0x0000000091d00000, 0x0000000091d00000|100%| O|  |TAMS 0x0000000091d00000, 0x0000000091c00000| Untracked 
| 285|0x0000000091d00000, 0x0000000091e00000, 0x0000000091e00000|100%| O|  |TAMS 0x0000000091e00000, 0x0000000091d00000| Untracked 
| 286|0x0000000091e00000, 0x0000000091f00000, 0x0000000091f00000|100%| O|  |TAMS 0x0000000091f00000, 0x0000000091e00000| Untracked 
| 287|0x0000000091f00000, 0x0000000092000000, 0x0000000092000000|100%| O|  |TAMS 0x0000000092000000, 0x0000000091f00000| Untracked 
| 288|0x0000000092000000, 0x0000000092100000, 0x0000000092100000|100%| O|  |TAMS 0x0000000092100000, 0x0000000092000000| Untracked 
| 289|0x0000000092100000, 0x0000000092200000, 0x0000000092200000|100%| O|  |TAMS 0x0000000092200000, 0x0000000092100000| Untracked 
| 290|0x0000000092200000, 0x0000000092300000, 0x0000000092300000|100%| O|  |TAMS 0x0000000092300000, 0x0000000092200000| Untracked 
| 291|0x0000000092300000, 0x0000000092400000, 0x0000000092400000|100%| O|  |TAMS 0x0000000092400000, 0x0000000092300000| Untracked 
| 292|0x0000000092400000, 0x0000000092500000, 0x0000000092500000|100%| O|  |TAMS 0x0000000092400000, 0x0000000092400000| Untracked 
| 293|0x0000000092500000, 0x0000000092600000, 0x0000000092600000|100%| O|  |TAMS 0x0000000092600000, 0x0000000092500000| Untracked 
| 294|0x0000000092600000, 0x0000000092700000, 0x0000000092700000|100%| O|  |TAMS 0x0000000092700000, 0x0000000092600000| Untracked 
| 295|0x0000000092700000, 0x0000000092800000, 0x0000000092800000|100%| O|  |TAMS 0x0000000092800000, 0x0000000092700000| Untracked 
| 296|0x0000000092800000, 0x0000000092900000, 0x0000000092900000|100%| O|  |TAMS 0x0000000092900000, 0x0000000092800000| Untracked 
| 297|0x0000000092900000, 0x0000000092a00000, 0x0000000092a00000|100%| O|  |TAMS 0x0000000092a00000, 0x0000000092900000| Untracked 
| 298|0x0000000092a00000, 0x0000000092b00000, 0x0000000092b00000|100%| O|  |TAMS 0x0000000092b00000, 0x0000000092a00000| Untracked 
| 299|0x0000000092b00000, 0x0000000092c00000, 0x0000000092c00000|100%| O|  |TAMS 0x0000000092c00000, 0x0000000092b00000| Untracked 
| 300|0x0000000092c00000, 0x0000000092d00000, 0x0000000092d00000|100%| O|  |TAMS 0x0000000092d00000, 0x0000000092c00000| Untracked 
| 301|0x0000000092d00000, 0x0000000092e00000, 0x0000000092e00000|100%| O|  |TAMS 0x0000000092e00000, 0x0000000092d00000| Untracked 
| 302|0x0000000092e00000, 0x0000000092f00000, 0x0000000092f00000|100%| O|  |TAMS 0x0000000092f00000, 0x0000000092e00000| Untracked 
| 303|0x0000000092f00000, 0x0000000093000000, 0x0000000093000000|100%| O|  |TAMS 0x0000000093000000, 0x0000000092f00000| Untracked 
| 304|0x0000000093000000, 0x0000000093100000, 0x0000000093100000|100%| O|  |TAMS 0x0000000093100000, 0x0000000093000000| Untracked 
| 305|0x0000000093100000, 0x0000000093200000, 0x0000000093200000|100%| O|  |TAMS 0x0000000093200000, 0x0000000093100000| Untracked 
| 306|0x0000000093200000, 0x0000000093300000, 0x0000000093300000|100%| O|  |TAMS 0x0000000093300000, 0x0000000093200000| Untracked 
| 307|0x0000000093300000, 0x0000000093400000, 0x0000000093400000|100%| O|  |TAMS 0x0000000093400000, 0x0000000093300000| Untracked 
| 308|0x0000000093400000, 0x0000000093500000, 0x0000000093500000|100%| O|  |TAMS 0x0000000093500000, 0x0000000093400000| Untracked 
| 309|0x0000000093500000, 0x0000000093600000, 0x0000000093600000|100%| O|  |TAMS 0x0000000093600000, 0x0000000093500000| Untracked 
| 310|0x0000000093600000, 0x0000000093700000, 0x0000000093700000|100%| O|  |TAMS 0x0000000093700000, 0x0000000093600000| Untracked 
| 311|0x0000000093700000, 0x0000000093800000, 0x0000000093800000|100%| O|  |TAMS 0x0000000093800000, 0x0000000093700000| Untracked 
| 312|0x0000000093800000, 0x0000000093900000, 0x0000000093900000|100%| O|  |TAMS 0x0000000093900000, 0x0000000093800000| Untracked 
| 313|0x0000000093900000, 0x0000000093a00000, 0x0000000093a00000|100%| O|  |TAMS 0x0000000093a00000, 0x0000000093900000| Untracked 
| 314|0x0000000093a00000, 0x0000000093b00000, 0x0000000093b00000|100%| O|  |TAMS 0x0000000093b00000, 0x0000000093a00000| Untracked 
| 315|0x0000000093b00000, 0x0000000093c00000, 0x0000000093c00000|100%| O|  |TAMS 0x0000000093c00000, 0x0000000093b00000| Untracked 
| 316|0x0000000093c00000, 0x0000000093d00000, 0x0000000093d00000|100%| O|  |TAMS 0x0000000093d00000, 0x0000000093c00000| Untracked 
| 317|0x0000000093d00000, 0x0000000093e00000, 0x0000000093e00000|100%| O|  |TAMS 0x0000000093e00000, 0x0000000093d00000| Untracked 
| 318|0x0000000093e00000, 0x0000000093f00000, 0x0000000093f00000|100%| O|  |TAMS 0x0000000093f00000, 0x0000000093e00000| Untracked 
| 319|0x0000000093f00000, 0x0000000094000000, 0x0000000094000000|100%| O|  |TAMS 0x0000000094000000, 0x0000000093f00000| Untracked 
| 320|0x0000000094000000, 0x0000000094100000, 0x0000000094100000|100%|HS|  |TAMS 0x0000000094100000, 0x0000000094000000| Complete 
| 321|0x0000000094100000, 0x0000000094200000, 0x0000000094200000|100%|HC|  |TAMS 0x0000000094200000, 0x0000000094100000| Complete 
| 322|0x0000000094200000, 0x0000000094300000, 0x0000000094300000|100%|HC|  |TAMS 0x0000000094300000, 0x0000000094200000| Complete 
| 323|0x0000000094300000, 0x0000000094400000, 0x0000000094400000|100%|HS|  |TAMS 0x0000000094400000, 0x0000000094300000| Complete 
| 324|0x0000000094400000, 0x0000000094500000, 0x0000000094500000|100%|HC|  |TAMS 0x0000000094500000, 0x0000000094400000| Complete 
| 325|0x0000000094500000, 0x0000000094600000, 0x0000000094600000|100%|HS|  |TAMS 0x0000000094600000, 0x0000000094500000| Complete 
| 326|0x0000000094600000, 0x0000000094700000, 0x0000000094700000|100%|HS|  |TAMS 0x0000000094700000, 0x0000000094600000| Complete 
| 327|0x0000000094700000, 0x0000000094800000, 0x0000000094800000|100%|HS|  |TAMS 0x0000000094800000, 0x0000000094700000| Complete 
| 328|0x0000000094800000, 0x0000000094900000, 0x0000000094900000|100%| O|  |TAMS 0x0000000094900000, 0x0000000094800000| Untracked 
| 329|0x0000000094900000, 0x0000000094a00000, 0x0000000094a00000|100%|HS|  |TAMS 0x0000000094a00000, 0x0000000094900000| Complete 
| 330|0x0000000094a00000, 0x0000000094b00000, 0x0000000094b00000|100%|HC|  |TAMS 0x0000000094b00000, 0x0000000094a00000| Complete 
| 331|0x0000000094b00000, 0x0000000094c00000, 0x0000000094c00000|100%|HS|  |TAMS 0x0000000094c00000, 0x0000000094b00000| Complete 
| 332|0x0000000094c00000, 0x0000000094d00000, 0x0000000094d00000|100%|HS|  |TAMS 0x0000000094d00000, 0x0000000094c00000| Complete 
| 333|0x0000000094d00000, 0x0000000094e00000, 0x0000000094e00000|100%|HS|  |TAMS 0x0000000094e00000, 0x0000000094d00000| Complete 
| 334|0x0000000094e00000, 0x0000000094f00000, 0x0000000094f00000|100%|HC|  |TAMS 0x0000000094f00000, 0x0000000094e00000| Complete 
| 335|0x0000000094f00000, 0x0000000095000000, 0x0000000095000000|100%|HS|  |TAMS 0x0000000095000000, 0x0000000094f00000| Complete 
| 336|0x0000000095000000, 0x0000000095100000, 0x0000000095100000|100%|HC|  |TAMS 0x0000000095100000, 0x0000000095000000| Complete 
| 337|0x0000000095100000, 0x0000000095200000, 0x0000000095200000|100%|HS|  |TAMS 0x0000000095200000, 0x0000000095100000| Complete 
| 338|0x0000000095200000, 0x0000000095300000, 0x0000000095300000|100%|HC|  |TAMS 0x0000000095300000, 0x0000000095200000| Complete 
| 339|0x0000000095300000, 0x0000000095400000, 0x0000000095400000|100%|HC|  |TAMS 0x0000000095400000, 0x0000000095300000| Complete 
| 340|0x0000000095400000, 0x0000000095500000, 0x0000000095500000|100%| O|  |TAMS 0x0000000095500000, 0x0000000095400000| Untracked 
| 341|0x0000000095500000, 0x0000000095600000, 0x0000000095600000|100%|HS|  |TAMS 0x0000000095600000, 0x0000000095500000| Complete 
| 342|0x0000000095600000, 0x0000000095700000, 0x0000000095700000|100%| O|  |TAMS 0x0000000095700000, 0x0000000095600000| Untracked 
| 343|0x0000000095700000, 0x0000000095800000, 0x0000000095800000|100%|HS|  |TAMS 0x0000000095800000, 0x0000000095700000| Complete 
| 344|0x0000000095800000, 0x0000000095900000, 0x0000000095900000|100%| O|  |TAMS 0x0000000095900000, 0x0000000095800000| Untracked 
| 345|0x0000000095900000, 0x0000000095a00000, 0x0000000095a00000|100%|HS|  |TAMS 0x0000000095a00000, 0x0000000095900000| Complete 
| 346|0x0000000095a00000, 0x0000000095b00000, 0x0000000095b00000|100%|HS|  |TAMS 0x0000000095b00000, 0x0000000095a00000| Complete 
| 347|0x0000000095b00000, 0x0000000095c00000, 0x0000000095c00000|100%|HC|  |TAMS 0x0000000095c00000, 0x0000000095b00000| Complete 
| 348|0x0000000095c00000, 0x0000000095d00000, 0x0000000095d00000|100%|HC|  |TAMS 0x0000000095d00000, 0x0000000095c00000| Complete 
| 349|0x0000000095d00000, 0x0000000095e00000, 0x0000000095e00000|100%|HS|  |TAMS 0x0000000095e00000, 0x0000000095d00000| Complete 
| 350|0x0000000095e00000, 0x0000000095f00000, 0x0000000095f00000|100%|HC|  |TAMS 0x0000000095f00000, 0x0000000095e00000| Complete 
| 351|0x0000000095f00000, 0x0000000096000000, 0x0000000096000000|100%| O|  |TAMS 0x0000000096000000, 0x0000000095f00000| Untracked 
| 352|0x0000000096000000, 0x0000000096100000, 0x0000000096100000|100%|HS|  |TAMS 0x0000000096100000, 0x0000000096000000| Complete 
| 353|0x0000000096100000, 0x0000000096200000, 0x0000000096200000|100%|HC|  |TAMS 0x0000000096200000, 0x0000000096100000| Complete 
| 354|0x0000000096200000, 0x0000000096300000, 0x0000000096300000|100%| O|  |TAMS 0x0000000096300000, 0x0000000096200000| Untracked 
| 355|0x0000000096300000, 0x0000000096400000, 0x0000000096400000|100%| O|  |TAMS 0x0000000096400000, 0x0000000096300000| Untracked 
| 356|0x0000000096400000, 0x0000000096500000, 0x0000000096500000|100%| O|  |TAMS 0x0000000096500000, 0x0000000096400000| Untracked 
| 357|0x0000000096500000, 0x0000000096600000, 0x0000000096600000|100%| O|  |TAMS 0x0000000096500000, 0x0000000096500000| Untracked 
| 358|0x0000000096600000, 0x0000000096700000, 0x0000000096700000|100%| O|  |TAMS 0x0000000096600000, 0x0000000096600000| Untracked 
| 359|0x0000000096700000, 0x0000000096800000, 0x0000000096800000|100%| O|  |TAMS 0x0000000096800000, 0x0000000096700000| Untracked 
| 360|0x0000000096800000, 0x0000000096900000, 0x0000000096900000|100%| O|  |TAMS 0x0000000096900000, 0x0000000096800000| Untracked 
| 361|0x0000000096900000, 0x0000000096a00000, 0x0000000096a00000|100%| O|  |TAMS 0x0000000096a00000, 0x0000000096900000| Untracked 
| 362|0x0000000096a00000, 0x0000000096b00000, 0x0000000096b00000|100%| O|  |TAMS 0x0000000096b00000, 0x0000000096a00000| Untracked 
| 363|0x0000000096b00000, 0x0000000096c00000, 0x0000000096c00000|100%| O|  |TAMS 0x0000000096c00000, 0x0000000096b00000| Untracked 
| 364|0x0000000096c00000, 0x0000000096d00000, 0x0000000096d00000|100%| O|  |TAMS 0x0000000096d00000, 0x0000000096c00000| Untracked 
| 365|0x0000000096d00000, 0x0000000096e00000, 0x0000000096e00000|100%|HS|  |TAMS 0x0000000096e00000, 0x0000000096d00000| Complete 
| 366|0x0000000096e00000, 0x0000000096f00000, 0x0000000096f00000|100%|HC|  |TAMS 0x0000000096f00000, 0x0000000096e00000| Complete 
| 367|0x0000000096f00000, 0x0000000097000000, 0x0000000097000000|100%| O|  |TAMS 0x0000000097000000, 0x0000000096f00000| Untracked 
| 368|0x0000000097000000, 0x0000000097100000, 0x0000000097100000|100%|HS|  |TAMS 0x0000000097100000, 0x0000000097000000| Complete 
| 369|0x0000000097100000, 0x0000000097200000, 0x0000000097200000|100%| O|  |TAMS 0x0000000097100000, 0x0000000097100000| Untracked 
| 370|0x0000000097200000, 0x0000000097300000, 0x0000000097300000|100%|HS|  |TAMS 0x0000000097300000, 0x0000000097200000| Complete 
| 371|0x0000000097300000, 0x0000000097400000, 0x0000000097400000|100%| O|  |TAMS 0x0000000097400000, 0x0000000097300000| Untracked 
| 372|0x0000000097400000, 0x0000000097500000, 0x0000000097500000|100%| O|  |TAMS 0x0000000097500000, 0x0000000097400000| Untracked 
| 373|0x0000000097500000, 0x0000000097600000, 0x0000000097600000|100%| O|  |TAMS 0x0000000097600000, 0x0000000097500000| Untracked 
| 374|0x0000000097600000, 0x0000000097700000, 0x0000000097700000|100%|HS|  |TAMS 0x0000000097700000, 0x0000000097600000| Complete 
| 375|0x0000000097700000, 0x0000000097800000, 0x0000000097800000|100%|HC|  |TAMS 0x0000000097800000, 0x0000000097700000| Complete 
| 376|0x0000000097800000, 0x0000000097900000, 0x0000000097900000|100%| O|  |TAMS 0x0000000097900000, 0x0000000097800000| Untracked 
| 377|0x0000000097900000, 0x0000000097a00000, 0x0000000097a00000|100%| O|  |TAMS 0x0000000097a00000, 0x0000000097900000| Untracked 
| 378|0x0000000097a00000, 0x0000000097b00000, 0x0000000097b00000|100%| O|  |TAMS 0x0000000097b00000, 0x0000000097a00000| Untracked 
| 379|0x0000000097b00000, 0x0000000097c00000, 0x0000000097c00000|100%| O|  |TAMS 0x0000000097c00000, 0x0000000097b00000| Untracked 
| 380|0x0000000097c00000, 0x0000000097d00000, 0x0000000097d00000|100%| O|  |TAMS 0x0000000097d00000, 0x0000000097c00000| Untracked 
| 381|0x0000000097d00000, 0x0000000097e00000, 0x0000000097e00000|100%| O|  |TAMS 0x0000000097e00000, 0x0000000097d00000| Untracked 
| 382|0x0000000097e00000, 0x0000000097f00000, 0x0000000097f00000|100%| O|  |TAMS 0x0000000097f00000, 0x0000000097e00000| Untracked 
| 383|0x0000000097f00000, 0x0000000098000000, 0x0000000098000000|100%| O|  |TAMS 0x0000000098000000, 0x0000000097f00000| Untracked 
| 384|0x0000000098000000, 0x0000000098100000, 0x0000000098100000|100%| O|  |TAMS 0x0000000098100000, 0x0000000098000000| Untracked 
| 385|0x0000000098100000, 0x0000000098200000, 0x0000000098200000|100%| O|  |TAMS 0x0000000098100000, 0x0000000098100000| Untracked 
| 386|0x0000000098200000, 0x0000000098300000, 0x0000000098300000|100%|HS|  |TAMS 0x0000000098300000, 0x0000000098200000| Complete 
| 387|0x0000000098300000, 0x0000000098400000, 0x0000000098400000|100%|HC|  |TAMS 0x0000000098400000, 0x0000000098300000| Complete 
| 388|0x0000000098400000, 0x0000000098500000, 0x0000000098500000|100%|HC|  |TAMS 0x0000000098500000, 0x0000000098400000| Complete 
| 389|0x0000000098500000, 0x0000000098600000, 0x0000000098600000|100%| O|  |TAMS 0x0000000098500000, 0x0000000098500000| Untracked 
| 390|0x0000000098600000, 0x0000000098700000, 0x0000000098700000|100%| O|  |TAMS 0x0000000098700000, 0x0000000098600000| Untracked 
| 391|0x0000000098700000, 0x0000000098800000, 0x0000000098800000|100%| O|  |TAMS 0x0000000098800000, 0x0000000098700000| Untracked 
| 392|0x0000000098800000, 0x0000000098900000, 0x0000000098900000|100%| O|  |TAMS 0x0000000098900000, 0x0000000098800000| Untracked 
| 393|0x0000000098900000, 0x0000000098a00000, 0x0000000098a00000|100%| O|  |TAMS 0x0000000098a00000, 0x0000000098900000| Untracked 
| 394|0x0000000098a00000, 0x0000000098b00000, 0x0000000098b00000|100%| O|  |TAMS 0x0000000098b00000, 0x0000000098a00000| Untracked 
| 395|0x0000000098b00000, 0x0000000098c00000, 0x0000000098c00000|100%| O|  |TAMS 0x0000000098c00000, 0x0000000098b00000| Untracked 
| 396|0x0000000098c00000, 0x0000000098d00000, 0x0000000098d00000|100%| O|  |TAMS 0x0000000098d00000, 0x0000000098c00000| Untracked 
| 397|0x0000000098d00000, 0x0000000098e00000, 0x0000000098e00000|100%| O|  |TAMS 0x0000000098e00000, 0x0000000098d00000| Untracked 
| 398|0x0000000098e00000, 0x0000000098f00000, 0x0000000098f00000|100%| O|  |TAMS 0x0000000098f00000, 0x0000000098e00000| Untracked 
| 399|0x0000000098f00000, 0x0000000099000000, 0x0000000099000000|100%| O|  |TAMS 0x0000000099000000, 0x0000000098f00000| Untracked 
| 400|0x0000000099000000, 0x0000000099100000, 0x0000000099100000|100%| O|  |TAMS 0x0000000099100000, 0x0000000099000000| Untracked 
| 401|0x0000000099100000, 0x0000000099200000, 0x0000000099200000|100%| O|  |TAMS 0x0000000099200000, 0x0000000099100000| Untracked 
| 402|0x0000000099200000, 0x0000000099300000, 0x0000000099300000|100%| O|  |TAMS 0x0000000099300000, 0x0000000099200000| Untracked 
| 403|0x0000000099300000, 0x0000000099400000, 0x0000000099400000|100%| O|  |TAMS 0x0000000099400000, 0x0000000099300000| Untracked 
| 404|0x0000000099400000, 0x0000000099500000, 0x0000000099500000|100%| O|  |TAMS 0x0000000099500000, 0x0000000099400000| Untracked 
| 405|0x0000000099500000, 0x0000000099600000, 0x0000000099600000|100%| O|  |TAMS 0x0000000099571a00, 0x0000000099500000| Untracked 
| 406|0x0000000099600000, 0x0000000099700000, 0x0000000099700000|100%| O|  |TAMS 0x0000000099600000, 0x0000000099600000| Untracked 
| 407|0x0000000099700000, 0x0000000099800000, 0x0000000099800000|100%| O|  |TAMS 0x0000000099700000, 0x0000000099700000| Untracked 
| 408|0x0000000099800000, 0x0000000099900000, 0x0000000099900000|100%| O|  |TAMS 0x0000000099800000, 0x0000000099800000| Untracked 
| 409|0x0000000099900000, 0x0000000099a00000, 0x0000000099a00000|100%| O|  |TAMS 0x0000000099900000, 0x0000000099900000| Untracked 
| 410|0x0000000099a00000, 0x0000000099b00000, 0x0000000099b00000|100%| O|  |TAMS 0x0000000099a00000, 0x0000000099a00000| Untracked 
| 411|0x0000000099b00000, 0x0000000099c00000, 0x0000000099c00000|100%| O|  |TAMS 0x0000000099b00000, 0x0000000099b00000| Untracked 
| 412|0x0000000099c00000, 0x0000000099d00000, 0x0000000099d00000|100%| O|  |TAMS 0x0000000099c00000, 0x0000000099c00000| Untracked 
| 413|0x0000000099d00000, 0x0000000099e00000, 0x0000000099e00000|100%| O|  |TAMS 0x0000000099d00000, 0x0000000099d00000| Untracked 
| 414|0x0000000099e00000, 0x0000000099f00000, 0x0000000099f00000|100%| O|  |TAMS 0x0000000099e00000, 0x0000000099e00000| Untracked 
| 415|0x0000000099f00000, 0x000000009a000000, 0x000000009a000000|100%| O|  |TAMS 0x0000000099f00000, 0x0000000099f00000| Untracked 
| 416|0x000000009a000000, 0x000000009a100000, 0x000000009a100000|100%| O|  |TAMS 0x000000009a000000, 0x000000009a000000| Untracked 
| 417|0x000000009a100000, 0x000000009a200000, 0x000000009a200000|100%| O|  |TAMS 0x000000009a100000, 0x000000009a100000| Untracked 
| 418|0x000000009a200000, 0x000000009a300000, 0x000000009a300000|100%| O|  |TAMS 0x000000009a200000, 0x000000009a200000| Untracked 
| 419|0x000000009a300000, 0x000000009a400000, 0x000000009a400000|100%| O|  |TAMS 0x000000009a300000, 0x000000009a300000| Untracked 
| 420|0x000000009a400000, 0x000000009a500000, 0x000000009a500000|100%| O|  |TAMS 0x000000009a400000, 0x000000009a400000| Untracked 
| 421|0x000000009a500000, 0x000000009a600000, 0x000000009a600000|100%| O|  |TAMS 0x000000009a500000, 0x000000009a500000| Untracked 
| 422|0x000000009a600000, 0x000000009a700000, 0x000000009a700000|100%| O|  |TAMS 0x000000009a600000, 0x000000009a600000| Untracked 
| 423|0x000000009a700000, 0x000000009a800000, 0x000000009a800000|100%|HS|  |TAMS 0x000000009a700000, 0x000000009a700000| Complete 
| 424|0x000000009a800000, 0x000000009a900000, 0x000000009a900000|100%|HC|  |TAMS 0x000000009a800000, 0x000000009a800000| Complete 
| 425|0x000000009a900000, 0x000000009aa00000, 0x000000009aa00000|100%| O|  |TAMS 0x000000009a900000, 0x000000009a900000| Untracked 
| 426|0x000000009aa00000, 0x000000009ab00000, 0x000000009ab00000|100%| O|  |TAMS 0x000000009aa00000, 0x000000009aa00000| Untracked 
| 427|0x000000009ab00000, 0x000000009ac00000, 0x000000009ac00000|100%| O|  |TAMS 0x000000009ab00000, 0x000000009ab00000| Untracked 
| 428|0x000000009ac00000, 0x000000009ad00000, 0x000000009ad00000|100%| O|  |TAMS 0x000000009ac00000, 0x000000009ac00000| Untracked 
| 429|0x000000009ad00000, 0x000000009ae00000, 0x000000009ae00000|100%| O|  |TAMS 0x000000009ad00000, 0x000000009ad00000| Untracked 
| 430|0x000000009ae00000, 0x000000009af00000, 0x000000009af00000|100%| O|  |TAMS 0x000000009ae00000, 0x000000009ae00000| Untracked 
| 431|0x000000009af00000, 0x000000009b000000, 0x000000009b000000|100%| O|  |TAMS 0x000000009af00000, 0x000000009af00000| Untracked 
| 432|0x000000009b000000, 0x000000009b100000, 0x000000009b100000|100%| O|  |TAMS 0x000000009b000000, 0x000000009b000000| Untracked 
| 433|0x000000009b100000, 0x000000009b200000, 0x000000009b200000|100%| O|  |TAMS 0x000000009b100000, 0x000000009b100000| Untracked 
| 434|0x000000009b200000, 0x000000009b300000, 0x000000009b300000|100%| O|  |TAMS 0x000000009b200000, 0x000000009b200000| Untracked 
| 435|0x000000009b300000, 0x000000009b400000, 0x000000009b400000|100%| O|  |TAMS 0x000000009b300000, 0x000000009b300000| Untracked 
| 436|0x000000009b400000, 0x000000009b500000, 0x000000009b500000|100%| O|  |TAMS 0x000000009b400000, 0x000000009b400000| Untracked 
| 437|0x000000009b500000, 0x000000009b600000, 0x000000009b600000|100%| O|  |TAMS 0x000000009b500000, 0x000000009b500000| Untracked 
| 438|0x000000009b600000, 0x000000009b700000, 0x000000009b700000|100%| O|  |TAMS 0x000000009b600000, 0x000000009b600000| Untracked 
| 439|0x000000009b700000, 0x000000009b800000, 0x000000009b800000|100%| O|  |TAMS 0x000000009b700000, 0x000000009b700000| Untracked 
| 440|0x000000009b800000, 0x000000009b900000, 0x000000009b900000|100%| O|  |TAMS 0x000000009b800000, 0x000000009b800000| Untracked 
| 441|0x000000009b900000, 0x000000009ba00000, 0x000000009ba00000|100%| O|  |TAMS 0x000000009b900000, 0x000000009b900000| Untracked 
| 442|0x000000009ba00000, 0x000000009bb00000, 0x000000009bb00000|100%| O|  |TAMS 0x000000009ba00000, 0x000000009ba00000| Untracked 
| 443|0x000000009bb00000, 0x000000009bc00000, 0x000000009bc00000|100%| O|  |TAMS 0x000000009bb00000, 0x000000009bb00000| Untracked 
| 444|0x000000009bc00000, 0x000000009bd00000, 0x000000009bd00000|100%| O|  |TAMS 0x000000009bc00000, 0x000000009bc00000| Untracked 
| 445|0x000000009bd00000, 0x000000009be00000, 0x000000009be00000|100%| O|  |TAMS 0x000000009bd00000, 0x000000009bd00000| Untracked 
| 446|0x000000009be00000, 0x000000009bf00000, 0x000000009bf00000|100%| O|  |TAMS 0x000000009be00000, 0x000000009be00000| Untracked 
| 447|0x000000009bf00000, 0x000000009c000000, 0x000000009c000000|100%| O|  |TAMS 0x000000009bf00000, 0x000000009bf00000| Untracked 
| 448|0x000000009c000000, 0x000000009c100000, 0x000000009c100000|100%| O|  |TAMS 0x000000009c000000, 0x000000009c000000| Untracked 
| 449|0x000000009c100000, 0x000000009c200000, 0x000000009c200000|100%| O|  |TAMS 0x000000009c100000, 0x000000009c100000| Untracked 
| 450|0x000000009c200000, 0x000000009c300000, 0x000000009c300000|100%| O|  |TAMS 0x000000009c200000, 0x000000009c200000| Untracked 
| 451|0x000000009c300000, 0x000000009c400000, 0x000000009c400000|100%| O|  |TAMS 0x000000009c300000, 0x000000009c300000| Untracked 
| 452|0x000000009c400000, 0x000000009c500000, 0x000000009c500000|100%| O|  |TAMS 0x000000009c400000, 0x000000009c400000| Untracked 
| 453|0x000000009c500000, 0x000000009c600000, 0x000000009c600000|100%| O|  |TAMS 0x000000009c500000, 0x000000009c500000| Untracked 
| 454|0x000000009c600000, 0x000000009c700000, 0x000000009c700000|100%| O|  |TAMS 0x000000009c600000, 0x000000009c600000| Untracked 
| 455|0x000000009c700000, 0x000000009c800000, 0x000000009c800000|100%| O|  |TAMS 0x000000009c700000, 0x000000009c700000| Untracked 
| 456|0x000000009c800000, 0x000000009c900000, 0x000000009c900000|100%| O|  |TAMS 0x000000009c800000, 0x000000009c800000| Untracked 
| 457|0x000000009c900000, 0x000000009ca00000, 0x000000009ca00000|100%| O|  |TAMS 0x000000009c900000, 0x000000009c900000| Untracked 
| 458|0x000000009ca00000, 0x000000009cb00000, 0x000000009cb00000|100%| O|  |TAMS 0x000000009ca00000, 0x000000009ca00000| Untracked 
| 459|0x000000009cb00000, 0x000000009cc00000, 0x000000009cc00000|100%| O|  |TAMS 0x000000009cb00000, 0x000000009cb00000| Untracked 
| 460|0x000000009cc00000, 0x000000009cd00000, 0x000000009cd00000|100%| O|  |TAMS 0x000000009cc00000, 0x000000009cc00000| Untracked 
| 461|0x000000009cd00000, 0x000000009ce00000, 0x000000009ce00000|100%| O|  |TAMS 0x000000009cd00000, 0x000000009cd00000| Untracked 
| 462|0x000000009ce00000, 0x000000009cf00000, 0x000000009cf00000|100%| O|  |TAMS 0x000000009ce00000, 0x000000009ce00000| Untracked 
| 463|0x000000009cf00000, 0x000000009d000000, 0x000000009d000000|100%| O|  |TAMS 0x000000009cf00000, 0x000000009cf00000| Untracked 
| 464|0x000000009d000000, 0x000000009d100000, 0x000000009d100000|100%| O|  |TAMS 0x000000009d000000, 0x000000009d000000| Untracked 
| 465|0x000000009d100000, 0x000000009d200000, 0x000000009d200000|100%| O|  |TAMS 0x000000009d100000, 0x000000009d100000| Untracked 
| 466|0x000000009d200000, 0x000000009d300000, 0x000000009d300000|100%| O|  |TAMS 0x000000009d200000, 0x000000009d200000| Untracked 
| 467|0x000000009d300000, 0x000000009d400000, 0x000000009d400000|100%| O|  |TAMS 0x000000009d300000, 0x000000009d300000| Untracked 
| 468|0x000000009d400000, 0x000000009d500000, 0x000000009d500000|100%| O|  |TAMS 0x000000009d400000, 0x000000009d400000| Untracked 
| 469|0x000000009d500000, 0x000000009d600000, 0x000000009d600000|100%| O|  |TAMS 0x000000009d500000, 0x000000009d500000| Untracked 
| 470|0x000000009d600000, 0x000000009d700000, 0x000000009d700000|100%| O|  |TAMS 0x000000009d600000, 0x000000009d600000| Untracked 
| 471|0x000000009d700000, 0x000000009d800000, 0x000000009d800000|100%| O|  |TAMS 0x000000009d700000, 0x000000009d700000| Untracked 
| 472|0x000000009d800000, 0x000000009d900000, 0x000000009d900000|100%| O|  |TAMS 0x000000009d800000, 0x000000009d800000| Untracked 
| 473|0x000000009d900000, 0x000000009da00000, 0x000000009da00000|100%| O|  |TAMS 0x000000009d900000, 0x000000009d900000| Untracked 
| 474|0x000000009da00000, 0x000000009db00000, 0x000000009db00000|100%| O|  |TAMS 0x000000009da00000, 0x000000009da00000| Untracked 
| 475|0x000000009db00000, 0x000000009dc00000, 0x000000009dc00000|100%| O|  |TAMS 0x000000009db00000, 0x000000009db00000| Untracked 
| 476|0x000000009dc00000, 0x000000009dd00000, 0x000000009dd00000|100%| O|  |TAMS 0x000000009dc00000, 0x000000009dc00000| Untracked 
| 477|0x000000009dd00000, 0x000000009de00000, 0x000000009de00000|100%| O|  |TAMS 0x000000009dd00000, 0x000000009dd00000| Untracked 
| 478|0x000000009de00000, 0x000000009df00000, 0x000000009df00000|100%| O|  |TAMS 0x000000009de00000, 0x000000009de00000| Untracked 
| 479|0x000000009df00000, 0x000000009e000000, 0x000000009e000000|100%| O|  |TAMS 0x000000009df00000, 0x000000009df00000| Untracked 
| 480|0x000000009e000000, 0x000000009e100000, 0x000000009e100000|100%| O|  |TAMS 0x000000009e000000, 0x000000009e000000| Untracked 
| 481|0x000000009e100000, 0x000000009e200000, 0x000000009e200000|100%| O|  |TAMS 0x000000009e100000, 0x000000009e100000| Untracked 
| 482|0x000000009e200000, 0x000000009e300000, 0x000000009e300000|100%| O|  |TAMS 0x000000009e200000, 0x000000009e200000| Untracked 
| 483|0x000000009e300000, 0x000000009e400000, 0x000000009e400000|100%| O|  |TAMS 0x000000009e300000, 0x000000009e300000| Untracked 
| 484|0x000000009e400000, 0x000000009e500000, 0x000000009e500000|100%| O|  |TAMS 0x000000009e400000, 0x000000009e400000| Untracked 
| 485|0x000000009e500000, 0x000000009e600000, 0x000000009e600000|100%| O|  |TAMS 0x000000009e500000, 0x000000009e500000| Untracked 
| 486|0x000000009e600000, 0x000000009e700000, 0x000000009e700000|100%| O|  |TAMS 0x000000009e600000, 0x000000009e600000| Untracked 
| 487|0x000000009e700000, 0x000000009e800000, 0x000000009e800000|100%| O|  |TAMS 0x000000009e700000, 0x000000009e700000| Untracked 
| 488|0x000000009e800000, 0x000000009e900000, 0x000000009e900000|100%| O|  |TAMS 0x000000009e800000, 0x000000009e800000| Untracked 
| 489|0x000000009e900000, 0x000000009ea00000, 0x000000009ea00000|100%| O|  |TAMS 0x000000009e900000, 0x000000009e900000| Untracked 
| 490|0x000000009ea00000, 0x000000009eb00000, 0x000000009eb00000|100%| O|  |TAMS 0x000000009ea00000, 0x000000009ea00000| Untracked 
| 491|0x000000009eb00000, 0x000000009ec00000, 0x000000009ec00000|100%| O|  |TAMS 0x000000009eb00000, 0x000000009eb00000| Untracked 
| 492|0x000000009ec00000, 0x000000009ed00000, 0x000000009ed00000|100%| O|  |TAMS 0x000000009ec00000, 0x000000009ec00000| Untracked 
| 493|0x000000009ed00000, 0x000000009ee00000, 0x000000009ee00000|100%| O|  |TAMS 0x000000009ed00000, 0x000000009ed00000| Untracked 
| 494|0x000000009ee00000, 0x000000009ef00000, 0x000000009ef00000|100%| O|  |TAMS 0x000000009ee00000, 0x000000009ee00000| Untracked 
| 495|0x000000009ef00000, 0x000000009f000000, 0x000000009f000000|100%| O|  |TAMS 0x000000009ef00000, 0x000000009ef00000| Untracked 
| 496|0x000000009f000000, 0x000000009f100000, 0x000000009f100000|100%| O|  |TAMS 0x000000009f000000, 0x000000009f000000| Untracked 
| 497|0x000000009f100000, 0x000000009f200000, 0x000000009f200000|100%| O|  |TAMS 0x000000009f100000, 0x000000009f100000| Untracked 
| 498|0x000000009f200000, 0x000000009f300000, 0x000000009f300000|100%| O|  |TAMS 0x000000009f200000, 0x000000009f200000| Untracked 
| 499|0x000000009f300000, 0x000000009f400000, 0x000000009f400000|100%| O|  |TAMS 0x000000009f300000, 0x000000009f300000| Untracked 
| 500|0x000000009f400000, 0x000000009f500000, 0x000000009f500000|100%| O|  |TAMS 0x000000009f400000, 0x000000009f400000| Untracked 
| 501|0x000000009f500000, 0x000000009f600000, 0x000000009f600000|100%| O|  |TAMS 0x000000009f500000, 0x000000009f500000| Untracked 
| 502|0x000000009f600000, 0x000000009f700000, 0x000000009f700000|100%| O|  |TAMS 0x000000009f600000, 0x000000009f600000| Untracked 
| 503|0x000000009f700000, 0x000000009f7fb200, 0x000000009f800000| 98%| O|  |TAMS 0x000000009f700000, 0x000000009f700000| Untracked 
| 504|0x000000009f800000, 0x000000009f800000, 0x000000009f900000|  0%| F|  |TAMS 0x000000009f800000, 0x000000009f800000| Untracked 
| 505|0x000000009f900000, 0x000000009f900000, 0x000000009fa00000|  0%| F|  |TAMS 0x000000009f900000, 0x000000009f900000| Untracked 
| 506|0x000000009fa00000, 0x000000009fa00000, 0x000000009fb00000|  0%| F|  |TAMS 0x000000009fa00000, 0x000000009fa00000| Untracked 
| 507|0x000000009fb00000, 0x000000009fb00000, 0x000000009fc00000|  0%| F|  |TAMS 0x000000009fb00000, 0x000000009fb00000| Untracked 
| 508|0x000000009fc00000, 0x000000009fc00000, 0x000000009fd00000|  0%| F|  |TAMS 0x000000009fc00000, 0x000000009fc00000| Untracked 
| 509|0x000000009fd00000, 0x000000009fd00000, 0x000000009fe00000|  0%| F|  |TAMS 0x000000009fd00000, 0x000000009fd00000| Untracked 
| 510|0x000000009fe00000, 0x000000009fe00000, 0x000000009ff00000|  0%| F|  |TAMS 0x000000009fe00000, 0x000000009fe00000| Untracked 
| 511|0x000000009ff00000, 0x000000009ff00000, 0x00000000a0000000|  0%| F|  |TAMS 0x000000009ff00000, 0x000000009ff00000| Untracked 
| 512|0x00000000a0000000, 0x00000000a0000000, 0x00000000a0100000|  0%| F|  |TAMS 0x00000000a0000000, 0x00000000a0000000| Untracked 
| 513|0x00000000a0100000, 0x00000000a0100000, 0x00000000a0200000|  0%| F|  |TAMS 0x00000000a0100000, 0x00000000a0100000| Untracked 
| 514|0x00000000a0200000, 0x00000000a0200000, 0x00000000a0300000|  0%| F|  |TAMS 0x00000000a0200000, 0x00000000a0200000| Untracked 
| 515|0x00000000a0300000, 0x00000000a0300000, 0x00000000a0400000|  0%| F|  |TAMS 0x00000000a0300000, 0x00000000a0300000| Untracked 
| 516|0x00000000a0400000, 0x00000000a0400000, 0x00000000a0500000|  0%| F|  |TAMS 0x00000000a0400000, 0x00000000a0400000| Untracked 
| 517|0x00000000a0500000, 0x00000000a0500000, 0x00000000a0600000|  0%| F|  |TAMS 0x00000000a0500000, 0x00000000a0500000| Untracked 
| 518|0x00000000a0600000, 0x00000000a0600000, 0x00000000a0700000|  0%| F|  |TAMS 0x00000000a0600000, 0x00000000a0600000| Untracked 
| 519|0x00000000a0700000, 0x00000000a0700000, 0x00000000a0800000|  0%| F|  |TAMS 0x00000000a0700000, 0x00000000a0700000| Untracked 
| 520|0x00000000a0800000, 0x00000000a0800000, 0x00000000a0900000|  0%| F|  |TAMS 0x00000000a0800000, 0x00000000a0800000| Untracked 
| 521|0x00000000a0900000, 0x00000000a0900000, 0x00000000a0a00000|  0%| F|  |TAMS 0x00000000a0900000, 0x00000000a0900000| Untracked 
| 522|0x00000000a0a00000, 0x00000000a0a00000, 0x00000000a0b00000|  0%| F|  |TAMS 0x00000000a0a00000, 0x00000000a0a00000| Untracked 
| 523|0x00000000a0b00000, 0x00000000a0b00000, 0x00000000a0c00000|  0%| F|  |TAMS 0x00000000a0b00000, 0x00000000a0b00000| Untracked 
| 524|0x00000000a0c00000, 0x00000000a0c00000, 0x00000000a0d00000|  0%| F|  |TAMS 0x00000000a0c00000, 0x00000000a0c00000| Untracked 
| 525|0x00000000a0d00000, 0x00000000a0d00000, 0x00000000a0e00000|  0%| F|  |TAMS 0x00000000a0d00000, 0x00000000a0d00000| Untracked 
| 526|0x00000000a0e00000, 0x00000000a0e00000, 0x00000000a0f00000|  0%| F|  |TAMS 0x00000000a0e00000, 0x00000000a0e00000| Untracked 
| 527|0x00000000a0f00000, 0x00000000a0f00000, 0x00000000a1000000|  0%| F|  |TAMS 0x00000000a0f00000, 0x00000000a0f00000| Untracked 
| 528|0x00000000a1000000, 0x00000000a1000000, 0x00000000a1100000|  0%| F|  |TAMS 0x00000000a1000000, 0x00000000a1000000| Untracked 
| 529|0x00000000a1100000, 0x00000000a1100000, 0x00000000a1200000|  0%| F|  |TAMS 0x00000000a1100000, 0x00000000a1100000| Untracked 
| 530|0x00000000a1200000, 0x00000000a1200000, 0x00000000a1300000|  0%| F|  |TAMS 0x00000000a1200000, 0x00000000a1200000| Untracked 
| 531|0x00000000a1300000, 0x00000000a1300000, 0x00000000a1400000|  0%| F|  |TAMS 0x00000000a1300000, 0x00000000a1300000| Untracked 
| 532|0x00000000a1400000, 0x00000000a1400000, 0x00000000a1500000|  0%| F|  |TAMS 0x00000000a1400000, 0x00000000a1400000| Untracked 
| 533|0x00000000a1500000, 0x00000000a1500000, 0x00000000a1600000|  0%| F|  |TAMS 0x00000000a1500000, 0x00000000a1500000| Untracked 
| 534|0x00000000a1600000, 0x00000000a1600000, 0x00000000a1700000|  0%| F|  |TAMS 0x00000000a1600000, 0x00000000a1600000| Untracked 
| 535|0x00000000a1700000, 0x00000000a1700000, 0x00000000a1800000|  0%| F|  |TAMS 0x00000000a1700000, 0x00000000a1700000| Untracked 
| 536|0x00000000a1800000, 0x00000000a1800000, 0x00000000a1900000|  0%| F|  |TAMS 0x00000000a1800000, 0x00000000a1800000| Untracked 
| 537|0x00000000a1900000, 0x00000000a1900000, 0x00000000a1a00000|  0%| F|  |TAMS 0x00000000a1900000, 0x00000000a1900000| Untracked 
| 538|0x00000000a1a00000, 0x00000000a1a00000, 0x00000000a1b00000|  0%| F|  |TAMS 0x00000000a1a00000, 0x00000000a1a00000| Untracked 
| 539|0x00000000a1b00000, 0x00000000a1b00000, 0x00000000a1c00000|  0%| F|  |TAMS 0x00000000a1b00000, 0x00000000a1b00000| Untracked 
| 540|0x00000000a1c00000, 0x00000000a1c00000, 0x00000000a1d00000|  0%| F|  |TAMS 0x00000000a1c00000, 0x00000000a1c00000| Untracked 
| 541|0x00000000a1d00000, 0x00000000a1d00000, 0x00000000a1e00000|  0%| F|  |TAMS 0x00000000a1d00000, 0x00000000a1d00000| Untracked 
| 542|0x00000000a1e00000, 0x00000000a1e00000, 0x00000000a1f00000|  0%| F|  |TAMS 0x00000000a1e00000, 0x00000000a1e00000| Untracked 
| 543|0x00000000a1f00000, 0x00000000a1f00000, 0x00000000a2000000|  0%| F|  |TAMS 0x00000000a1f00000, 0x00000000a1f00000| Untracked 
| 544|0x00000000a2000000, 0x00000000a2000000, 0x00000000a2100000|  0%| F|  |TAMS 0x00000000a2000000, 0x00000000a2000000| Untracked 
| 545|0x00000000a2100000, 0x00000000a2100000, 0x00000000a2200000|  0%| F|  |TAMS 0x00000000a2100000, 0x00000000a2100000| Untracked 
| 546|0x00000000a2200000, 0x00000000a2200000, 0x00000000a2300000|  0%| F|  |TAMS 0x00000000a2200000, 0x00000000a2200000| Untracked 
| 547|0x00000000a2300000, 0x00000000a2300000, 0x00000000a2400000|  0%| F|  |TAMS 0x00000000a2300000, 0x00000000a2300000| Untracked 
| 548|0x00000000a2400000, 0x00000000a2400000, 0x00000000a2500000|  0%| F|  |TAMS 0x00000000a2400000, 0x00000000a2400000| Untracked 
| 549|0x00000000a2500000, 0x00000000a2500000, 0x00000000a2600000|  0%| F|  |TAMS 0x00000000a2500000, 0x00000000a2500000| Untracked 
| 550|0x00000000a2600000, 0x00000000a2600000, 0x00000000a2700000|  0%| F|  |TAMS 0x00000000a2600000, 0x00000000a2600000| Untracked 
| 551|0x00000000a2700000, 0x00000000a2700000, 0x00000000a2800000|  0%| F|  |TAMS 0x00000000a2700000, 0x00000000a2700000| Untracked 
| 552|0x00000000a2800000, 0x00000000a2800000, 0x00000000a2900000|  0%| F|  |TAMS 0x00000000a2800000, 0x00000000a2800000| Untracked 
| 553|0x00000000a2900000, 0x00000000a2900000, 0x00000000a2a00000|  0%| F|  |TAMS 0x00000000a2900000, 0x00000000a2900000| Untracked 
| 554|0x00000000a2a00000, 0x00000000a2a00000, 0x00000000a2b00000|  0%| F|  |TAMS 0x00000000a2a00000, 0x00000000a2a00000| Untracked 
| 555|0x00000000a2b00000, 0x00000000a2b00000, 0x00000000a2c00000|  0%| F|  |TAMS 0x00000000a2b00000, 0x00000000a2b00000| Untracked 
| 556|0x00000000a2c00000, 0x00000000a2c00000, 0x00000000a2d00000|  0%| F|  |TAMS 0x00000000a2c00000, 0x00000000a2c00000| Untracked 
| 557|0x00000000a2d00000, 0x00000000a2d00000, 0x00000000a2e00000|  0%| F|  |TAMS 0x00000000a2d00000, 0x00000000a2d00000| Untracked 
| 558|0x00000000a2e00000, 0x00000000a2e00000, 0x00000000a2f00000|  0%| F|  |TAMS 0x00000000a2e00000, 0x00000000a2e00000| Untracked 
| 559|0x00000000a2f00000, 0x00000000a2f00000, 0x00000000a3000000|  0%| F|  |TAMS 0x00000000a2f00000, 0x00000000a2f00000| Untracked 
| 560|0x00000000a3000000, 0x00000000a3000000, 0x00000000a3100000|  0%| F|  |TAMS 0x00000000a3000000, 0x00000000a3000000| Untracked 
| 561|0x00000000a3100000, 0x00000000a3100000, 0x00000000a3200000|  0%| F|  |TAMS 0x00000000a3100000, 0x00000000a3100000| Untracked 
| 562|0x00000000a3200000, 0x00000000a3200000, 0x00000000a3300000|  0%| F|  |TAMS 0x00000000a3200000, 0x00000000a3200000| Untracked 
| 563|0x00000000a3300000, 0x00000000a3300000, 0x00000000a3400000|  0%| F|  |TAMS 0x00000000a3300000, 0x00000000a3300000| Untracked 
| 564|0x00000000a3400000, 0x00000000a3400000, 0x00000000a3500000|  0%| F|  |TAMS 0x00000000a3400000, 0x00000000a3400000| Untracked 
| 565|0x00000000a3500000, 0x00000000a3500000, 0x00000000a3600000|  0%| F|  |TAMS 0x00000000a3500000, 0x00000000a3500000| Untracked 
| 566|0x00000000a3600000, 0x00000000a3600000, 0x00000000a3700000|  0%| F|  |TAMS 0x00000000a3600000, 0x00000000a3600000| Untracked 
| 567|0x00000000a3700000, 0x00000000a3700000, 0x00000000a3800000|  0%| F|  |TAMS 0x00000000a3700000, 0x00000000a3700000| Untracked 
| 568|0x00000000a3800000, 0x00000000a3800000, 0x00000000a3900000|  0%| F|  |TAMS 0x00000000a3800000, 0x00000000a3800000| Untracked 
| 569|0x00000000a3900000, 0x00000000a3900000, 0x00000000a3a00000|  0%| F|  |TAMS 0x00000000a3900000, 0x00000000a3900000| Untracked 
| 570|0x00000000a3a00000, 0x00000000a3a00000, 0x00000000a3b00000|  0%| F|  |TAMS 0x00000000a3a00000, 0x00000000a3a00000| Untracked 
| 571|0x00000000a3b00000, 0x00000000a3b00000, 0x00000000a3c00000|  0%| F|  |TAMS 0x00000000a3b00000, 0x00000000a3b00000| Untracked 
| 572|0x00000000a3c00000, 0x00000000a3c00000, 0x00000000a3d00000|  0%| F|  |TAMS 0x00000000a3c00000, 0x00000000a3c00000| Untracked 
| 573|0x00000000a3d00000, 0x00000000a3d00000, 0x00000000a3e00000|  0%| F|  |TAMS 0x00000000a3d00000, 0x00000000a3d00000| Untracked 
| 574|0x00000000a3e00000, 0x00000000a3e00000, 0x00000000a3f00000|  0%| F|  |TAMS 0x00000000a3e00000, 0x00000000a3e00000| Untracked 
| 575|0x00000000a3f00000, 0x00000000a3f00000, 0x00000000a4000000|  0%| F|  |TAMS 0x00000000a3f00000, 0x00000000a3f00000| Untracked 
| 576|0x00000000a4000000, 0x00000000a4000000, 0x00000000a4100000|  0%| F|  |TAMS 0x00000000a4000000, 0x00000000a4000000| Untracked 
| 577|0x00000000a4100000, 0x00000000a4100000, 0x00000000a4200000|  0%| F|  |TAMS 0x00000000a4100000, 0x00000000a4100000| Untracked 
| 578|0x00000000a4200000, 0x00000000a4200000, 0x00000000a4300000|  0%| F|  |TAMS 0x00000000a4200000, 0x00000000a4200000| Untracked 
| 579|0x00000000a4300000, 0x00000000a4300000, 0x00000000a4400000|  0%| F|  |TAMS 0x00000000a4300000, 0x00000000a4300000| Untracked 
| 580|0x00000000a4400000, 0x00000000a4400000, 0x00000000a4500000|  0%| F|  |TAMS 0x00000000a4400000, 0x00000000a4400000| Untracked 
| 581|0x00000000a4500000, 0x00000000a4500000, 0x00000000a4600000|  0%| F|  |TAMS 0x00000000a4500000, 0x00000000a4500000| Untracked 
| 582|0x00000000a4600000, 0x00000000a4600000, 0x00000000a4700000|  0%| F|  |TAMS 0x00000000a4600000, 0x00000000a4600000| Untracked 
| 583|0x00000000a4700000, 0x00000000a4700000, 0x00000000a4800000|  0%| F|  |TAMS 0x00000000a4700000, 0x00000000a4700000| Untracked 
| 584|0x00000000a4800000, 0x00000000a4800000, 0x00000000a4900000|  0%| F|  |TAMS 0x00000000a4800000, 0x00000000a4800000| Untracked 
| 585|0x00000000a4900000, 0x00000000a4900000, 0x00000000a4a00000|  0%| F|  |TAMS 0x00000000a4900000, 0x00000000a4900000| Untracked 
| 586|0x00000000a4a00000, 0x00000000a4a00000, 0x00000000a4b00000|  0%| F|  |TAMS 0x00000000a4a00000, 0x00000000a4a00000| Untracked 
| 587|0x00000000a4b00000, 0x00000000a4b00000, 0x00000000a4c00000|  0%| F|  |TAMS 0x00000000a4b00000, 0x00000000a4b00000| Untracked 
| 588|0x00000000a4c00000, 0x00000000a4c00000, 0x00000000a4d00000|  0%| F|  |TAMS 0x00000000a4c00000, 0x00000000a4c00000| Untracked 
| 589|0x00000000a4d00000, 0x00000000a4d00000, 0x00000000a4e00000|  0%| F|  |TAMS 0x00000000a4d00000, 0x00000000a4d00000| Untracked 
| 590|0x00000000a4e00000, 0x00000000a4e00000, 0x00000000a4f00000|  0%| F|  |TAMS 0x00000000a4e00000, 0x00000000a4e00000| Untracked 
| 591|0x00000000a4f00000, 0x00000000a4f00000, 0x00000000a5000000|  0%| F|  |TAMS 0x00000000a4f00000, 0x00000000a4f00000| Untracked 
| 592|0x00000000a5000000, 0x00000000a5000000, 0x00000000a5100000|  0%| F|  |TAMS 0x00000000a5000000, 0x00000000a5000000| Untracked 
| 593|0x00000000a5100000, 0x00000000a5100000, 0x00000000a5200000|  0%| F|  |TAMS 0x00000000a5100000, 0x00000000a5100000| Untracked 
| 594|0x00000000a5200000, 0x00000000a5200000, 0x00000000a5300000|  0%| F|  |TAMS 0x00000000a5200000, 0x00000000a5200000| Untracked 
| 595|0x00000000a5300000, 0x00000000a5300000, 0x00000000a5400000|  0%| F|  |TAMS 0x00000000a5300000, 0x00000000a5300000| Untracked 
| 596|0x00000000a5400000, 0x00000000a5400000, 0x00000000a5500000|  0%| F|  |TAMS 0x00000000a5400000, 0x00000000a5400000| Untracked 
| 597|0x00000000a5500000, 0x00000000a5500000, 0x00000000a5600000|  0%| F|  |TAMS 0x00000000a5500000, 0x00000000a5500000| Untracked 
| 598|0x00000000a5600000, 0x00000000a5600000, 0x00000000a5700000|  0%| F|  |TAMS 0x00000000a5600000, 0x00000000a5600000| Untracked 
| 599|0x00000000a5700000, 0x00000000a5700000, 0x00000000a5800000|  0%| F|  |TAMS 0x00000000a5700000, 0x00000000a5700000| Untracked 
| 600|0x00000000a5800000, 0x00000000a5800000, 0x00000000a5900000|  0%| F|  |TAMS 0x00000000a5800000, 0x00000000a5800000| Untracked 
| 601|0x00000000a5900000, 0x00000000a5900000, 0x00000000a5a00000|  0%| F|  |TAMS 0x00000000a5900000, 0x00000000a5900000| Untracked 
| 602|0x00000000a5a00000, 0x00000000a5a00000, 0x00000000a5b00000|  0%| F|  |TAMS 0x00000000a5a00000, 0x00000000a5a00000| Untracked 
| 603|0x00000000a5b00000, 0x00000000a5b00000, 0x00000000a5c00000|  0%| F|  |TAMS 0x00000000a5b00000, 0x00000000a5b00000| Untracked 
| 604|0x00000000a5c00000, 0x00000000a5d00000, 0x00000000a5d00000|100%| S|CS|TAMS 0x00000000a5c00000, 0x00000000a5c00000| Complete 
| 605|0x00000000a5d00000, 0x00000000a5e00000, 0x00000000a5e00000|100%| S|CS|TAMS 0x00000000a5d00000, 0x00000000a5d00000| Complete 
| 606|0x00000000a5e00000, 0x00000000a5f00000, 0x00000000a5f00000|100%| S|CS|TAMS 0x00000000a5e00000, 0x00000000a5e00000| Complete 
| 607|0x00000000a5f00000, 0x00000000a6000000, 0x00000000a6000000|100%| S|CS|TAMS 0x00000000a5f00000, 0x00000000a5f00000| Complete 
| 608|0x00000000a6000000, 0x00000000a6100000, 0x00000000a6100000|100%| S|CS|TAMS 0x00000000a6000000, 0x00000000a6000000| Complete 
| 609|0x00000000a6100000, 0x00000000a6200000, 0x00000000a6200000|100%| S|CS|TAMS 0x00000000a6100000, 0x00000000a6100000| Complete 
| 610|0x00000000a6200000, 0x00000000a6300000, 0x00000000a6300000|100%| S|CS|TAMS 0x00000000a6200000, 0x00000000a6200000| Complete 
| 611|0x00000000a6300000, 0x00000000a6400000, 0x00000000a6400000|100%| S|CS|TAMS 0x00000000a6300000, 0x00000000a6300000| Complete 
| 612|0x00000000a6400000, 0x00000000a6500000, 0x00000000a6500000|100%| S|CS|TAMS 0x00000000a6400000, 0x00000000a6400000| Complete 
| 613|0x00000000a6500000, 0x00000000a6600000, 0x00000000a6600000|100%| S|CS|TAMS 0x00000000a6500000, 0x00000000a6500000| Complete 
| 614|0x00000000a6600000, 0x00000000a6700000, 0x00000000a6700000|100%| S|CS|TAMS 0x00000000a6600000, 0x00000000a6600000| Complete 
| 615|0x00000000a6700000, 0x00000000a6800000, 0x00000000a6800000|100%| S|CS|TAMS 0x00000000a6700000, 0x00000000a6700000| Complete 
| 616|0x00000000a6800000, 0x00000000a6900000, 0x00000000a6900000|100%| S|CS|TAMS 0x00000000a6800000, 0x00000000a6800000| Complete 
| 617|0x00000000a6900000, 0x00000000a6a00000, 0x00000000a6a00000|100%| S|CS|TAMS 0x00000000a6900000, 0x00000000a6900000| Complete 
| 618|0x00000000a6a00000, 0x00000000a6b00000, 0x00000000a6b00000|100%| S|CS|TAMS 0x00000000a6a00000, 0x00000000a6a00000| Complete 
| 619|0x00000000a6b00000, 0x00000000a6b00000, 0x00000000a6c00000|  0%| F|  |TAMS 0x00000000a6b00000, 0x00000000a6b00000| Untracked 
| 620|0x00000000a6c00000, 0x00000000a6c00000, 0x00000000a6d00000|  0%| F|  |TAMS 0x00000000a6c00000, 0x00000000a6c00000| Untracked 
| 621|0x00000000a6d00000, 0x00000000a6d00000, 0x00000000a6e00000|  0%| F|  |TAMS 0x00000000a6d00000, 0x00000000a6d00000| Untracked 
| 622|0x00000000a6e00000, 0x00000000a6e00000, 0x00000000a6f00000|  0%| F|  |TAMS 0x00000000a6e00000, 0x00000000a6e00000| Untracked 
| 623|0x00000000a6f00000, 0x00000000a6f00000, 0x00000000a7000000|  0%| F|  |TAMS 0x00000000a6f00000, 0x00000000a6f00000| Untracked 
| 624|0x00000000a7000000, 0x00000000a7000000, 0x00000000a7100000|  0%| F|  |TAMS 0x00000000a7000000, 0x00000000a7000000| Untracked 
| 625|0x00000000a7100000, 0x00000000a7100000, 0x00000000a7200000|  0%| F|  |TAMS 0x00000000a7100000, 0x00000000a7100000| Untracked 
| 626|0x00000000a7200000, 0x00000000a7200000, 0x00000000a7300000|  0%| F|  |TAMS 0x00000000a7200000, 0x00000000a7200000| Untracked 
| 627|0x00000000a7300000, 0x00000000a7300000, 0x00000000a7400000|  0%| F|  |TAMS 0x00000000a7300000, 0x00000000a7300000| Untracked 
| 628|0x00000000a7400000, 0x00000000a7400000, 0x00000000a7500000|  0%| F|  |TAMS 0x00000000a7400000, 0x00000000a7400000| Untracked 
| 629|0x00000000a7500000, 0x00000000a7500000, 0x00000000a7600000|  0%| F|  |TAMS 0x00000000a7500000, 0x00000000a7500000| Untracked 
| 630|0x00000000a7600000, 0x00000000a7600000, 0x00000000a7700000|  0%| F|  |TAMS 0x00000000a7600000, 0x00000000a7600000| Untracked 
| 631|0x00000000a7700000, 0x00000000a7700000, 0x00000000a7800000|  0%| F|  |TAMS 0x00000000a7700000, 0x00000000a7700000| Untracked 
| 632|0x00000000a7800000, 0x00000000a7800000, 0x00000000a7900000|  0%| F|  |TAMS 0x00000000a7800000, 0x00000000a7800000| Untracked 
| 633|0x00000000a7900000, 0x00000000a7900000, 0x00000000a7a00000|  0%| F|  |TAMS 0x00000000a7900000, 0x00000000a7900000| Untracked 
| 634|0x00000000a7a00000, 0x00000000a7a00000, 0x00000000a7b00000|  0%| F|  |TAMS 0x00000000a7a00000, 0x00000000a7a00000| Untracked 
| 635|0x00000000a7b00000, 0x00000000a7b00000, 0x00000000a7c00000|  0%| F|  |TAMS 0x00000000a7b00000, 0x00000000a7b00000| Untracked 
| 636|0x00000000a7c00000, 0x00000000a7c00000, 0x00000000a7d00000|  0%| F|  |TAMS 0x00000000a7c00000, 0x00000000a7c00000| Untracked 
| 637|0x00000000a7d00000, 0x00000000a7d00000, 0x00000000a7e00000|  0%| F|  |TAMS 0x00000000a7d00000, 0x00000000a7d00000| Untracked 
| 638|0x00000000a7e00000, 0x00000000a7e00000, 0x00000000a7f00000|  0%| F|  |TAMS 0x00000000a7e00000, 0x00000000a7e00000| Untracked 
| 639|0x00000000a7f00000, 0x00000000a7f00000, 0x00000000a8000000|  0%| F|  |TAMS 0x00000000a7f00000, 0x00000000a7f00000| Untracked 
| 640|0x00000000a8000000, 0x00000000a8000000, 0x00000000a8100000|  0%| F|  |TAMS 0x00000000a8000000, 0x00000000a8000000| Untracked 
| 641|0x00000000a8100000, 0x00000000a8100000, 0x00000000a8200000|  0%| F|  |TAMS 0x00000000a8100000, 0x00000000a8100000| Untracked 
| 642|0x00000000a8200000, 0x00000000a8200000, 0x00000000a8300000|  0%| F|  |TAMS 0x00000000a8200000, 0x00000000a8200000| Untracked 
| 643|0x00000000a8300000, 0x00000000a8300000, 0x00000000a8400000|  0%| F|  |TAMS 0x00000000a8300000, 0x00000000a8300000| Untracked 
| 644|0x00000000a8400000, 0x00000000a8400000, 0x00000000a8500000|  0%| F|  |TAMS 0x00000000a8400000, 0x00000000a8400000| Untracked 
| 645|0x00000000a8500000, 0x00000000a8500000, 0x00000000a8600000|  0%| F|  |TAMS 0x00000000a8500000, 0x00000000a8500000| Untracked 
| 646|0x00000000a8600000, 0x00000000a8600000, 0x00000000a8700000|  0%| F|  |TAMS 0x00000000a8600000, 0x00000000a8600000| Untracked 
| 647|0x00000000a8700000, 0x00000000a8700000, 0x00000000a8800000|  0%| F|  |TAMS 0x00000000a8700000, 0x00000000a8700000| Untracked 
| 648|0x00000000a8800000, 0x00000000a8800000, 0x00000000a8900000|  0%| F|  |TAMS 0x00000000a8800000, 0x00000000a8800000| Untracked 
| 649|0x00000000a8900000, 0x00000000a8900000, 0x00000000a8a00000|  0%| F|  |TAMS 0x00000000a8900000, 0x00000000a8900000| Untracked 
| 650|0x00000000a8a00000, 0x00000000a8a00000, 0x00000000a8b00000|  0%| F|  |TAMS 0x00000000a8a00000, 0x00000000a8a00000| Untracked 
| 651|0x00000000a8b00000, 0x00000000a8b00000, 0x00000000a8c00000|  0%| F|  |TAMS 0x00000000a8b00000, 0x00000000a8b00000| Untracked 
| 652|0x00000000a8c00000, 0x00000000a8c00000, 0x00000000a8d00000|  0%| F|  |TAMS 0x00000000a8c00000, 0x00000000a8c00000| Untracked 
| 653|0x00000000a8d00000, 0x00000000a8d00000, 0x00000000a8e00000|  0%| F|  |TAMS 0x00000000a8d00000, 0x00000000a8d00000| Untracked 
| 654|0x00000000a8e00000, 0x00000000a8e00000, 0x00000000a8f00000|  0%| F|  |TAMS 0x00000000a8e00000, 0x00000000a8e00000| Untracked 
| 655|0x00000000a8f00000, 0x00000000a8f00000, 0x00000000a9000000|  0%| F|  |TAMS 0x00000000a8f00000, 0x00000000a8f00000| Untracked 
| 656|0x00000000a9000000, 0x00000000a9000000, 0x00000000a9100000|  0%| F|  |TAMS 0x00000000a9000000, 0x00000000a9000000| Untracked 
| 657|0x00000000a9100000, 0x00000000a9100000, 0x00000000a9200000|  0%| F|  |TAMS 0x00000000a9100000, 0x00000000a9100000| Untracked 
| 658|0x00000000a9200000, 0x00000000a9200000, 0x00000000a9300000|  0%| F|  |TAMS 0x00000000a9200000, 0x00000000a9200000| Untracked 
| 659|0x00000000a9300000, 0x00000000a9300000, 0x00000000a9400000|  0%| F|  |TAMS 0x00000000a9300000, 0x00000000a9300000| Untracked 
| 660|0x00000000a9400000, 0x00000000a9400000, 0x00000000a9500000|  0%| F|  |TAMS 0x00000000a9400000, 0x00000000a9400000| Untracked 
| 661|0x00000000a9500000, 0x00000000a9500000, 0x00000000a9600000|  0%| F|  |TAMS 0x00000000a9500000, 0x00000000a9500000| Untracked 
| 662|0x00000000a9600000, 0x00000000a9600000, 0x00000000a9700000|  0%| F|  |TAMS 0x00000000a9600000, 0x00000000a9600000| Untracked 
| 663|0x00000000a9700000, 0x00000000a9700000, 0x00000000a9800000|  0%| F|  |TAMS 0x00000000a9700000, 0x00000000a9700000| Untracked 
| 664|0x00000000a9800000, 0x00000000a9800000, 0x00000000a9900000|  0%| F|  |TAMS 0x00000000a9800000, 0x00000000a9800000| Untracked 
| 665|0x00000000a9900000, 0x00000000a9900000, 0x00000000a9a00000|  0%| F|  |TAMS 0x00000000a9900000, 0x00000000a9900000| Untracked 
| 666|0x00000000a9a00000, 0x00000000a9a00000, 0x00000000a9b00000|  0%| F|  |TAMS 0x00000000a9a00000, 0x00000000a9a00000| Untracked 
| 667|0x00000000a9b00000, 0x00000000a9b00000, 0x00000000a9c00000|  0%| F|  |TAMS 0x00000000a9b00000, 0x00000000a9b00000| Untracked 
| 668|0x00000000a9c00000, 0x00000000a9c00000, 0x00000000a9d00000|  0%| F|  |TAMS 0x00000000a9c00000, 0x00000000a9c00000| Untracked 
| 669|0x00000000a9d00000, 0x00000000a9d00000, 0x00000000a9e00000|  0%| F|  |TAMS 0x00000000a9d00000, 0x00000000a9d00000| Untracked 
| 670|0x00000000a9e00000, 0x00000000a9e00000, 0x00000000a9f00000|  0%| F|  |TAMS 0x00000000a9e00000, 0x00000000a9e00000| Untracked 
| 671|0x00000000a9f00000, 0x00000000a9f00000, 0x00000000aa000000|  0%| F|  |TAMS 0x00000000a9f00000, 0x00000000a9f00000| Untracked 
| 672|0x00000000aa000000, 0x00000000aa000000, 0x00000000aa100000|  0%| F|  |TAMS 0x00000000aa000000, 0x00000000aa000000| Untracked 
| 673|0x00000000aa100000, 0x00000000aa100000, 0x00000000aa200000|  0%| F|  |TAMS 0x00000000aa100000, 0x00000000aa100000| Untracked 
| 674|0x00000000aa200000, 0x00000000aa200000, 0x00000000aa300000|  0%| F|  |TAMS 0x00000000aa200000, 0x00000000aa200000| Untracked 
| 675|0x00000000aa300000, 0x00000000aa300000, 0x00000000aa400000|  0%| F|  |TAMS 0x00000000aa300000, 0x00000000aa300000| Untracked 
| 676|0x00000000aa400000, 0x00000000aa400000, 0x00000000aa500000|  0%| F|  |TAMS 0x00000000aa400000, 0x00000000aa400000| Untracked 
| 677|0x00000000aa500000, 0x00000000aa500000, 0x00000000aa600000|  0%| F|  |TAMS 0x00000000aa500000, 0x00000000aa500000| Untracked 
| 678|0x00000000aa600000, 0x00000000aa600000, 0x00000000aa700000|  0%| F|  |TAMS 0x00000000aa600000, 0x00000000aa600000| Untracked 
| 679|0x00000000aa700000, 0x00000000aa700000, 0x00000000aa800000|  0%| F|  |TAMS 0x00000000aa700000, 0x00000000aa700000| Untracked 
| 680|0x00000000aa800000, 0x00000000aa800000, 0x00000000aa900000|  0%| F|  |TAMS 0x00000000aa800000, 0x00000000aa800000| Untracked 
| 681|0x00000000aa900000, 0x00000000aa900000, 0x00000000aaa00000|  0%| F|  |TAMS 0x00000000aa900000, 0x00000000aa900000| Untracked 
| 682|0x00000000aaa00000, 0x00000000aaa00000, 0x00000000aab00000|  0%| F|  |TAMS 0x00000000aaa00000, 0x00000000aaa00000| Untracked 
| 683|0x00000000aab00000, 0x00000000aab00000, 0x00000000aac00000|  0%| F|  |TAMS 0x00000000aab00000, 0x00000000aab00000| Untracked 
| 684|0x00000000aac00000, 0x00000000aac00000, 0x00000000aad00000|  0%| F|  |TAMS 0x00000000aac00000, 0x00000000aac00000| Untracked 
| 685|0x00000000aad00000, 0x00000000aad00000, 0x00000000aae00000|  0%| F|  |TAMS 0x00000000aad00000, 0x00000000aad00000| Untracked 
| 686|0x00000000aae00000, 0x00000000aae00000, 0x00000000aaf00000|  0%| F|  |TAMS 0x00000000aae00000, 0x00000000aae00000| Untracked 
| 687|0x00000000aaf00000, 0x00000000aaf00000, 0x00000000ab000000|  0%| F|  |TAMS 0x00000000aaf00000, 0x00000000aaf00000| Untracked 
| 688|0x00000000ab000000, 0x00000000ab000000, 0x00000000ab100000|  0%| F|  |TAMS 0x00000000ab000000, 0x00000000ab000000| Untracked 
| 689|0x00000000ab100000, 0x00000000ab100000, 0x00000000ab200000|  0%| F|  |TAMS 0x00000000ab100000, 0x00000000ab100000| Untracked 
| 690|0x00000000ab200000, 0x00000000ab200000, 0x00000000ab300000|  0%| F|  |TAMS 0x00000000ab200000, 0x00000000ab200000| Untracked 
| 691|0x00000000ab300000, 0x00000000ab300000, 0x00000000ab400000|  0%| F|  |TAMS 0x00000000ab300000, 0x00000000ab300000| Untracked 
| 692|0x00000000ab400000, 0x00000000ab400000, 0x00000000ab500000|  0%| F|  |TAMS 0x00000000ab400000, 0x00000000ab400000| Untracked 
| 693|0x00000000ab500000, 0x00000000ab500000, 0x00000000ab600000|  0%| F|  |TAMS 0x00000000ab500000, 0x00000000ab500000| Untracked 
| 694|0x00000000ab600000, 0x00000000ab600000, 0x00000000ab700000|  0%| F|  |TAMS 0x00000000ab600000, 0x00000000ab600000| Untracked 
| 695|0x00000000ab700000, 0x00000000ab700000, 0x00000000ab800000|  0%| F|  |TAMS 0x00000000ab700000, 0x00000000ab700000| Untracked 
| 696|0x00000000ab800000, 0x00000000ab800000, 0x00000000ab900000|  0%| F|  |TAMS 0x00000000ab800000, 0x00000000ab800000| Untracked 
| 697|0x00000000ab900000, 0x00000000ab900000, 0x00000000aba00000|  0%| F|  |TAMS 0x00000000ab900000, 0x00000000ab900000| Untracked 
| 698|0x00000000aba00000, 0x00000000aba00000, 0x00000000abb00000|  0%| F|  |TAMS 0x00000000aba00000, 0x00000000aba00000| Untracked 
| 699|0x00000000abb00000, 0x00000000abb00000, 0x00000000abc00000|  0%| F|  |TAMS 0x00000000abb00000, 0x00000000abb00000| Untracked 
| 700|0x00000000abc00000, 0x00000000abc00000, 0x00000000abd00000|  0%| F|  |TAMS 0x00000000abc00000, 0x00000000abc00000| Untracked 
| 701|0x00000000abd00000, 0x00000000abd00000, 0x00000000abe00000|  0%| F|  |TAMS 0x00000000abd00000, 0x00000000abd00000| Untracked 
| 702|0x00000000abe00000, 0x00000000abe00000, 0x00000000abf00000|  0%| F|  |TAMS 0x00000000abe00000, 0x00000000abe00000| Untracked 
| 703|0x00000000abf00000, 0x00000000abf00000, 0x00000000ac000000|  0%| F|  |TAMS 0x00000000abf00000, 0x00000000abf00000| Untracked 
| 704|0x00000000ac000000, 0x00000000ac000000, 0x00000000ac100000|  0%| F|  |TAMS 0x00000000ac000000, 0x00000000ac000000| Untracked 
| 705|0x00000000ac100000, 0x00000000ac100000, 0x00000000ac200000|  0%| F|  |TAMS 0x00000000ac100000, 0x00000000ac100000| Untracked 
| 706|0x00000000ac200000, 0x00000000ac200000, 0x00000000ac300000|  0%| F|  |TAMS 0x00000000ac200000, 0x00000000ac200000| Untracked 
| 707|0x00000000ac300000, 0x00000000ac300000, 0x00000000ac400000|  0%| F|  |TAMS 0x00000000ac300000, 0x00000000ac300000| Untracked 
| 708|0x00000000ac400000, 0x00000000ac400000, 0x00000000ac500000|  0%| F|  |TAMS 0x00000000ac400000, 0x00000000ac400000| Untracked 
| 709|0x00000000ac500000, 0x00000000ac500000, 0x00000000ac600000|  0%| F|  |TAMS 0x00000000ac500000, 0x00000000ac500000| Untracked 
| 710|0x00000000ac600000, 0x00000000ac600000, 0x00000000ac700000|  0%| F|  |TAMS 0x00000000ac600000, 0x00000000ac600000| Untracked 
| 711|0x00000000ac700000, 0x00000000ac700000, 0x00000000ac800000|  0%| F|  |TAMS 0x00000000ac700000, 0x00000000ac700000| Untracked 
| 712|0x00000000ac800000, 0x00000000ac800000, 0x00000000ac900000|  0%| F|  |TAMS 0x00000000ac800000, 0x00000000ac800000| Untracked 
| 713|0x00000000ac900000, 0x00000000ac900000, 0x00000000aca00000|  0%| F|  |TAMS 0x00000000ac900000, 0x00000000ac900000| Untracked 
| 714|0x00000000aca00000, 0x00000000aca00000, 0x00000000acb00000|  0%| F|  |TAMS 0x00000000aca00000, 0x00000000aca00000| Untracked 
| 715|0x00000000acb00000, 0x00000000acb00000, 0x00000000acc00000|  0%| F|  |TAMS 0x00000000acb00000, 0x00000000acb00000| Untracked 
| 716|0x00000000acc00000, 0x00000000acc00000, 0x00000000acd00000|  0%| F|  |TAMS 0x00000000acc00000, 0x00000000acc00000| Untracked 
| 717|0x00000000acd00000, 0x00000000acd00000, 0x00000000ace00000|  0%| F|  |TAMS 0x00000000acd00000, 0x00000000acd00000| Untracked 
| 718|0x00000000ace00000, 0x00000000ace00000, 0x00000000acf00000|  0%| F|  |TAMS 0x00000000ace00000, 0x00000000ace00000| Untracked 
| 719|0x00000000acf00000, 0x00000000acf00000, 0x00000000ad000000|  0%| F|  |TAMS 0x00000000acf00000, 0x00000000acf00000| Untracked 
| 720|0x00000000ad000000, 0x00000000ad000000, 0x00000000ad100000|  0%| F|  |TAMS 0x00000000ad000000, 0x00000000ad000000| Untracked 
| 721|0x00000000ad100000, 0x00000000ad100000, 0x00000000ad200000|  0%| F|  |TAMS 0x00000000ad100000, 0x00000000ad100000| Untracked 
| 722|0x00000000ad200000, 0x00000000ad200000, 0x00000000ad300000|  0%| F|  |TAMS 0x00000000ad200000, 0x00000000ad200000| Untracked 
| 723|0x00000000ad300000, 0x00000000ad300000, 0x00000000ad400000|  0%| F|  |TAMS 0x00000000ad300000, 0x00000000ad300000| Untracked 
| 724|0x00000000ad400000, 0x00000000ad400000, 0x00000000ad500000|  0%| F|  |TAMS 0x00000000ad400000, 0x00000000ad400000| Untracked 
| 725|0x00000000ad500000, 0x00000000ad500000, 0x00000000ad600000|  0%| F|  |TAMS 0x00000000ad500000, 0x00000000ad500000| Untracked 
| 726|0x00000000ad600000, 0x00000000ad600000, 0x00000000ad700000|  0%| F|  |TAMS 0x00000000ad600000, 0x00000000ad600000| Untracked 
| 727|0x00000000ad700000, 0x00000000ad700000, 0x00000000ad800000|  0%| F|  |TAMS 0x00000000ad700000, 0x00000000ad700000| Untracked 
| 728|0x00000000ad800000, 0x00000000ad800000, 0x00000000ad900000|  0%| F|  |TAMS 0x00000000ad800000, 0x00000000ad800000| Untracked 
| 729|0x00000000ad900000, 0x00000000ad900000, 0x00000000ada00000|  0%| F|  |TAMS 0x00000000ad900000, 0x00000000ad900000| Untracked 
| 730|0x00000000ada00000, 0x00000000ada00000, 0x00000000adb00000|  0%| F|  |TAMS 0x00000000ada00000, 0x00000000ada00000| Untracked 
| 731|0x00000000adb00000, 0x00000000adb00000, 0x00000000adc00000|  0%| F|  |TAMS 0x00000000adb00000, 0x00000000adb00000| Untracked 

Card table byte_map: [0x0000022379470000,0x0000022379870000] _byte_map_base: 0x0000022379070000

Marking Bits (Prev, Next): (CMBitMap*) 0x00000223712c9e90, (CMBitMap*) 0x00000223712c9ed0
 Prev Bits: [0x0000022379c70000, 0x000002237bc70000)
 Next Bits: [0x000002237bc70000, 0x000002237dc70000)

Polling page: 0x000002236f170000

Metaspace:

Usage:
  Non-class:    129.79 MB used.
      Class:     21.12 MB used.
       Both:    150.91 MB used.

Virtual space:
  Non-class space:      192.00 MB reserved,     131.00 MB ( 68%) committed,  3 nodes.
      Class space:      416.00 MB reserved,      22.25 MB (  5%) committed,  1 nodes.
             Both:      608.00 MB reserved,     153.25 MB ( 25%) committed. 

Chunk freelists:
   Non-Class:  12.59 MB
       Class:  9.67 MB
        Both:  22.27 MB

MaxMetaspaceSize: 512.00 MB
CompressedClassSpaceSize: 416.00 MB
Initial GC threshold: 21.00 MB
Current GC threshold: 248.25 MB
CDS: on
MetaspaceReclaimPolicy: balanced
 - commit_granule_bytes: 65536.
 - commit_granule_words: 8192.
 - virtual_space_node_default_size: 8388608.
 - enlarge_chunks_in_place: 1.
 - new_chunks_are_fully_committed: 0.
 - uncommit_free_chunks: 1.
 - use_allocation_guard: 0.
 - handle_deallocations: 1.


Internal statistics:

num_allocs_failed_limit: 9.
num_arena_births: 3730.
num_arena_deaths: 2.
num_vsnodes_births: 4.
num_vsnodes_deaths: 0.
num_space_committed: 2453.
num_space_uncommitted: 2.
num_chunks_returned_to_freelist: 32.
num_chunks_taken_from_freelist: 11263.
num_chunk_merges: 14.
num_chunk_splits: 7016.
num_chunks_enlarged: 4090.
num_inconsistent_stats: 0.

CodeHeap 'non-profiled nmethods': size=120000Kb used=16690Kb max_used=16690Kb free=103309Kb
 bounds [0x0000022307ad0000, 0x0000022308b40000, 0x000002230f000000]
CodeHeap 'profiled nmethods': size=120000Kb used=41908Kb max_used=41908Kb free=78091Kb
 bounds [0x0000022300000000, 0x00000223028f0000, 0x0000022307530000]
CodeHeap 'non-nmethods': size=5760Kb used=1848Kb max_used=1912Kb free=3911Kb
 bounds [0x0000022307530000, 0x00000223077a0000, 0x0000022307ad0000]
 total_blobs=21635 nmethods=20670 adapters=876
 compilation: enabled
              stopped_count=0, restarted_count=0
 full_count=0

Compilation events (20 events):
Event: 62.030 Thread 0x000002230faa7b90 25787       3       com.android.tools.r8.internal.zp::hashCode (21 bytes)
Event: 62.031 Thread 0x000002230faa7b90 nmethod 25787 0x00000223028ec190 code [0x00000223028ec340, 0x00000223028ec548]
Event: 62.037 Thread 0x000002230faa7b90 25788       2       com.android.tools.r8.internal.ft::<init> (7 bytes)
Event: 62.037 Thread 0x000002230faa7b90 nmethod 25788 0x00000223028ec610 code [0x00000223028ec7a0, 0x00000223028ec8c8]
Event: 62.038 Thread 0x000002230faa7b90 25789       2       com.android.tools.r8.internal.b6::next (5 bytes)
Event: 62.039 Thread 0x000002230faa7b90 nmethod 25789 0x00000223028ec990 code [0x00000223028ecb20, 0x00000223028ecc48]
Event: 62.039 Thread 0x000002230faa7b90 25790       2       com.android.tools.r8.internal.b6::a (66 bytes)
Event: 62.040 Thread 0x000002230faa7b90 nmethod 25790 0x00000223028ecd10 code [0x00000223028ecec0, 0x00000223028ed148]
Event: 62.040 Thread 0x000002230faa7b90 25791       1       com.android.tools.r8.internal.VE::P1 (2 bytes)
Event: 62.040 Thread 0x000002230faa7b90 nmethod 25791 0x0000022308184490 code [0x0000022308184620, 0x00000223081846f8]
Event: 62.041 Thread 0x000002230faa7b90 25792       2       java.util.IdentityHashMap$IdentityHashMapIterator::hasNext (50 bytes)
Event: 62.042 Thread 0x000002230faa7b90 nmethod 25792 0x00000223028ed290 code [0x00000223028ed440, 0x00000223028ed618]
Event: 62.042 Thread 0x000002230faa7b90 25793       1       com.android.tools.r8.internal.YE::size (5 bytes)
Event: 62.042 Thread 0x000002230faa7b90 nmethod 25793 0x0000022308184190 code [0x0000022308184320, 0x00000223081843f8]
Event: 62.042 Thread 0x000002230faa7b90 25794       1       com.android.tools.r8.internal.VE::c1 (5 bytes)
Event: 62.042 Thread 0x000002230faa7b90 nmethod 25794 0x0000022308183e90 code [0x0000022308184020, 0x00000223081840f8]
Event: 62.046 Thread 0x000002230faa7b90 25795       2       com.android.tools.r8.internal.jr::<init> (7 bytes)
Event: 62.046 Thread 0x000002230faa7b90 nmethod 25795 0x00000223028ed710 code [0x00000223028ed8a0, 0x00000223028ed9c8]
Event: 62.047 Thread 0x000002230faa7b90 25796       2       com.android.tools.r8.internal.Ds::<init> (13 bytes)
Event: 62.047 Thread 0x000002230faa7b90 nmethod 25796 0x00000223028eda90 code [0x00000223028edc20, 0x00000223028edd48]

GC Heap History (20 events):
Event: 57.739 GC heap after
{Heap after GC invocations=109 (full 0):
 garbage-first heap   total 485376K, used 370426K [0x0000000080000000, 0x0000000100000000)
  region size 1024K, 7 young (7168K), 7 survivors (7168K)
 Metaspace       used 142455K, committed 144832K, reserved 557056K
  class space    used 19463K, committed 20608K, reserved 425984K
}
Event: 57.768 GC heap before
{Heap before GC invocations=109 (full 0):
 garbage-first heap   total 485376K, used 413434K [0x0000000080000000, 0x0000000100000000)
  region size 1024K, 28 young (28672K), 7 survivors (7168K)
 Metaspace       used 142578K, committed 144960K, reserved 557056K
  class space    used 19474K, committed 20608K, reserved 425984K
}
Event: 57.772 GC heap after
{Heap after GC invocations=110 (full 0):
 garbage-first heap   total 485376K, used 390612K [0x0000000080000000, 0x0000000100000000)
  region size 1024K, 7 young (7168K), 7 survivors (7168K)
 Metaspace       used 142578K, committed 144960K, reserved 557056K
  class space    used 19474K, committed 20608K, reserved 425984K
}
Event: 57.774 GC heap before
{Heap before GC invocations=110 (full 0):
 garbage-first heap   total 485376K, used 392660K [0x0000000080000000, 0x0000000100000000)
  region size 1024K, 8 young (8192K), 7 survivors (7168K)
 Metaspace       used 142578K, committed 144960K, reserved 557056K
  class space    used 19474K, committed 20608K, reserved 425984K
}
Event: 57.777 GC heap after
{Heap after GC invocations=111 (full 0):
 garbage-first heap   total 485376K, used 389124K [0x0000000080000000, 0x0000000100000000)
  region size 1024K, 1 young (1024K), 1 survivors (1024K)
 Metaspace       used 142578K, committed 144960K, reserved 557056K
  class space    used 19474K, committed 20608K, reserved 425984K
}
Event: 57.897 GC heap before
{Heap before GC invocations=111 (full 0):
 garbage-first heap   total 485376K, used 420868K [0x0000000080000000, 0x0000000100000000)
  region size 1024K, 24 young (24576K), 1 survivors (1024K)
 Metaspace       used 142976K, committed 145344K, reserved 557056K
  class space    used 19532K, committed 20672K, reserved 425984K
}
Event: 57.902 GC heap after
{Heap after GC invocations=112 (full 0):
 garbage-first heap   total 485376K, used 396027K [0x0000000080000000, 0x0000000100000000)
  region size 1024K, 3 young (3072K), 3 survivors (3072K)
 Metaspace       used 142976K, committed 145344K, reserved 557056K
  class space    used 19532K, committed 20672K, reserved 425984K
}
Event: 58.202 GC heap before
{Heap before GC invocations=113 (full 0):
 garbage-first heap   total 674816K, used 414458K [0x0000000080000000, 0x0000000100000000)
  region size 1024K, 24 young (24576K), 3 survivors (3072K)
 Metaspace       used 142978K, committed 145344K, reserved 557056K
  class space    used 19563K, committed 20672K, reserved 425984K
}
Event: 58.207 GC heap after
{Heap after GC invocations=114 (full 0):
 garbage-first heap   total 674816K, used 398544K [0x0000000080000000, 0x0000000100000000)
  region size 1024K, 3 young (3072K), 3 survivors (3072K)
 Metaspace       used 142978K, committed 145344K, reserved 557056K
  class space    used 19563K, committed 20672K, reserved 425984K
}
Event: 58.479 GC heap before
{Heap before GC invocations=114 (full 0):
 garbage-first heap   total 674816K, used 427216K [0x0000000080000000, 0x0000000100000000)
  region size 1024K, 32 young (32768K), 3 survivors (3072K)
 Metaspace       used 144670K, committed 147072K, reserved 557056K
  class space    used 19773K, committed 20928K, reserved 425984K
}
Event: 58.490 GC heap after
{Heap after GC invocations=115 (full 0):
 garbage-first heap   total 674816K, used 397654K [0x0000000080000000, 0x0000000100000000)
  region size 1024K, 4 young (4096K), 4 survivors (4096K)
 Metaspace       used 144670K, committed 147072K, reserved 557056K
  class space    used 19773K, committed 20928K, reserved 425984K
}
Event: 59.816 GC heap before
{Heap before GC invocations=115 (full 0):
 garbage-first heap   total 674816K, used 524630K [0x0000000080000000, 0x0000000100000000)
  region size 1024K, 125 young (128000K), 4 survivors (4096K)
 Metaspace       used 149521K, committed 151872K, reserved 557056K
  class space    used 20553K, committed 21696K, reserved 425984K
}
Event: 59.841 GC heap after
{Heap after GC invocations=116 (full 0):
 garbage-first heap   total 674816K, used 431558K [0x0000000080000000, 0x0000000100000000)
  region size 1024K, 16 young (16384K), 16 survivors (16384K)
 Metaspace       used 149521K, committed 151872K, reserved 557056K
  class space    used 20553K, committed 21696K, reserved 425984K
}
Event: 59.916 GC heap before
{Heap before GC invocations=116 (full 0):
 garbage-first heap   total 674816K, used 438726K [0x0000000080000000, 0x0000000100000000)
  region size 1024K, 25 young (25600K), 16 survivors (16384K)
 Metaspace       used 149825K, committed 152192K, reserved 557056K
  class space    used 20643K, committed 21760K, reserved 425984K
}
Event: 59.931 GC heap after
{Heap after GC invocations=117 (full 0):
 garbage-first heap   total 674816K, used 436534K [0x0000000080000000, 0x0000000100000000)
  region size 1024K, 4 young (4096K), 4 survivors (4096K)
 Metaspace       used 149825K, committed 152192K, reserved 557056K
  class space    used 20643K, committed 21760K, reserved 425984K
}
Event: 61.547 GC heap before
{Heap before GC invocations=118 (full 0):
 garbage-first heap   total 749568K, used 540982K [0x0000000080000000, 0x0000000100000000)
  region size 1024K, 105 young (107520K), 4 survivors (4096K)
 Metaspace       used 153482K, committed 155840K, reserved 622592K
  class space    used 21473K, committed 22592K, reserved 425984K
}
Event: 61.569 GC heap after
{Heap after GC invocations=119 (full 0):
 garbage-first heap   total 749568K, used 473388K [0x0000000080000000, 0x0000000100000000)
  region size 1024K, 14 young (14336K), 14 survivors (14336K)
 Metaspace       used 153482K, committed 155840K, reserved 622592K
  class space    used 21473K, committed 22592K, reserved 425984K
}
Event: 61.644 GC heap before
{Heap before GC invocations=119 (full 0):
 garbage-first heap   total 749568K, used 494892K [0x0000000080000000, 0x0000000100000000)
  region size 1024K, 36 young (36864K), 14 survivors (14336K)
 Metaspace       used 153648K, committed 156032K, reserved 622592K
  class space    used 21506K, committed 22656K, reserved 425984K
}
Event: 61.663 GC heap after
{Heap after GC invocations=120 (full 0):
 garbage-first heap   total 749568K, used 478618K [0x0000000080000000, 0x0000000100000000)
  region size 1024K, 5 young (5120K), 5 survivors (5120K)
 Metaspace       used 153648K, committed 156032K, reserved 622592K
  class space    used 21506K, committed 22656K, reserved 425984K
}
Event: 62.055 GC heap before
{Heap before GC invocations=120 (full 0):
 garbage-first heap   total 749568K, used 589210K [0x0000000080000000, 0x0000000100000000)
  region size 1024K, 113 young (115712K), 5 survivors (5120K)
 Metaspace       used 154533K, committed 156928K, reserved 622592K
  class space    used 21627K, committed 22784K, reserved 425984K
}

Deoptimization events (20 events):
Event: 61.940 Thread 0x000002233f4f3e70 DEOPT PACKING pc=0x0000022301052d22 sp=0x0000009a964fe7c0
Event: 61.940 Thread 0x000002233f4f3e70 DEOPT UNPACKING pc=0x0000022307582b43 sp=0x0000009a964fdce0 mode 0
Event: 61.946 Thread 0x000002233f4f6c00 DEOPT PACKING pc=0x0000022301052d22 sp=0x0000009a962fe7a0
Event: 61.946 Thread 0x000002233f4f6c00 DEOPT UNPACKING pc=0x0000022307582b43 sp=0x0000009a962fdcc0 mode 0
Event: 61.958 Thread 0x000002233f4f3e70 DEOPT PACKING pc=0x0000022301052d22 sp=0x0000009a964fe7c0
Event: 61.958 Thread 0x000002233f4f3e70 DEOPT UNPACKING pc=0x0000022307582b43 sp=0x0000009a964fdce0 mode 0
Event: 61.966 Thread 0x000002233f4f6c00 DEOPT PACKING pc=0x0000022301052d22 sp=0x0000009a962fe7a0
Event: 61.966 Thread 0x000002233f4f6c00 DEOPT UNPACKING pc=0x0000022307582b43 sp=0x0000009a962fdcc0 mode 0
Event: 61.977 Thread 0x00000223314a18e0 DEOPT PACKING pc=0x0000022301052d22 sp=0x0000009a85bfeb40
Event: 61.977 Thread 0x00000223314a18e0 DEOPT UNPACKING pc=0x0000022307582b43 sp=0x0000009a85bfe060 mode 0
Event: 62.001 Thread 0x00000223314a18e0 DEOPT PACKING pc=0x0000022301052d22 sp=0x0000009a85bfeb30
Event: 62.001 Thread 0x00000223314a18e0 DEOPT UNPACKING pc=0x0000022307582b43 sp=0x0000009a85bfe050 mode 0
Event: 62.022 Thread 0x000002233f4f6c00 DEOPT PACKING pc=0x0000022301052d22 sp=0x0000009a962fe7a0
Event: 62.022 Thread 0x000002233f4f6c00 DEOPT UNPACKING pc=0x0000022307582b43 sp=0x0000009a962fdcc0 mode 0
Event: 62.029 Thread 0x000002233f4f6c00 DEOPT PACKING pc=0x0000022301052d22 sp=0x0000009a962fe7a0
Event: 62.029 Thread 0x000002233f4f6c00 DEOPT UNPACKING pc=0x0000022307582b43 sp=0x0000009a962fdcc0 mode 0
Event: 62.042 Thread 0x000002233f4f6c00 DEOPT PACKING pc=0x0000022301052d22 sp=0x0000009a962fe7a0
Event: 62.042 Thread 0x000002233f4f6c00 DEOPT UNPACKING pc=0x0000022307582b43 sp=0x0000009a962fdcc0 mode 0
Event: 62.051 Thread 0x00000223314a18e0 DEOPT PACKING pc=0x0000022301052d22 sp=0x0000009a85bfeb40
Event: 62.051 Thread 0x00000223314a18e0 DEOPT UNPACKING pc=0x0000022307582b43 sp=0x0000009a85bfe060 mode 0

Classes unloaded (20 events):
Event: 57.966 Thread 0x000002230f960f10 Unloading class 0x0000022312267800 'jdk/internal/jimage/ImageHeader'
Event: 57.966 Thread 0x000002230f960f10 Unloading class 0x0000022312266dc8 'jdk/internal/jimage/BasicImageReader$2'
Event: 57.966 Thread 0x000002230f960f10 Unloading class 0x0000022312266b98 'jdk/internal/jimage/BasicImageReader$1'
Event: 57.966 Thread 0x000002230f960f10 Unloading class 0x0000022312266930 'jdk/internal/jimage/ImageReader$Resource'
Event: 57.966 Thread 0x000002230f960f10 Unloading class 0x00000223122666c8 'jdk/internal/jimage/ImageReader$LinkNode'
Event: 57.966 Thread 0x000002230f960f10 Unloading class 0x0000022312266460 'jdk/internal/jimage/ImageReader$Directory'
Event: 57.966 Thread 0x000002230f960f10 Unloading class 0x00000223122661f8 'jdk/internal/jimage/ImageReader$Node'
Event: 57.966 Thread 0x000002230f960f10 Unloading class 0x0000022312266000 'jdk/internal/jimage/ImageStrings'
Event: 57.966 Thread 0x000002230f960f10 Unloading class 0x0000022312265b50 'jdk/internal/jimage/ImageReader$SharedImageReader'
Event: 57.966 Thread 0x000002230f960f10 Unloading class 0x0000022312265890 'jdk/internal/jimage/BasicImageReader'
Event: 57.966 Thread 0x000002230f960f10 Unloading class 0x0000022312265670 'jdk/internal/jimage/ImageReader'
Event: 57.966 Thread 0x000002230f960f10 Unloading class 0x0000022312265448 'jdk/internal/jrtfs/SystemImage$2'
Event: 57.966 Thread 0x000002230f960f10 Unloading class 0x0000022312265230 'jdk/internal/jrtfs/SystemImage$$Lambda$2709+0x0000022312265230'
Event: 57.966 Thread 0x000002230f960f10 Unloading class 0x0000022312265000 'jdk/internal/jrtfs/ExplodedImage'
Event: 57.966 Thread 0x000002230f960f10 Unloading class 0x0000022312264dc8 'jdk/internal/jrtfs/SystemImage$1'
Event: 57.966 Thread 0x000002230f960f10 Unloading class 0x0000022312264bb0 'jdk/internal/jrtfs/SystemImage'
Event: 57.966 Thread 0x000002230f960f10 Unloading class 0x0000022312264950 'jdk/internal/jrtfs/JrtFileStore'
Event: 57.966 Thread 0x000002230f960f10 Unloading class 0x00000223122645d8 'jdk/internal/jrtfs/JrtPath'
Event: 57.966 Thread 0x000002230f960f10 Unloading class 0x00000223122642e0 'jdk/internal/jrtfs/JrtFileSystem'
Event: 57.966 Thread 0x000002230f960f10 Unloading class 0x0000022312264000 'jdk/internal/jrtfs/JrtFileSystemProvider'

Classes redefined (0 events):
No events

Internal exceptions (20 events):
Event: 59.783 Thread 0x00000223328e5220 Exception <a 'java/lang/NoSuchMethodError'{0x00000000a1abbdd0}: 'java.lang.Object java.lang.invoke.DirectMethodHandle$Holder.invokeStatic(java.lang.Object, java.lang.Object, int, java.lang.Object, java.lang.Object)'> (0x00000000a1abbdd0) 
thrown [s\open\src\hotspot\share\interpreter\linkResolver.cpp, line 759]
Event: 59.783 Thread 0x00000223328e4d10 Exception <a 'java/lang/NoSuchMethodError'{0x00000000a1bab5e0}: 'java.lang.Object java.lang.invoke.DirectMethodHandle$Holder.invokeStatic(java.lang.Object, java.lang.Object, int, java.lang.Object, java.lang.Object)'> (0x00000000a1bab5e0) 
thrown [s\open\src\hotspot\share\interpreter\linkResolver.cpp, line 759]
Event: 59.841 Thread 0x00000223328e5220 Implicit null exception at 0x0000022307bf9181 to 0x0000022307bfe5dc
Event: 59.841 Thread 0x00000223328e4d10 Implicit null exception at 0x0000022307bf9181 to 0x0000022307bfe5dc
Event: 59.841 Thread 0x00000223328e6660 Implicit null exception at 0x0000022308660f93 to 0x0000022308661180
Event: 59.841 Thread 0x00000223328e33c0 Implicit null exception at 0x0000022308660f93 to 0x0000022308661180
Event: 60.758 Thread 0x000002233f4f7620 Exception <a 'java/lang/NoSuchMethodError'{0x00000000a8592498}: 'long java.lang.invoke.DirectMethodHandle$Holder.invokeStatic(java.lang.Object, java.lang.Object, java.lang.Object)'> (0x00000000a8592498) 
thrown [s\open\src\hotspot\share\interpreter\linkResolver.cpp, line 759]
Event: 60.800 Thread 0x000002233f4f3e70 Exception <a 'java/lang/IncompatibleClassChangeError'{0x00000000a855ef48}: Found class java.lang.Object, but interface was expected> (0x00000000a855ef48) 
thrown [s\open\src\hotspot\share\interpreter\linkResolver.cpp, line 826]
Event: 60.800 Thread 0x000002233f4f4890 Exception <a 'java/lang/IncompatibleClassChangeError'{0x00000000adb242a8}: Found class java.lang.Object, but interface was expected> (0x00000000adb242a8) 
thrown [s\open\src\hotspot\share\interpreter\linkResolver.cpp, line 826]
Event: 60.800 Thread 0x000002233f4f52b0 Exception <a 'java/lang/IncompatibleClassChangeError'{0x00000000a8bfcdf0}: Found class java.lang.Object, but interface was expected> (0x00000000a8bfcdf0) 
thrown [s\open\src\hotspot\share\interpreter\linkResolver.cpp, line 826]
Event: 60.800 Thread 0x000002233f4f6c00 Exception <a 'java/lang/IncompatibleClassChangeError'{0x00000000a8518d70}: Found class java.lang.Object, but interface was expected> (0x00000000a8518d70) 
thrown [s\open\src\hotspot\share\interpreter\linkResolver.cpp, line 826]
Event: 60.804 Thread 0x000002233f4f66f0 Exception <a 'java/lang/IncompatibleClassChangeError'{0x00000000adb85bd0}: Found class java.lang.Object, but interface was expected> (0x00000000adb85bd0) 
thrown [s\open\src\hotspot\share\interpreter\linkResolver.cpp, line 826]
Event: 60.804 Thread 0x000002233f4f4890 Exception <a 'java/lang/IncompatibleClassChangeError'{0x00000000adb280a0}: Found class java.lang.Object, but interface was expected> (0x00000000adb280a0) 
thrown [s\open\src\hotspot\share\interpreter\linkResolver.cpp, line 826]
Event: 60.805 Thread 0x000002233f4f52b0 Exception <a 'java/lang/IncompatibleClassChangeError'{0x00000000adb65068}: Found class java.lang.Object, but interface was expected> (0x00000000adb65068) 
thrown [s\open\src\hotspot\share\interpreter\linkResolver.cpp, line 826]
Event: 60.805 Thread 0x000002233f4f4380 Exception <a 'java/lang/IncompatibleClassChangeError'{0x00000000a8a3a988}: Found class java.lang.Object, but interface was expected> (0x00000000a8a3a988) 
thrown [s\open\src\hotspot\share\interpreter\linkResolver.cpp, line 826]
Event: 60.805 Thread 0x000002233f4f3e70 Exception <a 'java/lang/IncompatibleClassChangeError'{0x00000000a8562cc0}: Found class java.lang.Object, but interface was expected> (0x00000000a8562cc0) 
thrown [s\open\src\hotspot\share\interpreter\linkResolver.cpp, line 826]
Event: 61.736 Thread 0x00000223328e2490 Exception <a 'java/lang/NoSuchMethodError'{0x00000000abec5b90}: 'void java.lang.invoke.DirectMethodHandle$Holder.invokeStatic(java.lang.Object, java.lang.Object, java.lang.Object, java.lang.Object, int, java.lang.Object)'> (0x00000000abec5b90) 
thrown [s\open\src\hotspot\share\interpreter\linkResolver.cpp, line 759]
Event: 61.736 Thread 0x00000223328e2490 Exception <a 'java/lang/NoSuchMethodError'{0x00000000abdf51b8}: 'void java.lang.invoke.DelegatingMethodHandle$Holder.reinvoke_L(java.lang.Object, java.lang.Object, java.lang.Object, java.lang.Object, int, java.lang.Object)'> (0x00000000abdf51b8) 
thrown [s\open\src\hotspot\share\interpreter\linkResolver.cpp, line 759]
Event: 61.920 Thread 0x00000223328e4d10 Exception <a 'java/lang/NoSuchMethodError'{0x00000000a8809938}: 'void java.lang.invoke.DirectMethodHandle$Holder.invokeSpecial(java.lang.Object, java.lang.Object, int, java.lang.Object)'> (0x00000000a8809938) 
thrown [s\open\src\hotspot\share\interpreter\linkResolver.cpp, line 759]
Event: 61.921 Thread 0x00000223328e42f0 Exception <a 'java/lang/NoSuchMethodError'{0x00000000a88b6d08}: 'void java.lang.invoke.DirectMethodHandle$Holder.invokeSpecial(java.lang.Object, java.lang.Object, int, java.lang.Object)'> (0x00000000a88b6d08) 
thrown [s\open\src\hotspot\share\interpreter\linkResolver.cpp, line 759]

VM Operations (20 events):
Event: 60.952 Executing VM operation: HandshakeAllThreads done
Event: 60.973 Executing VM operation: HandshakeAllThreads
Event: 60.974 Executing VM operation: HandshakeAllThreads done
Event: 61.224 Executing VM operation: HandshakeAllThreads
Event: 61.225 Executing VM operation: HandshakeAllThreads done
Event: 61.259 Executing VM operation: HandshakeAllThreads
Event: 61.261 Executing VM operation: HandshakeAllThreads done
Event: 61.322 Executing VM operation: HandshakeAllThreads
Event: 61.323 Executing VM operation: HandshakeAllThreads done
Event: 61.335 Executing VM operation: HandshakeAllThreads
Event: 61.348 Executing VM operation: HandshakeAllThreads done
Event: 61.535 Executing VM operation: HandshakeAllThreads
Event: 61.546 Executing VM operation: HandshakeAllThreads done
Event: 61.547 Executing VM operation: G1CollectForAllocation
Event: 61.578 Executing VM operation: G1CollectForAllocation done
Event: 61.641 Executing VM operation: G1CollectForAllocation
Event: 61.664 Executing VM operation: G1CollectForAllocation done
Event: 61.664 Executing VM operation: HandshakeAllThreads
Event: 61.664 Executing VM operation: HandshakeAllThreads done
Event: 62.052 Executing VM operation: G1CollectForAllocation

Events (20 events):
Event: 60.091 Thread 0x000002233f4f57c0 Thread added: 0x000002233f4f57c0
Event: 60.095 Thread 0x000002233f4f4890 Thread added: 0x000002233f4f4890
Event: 60.120 Thread 0x000002233f4f66f0 Thread added: 0x000002233f4f66f0
Event: 60.137 Thread 0x000002233f4f6c00 Thread added: 0x000002233f4f6c00
Event: 60.146 Thread 0x000002233f4f7110 Thread added: 0x000002233f4f7110
Event: 60.742 Thread 0x000002233f4f3e70 Thread added: 0x000002233f4f3e70
Event: 61.016 Thread 0x000002233c885230 Thread exited: 0x000002233c885230
Event: 61.066 Thread 0x000002233c885230 Thread added: 0x000002233c885230
Event: 61.159 loading class java/util/IdentityHashMap$ValueIterator
Event: 61.160 loading class java/util/IdentityHashMap$ValueIterator done
Event: 61.180 loading class java/util/IdentityHashMap$EntrySet
Event: 61.181 loading class java/util/IdentityHashMap$EntrySet done
Event: 61.182 loading class java/util/IdentityHashMap$EntryIterator
Event: 61.185 loading class java/util/IdentityHashMap$EntryIterator done
Event: 61.186 loading class java/util/IdentityHashMap$EntryIterator$Entry
Event: 61.186 loading class java/util/IdentityHashMap$EntryIterator$Entry done
Event: 61.191 loading class java/nio/ShortBuffer
Event: 61.192 loading class java/nio/ShortBuffer done
Event: 61.192 loading class java/nio/HeapShortBuffer
Event: 61.193 loading class java/nio/HeapShortBuffer done


Dynamic libraries:
0x00007ff7908a0000 - 0x00007ff7908b0000 	C:\Program Files\Java\jdk-17\bin\java.exe
0x00007ff8c6b40000 - 0x00007ff8c6da7000 	C:\WINDOWS\SYSTEM32\ntdll.dll
0x00007ff8c5740000 - 0x00007ff8c5809000 	C:\WINDOWS\System32\KERNEL32.DLL
0x00007ff8c43f0000 - 0x00007ff8c47e4000 	C:\WINDOWS\System32\KERNELBASE.dll
0x00007ff8c3410000 - 0x00007ff8c355b000 	C:\WINDOWS\System32\ucrtbase.dll
0x00007ff8bbcf0000 - 0x00007ff8bbd0b000 	C:\Program Files\Java\jdk-17\bin\VCRUNTIME140.dll
0x00007ff8bbcd0000 - 0x00007ff8bbce9000 	C:\Program Files\Java\jdk-17\bin\jli.dll
0x00007ff8c5cb0000 - 0x00007ff8c5d66000 	C:\WINDOWS\System32\ADVAPI32.dll
0x00007ff8c69c0000 - 0x00007ff8c6a69000 	C:\WINDOWS\System32\msvcrt.dll
0x00007ff8c5f50000 - 0x00007ff8c5ff7000 	C:\WINDOWS\System32\sechost.dll
0x00007ff8c5040000 - 0x00007ff8c5158000 	C:\WINDOWS\System32\RPCRT4.dll
0x00007ff8c54c0000 - 0x00007ff8c5685000 	C:\WINDOWS\System32\USER32.dll
0x00007ff8c47f0000 - 0x00007ff8c4817000 	C:\WINDOWS\System32\win32u.dll
0x00007ff8a0b40000 - 0x00007ff8a0dd3000 	C:\WINDOWS\WinSxS\amd64_microsoft.windows.common-controls_6595b64144ccf1df_6.0.26100.8115_none_3e075c82e3354f9c\COMCTL32.dll
0x00007ff8c6130000 - 0x00007ff8c615b000 	C:\WINDOWS\System32\GDI32.dll
0x00007ff8c3dd0000 - 0x00007ff8c3efb000 	C:\WINDOWS\System32\gdi32full.dll
0x00007ff8c4050000 - 0x00007ff8c40f3000 	C:\WINDOWS\System32\msvcp_win.dll
0x00007ff8b7bb0000 - 0x00007ff8b7bbb000 	C:\WINDOWS\SYSTEM32\VERSION.dll
0x00007ff8c6010000 - 0x00007ff8c6042000 	C:\WINDOWS\System32\IMM32.DLL
0x00007ff8bbcc0000 - 0x00007ff8bbccc000 	C:\Program Files\Java\jdk-17\bin\vcruntime140_1.dll
0x00007ff881f00000 - 0x00007ff881f8e000 	C:\Program Files\Java\jdk-17\bin\msvcp140.dll
0x00007ff87fd40000 - 0x00007ff880920000 	C:\Program Files\Java\jdk-17\bin\server\jvm.dll
0x00007ff8c6000000 - 0x00007ff8c6008000 	C:\WINDOWS\System32\PSAPI.DLL
0x00007ff8af550000 - 0x00007ff8af586000 	C:\WINDOWS\SYSTEM32\WINMM.dll
0x00007ff88ec10000 - 0x00007ff88ec1a000 	C:\WINDOWS\SYSTEM32\WSOCK32.dll
0x00007ff8c6050000 - 0x00007ff8c60d0000 	C:\WINDOWS\System32\WS2_32.dll
0x00007ff8c21a0000 - 0x00007ff8c21bb000 	C:\WINDOWS\SYSTEM32\kernel.appcore.dll
0x00007ff8bbca0000 - 0x00007ff8bbcaa000 	C:\Program Files\Java\jdk-17\bin\jimage.dll
0x00007ff8c1360000 - 0x00007ff8c15a2000 	C:\WINDOWS\SYSTEM32\DBGHELP.DLL
0x00007ff8c5920000 - 0x00007ff8c5ca2000 	C:\WINDOWS\System32\combase.dll
0x00007ff8c5160000 - 0x00007ff8c5238000 	C:\WINDOWS\System32\OLEAUT32.dll
0x00007ff89fa10000 - 0x00007ff89fa4b000 	C:\WINDOWS\SYSTEM32\dbgcore.DLL
0x00007ff8c4820000 - 0x00007ff8c48c5000 	C:\WINDOWS\System32\bcryptPrimitives.dll
0x00007ff88e590000 - 0x00007ff88e59e000 	C:\Program Files\Java\jdk-17\bin\instrument.dll
0x00007ff8ac520000 - 0x00007ff8ac545000 	C:\Program Files\Java\jdk-17\bin\java.dll
0x00007ff881160000 - 0x00007ff881237000 	C:\Program Files\Java\jdk-17\bin\jsvml.dll
0x00007ff8c48d0000 - 0x00007ff8c5037000 	C:\WINDOWS\System32\SHELL32.dll
0x00007ff8c4280000 - 0x00007ff8c43ea000 	C:\WINDOWS\System32\wintypes.dll
0x00007ff8c3560000 - 0x00007ff8c3dc8000 	C:\WINDOWS\System32\windows.storage.dll
0x00007ff8c5810000 - 0x00007ff8c5908000 	C:\WINDOWS\System32\SHCORE.dll
0x00007ff8c61e0000 - 0x00007ff8c6246000 	C:\WINDOWS\System32\shlwapi.dll
0x00007ff8c3330000 - 0x00007ff8c3359000 	C:\WINDOWS\SYSTEM32\profapi.dll
0x00007ff8ac4e0000 - 0x00007ff8ac4f8000 	C:\Program Files\Java\jdk-17\bin\zip.dll
0x00007ff8bbc80000 - 0x00007ff8bbc99000 	C:\Program Files\Java\jdk-17\bin\net.dll
0x00007ff8ba2c0000 - 0x00007ff8ba3ed000 	C:\WINDOWS\SYSTEM32\WINHTTP.dll
0x00007ff8c2780000 - 0x00007ff8c27ec000 	C:\WINDOWS\system32\mswsock.dll
0x00007ff8ac500000 - 0x00007ff8ac516000 	C:\Program Files\Java\jdk-17\bin\nio.dll
0x00007ff896640000 - 0x00007ff896650000 	C:\Program Files\Java\jdk-17\bin\verify.dll
0x00007ff84b760000 - 0x00007ff84b787000 	C:\Users\Rohit\.gradle\native\1def1411415f61bf3af743bc5b6707747c0891f09f0c88961ee8f79bc544acac\windows-amd64\native-platform.dll
0x00007ff882460000 - 0x00007ff8824d7000 	C:\Users\Rohit\.gradle\native\0.2.8\x86_64-windows-gnu\gradle-fileevents.dll
0x00007ff8bbbe0000 - 0x00007ff8bbbea000 	C:\Program Files\Java\jdk-17\bin\management.dll
0x00007ff8b0a60000 - 0x00007ff8b0a6b000 	C:\Program Files\Java\jdk-17\bin\management_ext.dll
0x00007ff8c1bb0000 - 0x00007ff8c1be2000 	C:\WINDOWS\SYSTEM32\IPHLPAPI.DLL
0x00007ff8c5910000 - 0x00007ff8c591a000 	C:\WINDOWS\System32\NSI.dll
0x00007ff8ba740000 - 0x00007ff8ba75d000 	C:\WINDOWS\SYSTEM32\dhcpcsvc6.DLL
0x00007ff8ba690000 - 0x00007ff8ba6b5000 	C:\WINDOWS\SYSTEM32\dhcpcsvc.DLL
0x00007ff8c1c50000 - 0x00007ff8c1d82000 	C:\WINDOWS\SYSTEM32\DNSAPI.dll
0x00007ff8c2b10000 - 0x00007ff8c2b2b000 	C:\WINDOWS\SYSTEM32\CRYPTSP.dll
0x00007ff8c2100000 - 0x00007ff8c2139000 	C:\WINDOWS\system32\rsaenh.dll
0x00007ff8c2830000 - 0x00007ff8c2863000 	C:\WINDOWS\SYSTEM32\USERENV.dll
0x00007ff8c3300000 - 0x00007ff8c332a000 	C:\WINDOWS\SYSTEM32\bcrypt.dll
0x00007ff8c2b30000 - 0x00007ff8c2b3c000 	C:\WINDOWS\SYSTEM32\CRYPTBASE.dll
0x00007ff884340000 - 0x00007ff88434e000 	C:\Program Files\Java\jdk-17\bin\sunmscapi.dll
0x00007ff8c4100000 - 0x00007ff8c4277000 	C:\WINDOWS\System32\CRYPT32.dll
0x00007ff8c2d30000 - 0x00007ff8c2d60000 	C:\WINDOWS\SYSTEM32\ncrypt.dll
0x00007ff8c2ce0000 - 0x00007ff8c2d1f000 	C:\WINDOWS\SYSTEM32\NTASN1.dll
0x00007ff8a0500000 - 0x00007ff8a0508000 	C:\WINDOWS\system32\wshunix.dll
0x00007ff8bbbf0000 - 0x00007ff8bbbf7000 	C:\Program Files\Java\jdk-17\bin\rmi.dll
0x00007ff8c2330000 - 0x00007ff8c2366000 	C:\WINDOWS\SYSTEM32\ntmarta.dll

dbghelp: loaded successfully - version: 4.0.5 - missing functions: none
symbol engine: initialized successfully - sym options: 0x614 - pdb path: .;C:\Program Files\Java\jdk-17\bin;C:\WINDOWS\SYSTEM32;C:\WINDOWS\WinSxS\amd64_microsoft.windows.common-controls_6595b64144ccf1df_6.0.26100.8115_none_3e075c82e3354f9c;C:\Program Files\Java\jdk-17\bin\server;C:\Users\Rohit\.gradle\native\1def1411415f61bf3af743bc5b6707747c0891f09f0c88961ee8f79bc544acac\windows-amd64;C:\Users\Rohit\.gradle\native\0.2.8\x86_64-windows-gnu

VM Arguments:
jvm_args: --add-opens=java.base/java.lang=ALL-UNNAMED --add-opens=java.base/java.lang.invoke=ALL-UNNAMED --add-opens=java.base/java.util=ALL-UNNAMED --add-opens=java.prefs/java.util.prefs=ALL-UNNAMED --add-exports=jdk.compiler/com.sun.tools.javac.api=ALL-UNNAMED --add-exports=jdk.compiler/com.sun.tools.javac.util=ALL-UNNAMED --add-opens=java.base/java.util=ALL-UNNAMED --add-opens=java.prefs/java.util.prefs=ALL-UNNAMED --add-opens=java.base/java.nio.charset=ALL-UNNAMED --add-opens=java.base/java.net=ALL-UNNAMED --add-opens=java.base/java.util.concurrent=ALL-UNNAMED --add-opens=java.base/java.util.concurrent.atomic=ALL-UNNAMED --add-opens=java.xml/javax.xml.namespace=ALL-UNNAMED -XX:MaxMetaspaceSize=512m -Xmx2048m -Dfile.encoding=windows-1252 -Duser.country=IN -Duser.language=en -Duser.variant -javaagent:C:\Users\Rohit\.gradle\wrapper\dists\gradle-9.0.0-bin\d6wjpkvcgsg3oed0qlfss3wgl\gradle-9.0.0\lib\agents\gradle-instrumentation-agent-9.0.0.jar 
java_command: org.gradle.launcher.daemon.bootstrap.GradleDaemon 9.0.0
java_class_path (initial): C:\Users\Rohit\.gradle\wrapper\dists\gradle-9.0.0-bin\d6wjpkvcgsg3oed0qlfss3wgl\gradle-9.0.0\lib\gradle-daemon-main-9.0.0.jar
Launcher Type: SUN_STANDARD

[Global flags]
     intx CICompilerCount                          = 4                                         {product} {ergonomic}
   size_t CompressedClassSpaceSize                 = 436207616                                 {product} {ergonomic}
     uint ConcGCThreads                            = 3                                         {product} {ergonomic}
     uint G1ConcRefinementThreads                  = 10                                        {product} {ergonomic}
   size_t G1HeapRegionSize                         = 1048576                                   {product} {ergonomic}
    uintx GCDrainStackTargetSize                   = 64                                        {product} {ergonomic}
   size_t InitialHeapSize                          = 264241152                                 {product} {ergonomic}
   size_t MarkStackSize                            = 4194304                                   {product} {ergonomic}
   size_t MaxHeapSize                              = 2147483648                                {product} {command line}
   size_t MaxMetaspaceSize                         = 536870912                                 {product} {command line}
   size_t MaxNewSize                               = 1287651328                                {product} {ergonomic}
   size_t MinHeapDeltaBytes                        = 1048576                                   {product} {ergonomic}
   size_t MinHeapSize                              = 8388608                                   {product} {ergonomic}
    uintx NonNMethodCodeHeapSize                   = 5839372                                {pd product} {ergonomic}
    uintx NonProfiledCodeHeapSize                  = 122909434                              {pd product} {ergonomic}
    uintx ProfiledCodeHeapSize                     = 122909434                              {pd product} {ergonomic}
    uintx ReservedCodeCacheSize                    = 251658240                              {pd product} {ergonomic}
     bool SegmentedCodeCache                       = true                                      {product} {ergonomic}
   size_t SoftMaxHeapSize                          = 2147483648                             {manageable} {ergonomic}
     bool UseCompressedClassPointers               = true                           {product lp64_product} {ergonomic}
     bool UseCompressedOops                        = true                           {product lp64_product} {ergonomic}
     bool UseG1GC                                  = true                                      {product} {ergonomic}
     bool UseLargePagesIndividualAllocation        = false                                  {pd product} {ergonomic}

Logging:
Log output configuration:
 #0: stdout all=warning uptime,level,tags
 #1: stderr all=off uptime,level,tags

Environment Variables:
JAVA_HOME=C:\Program Files\Java\jdk-17
PATH=D:\my project\main project\FootFlex\forntend\node_modules\.bin;D:\my project\main project\FootFlex\forntend\node_modules\.bin;D:\my project\main project\FootFlex\node_modules\.bin;D:\my project\main project\node_modules\.bin;D:\my project\node_modules\.bin;D:\node_modules\.bin;C:\Program Files\nodejs\node_modules\npm\node_modules\@npmcli\run-script\lib\node-gyp-bin;c:\Users\Rohit\AppData\Roaming\Code\User\globalStorage\github.copilot-chat\debugCommand;c:\Users\Rohit\AppData\Roaming\Code\User\globalStorage\github.copilot-chat\copilotCli;C:\Users\Rohit\AppData\Local\Programs\Microsoft VS Code;C:\Program Files\Java\jdk-17\bin;C:\Program Files\Common Files\Oracle\Java\javapath;C:\oraclexe\app\oracle\product\10.2.0\server\bin;C:\windows\system32;C:\windows;C:\windows\System32\Wbem;C:\windows\System32\WindowsPowerShell\v1.0\;C:\windows\System32\OpenSSH\;C:\Program Files (x86)\NVIDIA Corporation\PhysX\Common;C:\Program Files\NVIDIA Corporation\NVIDIA NvDLISR;C:\Users\Administrator\AppData\Local\Microsoft\WindowsApps;C:\Program Files\HP\OMEN-Broadcast\Common;C:\ProgramData\chocolatey\bin;C:\Program Files\nodejs\;C:\xampp\php;C:\ProgramData\ComposerSetup\bin;C:\Program Files\Git\cmd;C:\Program Files\Microsoft SQL Server\150\Tools\Binn\;C:\Program Files\Microsoft SQL Server\Client SDK\ODBC\170\Tools\Binn\;C:\Program Files\dotnet\;%SystemRoot%\system32;%SystemRoot%;%SystemRoot%\System32\Wbem;%SYSTEMROOT%\System32\WindowsPowerShell\v1.0\;%SYSTEMROOT%\System32\OpenSSH\;C:\Users\Rohit\AppData\Local\Programs\Python\Python313\Scripts\;C:\Users\Rohit\AppData\Local\Programs\Python\Python313\;C:\Users\Rohit\AppData\Local\Microsoft\WindowsApps;C:\Users\Rohit\AppData\Local\Programs\Microsoft VS Code\bin;C:\Program Files\Java\jdk-17\bin;D:\Android\Flutter\SDK\flutter\bin;C:\Users\Rohit\AppData\Local\GitHubDesktop\bin;C:\Users\Rohit\AppData\Roaming\npm;C:\Users\Rohit\AppData\Local\Android\Sdk;C:\Users\Rohit\AppData\Roaming\Composer\vendor\bin;C:\Users\Rohit\.dotnet\tools;C:\Program File
USERNAME=Rohit
LANG=en_US.UTF-8
OS=Windows_NT
PROCESSOR_IDENTIFIER=Intel64 Family 6 Model 186 Stepping 2, GenuineIntel



---------------  S Y S T E M  ---------------

OS:
 Windows 11 , 64 bit Build 26100 (10.0.26100.8246)
OS uptime: 0 days 0:35 hours
Hyper-V role detected

CPU: total 12 (initial active 12) (6 cores per cpu, 2 threads per core) family 6 model 186 stepping 2 microcode 0x4122, cx8, cmov, fxsr, ht, mmx, 3dnowpref, sse, sse2, sse3, ssse3, sse4.1, sse4.2, popcnt, lzcnt, tsc, tscinvbit, avx, avx2, aes, erms, clmul, bmi1, bmi2, adx, sha, fma, vzeroupper, clflush, clflushopt, clwb, hv

Memory: 4k page, system-wide physical 16024M (1900M free)
TotalPageFile size 24216M (AvailPageFile size 231M)
current process WorkingSet (physical memory assigned to process): 1251M, peak: 1255M
current process commit charge ("private bytes"): 1317M, peak: 1682M

vm_info: Java HotSpot(TM) 64-Bit Server VM (17.0.12+8-LTS-286) for windows-amd64 JRE (17.0.12+8-LTS-286), built on Jun  5 2024 06:46:59 by "mach5one" with MS VC++ 17.6 (VS2022)

END.
