#
# There is insufficient memory for the Java Runtime Environment to continue.
# Native memory allocation (malloc) failed to allocate 1660400 bytes for Chunk::new
# Possible reasons:
#   The system is out of physical RAM or swap space
#   The process is running with CompressedOops enabled, and the Java Heap may be blocking the growth of the native heap
# Possible solutions:
#   Reduce memory load on the system
#   Increase physical memory or swap space
#   Check if swap backing store is full
#   Decrease Java heap size (-Xmx/-Xms)
#   Decrease number of Java threads
#   Decrease Java thread stack sizes (-Xss)
#   Set larger code cache with -XX:ReservedCodeCacheSize=
#   JVM is running with Unscaled Compressed Oops mode in which the Java heap is
#     placed in the first 4GB address space. The Java Heap base address is the
#     maximum limit for the native heap growth. Please use -XX:HeapBaseMinAddress
#     to set the Java Heap base and to place the Java Heap above 4GB virtual address.
# This output file may be truncated or incomplete.
#
#  Out of Memory Error (arena.cpp:189), pid=7624, tid=21780
#
# JRE version: Java(TM) SE Runtime Environment (17.0.12+8) (build 17.0.12+8-LTS-286)
# Java VM: Java HotSpot(TM) 64-Bit Server VM (17.0.12+8-LTS-286, mixed mode, sharing, tiered, compressed oops, compressed class ptrs, g1 gc, windows-amd64)
# No core dump will be written. Minidumps are not enabled by default on client versions of Windows
#

---------------  S U M M A R Y ------------

Command Line: --add-opens=java.base/java.lang=ALL-UNNAMED --add-opens=java.base/java.lang.invoke=ALL-UNNAMED --add-opens=java.base/java.util=ALL-UNNAMED --add-opens=java.prefs/java.util.prefs=ALL-UNNAMED --add-exports=jdk.compiler/com.sun.tools.javac.api=ALL-UNNAMED --add-exports=jdk.compiler/com.sun.tools.javac.util=ALL-UNNAMED --add-opens=java.base/java.util=ALL-UNNAMED --add-opens=java.prefs/java.util.prefs=ALL-UNNAMED --add-opens=java.base/java.nio.charset=ALL-UNNAMED --add-opens=java.base/java.net=ALL-UNNAMED --add-opens=java.base/java.util.concurrent=ALL-UNNAMED --add-opens=java.base/java.util.concurrent.atomic=ALL-UNNAMED --add-opens=java.xml/javax.xml.namespace=ALL-UNNAMED -XX:MaxMetaspaceSize=512m -Xmx2048m -Dfile.encoding=windows-1252 -Duser.country=IN -Duser.language=en -Duser.variant -javaagent:C:\Users\Rohit\.gradle\wrapper\dists\gradle-9.0.0-bin\d6wjpkvcgsg3oed0qlfss3wgl\gradle-9.0.0\lib\agents\gradle-instrumentation-agent-9.0.0.jar org.gradle.launcher.daemon.bootstrap.GradleDaemon 9.0.0

Host: 13th Gen Intel(R) Core(TM) i5-13420H, 12 cores, 15G,  Windows 11 , 64 bit Build 26100 (10.0.26100.8246)
Time: Tue Apr 28 09:52:35 2026 India Standard Time elapsed time: 810.262662 seconds (0d 0h 13m 30s)

---------------  T H R E A D  ---------------

Current thread (0x0000027bfaa73230):  JavaThread "C2 CompilerThread2" daemon [_thread_in_native, id=21780, stack(0x000000c184b00000,0x000000c184c00000)]


Current CompileTask:
C2: 810263 33769   !   4       com.sun.tools.javac.code.Symbol$ClassSymbol::complete (52 bytes)

Stack: [0x000000c184b00000,0x000000c184c00000]
Native frames: (J=compiled Java code, j=interpreted, Vv=VM code, C=native code)
V  [jvm.dll+0x67a04a]
V  [jvm.dll+0x7da4ed]
V  [jvm.dll+0x7dbe33]
V  [jvm.dll+0x7dc4a3]
V  [jvm.dll+0x24508f]
V  [jvm.dll+0xab773]
V  [jvm.dll+0xabd3c]
V  [jvm.dll+0x361bee]
V  [jvm.dll+0x1ba45a]
V  [jvm.dll+0x216997]
V  [jvm.dll+0x215c6f]
V  [jvm.dll+0x1a2960]
V  [jvm.dll+0x22610b]
V  [jvm.dll+0x2242ab]
V  [jvm.dll+0x79075c]
V  [jvm.dll+0x78abea]
V  [jvm.dll+0x678f35]
C  [ucrtbase.dll+0x37b0]
C  [KERNEL32.DLL+0x2e8d7]
C  [ntdll.dll+0x8c3fc]


---------------  P R O C E S S  ---------------

Threads class SMR info:
_java_thread_list=0x0000027bfa941c10, length=208, elements={
0x0000027bacccd420, 0x0000027bcb35a070, 0x0000027bcb35ab40, 0x0000027bcb486580,
0x0000027bcb486e50, 0x0000027bcb487720, 0x0000027bcb487ff0, 0x0000027bcb488ca0,
0x0000027bcb489660, 0x0000027bcb489f70, 0x0000027bcb345900, 0x0000027bcb6773b0,
0x0000027bec1cfba0, 0x0000027bec1cf180, 0x0000027bec1cf690, 0x0000027bec1ce760,
0x0000027bed4f4ec0, 0x0000027bed4f3060, 0x0000027bed4f58e0, 0x0000027bed4f53d0,
0x0000027bed4f6d20, 0x0000027bed4f7740, 0x0000027bee482c50, 0x0000027bee10ea30,
0x0000027bee110380, 0x0000027bee113110, 0x0000027bee112c00, 0x0000027bee1121e0,
0x0000027bf1c92d00, 0x0000027bf1c95fa0, 0x0000027bf1c95070, 0x0000027bf1c96ed0,
0x0000027bf1c973e0, 0x0000027bf1c93c30, 0x0000027bed4f3f90, 0x0000027bfa537710,
0x0000027bfa53c300, 0x0000027bfa53cd20, 0x0000027bfa53d230, 0x0000027bf0ffdd50,
0x0000027bf9021e80, 0x0000027bf9022db0, 0x0000027bf9b769b0, 0x0000027bf90232c0,
0x0000027bf9b75570, 0x0000027bf30e3900, 0x0000027bf30e4320, 0x0000027bf30e4830,
0x0000027bf30e3e10, 0x0000027bf30e2ee0, 0x0000027bf30e33f0, 0x0000027bec71e4c0,
0x0000027bec71e9d0, 0x0000027bec71eee0, 0x0000027bec71f3f0, 0x0000027bfc252e70,
0x0000027beb5475d0, 0x0000027beb545260, 0x0000027beb546190, 0x0000027beb545770,
0x0000027beb544840, 0x0000027beb5470c0, 0x0000027beb547ae0, 0x0000027beb547ff0,
0x0000027beb546bb0, 0x0000027beb5466a0, 0x0000027beb544d50, 0x0000027bec7288a0,
0x0000027bec72a1f0, 0x0000027bec72c050, 0x0000027bec72a700, 0x0000027bec72ac10,
0x0000027bec72b120, 0x0000027bec72b630, 0x0000027bec7297d0, 0x0000027bec7292c0,
0x0000027bec72bb40, 0x0000027bec728db0, 0x0000027bebe2cc50, 0x0000027bec71f900,
0x0000027beb545c80, 0x0000027befdb2320, 0x0000027bec71fe10, 0x0000027bf1aa4060,
0x0000027bf1aa54a0, 0x0000027bf1aa4570, 0x0000027bf0ffd330, 0x0000027bf0ffce20,
0x0000027bf0ffc400, 0x0000027bf0ffd840, 0x0000027bcb264720, 0x0000027bcb265140,
0x0000027bcb265650, 0x0000027bcb265b60, 0x0000027bcb266070, 0x0000027bcb2637f0,
0x0000027bcb263d00, 0x0000027bedeb1cd0, 0x0000027bf9db7510, 0x0000027bf9db7a20,
0x0000027bf9db7000, 0x0000027bfdaad090, 0x0000027bfdaaad20, 0x0000027bfdaab740,
0x0000027bfdaab230, 0x0000027bf97f3a40, 0x0000027bcb264c30, 0x0000027bfec206f0,
0x0000027bfec1f2b0, 0x0000027bfec1fcd0, 0x0000027bfec20c00, 0x0000027bfec1eda0,
0x0000027bfec21110, 0x0000027bfec21620, 0x0000027bfec1f7c0, 0x0000027bfec201e0,
0x0000027bfec21b30, 0x0000027bfec1e380, 0x0000027bf97f5390, 0x0000027bf97f3f50,
0x0000027bf97f62c0, 0x0000027bf97f5db0, 0x0000027bf97f67d0, 0x0000027bf97f58a0,
0x0000027bf97f4460, 0x0000027bf97f6ce0, 0x0000027bf97f71f0, 0x0000027bf97f4e80,
0x0000027bf97f4970, 0x0000027bf1aa4f90, 0x0000027bf1aa4a80, 0x0000027bf1aa59b0,
0x0000027bfc907e20, 0x0000027bfc908840, 0x0000027bfc909c80, 0x0000027bfc90a190,
0x0000027bfc908d50, 0x0000027bfc908330, 0x0000027bfc90a6a0, 0x0000027bfc907910,
0x0000027bedee8be0, 0x0000027bedee6870, 0x0000027bedee7cb0, 0x0000027bedee90f0,
0x0000027bedee81c0, 0x0000027bedee86d0, 0x0000027bedee9600, 0x0000027bedee7290,
0x0000027bedee5e50, 0x0000027bedee6d80, 0x0000027bedeb3620, 0x0000027bedeb3110,
0x0000027bedeb4550, 0x0000027bedeb2c00, 0x0000027bedeb4f70, 0x0000027bedeb4040,
0x0000027bedeb4a60, 0x0000027bedeb3b30, 0x0000027bedeb21e0, 0x0000027bedeb5480,
0x0000027bedeb26f0, 0x0000027bf222f810, 0x0000027bfa5d1250, 0x0000027bfa5d0830,
0x0000027bfa5cdaa0, 0x0000027bfa5ce4c0, 0x0000027bfa5cfe10, 0x0000027bfa5cdfb0,
0x0000027bfa5ce9d0, 0x0000027bfa5ceee0, 0x0000027bfa5cf3f0, 0x0000027bfa5d0d40,
0x0000027bfa5cf900, 0x0000027bfa5d0320, 0x0000027beefe37d0, 0x0000027beefe28a0,
0x0000027beefe2db0, 0x0000027beefe3ce0, 0x0000027beefe32c0, 0x0000027bedee6360,
0x0000027bedee77a0, 0x0000027beefe2390, 0x0000027bcb250db0, 0x0000027bcb24f460,
0x0000027bcb24f970, 0x0000027bcb24fe80, 0x0000027bcb250390, 0x0000027bcb2508a0,
0x0000027bf9db2930, 0x0000027bf9db1a00, 0x0000027bf9db1f10, 0x0000027bf9db2420,
0x0000027bf9db3350, 0x0000027bf9db2e40, 0x0000027bf9db14f0, 0x0000027bf9db3860,
0x0000027bf9db00b0, 0x0000027bfdaaa810, 0x0000027bfacf48a0, 0x0000027bfb79e670,
0x0000027bf8f3d890, 0x0000027bfdaad5a0, 0x0000027bfc90abb0, 0x0000027bfc90b0c0,
0x0000027bcb2632e0, 0x0000027bfc909260, 0x0000027bfaa70d00, 0x0000027bfaa73230
}

Java Threads: ( => current thread )
  0x0000027bacccd420 JavaThread "main" [_thread_blocked, id=19724, stack(0x000000c1f6900000,0x000000c1f6a00000)]
  0x0000027bcb35a070 JavaThread "Reference Handler" daemon [_thread_blocked, id=3544, stack(0x000000c1f7000000,0x000000c1f7100000)]
  0x0000027bcb35ab40 JavaThread "Finalizer" daemon [_thread_blocked, id=17972, stack(0x000000c1f7100000,0x000000c1f7200000)]
  0x0000027bcb486580 JavaThread "Signal Dispatcher" daemon [_thread_blocked, id=8676, stack(0x000000c1f7200000,0x000000c1f7300000)]
  0x0000027bcb486e50 JavaThread "Attach Listener" daemon [_thread_blocked, id=9100, stack(0x000000c1f7300000,0x000000c1f7400000)]
  0x0000027bcb487720 JavaThread "Service Thread" daemon [_thread_blocked, id=21600, stack(0x000000c1f7400000,0x000000c1f7500000)]
  0x0000027bcb487ff0 JavaThread "Monitor Deflation Thread" daemon [_thread_blocked, id=18720, stack(0x000000c1f7500000,0x000000c1f7600000)]
  0x0000027bcb488ca0 JavaThread "C2 CompilerThread0" daemon [_thread_in_native, id=12944, stack(0x000000c1f7600000,0x000000c1f7700000)]
  0x0000027bcb489660 JavaThread "C1 CompilerThread0" daemon [_thread_in_native, id=18068, stack(0x000000c1f7700000,0x000000c1f7800000)]
  0x0000027bcb489f70 JavaThread "Sweeper thread" daemon [_thread_blocked, id=3624, stack(0x000000c1f7800000,0x000000c1f7900000)]
  0x0000027bcb345900 JavaThread "Common-Cleaner" daemon [_thread_blocked, id=16708, stack(0x000000c1f7900000,0x000000c1f7a00000)]
  0x0000027bcb6773b0 JavaThread "Notification Thread" daemon [_thread_blocked, id=3916, stack(0x000000c1f7b00000,0x000000c1f7c00000)]
  0x0000027bec1cfba0 JavaThread "Daemon health stats" [_thread_blocked, id=12812, stack(0x000000c1f7d00000,0x000000c1f7e00000)]
  0x0000027bec1cf180 JavaThread "Incoming local TCP Connector on port 51245" [_thread_in_native, id=2780, stack(0x000000c1f8300000,0x000000c1f8400000)]
  0x0000027bec1cf690 JavaThread "Daemon periodic checks" [_thread_blocked, id=16568, stack(0x000000c1f8400000,0x000000c1f8500000)]
  0x0000027bec1ce760 JavaThread "Cache worker for journal cache (C:\Users\Rohit\.gradle\caches\journal-1)" [_thread_blocked, id=22228, stack(0x000000c1f8c00000,0x000000c1f8d00000)]
  0x0000027bed4f4ec0 JavaThread "File lock request listener" [_thread_in_native, id=18212, stack(0x000000c1f8d00000,0x000000c1f8e00000)]
  0x0000027bed4f3060 JavaThread "Cache worker for file hash cache (C:\Users\Rohit\.gradle\caches\9.0.0\fileHashes)" [_thread_blocked, id=21304, stack(0x000000c1f8e00000,0x000000c1f8f00000)]
  0x0000027bed4f58e0 JavaThread "File watcher server" daemon [_thread_in_native, id=8016, stack(0x000000c1f9800000,0x000000c1f9900000)]
  0x0000027bed4f53d0 JavaThread "File watcher consumer" daemon [_thread_blocked, id=8028, stack(0x000000c1f9900000,0x000000c1f9a00000)]
  0x0000027bed4f6d20 JavaThread "Cache worker for file content cache (C:\Users\Rohit\.gradle\caches\9.0.0\fileContent)" [_thread_blocked, id=22408, stack(0x000000c1f9400000,0x000000c1f9500000)]
  0x0000027bed4f7740 JavaThread "jar transforms" [_thread_blocked, id=1484, stack(0x000000c1f9e00000,0x000000c1f9f00000)]
  0x0000027bee482c50 JavaThread "Memory manager" [_thread_blocked, id=18300, stack(0x000000c1f9c00000,0x000000c1f9d00000)]
  0x0000027bee10ea30 JavaThread "jar transforms Thread 2" [_thread_blocked, id=19488, stack(0x000000c182a00000,0x000000c182b00000)]
  0x0000027bee110380 JavaThread "jar transforms Thread 3" [_thread_blocked, id=19672, stack(0x000000c182c00000,0x000000c182d00000)]
  0x0000027bee113110 JavaThread "jar transforms Thread 4" [_thread_blocked, id=21564, stack(0x000000c183600000,0x000000c183700000)]
  0x0000027bee112c00 JavaThread "jar transforms Thread 5" [_thread_blocked, id=16032, stack(0x000000c183700000,0x000000c183800000)]
  0x0000027bee1121e0 JavaThread "jar transforms Thread 6" [_thread_blocked, id=20928, stack(0x000000c183800000,0x000000c183900000)]
  0x0000027bf1c92d00 JavaThread "jar transforms Thread 7" [_thread_blocked, id=4548, stack(0x000000c183b00000,0x000000c183c00000)]
  0x0000027bf1c95fa0 JavaThread "jar transforms Thread 8" [_thread_blocked, id=22504, stack(0x000000c183c00000,0x000000c183d00000)]
  0x0000027bf1c95070 JavaThread "jar transforms Thread 9" [_thread_blocked, id=20988, stack(0x000000c183d00000,0x000000c183e00000)]
  0x0000027bf1c96ed0 JavaThread "jar transforms Thread 10" [_thread_blocked, id=14428, stack(0x000000c183e00000,0x000000c183f00000)]
  0x0000027bf1c973e0 JavaThread "jar transforms Thread 11" [_thread_blocked, id=4284, stack(0x000000c183f00000,0x000000c184000000)]
  0x0000027bf1c93c30 JavaThread "jar transforms Thread 12" [_thread_blocked, id=2416, stack(0x000000c184000000,0x000000c184100000)]
  0x0000027bed4f3f90 JavaThread "pool-3-thread-1" [_thread_blocked, id=19852, stack(0x000000c184600000,0x000000c184700000)]
  0x0000027bfa537710 JavaThread "RMI Scheduler(0)" daemon [_thread_blocked, id=22364, stack(0x000000c184a00000,0x000000c184b00000)]
  0x0000027bfa53c300 JavaThread "RMI GC Daemon" daemon [_thread_blocked, id=18036, stack(0x000000c184c00000,0x000000c184d00000)]
  0x0000027bfa53cd20 JavaThread "RMI TCP Accept-0" daemon [_thread_in_native, id=1280, stack(0x000000c184d00000,0x000000c184e00000)]
  0x0000027bfa53d230 JavaThread "RMI Reaper" [_thread_blocked, id=2776, stack(0x000000c184e00000,0x000000c184f00000)]
  0x0000027bf0ffdd50 JavaThread "Daemon Thread 2" [_thread_blocked, id=14584, stack(0x000000c180000000,0x000000c180100000)]
  0x0000027bf9021e80 JavaThread "Handler for socket connection from /127.0.0.1:51245 to /127.0.0.1:56210" [_thread_in_native, id=7056, stack(0x000000c180100000,0x000000c180200000)]
  0x0000027bf9022db0 JavaThread "Cancel handler" [_thread_blocked, id=19464, stack(0x000000c180200000,0x000000c180300000)]
  0x0000027bf9b769b0 JavaThread "Daemon worker Thread 2" [_thread_blocked, id=9396, stack(0x000000c180300000,0x000000c180400000)]
  0x0000027bf90232c0 JavaThread "Asynchronous log dispatcher for DefaultDaemonConnection: socket connection from /127.0.0.1:51245 to /127.0.0.1:56210" [_thread_blocked, id=3484, stack(0x000000c180500000,0x000000c180600000)]
  0x0000027bf9b75570 JavaThread "Stdin handler" [_thread_blocked, id=9272, stack(0x000000c180600000,0x000000c180700000)]
  0x0000027bf30e3900 JavaThread "Daemon client event forwarder" [_thread_blocked, id=7188, stack(0x000000c180700000,0x000000c180800000)]
  0x0000027bf30e4320 JavaThread "Cache worker for file hash cache (D:\my project\main project\FootFlex\forntend\android\.gradle\9.0.0\fileHashes)" [_thread_blocked, id=20728, stack(0x000000c180800000,0x000000c180900000)]
  0x0000027bf30e4830 JavaThread "Cache worker for Build Output Cleanup Cache (D:\my project\main project\FootFlex\forntend\android\.gradle\buildOutputCleanup)" [_thread_blocked, id=18276, stack(0x000000c180900000,0x000000c180a00000)]
  0x0000027bf30e3e10 JavaThread "Cache worker for checksums cache (D:\my project\main project\FootFlex\forntend\android\.gradle\9.0.0\checksums)" [_thread_blocked, id=18892, stack(0x000000c180a00000,0x000000c180b00000)]
  0x0000027bf30e2ee0 JavaThread "Cache worker for cache directory md-supplier (C:\Users\Rohit\.gradle\caches\9.0.0\md-supplier)" [_thread_blocked, id=22096, stack(0x000000c180b00000,0x000000c180c00000)]
  0x0000027bf30e33f0 JavaThread "Cache worker for cache directory md-rule (C:\Users\Rohit\.gradle\caches\9.0.0\md-rule)" [_thread_blocked, id=19308, stack(0x000000c180c00000,0x000000c180d00000)]
  0x0000027bec71e4c0 JavaThread "Cache worker for Build Output Cleanup Cache (D:\my project\main project\FootFlex\forntend\node_modules\@react-native\gradle-plugin\.gradle\buildOutputCleanup)" [_thread_blocked, id=15220, stack(0x000000c180400000,0x000000c180500000)]
  0x0000027bec71e9d0 JavaThread "Unconstrained build operations" [_thread_blocked, id=4212, stack(0x000000c180d00000,0x000000c180e00000)]
  0x0000027bec71eee0 JavaThread "Unconstrained build operations Thread 2" [_thread_blocked, id=21368, stack(0x000000c180e00000,0x000000c180f00000)]
  0x0000027bec71f3f0 JavaThread "Unconstrained build operations Thread 3" [_thread_blocked, id=4288, stack(0x000000c181000000,0x000000c181100000)]
  0x0000027bfc252e70 JavaThread "Unconstrained build operations Thread 4" [_thread_blocked, id=17776, stack(0x000000c181100000,0x000000c181200000)]
  0x0000027beb5475d0 JavaThread "Unconstrained build operations Thread 5" [_thread_blocked, id=1688, stack(0x000000c181200000,0x000000c181300000)]
  0x0000027beb545260 JavaThread "Unconstrained build operations Thread 6" [_thread_blocked, id=7028, stack(0x000000c181300000,0x000000c181400000)]
  0x0000027beb546190 JavaThread "Unconstrained build operations Thread 7" [_thread_blocked, id=10196, stack(0x000000c181400000,0x000000c181500000)]
  0x0000027beb545770 JavaThread "Unconstrained build operations Thread 8" [_thread_blocked, id=3240, stack(0x000000c181500000,0x000000c181600000)]
  0x0000027beb544840 JavaThread "Unconstrained build operations Thread 9" [_thread_blocked, id=14108, stack(0x000000c181600000,0x000000c181700000)]
  0x0000027beb5470c0 JavaThread "Unconstrained build operations Thread 10" [_thread_blocked, id=21384, stack(0x000000c181700000,0x000000c181800000)]
  0x0000027beb547ae0 JavaThread "Unconstrained build operations Thread 11" [_thread_blocked, id=20508, stack(0x000000c181800000,0x000000c181900000)]
  0x0000027beb547ff0 JavaThread "Unconstrained build operations Thread 12" [_thread_blocked, id=10604, stack(0x000000c181900000,0x000000c181a00000)]
  0x0000027beb546bb0 JavaThread "Unconstrained build operations Thread 13" [_thread_blocked, id=19480, stack(0x000000c181a00000,0x000000c181b00000)]
  0x0000027beb5466a0 JavaThread "Unconstrained build operations Thread 14" [_thread_blocked, id=7996, stack(0x000000c181b00000,0x000000c181c00000)]
  0x0000027beb544d50 JavaThread "Unconstrained build operations Thread 15" [_thread_blocked, id=8984, stack(0x000000c181c00000,0x000000c181d00000)]
  0x0000027bec7288a0 JavaThread "Unconstrained build operations Thread 16" [_thread_blocked, id=12188, stack(0x000000c181e00000,0x000000c181f00000)]
  0x0000027bec72a1f0 JavaThread "Unconstrained build operations Thread 17" [_thread_blocked, id=9176, stack(0x000000c181f00000,0x000000c182000000)]
  0x0000027bec72c050 JavaThread "Unconstrained build operations Thread 18" [_thread_blocked, id=20740, stack(0x000000c182000000,0x000000c182100000)]
  0x0000027bec72a700 JavaThread "Unconstrained build operations Thread 19" [_thread_blocked, id=5856, stack(0x000000c182100000,0x000000c182200000)]
  0x0000027bec72ac10 JavaThread "Unconstrained build operations Thread 20" [_thread_blocked, id=13112, stack(0x000000c182200000,0x000000c182300000)]
  0x0000027bec72b120 JavaThread "Unconstrained build operations Thread 21" [_thread_blocked, id=19436, stack(0x000000c182300000,0x000000c182400000)]
  0x0000027bec72b630 JavaThread "Unconstrained build operations Thread 22" [_thread_blocked, id=19320, stack(0x000000c182400000,0x000000c182500000)]
  0x0000027bec7297d0 JavaThread "Unconstrained build operations Thread 23" [_thread_blocked, id=22308, stack(0x000000c182500000,0x000000c182600000)]
  0x0000027bec7292c0 JavaThread "Unconstrained build operations Thread 24" [_thread_blocked, id=2348, stack(0x000000c182600000,0x000000c182700000)]
  0x0000027bec72bb40 JavaThread "Unconstrained build operations Thread 25" [_thread_blocked, id=21500, stack(0x000000c182700000,0x000000c182800000)]
  0x0000027bec728db0 JavaThread "Unconstrained build operations Thread 26" [_thread_blocked, id=13068, stack(0x000000c182800000,0x000000c182900000)]
  0x0000027bebe2cc50 JavaThread "build event listener" [_thread_blocked, id=19700, stack(0x000000c182900000,0x000000c182a00000)]
  0x0000027bec71f900 JavaThread "ForkJoinPool.commonPool-worker-12" daemon [_thread_blocked, id=7592, stack(0x000000c182b00000,0x000000c182c00000)]
  0x0000027beb545c80 JavaThread "ForkJoinPool.commonPool-worker-13" daemon [_thread_blocked, id=19952, stack(0x000000c182d00000,0x000000c182e00000)]
  0x0000027befdb2320 JavaThread "ForkJoinPool.commonPool-worker-14" daemon [_thread_blocked, id=22440, stack(0x000000c182e00000,0x000000c182f00000)]
  0x0000027bec71fe10 JavaThread "ForkJoinPool.commonPool-worker-15" daemon [_thread_blocked, id=21108, stack(0x000000c182f00000,0x000000c183000000)]
  0x0000027bf1aa4060 JavaThread "ForkJoinPool.commonPool-worker-16" daemon [_thread_blocked, id=10432, stack(0x000000c183000000,0x000000c183100000)]
  0x0000027bf1aa54a0 JavaThread "ForkJoinPool.commonPool-worker-17" daemon [_thread_blocked, id=19644, stack(0x000000c183100000,0x000000c183200000)]
  0x0000027bf1aa4570 JavaThread "included builds" [_thread_blocked, id=5684, stack(0x000000c183200000,0x000000c183300000)]
  0x0000027bf0ffd330 JavaThread "Execution worker" [_thread_blocked, id=21580, stack(0x000000c183300000,0x000000c183400000)]
  0x0000027bf0ffce20 JavaThread "Execution worker Thread 2" [_thread_blocked, id=21536, stack(0x000000c183400000,0x000000c183500000)]
  0x0000027bf0ffc400 JavaThread "Execution worker Thread 3" [_thread_blocked, id=20796, stack(0x000000c183500000,0x000000c183600000)]
  0x0000027bf0ffd840 JavaThread "Execution worker Thread 4" [_thread_blocked, id=8796, stack(0x000000c183900000,0x000000c183a00000)]
  0x0000027bcb264720 JavaThread "Execution worker Thread 5" [_thread_blocked, id=18252, stack(0x000000c183a00000,0x000000c183b00000)]
  0x0000027bcb265140 JavaThread "Execution worker Thread 6" [_thread_blocked, id=21588, stack(0x000000c184100000,0x000000c184200000)]
  0x0000027bcb265650 JavaThread "Execution worker Thread 7" [_thread_blocked, id=19336, stack(0x000000c184200000,0x000000c184300000)]
  0x0000027bcb265b60 JavaThread "Execution worker Thread 8" [_thread_in_Java, id=7012, stack(0x000000c184300000,0x000000c184400000)]
  0x0000027bcb266070 JavaThread "Execution worker Thread 9" [_thread_blocked, id=8660, stack(0x000000c184400000,0x000000c184500000)]
  0x0000027bcb2637f0 JavaThread "Execution worker Thread 10" [_thread_blocked, id=19004, stack(0x000000c184500000,0x000000c184600000)]
  0x0000027bcb263d00 JavaThread "Execution worker Thread 11" [_thread_blocked, id=13776, stack(0x000000c184700000,0x000000c184800000)]
  0x0000027bedeb1cd0 JavaThread "Cache worker for execution history cache (D:\my project\main project\FootFlex\forntend\node_modules\@react-native\gradle-plugin\.gradle\9.0.0\executionHistory)" [_thread_blocked, id=19160, stack(0x000000c184800000,0x000000c184900000)]
  0x0000027bf9db7510 JavaThread "Unconstrained build operations Thread 27" [_thread_blocked, id=9108, stack(0x000000c184900000,0x000000c184a00000)]
  0x0000027bf9db7a20 JavaThread "Unconstrained build operations Thread 28" [_thread_blocked, id=12980, stack(0x000000c184f00000,0x000000c185000000)]
  0x0000027bf9db7000 JavaThread "Unconstrained build operations Thread 29" [_thread_blocked, id=19980, stack(0x000000c185000000,0x000000c185100000)]
  0x0000027bfdaad090 JavaThread "Unconstrained build operations Thread 30" [_thread_blocked, id=18524, stack(0x000000c185100000,0x000000c185200000)]
  0x0000027bfdaaad20 JavaThread "Unconstrained build operations Thread 31" [_thread_blocked, id=22256, stack(0x000000c185200000,0x000000c185300000)]
  0x0000027bfdaab740 JavaThread "Unconstrained build operations Thread 32" [_thread_blocked, id=19196, stack(0x000000c185800000,0x000000c185900000)]
  0x0000027bfdaab230 JavaThread "Unconstrained build operations Thread 33" [_thread_blocked, id=18492, stack(0x000000c185900000,0x000000c185a00000)]
  0x0000027bf97f3a40 JavaThread "Unconstrained build operations Thread 34" [_thread_blocked, id=9984, stack(0x000000c185a00000,0x000000c185b00000)]
  0x0000027bcb264c30 JavaThread "Unconstrained build operations Thread 35" [_thread_blocked, id=18440, stack(0x000000c185b00000,0x000000c185c00000)]
  0x0000027bfec206f0 JavaThread "Unconstrained build operations Thread 36" [_thread_blocked, id=22120, stack(0x000000c185c00000,0x000000c185d00000)]
  0x0000027bfec1f2b0 JavaThread "Unconstrained build operations Thread 37" [_thread_blocked, id=2624, stack(0x000000c185d00000,0x000000c185e00000)]
  0x0000027bfec1fcd0 JavaThread "Unconstrained build operations Thread 38" [_thread_blocked, id=2588, stack(0x000000c185e00000,0x000000c185f00000)]
  0x0000027bfec20c00 JavaThread "Unconstrained build operations Thread 39" [_thread_blocked, id=4056, stack(0x000000c185f00000,0x000000c186000000)]
  0x0000027bfec1eda0 JavaThread "Unconstrained build operations Thread 40" [_thread_blocked, id=22396, stack(0x000000c186000000,0x000000c186100000)]
  0x0000027bfec21110 JavaThread "Unconstrained build operations Thread 41" [_thread_blocked, id=22524, stack(0x000000c186100000,0x000000c186200000)]
  0x0000027bfec21620 JavaThread "Unconstrained build operations Thread 42" [_thread_blocked, id=19300, stack(0x000000c186200000,0x000000c186300000)]
  0x0000027bfec1f7c0 JavaThread "Unconstrained build operations Thread 43" [_thread_blocked, id=7500, stack(0x000000c186300000,0x000000c186400000)]
  0x0000027bfec201e0 JavaThread "Unconstrained build operations Thread 44" [_thread_blocked, id=21440, stack(0x000000c186600000,0x000000c186700000)]
  0x0000027bfec21b30 JavaThread "Unconstrained build operations Thread 45" [_thread_blocked, id=14564, stack(0x000000c186700000,0x000000c186800000)]
  0x0000027bfec1e380 JavaThread "Unconstrained build operations Thread 46" [_thread_blocked, id=16924, stack(0x000000c186800000,0x000000c186900000)]
  0x0000027bf97f5390 JavaThread "Unconstrained build operations Thread 47" [_thread_blocked, id=21424, stack(0x000000c186900000,0x000000c186a00000)]
  0x0000027bf97f3f50 JavaThread "Unconstrained build operations Thread 48" [_thread_blocked, id=12444, stack(0x000000c186a00000,0x000000c186b00000)]
  0x0000027bf97f62c0 JavaThread "Unconstrained build operations Thread 49" [_thread_blocked, id=6260, stack(0x000000c186b00000,0x000000c186c00000)]
  0x0000027bf97f5db0 JavaThread "Unconstrained build operations Thread 50" [_thread_blocked, id=11248, stack(0x000000c186c00000,0x000000c186d00000)]
  0x0000027bf97f67d0 JavaThread "Unconstrained build operations Thread 51" [_thread_blocked, id=21896, stack(0x000000c186d00000,0x000000c186e00000)]
  0x0000027bf97f58a0 JavaThread "Unconstrained build operations Thread 52" [_thread_blocked, id=21212, stack(0x000000c186e00000,0x000000c186f00000)]
  0x0000027bf97f4460 JavaThread "Unconstrained build operations Thread 53" [_thread_blocked, id=12844, stack(0x000000c186f00000,0x000000c187000000)]
  0x0000027bf97f6ce0 JavaThread "Unconstrained build operations Thread 54" [_thread_blocked, id=15996, stack(0x000000c187000000,0x000000c187100000)]
  0x0000027bf97f71f0 JavaThread "Unconstrained build operations Thread 55" [_thread_blocked, id=7636, stack(0x000000c187100000,0x000000c187200000)]
  0x0000027bf97f4e80 JavaThread "Unconstrained build operations Thread 56" [_thread_blocked, id=2176, stack(0x000000c187200000,0x000000c187300000)]
  0x0000027bf97f4970 JavaThread "Unconstrained build operations Thread 57" [_thread_blocked, id=5424, stack(0x000000c187300000,0x000000c187400000)]
  0x0000027bf1aa4f90 JavaThread "Unconstrained build operations Thread 58" [_thread_blocked, id=2640, stack(0x000000c187400000,0x000000c187500000)]
  0x0000027bf1aa4a80 JavaThread "Unconstrained build operations Thread 59" [_thread_blocked, id=3004, stack(0x000000c187500000,0x000000c187600000)]
  0x0000027bf1aa59b0 JavaThread "Unconstrained build operations Thread 60" [_thread_blocked, id=22080, stack(0x000000c187600000,0x000000c187700000)]
  0x0000027bfc907e20 JavaThread "Unconstrained build operations Thread 61" [_thread_blocked, id=22480, stack(0x000000c187700000,0x000000c187800000)]
  0x0000027bfc908840 JavaThread "Unconstrained build operations Thread 62" [_thread_blocked, id=2968, stack(0x000000c187800000,0x000000c187900000)]
  0x0000027bfc909c80 JavaThread "Unconstrained build operations Thread 63" [_thread_blocked, id=4556, stack(0x000000c187900000,0x000000c187a00000)]
  0x0000027bfc90a190 JavaThread "Unconstrained build operations Thread 64" [_thread_blocked, id=4520, stack(0x000000c187a00000,0x000000c187b00000)]
  0x0000027bfc908d50 JavaThread "Unconstrained build operations Thread 65" [_thread_blocked, id=13272, stack(0x000000c187b00000,0x000000c187c00000)]
  0x0000027bfc908330 JavaThread "Unconstrained build operations Thread 66" [_thread_blocked, id=20564, stack(0x000000c187c00000,0x000000c187d00000)]
  0x0000027bfc90a6a0 JavaThread "Unconstrained build operations Thread 67" [_thread_blocked, id=1968, stack(0x000000c187d00000,0x000000c187e00000)]
  0x0000027bfc907910 JavaThread "Unconstrained build operations Thread 68" [_thread_blocked, id=19376, stack(0x000000c187e00000,0x000000c187f00000)]
  0x0000027bedee8be0 JavaThread "Unconstrained build operations Thread 69" [_thread_blocked, id=8876, stack(0x000000c187f00000,0x000000c188000000)]
  0x0000027bedee6870 JavaThread "Unconstrained build operations Thread 70" [_thread_blocked, id=8772, stack(0x000000c188000000,0x000000c188100000)]
  0x0000027bedee7cb0 JavaThread "Unconstrained build operations Thread 71" [_thread_blocked, id=22040, stack(0x000000c188100000,0x000000c188200000)]
  0x0000027bedee90f0 JavaThread "Unconstrained build operations Thread 72" [_thread_blocked, id=22292, stack(0x000000c188200000,0x000000c188300000)]
  0x0000027bedee81c0 JavaThread "Unconstrained build operations Thread 73" [_thread_blocked, id=5680, stack(0x000000c188300000,0x000000c188400000)]
  0x0000027bedee86d0 JavaThread "Unconstrained build operations Thread 74" [_thread_blocked, id=21936, stack(0x000000c188400000,0x000000c188500000)]
  0x0000027bedee9600 JavaThread "Unconstrained build operations Thread 75" [_thread_blocked, id=11476, stack(0x000000c188500000,0x000000c188600000)]
  0x0000027bedee7290 JavaThread "Unconstrained build operations Thread 76" [_thread_blocked, id=17764, stack(0x000000c188600000,0x000000c188700000)]
  0x0000027bedee5e50 JavaThread "Unconstrained build operations Thread 77" [_thread_blocked, id=17100, stack(0x000000c188700000,0x000000c188800000)]
  0x0000027bedee6d80 JavaThread "Unconstrained build operations Thread 78" [_thread_blocked, id=21164, stack(0x000000c188800000,0x000000c188900000)]
  0x0000027bedeb3620 JavaThread "Unconstrained build operations Thread 79" [_thread_blocked, id=9364, stack(0x000000c188900000,0x000000c188a00000)]
  0x0000027bedeb3110 JavaThread "Unconstrained build operations Thread 80" [_thread_blocked, id=21708, stack(0x000000c188a00000,0x000000c188b00000)]
  0x0000027bedeb4550 JavaThread "Unconstrained build operations Thread 81" [_thread_blocked, id=19548, stack(0x000000c188b00000,0x000000c188c00000)]
  0x0000027bedeb2c00 JavaThread "Unconstrained build operations Thread 82" [_thread_blocked, id=4720, stack(0x000000c188c00000,0x000000c188d00000)]
  0x0000027bedeb4f70 JavaThread "Unconstrained build operations Thread 83" [_thread_blocked, id=2520, stack(0x000000c188d00000,0x000000c188e00000)]
  0x0000027bedeb4040 JavaThread "Unconstrained build operations Thread 84" [_thread_blocked, id=9928, stack(0x000000c188e00000,0x000000c188f00000)]
  0x0000027bedeb4a60 JavaThread "Unconstrained build operations Thread 85" [_thread_blocked, id=18436, stack(0x000000c188f00000,0x000000c189000000)]
  0x0000027bedeb3b30 JavaThread "Unconstrained build operations Thread 86" [_thread_blocked, id=16828, stack(0x000000c189000000,0x000000c189100000)]
  0x0000027bedeb21e0 JavaThread "Unconstrained build operations Thread 87" [_thread_blocked, id=21836, stack(0x000000c189100000,0x000000c189200000)]
  0x0000027bedeb5480 JavaThread "Unconstrained build operations Thread 88" [_thread_blocked, id=19460, stack(0x000000c189200000,0x000000c189300000)]
  0x0000027bedeb26f0 JavaThread "Unconstrained build operations Thread 89" [_thread_blocked, id=6808, stack(0x000000c189300000,0x000000c189400000)]
  0x0000027bf222f810 JavaThread "Unconstrained build operations Thread 90" [_thread_blocked, id=11596, stack(0x000000c189400000,0x000000c189500000)]
  0x0000027bfa5d1250 JavaThread "Unconstrained build operations Thread 91" [_thread_blocked, id=21200, stack(0x000000c189500000,0x000000c189600000)]
  0x0000027bfa5d0830 JavaThread "Unconstrained build operations Thread 92" [_thread_blocked, id=19768, stack(0x000000c189600000,0x000000c189700000)]
  0x0000027bfa5cdaa0 JavaThread "Unconstrained build operations Thread 93" [_thread_blocked, id=12952, stack(0x000000c189700000,0x000000c189800000)]
  0x0000027bfa5ce4c0 JavaThread "Unconstrained build operations Thread 94" [_thread_blocked, id=6168, stack(0x000000c189800000,0x000000c189900000)]
  0x0000027bfa5cfe10 JavaThread "Unconstrained build operations Thread 95" [_thread_blocked, id=8792, stack(0x000000c189900000,0x000000c189a00000)]
  0x0000027bfa5cdfb0 JavaThread "Unconstrained build operations Thread 96" [_thread_blocked, id=10772, stack(0x000000c189a00000,0x000000c189b00000)]
  0x0000027bfa5ce9d0 JavaThread "Unconstrained build operations Thread 97" [_thread_blocked, id=19728, stack(0x000000c189b00000,0x000000c189c00000)]
  0x0000027bfa5ceee0 JavaThread "Unconstrained build operations Thread 98" [_thread_blocked, id=20380, stack(0x000000c189c00000,0x000000c189d00000)]
  0x0000027bfa5cf3f0 JavaThread "Unconstrained build operations Thread 99" [_thread_blocked, id=4300, stack(0x000000c189d00000,0x000000c189e00000)]
  0x0000027bfa5d0d40 JavaThread "Unconstrained build operations Thread 100" [_thread_blocked, id=10172, stack(0x000000c189e00000,0x000000c189f00000)]
  0x0000027bfa5cf900 JavaThread "build event listener" [_thread_blocked, id=3340, stack(0x000000c189f00000,0x000000c18a000000)]
  0x0000027bfa5d0320 JavaThread "Problems report writer" [_thread_blocked, id=18528, stack(0x000000c18a000000,0x000000c18a100000)]
  0x0000027beefe37d0 JavaThread "Unconstrained build operations Thread 101" [_thread_blocked, id=19316, stack(0x000000c18a100000,0x000000c18a200000)]
  0x0000027beefe28a0 JavaThread "Unconstrained build operations Thread 102" [_thread_blocked, id=11496, stack(0x000000c18a200000,0x000000c18a300000)]
  0x0000027beefe2db0 JavaThread "Unconstrained build operations Thread 103" [_thread_blocked, id=10460, stack(0x000000c18a300000,0x000000c18a400000)]
  0x0000027beefe3ce0 JavaThread "Unconstrained build operations Thread 104" [_thread_blocked, id=22348, stack(0x000000c18a400000,0x000000c18a500000)]
  0x0000027beefe32c0 JavaThread "Unconstrained build operations Thread 105" [_thread_blocked, id=1336, stack(0x000000c18a500000,0x000000c18a600000)]
  0x0000027bedee6360 JavaThread "Unconstrained build operations Thread 106" [_thread_blocked, id=13524, stack(0x000000c18a600000,0x000000c18a700000)]
  0x0000027bedee77a0 JavaThread "Unconstrained build operations Thread 107" [_thread_blocked, id=2180, stack(0x000000c18a700000,0x000000c18a800000)]
  0x0000027beefe2390 JavaThread "Unconstrained build operations Thread 108" [_thread_blocked, id=19032, stack(0x000000c18a800000,0x000000c18a900000)]
  0x0000027bcb250db0 JavaThread "Unconstrained build operations Thread 109" [_thread_blocked, id=21604, stack(0x000000c18a900000,0x000000c18aa00000)]
  0x0000027bcb24f460 JavaThread "Unconstrained build operations Thread 110" [_thread_blocked, id=4176, stack(0x000000c18aa00000,0x000000c18ab00000)]
  0x0000027bcb24f970 JavaThread "Unconstrained build operations Thread 111" [_thread_blocked, id=20356, stack(0x000000c18ab00000,0x000000c18ac00000)]
  0x0000027bcb24fe80 JavaThread "Unconstrained build operations Thread 112" [_thread_blocked, id=16616, stack(0x000000c18ac00000,0x000000c18ad00000)]
  0x0000027bcb250390 JavaThread "Unconstrained build operations Thread 113" [_thread_blocked, id=9008, stack(0x000000c18ad00000,0x000000c18ae00000)]
  0x0000027bcb2508a0 JavaThread "Unconstrained build operations Thread 114" [_thread_blocked, id=21308, stack(0x000000c18ae00000,0x000000c18af00000)]
  0x0000027bf9db2930 JavaThread "Unconstrained build operations Thread 115" [_thread_blocked, id=22384, stack(0x000000c18af00000,0x000000c18b000000)]
  0x0000027bf9db1a00 JavaThread "Unconstrained build operations Thread 116" [_thread_blocked, id=5500, stack(0x000000c18b000000,0x000000c18b100000)]
  0x0000027bf9db1f10 JavaThread "Unconstrained build operations Thread 117" [_thread_blocked, id=13920, stack(0x000000c18b100000,0x000000c18b200000)]
  0x0000027bf9db2420 JavaThread "Unconstrained build operations Thread 118" [_thread_blocked, id=18704, stack(0x000000c18b200000,0x000000c18b300000)]
  0x0000027bf9db3350 JavaThread "Unconstrained build operations Thread 119" [_thread_blocked, id=7744, stack(0x000000c18b300000,0x000000c18b400000)]
  0x0000027bf9db2e40 JavaThread "Unconstrained build operations Thread 120" [_thread_blocked, id=16052, stack(0x000000c18b400000,0x000000c18b500000)]
  0x0000027bf9db14f0 JavaThread "Exec process Thread 4" [_thread_blocked, id=17836, stack(0x000000c18b500000,0x000000c18b600000)]
  0x0000027bf9db3860 JavaThread "Exec process Thread 5" [_thread_blocked, id=2516, stack(0x000000c18b600000,0x000000c18b700000)]
  0x0000027bf9db00b0 JavaThread "Exec process Thread 6" [_thread_blocked, id=21700, stack(0x000000c18b700000,0x000000c18b800000)]
  0x0000027bfdaaa810 JavaThread "ForkJoinPool.commonPool-worker-18" daemon [_thread_blocked, id=22368, stack(0x000000c181d00000,0x000000c181e00000)]
  0x0000027bfacf48a0 JavaThread "ForkJoinPool.commonPool-worker-19" daemon [_thread_blocked, id=21088, stack(0x000000c18b800000,0x000000c18b900000)]
  0x0000027bfb79e670 JavaThread "ForkJoinPool.commonPool-worker-20" daemon [_thread_blocked, id=20584, stack(0x000000c18b900000,0x000000c18ba00000)]
  0x0000027bf8f3d890 JavaThread "ForkJoinPool.commonPool-worker-21" daemon [_thread_blocked, id=18000, stack(0x000000c18ba00000,0x000000c18bb00000)]
  0x0000027bfdaad5a0 JavaThread "ForkJoinPool.commonPool-worker-22" daemon [_thread_blocked, id=15444, stack(0x000000c18bb00000,0x000000c18bc00000)]
  0x0000027bfc90abb0 JavaThread "pool-6-thread-1" [_thread_blocked, id=18976, stack(0x000000c18bd00000,0x000000c18be00000)]
  0x0000027bfc90b0c0 JavaThread "build event listener" [_thread_blocked, id=1884, stack(0x000000c18be00000,0x000000c18bf00000)]
  0x0000027bcb2632e0 JavaThread "Cache worker for execution history cache (D:\my project\main project\FootFlex\forntend\android\.gradle\9.0.0\executionHistory)" [_thread_blocked, id=18796, stack(0x000000c18bf00000,0x000000c18c000000)]
  0x0000027bfc909260 JavaThread "Cache worker for Java compile cache (C:\Users\Rohit\.gradle\caches\9.0.0\javaCompile)" [_thread_blocked, id=6228, stack(0x000000c18c000000,0x000000c18c100000)]
  0x0000027bfaa70d00 JavaThread "C2 CompilerThread1" daemon [_thread_in_native, id=17588, stack(0x000000c180f00000,0x000000c181000000)]
=>0x0000027bfaa73230 JavaThread "C2 CompilerThread2" daemon [_thread_in_native, id=21780, stack(0x000000c184b00000,0x000000c184c00000)]

Other Threads:
  0x0000027bcb3565e0 VMThread "VM Thread" [stack: 0x000000c1f6f00000,0x000000c1f7000000] [id=20464]
  0x0000027bacd48830 WatcherThread [stack: 0x000000c1f7c00000,0x000000c1f7d00000] [id=12452]
  0x0000027bacd28ee0 GCTaskThread "GC Thread#0" [stack: 0x000000c1f6a00000,0x000000c1f6b00000] [id=18072]
  0x0000027beb3656d0 GCTaskThread "GC Thread#1" [stack: 0x000000c1f7e00000,0x000000c1f7f00000] [id=21988]
  0x0000027beb135b60 GCTaskThread "GC Thread#2" [stack: 0x000000c1f7f00000,0x000000c1f8000000] [id=21080]
  0x0000027beb135e20 GCTaskThread "GC Thread#3" [stack: 0x000000c1f8000000,0x000000c1f8100000] [id=19736]
  0x0000027beb39f9a0 GCTaskThread "GC Thread#4" [stack: 0x000000c1f8100000,0x000000c1f8200000] [id=12044]
  0x0000027beb39fc60 GCTaskThread "GC Thread#5" [stack: 0x000000c1f8200000,0x000000c1f8300000] [id=22152]
  0x0000027bed0b0ec0 GCTaskThread "GC Thread#6" [stack: 0x000000c1f7a00000,0x000000c1f7b00000] [id=5692]
  0x0000027bed0b0940 GCTaskThread "GC Thread#7" [stack: 0x000000c1f8f00000,0x000000c1f9000000] [id=22420]
  0x0000027bed0b1180 GCTaskThread "GC Thread#8" [stack: 0x000000c1f9000000,0x000000c1f9100000] [id=2000]
  0x0000027bed0afe40 GCTaskThread "GC Thread#9" [stack: 0x000000c1f9100000,0x000000c1f9200000] [id=13484]
  0x0000027bacd39d40 ConcurrentGCThread "G1 Main Marker" [stack: 0x000000c1f6b00000,0x000000c1f6c00000] [id=20372]
  0x0000027bacd3b330 ConcurrentGCThread "G1 Conc#0" [stack: 0x000000c1f6c00000,0x000000c1f6d00000] [id=18564]
  0x0000027bed0b03c0 ConcurrentGCThread "G1 Conc#1" [stack: 0x000000c1f9200000,0x000000c1f9300000] [id=21692]
  0x0000027bed0b1440 ConcurrentGCThread "G1 Conc#2" [stack: 0x000000c1f9300000,0x000000c1f9400000] [id=15648]
  0x0000027bcb20a1b0 ConcurrentGCThread "G1 Refine#0" [stack: 0x000000c1f6d00000,0x000000c1f6e00000] [id=12732]
  0x0000027bfa6ab780 ConcurrentGCThread "G1 Refine#1" [stack: 0x000000c185300000,0x000000c185400000] [id=8008]
  0x0000027bfc204e60 ConcurrentGCThread "G1 Refine#2" [stack: 0x000000c185400000,0x000000c185500000] [id=17984]
  0x0000027bf8ca90c0 ConcurrentGCThread "G1 Refine#3" [stack: 0x000000c185500000,0x000000c185600000] [id=16652]
  0x0000027bfa6aaeb0 ConcurrentGCThread "G1 Refine#4" [stack: 0x000000c185600000,0x000000c185700000] [id=11108]
  0x0000027bf19559c0 ConcurrentGCThread "G1 Refine#5" [stack: 0x000000c185700000,0x000000c185800000] [id=18332]
  0x0000027bf3c024e0 ConcurrentGCThread "G1 Refine#6" [stack: 0x000000c186400000,0x000000c186500000] [id=13608]
  0x0000027bf19553e0 ConcurrentGCThread "G1 Refine#7" [stack: 0x000000c186500000,0x000000c186600000] [id=9804]
  0x0000027bcb20b8a0 ConcurrentGCThread "G1 Service" [stack: 0x000000c1f6e00000,0x000000c1f6f00000] [id=21628]

Threads with active compile tasks:
C2 CompilerThread0   810314 33557   !   4       java.nio.file.Files::walkFileTree (297 bytes)
C1 CompilerThread0   810314 34147       3       com.sun.tools.javac.code.Types$HashCodeVisitor::visitClassType (92 bytes)
C2 CompilerThread1   810314 34060       4       com.sun.tools.javac.code.Symbol$ClassSymbol::flags (9 bytes)
C2 CompilerThread2   810314 33769   !   4       com.sun.tools.javac.code.Symbol$ClassSymbol::complete (52 bytes)

VM state: not at safepoint (normal execution)

VM Mutex/Monitor currently owned by a thread: None

Heap address: 0x0000000080000000, size: 2048 MB, Compressed Oops mode: 32-bit

CDS archive(s) mapped at: [0x0000027bcc000000-0x0000027bccbd0000-0x0000027bccbd0000), size 12386304, SharedBaseAddress: 0x0000027bcc000000, ArchiveRelocationMode: 1.
Compressed class space mapped at: 0x0000027bcd000000-0x0000027be7000000, reserved size: 436207616
Narrow klass base: 0x0000027bcc000000, Narrow klass shift: 0, Narrow klass range: 0x100000000

GC Precious Log:
 CPUs: 12 total, 12 available
 Memory: 16024M
 Large Page Support: Disabled
 NUMA Support: Disabled
 Compressed Oops: Enabled (32-bit)
 Heap Region Size: 1M
 Heap Min Capacity: 8M
 Heap Initial Capacity: 252M
 Heap Max Capacity: 2G
 Pre-touch: Disabled
 Parallel Workers: 10
 Concurrent Workers: 3
 Concurrent Refinement Workers: 10
 Periodic GC: Disabled

Heap:
 garbage-first heap   total 1044480K, used 584079K [0x0000000080000000, 0x0000000100000000)
  region size 1024K, 65 young (66560K), 15 survivors (15360K)
 Metaspace       used 169954K, committed 172672K, reserved 622592K
  class space    used 23242K, committed 24512K, reserved 425984K

Heap Regions: E=young(eden), S=young(survivor), O=old, HS=humongous(starts), HC=humongous(continues), CS=collection set, F=free, OA=open archive, CA=closed archive, TAMS=top-at-mark-start (previous, next)
|   0|0x0000000080000000, 0x0000000080100000, 0x0000000080100000|100%|HS|  |TAMS 0x0000000080100000, 0x0000000080000000| Complete 
|   1|0x0000000080100000, 0x0000000080200000, 0x0000000080200000|100%|HC|  |TAMS 0x0000000080200000, 0x0000000080100000| Complete 
|   2|0x0000000080200000, 0x0000000080300000, 0x0000000080300000|100%|HC|  |TAMS 0x0000000080300000, 0x0000000080200000| Complete 
|   3|0x0000000080300000, 0x0000000080400000, 0x0000000080400000|100%| O|  |TAMS 0x0000000080400000, 0x0000000080300000| Untracked 
|   4|0x0000000080400000, 0x0000000080500000, 0x0000000080500000|100%| O|  |TAMS 0x0000000080500000, 0x0000000080400000| Untracked 
|   5|0x0000000080500000, 0x0000000080600000, 0x0000000080600000|100%| O|  |TAMS 0x0000000080600000, 0x0000000080500000| Untracked 
|   6|0x0000000080600000, 0x0000000080700000, 0x0000000080700000|100%|HS|  |TAMS 0x0000000080700000, 0x0000000080600000| Complete 
|   7|0x0000000080700000, 0x0000000080800000, 0x0000000080800000|100%| O|  |TAMS 0x0000000080800000, 0x0000000080700000| Untracked 
|   8|0x0000000080800000, 0x0000000080900000, 0x0000000080900000|100%| O|  |TAMS 0x0000000080900000, 0x0000000080800000| Untracked 
|   9|0x0000000080900000, 0x00000000809e3e00, 0x0000000080a00000| 89%| O|  |TAMS 0x00000000809e3e00, 0x0000000080900000| Untracked 
|  10|0x0000000080a00000, 0x0000000080b00000, 0x0000000080b00000|100%| O|  |TAMS 0x0000000080b00000, 0x0000000080a00000| Untracked 
|  11|0x0000000080b00000, 0x0000000080c00000, 0x0000000080c00000|100%| O|  |TAMS 0x0000000080c00000, 0x0000000080b00000| Untracked 
|  12|0x0000000080c00000, 0x0000000080d00000, 0x0000000080d00000|100%| O|  |TAMS 0x0000000080d00000, 0x0000000080c00000| Untracked 
|  13|0x0000000080d00000, 0x0000000080e00000, 0x0000000080e00000|100%| O|  |TAMS 0x0000000080e00000, 0x0000000080d00000| Untracked 
|  14|0x0000000080e00000, 0x0000000080f00000, 0x0000000080f00000|100%| O|  |TAMS 0x0000000080f00000, 0x0000000080e00000| Untracked 
|  15|0x0000000080f00000, 0x0000000081000000, 0x0000000081000000|100%| O|  |TAMS 0x0000000081000000, 0x0000000080f00000| Untracked 
|  16|0x0000000081000000, 0x0000000081100000, 0x0000000081100000|100%| O|  |TAMS 0x0000000081100000, 0x0000000081000000| Untracked 
|  17|0x0000000081100000, 0x0000000081200000, 0x0000000081200000|100%| O|  |TAMS 0x0000000081200000, 0x0000000081100000| Untracked 
|  18|0x0000000081200000, 0x0000000081300000, 0x0000000081300000|100%| O|  |TAMS 0x0000000081300000, 0x0000000081200000| Untracked 
|  19|0x0000000081300000, 0x0000000081400000, 0x0000000081400000|100%| O|  |TAMS 0x0000000081400000, 0x0000000081300000| Untracked 
|  20|0x0000000081400000, 0x0000000081500000, 0x0000000081500000|100%| O|  |TAMS 0x0000000081500000, 0x0000000081400000| Untracked 
|  21|0x0000000081500000, 0x0000000081600000, 0x0000000081600000|100%| O|  |TAMS 0x0000000081600000, 0x0000000081500000| Untracked 
|  22|0x0000000081600000, 0x0000000081700000, 0x0000000081700000|100%| O|  |TAMS 0x0000000081700000, 0x0000000081600000| Untracked 
|  23|0x0000000081700000, 0x0000000081800000, 0x0000000081800000|100%| O|  |TAMS 0x0000000081800000, 0x0000000081700000| Untracked 
|  24|0x0000000081800000, 0x0000000081900000, 0x0000000081900000|100%| O|  |TAMS 0x0000000081900000, 0x0000000081800000| Untracked 
|  25|0x0000000081900000, 0x0000000081a00000, 0x0000000081a00000|100%| O|  |TAMS 0x0000000081a00000, 0x0000000081900000| Untracked 
|  26|0x0000000081a00000, 0x0000000081b00000, 0x0000000081b00000|100%| O|  |TAMS 0x0000000081b00000, 0x0000000081a00000| Untracked 
|  27|0x0000000081b00000, 0x0000000081c00000, 0x0000000081c00000|100%| O|  |TAMS 0x0000000081c00000, 0x0000000081b00000| Untracked 
|  28|0x0000000081c00000, 0x0000000081d00000, 0x0000000081d00000|100%| O|  |TAMS 0x0000000081d00000, 0x0000000081c00000| Untracked 
|  29|0x0000000081d00000, 0x0000000081e00000, 0x0000000081e00000|100%| O|  |TAMS 0x0000000081e00000, 0x0000000081d00000| Untracked 
|  30|0x0000000081e00000, 0x0000000081f00000, 0x0000000081f00000|100%| O|  |TAMS 0x0000000081f00000, 0x0000000081e00000| Untracked 
|  31|0x0000000081f00000, 0x0000000082000000, 0x0000000082000000|100%| O|  |TAMS 0x0000000082000000, 0x0000000081f00000| Untracked 
|  32|0x0000000082000000, 0x0000000082100000, 0x0000000082100000|100%| O|  |TAMS 0x0000000082100000, 0x0000000082000000| Untracked 
|  33|0x0000000082100000, 0x0000000082200000, 0x0000000082200000|100%| O|  |TAMS 0x0000000082200000, 0x0000000082100000| Untracked 
|  34|0x0000000082200000, 0x0000000082300000, 0x0000000082300000|100%| O|  |TAMS 0x0000000082300000, 0x0000000082200000| Untracked 
|  35|0x0000000082300000, 0x0000000082400000, 0x0000000082400000|100%| O|  |TAMS 0x0000000082400000, 0x0000000082300000| Untracked 
|  36|0x0000000082400000, 0x0000000082500000, 0x0000000082500000|100%| O|  |TAMS 0x0000000082500000, 0x0000000082400000| Untracked 
|  37|0x0000000082500000, 0x0000000082600000, 0x0000000082600000|100%| O|  |TAMS 0x0000000082600000, 0x0000000082500000| Untracked 
|  38|0x0000000082600000, 0x0000000082700000, 0x0000000082700000|100%| O|  |TAMS 0x0000000082700000, 0x0000000082600000| Untracked 
|  39|0x0000000082700000, 0x0000000082800000, 0x0000000082800000|100%| O|  |TAMS 0x0000000082800000, 0x0000000082700000| Untracked 
|  40|0x0000000082800000, 0x0000000082900000, 0x0000000082900000|100%| O|  |TAMS 0x0000000082900000, 0x0000000082800000| Untracked 
|  41|0x0000000082900000, 0x0000000082a00000, 0x0000000082a00000|100%|HS|  |TAMS 0x0000000082a00000, 0x0000000082900000| Complete 
|  42|0x0000000082a00000, 0x0000000082b00000, 0x0000000082b00000|100%|HC|  |TAMS 0x0000000082b00000, 0x0000000082a00000| Complete 
|  43|0x0000000082b00000, 0x0000000082c00000, 0x0000000082c00000|100%|HC|  |TAMS 0x0000000082c00000, 0x0000000082b00000| Complete 
|  44|0x0000000082c00000, 0x0000000082d00000, 0x0000000082d00000|100%|HS|  |TAMS 0x0000000082d00000, 0x0000000082c00000| Complete 
|  45|0x0000000082d00000, 0x0000000082e00000, 0x0000000082e00000|100%|HC|  |TAMS 0x0000000082e00000, 0x0000000082d00000| Complete 
|  46|0x0000000082e00000, 0x0000000082f00000, 0x0000000082f00000|100%|HC|  |TAMS 0x0000000082f00000, 0x0000000082e00000| Complete 
|  47|0x0000000082f00000, 0x0000000083000000, 0x0000000083000000|100%| O|  |TAMS 0x0000000083000000, 0x0000000082f00000| Untracked 
|  48|0x0000000083000000, 0x0000000083100000, 0x0000000083100000|100%| O|  |TAMS 0x0000000083100000, 0x0000000083000000| Untracked 
|  49|0x0000000083100000, 0x0000000083200000, 0x0000000083200000|100%| O|  |TAMS 0x0000000083200000, 0x0000000083100000| Untracked 
|  50|0x0000000083200000, 0x0000000083300000, 0x0000000083300000|100%| O|  |TAMS 0x0000000083300000, 0x0000000083200000| Untracked 
|  51|0x0000000083300000, 0x0000000083400000, 0x0000000083400000|100%| O|  |TAMS 0x0000000083400000, 0x0000000083300000| Untracked 
|  52|0x0000000083400000, 0x0000000083500000, 0x0000000083500000|100%| O|  |TAMS 0x0000000083500000, 0x0000000083400000| Untracked 
|  53|0x0000000083500000, 0x0000000083600000, 0x0000000083600000|100%| O|  |TAMS 0x0000000083600000, 0x0000000083500000| Untracked 
|  54|0x0000000083600000, 0x0000000083700000, 0x0000000083700000|100%| O|  |TAMS 0x0000000083700000, 0x0000000083600000| Untracked 
|  55|0x0000000083700000, 0x0000000083800000, 0x0000000083800000|100%| O|  |TAMS 0x0000000083800000, 0x0000000083700000| Untracked 
|  56|0x0000000083800000, 0x0000000083900000, 0x0000000083900000|100%| O|  |TAMS 0x0000000083900000, 0x0000000083800000| Untracked 
|  57|0x0000000083900000, 0x0000000083a00000, 0x0000000083a00000|100%| O|  |TAMS 0x0000000083a00000, 0x0000000083900000| Untracked 
|  58|0x0000000083a00000, 0x0000000083b00000, 0x0000000083b00000|100%| O|  |TAMS 0x0000000083b00000, 0x0000000083a00000| Untracked 
|  59|0x0000000083b00000, 0x0000000083c00000, 0x0000000083c00000|100%| O|  |TAMS 0x0000000083c00000, 0x0000000083b00000| Untracked 
|  60|0x0000000083c00000, 0x0000000083d00000, 0x0000000083d00000|100%| O|  |TAMS 0x0000000083d00000, 0x0000000083c00000| Untracked 
|  61|0x0000000083d00000, 0x0000000083e00000, 0x0000000083e00000|100%| O|  |TAMS 0x0000000083e00000, 0x0000000083d00000| Untracked 
|  62|0x0000000083e00000, 0x0000000083f00000, 0x0000000083f00000|100%| O|  |TAMS 0x0000000083f00000, 0x0000000083e00000| Complete 
|  63|0x0000000083f00000, 0x0000000084000000, 0x0000000084000000|100%| O|  |TAMS 0x0000000084000000, 0x0000000083f00000| Untracked 
|  64|0x0000000084000000, 0x0000000084100000, 0x0000000084100000|100%| O|  |TAMS 0x0000000084100000, 0x0000000084000000| Untracked 
|  65|0x0000000084100000, 0x0000000084200000, 0x0000000084200000|100%| O|  |TAMS 0x0000000084200000, 0x0000000084100000| Untracked 
|  66|0x0000000084200000, 0x0000000084300000, 0x0000000084300000|100%| O|  |TAMS 0x0000000084300000, 0x0000000084200000| Complete 
|  67|0x0000000084300000, 0x0000000084400000, 0x0000000084400000|100%| O|  |TAMS 0x0000000084400000, 0x0000000084300000| Complete 
|  68|0x0000000084400000, 0x0000000084500000, 0x0000000084500000|100%| O|  |TAMS 0x0000000084500000, 0x0000000084400000| Untracked 
|  69|0x0000000084500000, 0x0000000084600000, 0x0000000084600000|100%| O|  |TAMS 0x0000000084600000, 0x0000000084500000| Untracked 
|  70|0x0000000084600000, 0x0000000084700000, 0x0000000084700000|100%| O|  |TAMS 0x0000000084700000, 0x0000000084600000| Untracked 
|  71|0x0000000084700000, 0x0000000084800000, 0x0000000084800000|100%| O|  |TAMS 0x0000000084800000, 0x0000000084700000| Untracked 
|  72|0x0000000084800000, 0x0000000084900000, 0x0000000084900000|100%| O|  |TAMS 0x0000000084900000, 0x0000000084800000| Complete 
|  73|0x0000000084900000, 0x0000000084a00000, 0x0000000084a00000|100%| O|  |TAMS 0x0000000084a00000, 0x0000000084900000| Complete 
|  74|0x0000000084a00000, 0x0000000084b00000, 0x0000000084b00000|100%| O|  |TAMS 0x0000000084b00000, 0x0000000084a00000| Untracked 
|  75|0x0000000084b00000, 0x0000000084c00000, 0x0000000084c00000|100%| O|  |TAMS 0x0000000084c00000, 0x0000000084b00000| Complete 
|  76|0x0000000084c00000, 0x0000000084d00000, 0x0000000084d00000|100%| O|  |TAMS 0x0000000084d00000, 0x0000000084c00000| Untracked 
|  77|0x0000000084d00000, 0x0000000084e00000, 0x0000000084e00000|100%| O|  |TAMS 0x0000000084e00000, 0x0000000084d00000| Untracked 
|  78|0x0000000084e00000, 0x0000000084f00000, 0x0000000084f00000|100%|HS|  |TAMS 0x0000000084f00000, 0x0000000084e00000| Complete 
|  79|0x0000000084f00000, 0x0000000085000000, 0x0000000085000000|100%|HS|  |TAMS 0x0000000085000000, 0x0000000084f00000| Complete 
|  80|0x0000000085000000, 0x0000000085100000, 0x0000000085100000|100%|HS|  |TAMS 0x0000000085100000, 0x0000000085000000| Complete 
|  81|0x0000000085100000, 0x0000000085200000, 0x0000000085200000|100%|HS|  |TAMS 0x0000000085200000, 0x0000000085100000| Complete 
|  82|0x0000000085200000, 0x0000000085300000, 0x0000000085300000|100%|HS|  |TAMS 0x0000000085300000, 0x0000000085200000| Complete 
|  83|0x0000000085300000, 0x0000000085400000, 0x0000000085400000|100%|HS|  |TAMS 0x0000000085400000, 0x0000000085300000| Complete 
|  84|0x0000000085400000, 0x0000000085500000, 0x0000000085500000|100%| O|  |TAMS 0x0000000085500000, 0x0000000085400000| Untracked 
|  85|0x0000000085500000, 0x0000000085600000, 0x0000000085600000|100%| O|  |TAMS 0x0000000085600000, 0x0000000085500000| Complete 
|  86|0x0000000085600000, 0x0000000085700000, 0x0000000085700000|100%| O|  |TAMS 0x0000000085700000, 0x0000000085600000| Untracked 
|  87|0x0000000085700000, 0x0000000085800000, 0x0000000085800000|100%| O|  |TAMS 0x0000000085800000, 0x0000000085700000| Untracked 
|  88|0x0000000085800000, 0x0000000085900000, 0x0000000085900000|100%| O|  |TAMS 0x0000000085900000, 0x0000000085800000| Untracked 
|  89|0x0000000085900000, 0x0000000085a00000, 0x0000000085a00000|100%| O|  |TAMS 0x0000000085a00000, 0x0000000085900000| Untracked 
|  90|0x0000000085a00000, 0x0000000085b00000, 0x0000000085b00000|100%| O|  |TAMS 0x0000000085b00000, 0x0000000085a00000| Untracked 
|  91|0x0000000085b00000, 0x0000000085c00000, 0x0000000085c00000|100%| O|  |TAMS 0x0000000085c00000, 0x0000000085b00000| Untracked 
|  92|0x0000000085c00000, 0x0000000085d00000, 0x0000000085d00000|100%| O|  |TAMS 0x0000000085d00000, 0x0000000085c00000| Complete 
|  93|0x0000000085d00000, 0x0000000085e00000, 0x0000000085e00000|100%| O|  |TAMS 0x0000000085e00000, 0x0000000085d00000| Complete 
|  94|0x0000000085e00000, 0x0000000085f00000, 0x0000000085f00000|100%|HS|  |TAMS 0x0000000085f00000, 0x0000000085e00000| Complete 
|  95|0x0000000085f00000, 0x0000000086000000, 0x0000000086000000|100%| O|  |TAMS 0x0000000086000000, 0x0000000085f00000| Untracked 
|  96|0x0000000086000000, 0x0000000086100000, 0x0000000086100000|100%| O|  |TAMS 0x0000000086100000, 0x0000000086000000| Untracked 
|  97|0x0000000086100000, 0x0000000086200000, 0x0000000086200000|100%| O|  |TAMS 0x0000000086200000, 0x0000000086100000| Untracked 
|  98|0x0000000086200000, 0x0000000086300000, 0x0000000086300000|100%| O|  |TAMS 0x0000000086300000, 0x0000000086200000| Complete 
|  99|0x0000000086300000, 0x0000000086400000, 0x0000000086400000|100%| O|  |TAMS 0x0000000086400000, 0x0000000086300000| Complete 
| 100|0x0000000086400000, 0x0000000086500000, 0x0000000086500000|100%| O|  |TAMS 0x0000000086500000, 0x0000000086400000| Untracked 
| 101|0x0000000086500000, 0x0000000086600000, 0x0000000086600000|100%| O|  |TAMS 0x0000000086600000, 0x0000000086500000| Untracked 
| 102|0x0000000086600000, 0x0000000086700000, 0x0000000086700000|100%| O|  |TAMS 0x0000000086700000, 0x0000000086600000| Untracked 
| 103|0x0000000086700000, 0x0000000086800000, 0x0000000086800000|100%| O|  |TAMS 0x0000000086800000, 0x0000000086700000| Untracked 
| 104|0x0000000086800000, 0x0000000086900000, 0x0000000086900000|100%| O|  |TAMS 0x0000000086900000, 0x0000000086800000| Untracked 
| 105|0x0000000086900000, 0x0000000086a00000, 0x0000000086a00000|100%|HS|  |TAMS 0x0000000086a00000, 0x0000000086900000| Complete 
| 106|0x0000000086a00000, 0x0000000086b00000, 0x0000000086b00000|100%|HC|  |TAMS 0x0000000086b00000, 0x0000000086a00000| Complete 
| 107|0x0000000086b00000, 0x0000000086c00000, 0x0000000086c00000|100%|HC|  |TAMS 0x0000000086c00000, 0x0000000086b00000| Complete 
| 108|0x0000000086c00000, 0x0000000086d00000, 0x0000000086d00000|100%| O|  |TAMS 0x0000000086d00000, 0x0000000086c00000| Untracked 
| 109|0x0000000086d00000, 0x0000000086e00000, 0x0000000086e00000|100%| O|  |TAMS 0x0000000086e00000, 0x0000000086d00000| Untracked 
| 110|0x0000000086e00000, 0x0000000086f00000, 0x0000000086f00000|100%| O|  |TAMS 0x0000000086f00000, 0x0000000086e00000| Untracked 
| 111|0x0000000086f00000, 0x0000000087000000, 0x0000000087000000|100%| O|  |TAMS 0x0000000087000000, 0x0000000086f00000| Untracked 
| 112|0x0000000087000000, 0x0000000087100000, 0x0000000087100000|100%| O|  |TAMS 0x0000000087100000, 0x0000000087000000| Untracked 
| 113|0x0000000087100000, 0x0000000087200000, 0x0000000087200000|100%| O|  |TAMS 0x0000000087200000, 0x0000000087100000| Untracked 
| 114|0x0000000087200000, 0x0000000087300000, 0x0000000087300000|100%| O|  |TAMS 0x0000000087300000, 0x0000000087200000| Untracked 
| 115|0x0000000087300000, 0x0000000087400000, 0x0000000087400000|100%| O|  |TAMS 0x0000000087400000, 0x0000000087300000| Untracked 
| 116|0x0000000087400000, 0x0000000087500000, 0x0000000087500000|100%| O|  |TAMS 0x0000000087500000, 0x0000000087400000| Untracked 
| 117|0x0000000087500000, 0x0000000087600000, 0x0000000087600000|100%| O|  |TAMS 0x0000000087600000, 0x0000000087500000| Untracked 
| 118|0x0000000087600000, 0x0000000087700000, 0x0000000087700000|100%| O|  |TAMS 0x0000000087700000, 0x0000000087600000| Untracked 
| 119|0x0000000087700000, 0x0000000087800000, 0x0000000087800000|100%| O|  |TAMS 0x0000000087800000, 0x0000000087700000| Untracked 
| 120|0x0000000087800000, 0x0000000087900000, 0x0000000087900000|100%| O|  |TAMS 0x0000000087900000, 0x0000000087800000| Untracked 
| 121|0x0000000087900000, 0x0000000087a00000, 0x0000000087a00000|100%| O|  |TAMS 0x0000000087a00000, 0x0000000087900000| Untracked 
| 122|0x0000000087a00000, 0x0000000087b00000, 0x0000000087b00000|100%| O|  |TAMS 0x0000000087b00000, 0x0000000087a00000| Untracked 
| 123|0x0000000087b00000, 0x0000000087c00000, 0x0000000087c00000|100%| O|  |TAMS 0x0000000087c00000, 0x0000000087b00000| Untracked 
| 124|0x0000000087c00000, 0x0000000087d00000, 0x0000000087d00000|100%| O|  |TAMS 0x0000000087d00000, 0x0000000087c00000| Complete 
| 125|0x0000000087d00000, 0x0000000087e00000, 0x0000000087e00000|100%| O|  |TAMS 0x0000000087e00000, 0x0000000087d00000| Complete 
| 126|0x0000000087e00000, 0x0000000087f00000, 0x0000000087f00000|100%| O|  |TAMS 0x0000000087f00000, 0x0000000087e00000| Untracked 
| 127|0x0000000087f00000, 0x0000000088000000, 0x0000000088000000|100%| O|  |TAMS 0x0000000088000000, 0x0000000087f00000| Untracked 
| 128|0x0000000088000000, 0x0000000088100000, 0x0000000088100000|100%| O|  |TAMS 0x0000000088100000, 0x0000000088000000| Complete 
| 129|0x0000000088100000, 0x0000000088200000, 0x0000000088200000|100%| O|  |TAMS 0x0000000088200000, 0x0000000088100000| Complete 
| 130|0x0000000088200000, 0x0000000088300000, 0x0000000088300000|100%| O|  |TAMS 0x0000000088300000, 0x0000000088200000| Untracked 
| 131|0x0000000088300000, 0x0000000088400000, 0x0000000088400000|100%| O|  |TAMS 0x0000000088400000, 0x0000000088300000| Untracked 
| 132|0x0000000088400000, 0x0000000088500000, 0x0000000088500000|100%|HS|  |TAMS 0x0000000088500000, 0x0000000088400000| Complete 
| 133|0x0000000088500000, 0x0000000088600000, 0x0000000088600000|100%|HS|  |TAMS 0x0000000088600000, 0x0000000088500000| Complete 
| 134|0x0000000088600000, 0x0000000088700000, 0x0000000088700000|100%|HS|  |TAMS 0x0000000088700000, 0x0000000088600000| Complete 
| 135|0x0000000088700000, 0x0000000088800000, 0x0000000088800000|100%| O|  |TAMS 0x0000000088800000, 0x0000000088700000| Untracked 
| 136|0x0000000088800000, 0x0000000088900000, 0x0000000088900000|100%|HS|  |TAMS 0x0000000088800000, 0x0000000088800000| Complete 
| 137|0x0000000088900000, 0x0000000088a00000, 0x0000000088a00000|100%|HC|  |TAMS 0x0000000088900000, 0x0000000088900000| Complete 
| 138|0x0000000088a00000, 0x0000000088b00000, 0x0000000088b00000|100%| O|  |TAMS 0x0000000088b00000, 0x0000000088a00000| Complete 
| 139|0x0000000088b00000, 0x0000000088c00000, 0x0000000088c00000|100%| O|  |TAMS 0x0000000088c00000, 0x0000000088b00000| Complete 
| 140|0x0000000088c00000, 0x0000000088d00000, 0x0000000088d00000|100%| O|  |TAMS 0x0000000088d00000, 0x0000000088c00000| Untracked 
| 141|0x0000000088d00000, 0x0000000088e00000, 0x0000000088e00000|100%| O|  |TAMS 0x0000000088e00000, 0x0000000088d00000| Complete 
| 142|0x0000000088e00000, 0x0000000088f00000, 0x0000000088f00000|100%| O|  |TAMS 0x0000000088f00000, 0x0000000088e00000| Complete 
| 143|0x0000000088f00000, 0x0000000089000000, 0x0000000089000000|100%| O|  |TAMS 0x0000000089000000, 0x0000000088f00000| Complete 
| 144|0x0000000089000000, 0x0000000089100000, 0x0000000089100000|100%| O|  |TAMS 0x0000000089100000, 0x0000000089000000| Complete 
| 145|0x0000000089100000, 0x0000000089200000, 0x0000000089200000|100%| O|  |TAMS 0x0000000089200000, 0x0000000089100000| Untracked 
| 146|0x0000000089200000, 0x0000000089300000, 0x0000000089300000|100%| O|  |TAMS 0x0000000089300000, 0x0000000089200000| Untracked 
| 147|0x0000000089300000, 0x0000000089400000, 0x0000000089400000|100%| O|  |TAMS 0x0000000089400000, 0x0000000089300000| Untracked 
| 148|0x0000000089400000, 0x0000000089500000, 0x0000000089500000|100%| O|  |TAMS 0x0000000089500000, 0x0000000089400000| Untracked 
| 149|0x0000000089500000, 0x0000000089600000, 0x0000000089600000|100%| O|  |TAMS 0x0000000089600000, 0x0000000089500000| Untracked 
| 150|0x0000000089600000, 0x0000000089700000, 0x0000000089700000|100%| O|  |TAMS 0x0000000089700000, 0x0000000089600000| Complete 
| 151|0x0000000089700000, 0x0000000089800000, 0x0000000089800000|100%| O|  |TAMS 0x0000000089800000, 0x0000000089700000| Untracked 
| 152|0x0000000089800000, 0x0000000089900000, 0x0000000089900000|100%| O|  |TAMS 0x0000000089900000, 0x0000000089800000| Complete 
| 153|0x0000000089900000, 0x0000000089a00000, 0x0000000089a00000|100%| O|  |TAMS 0x0000000089a00000, 0x0000000089900000| Untracked 
| 154|0x0000000089a00000, 0x0000000089b00000, 0x0000000089b00000|100%| O|  |TAMS 0x0000000089b00000, 0x0000000089a00000| Complete 
| 155|0x0000000089b00000, 0x0000000089c00000, 0x0000000089c00000|100%| O|  |TAMS 0x0000000089c00000, 0x0000000089b00000| Complete 
| 156|0x0000000089c00000, 0x0000000089d00000, 0x0000000089d00000|100%| O|  |TAMS 0x0000000089d00000, 0x0000000089c00000| Complete 
| 157|0x0000000089d00000, 0x0000000089e00000, 0x0000000089e00000|100%|HS|  |TAMS 0x0000000089e00000, 0x0000000089d00000| Complete 
| 158|0x0000000089e00000, 0x0000000089f00000, 0x0000000089f00000|100%|HS|  |TAMS 0x0000000089f00000, 0x0000000089e00000| Complete 
| 159|0x0000000089f00000, 0x000000008a000000, 0x000000008a000000|100%|HS|  |TAMS 0x000000008a000000, 0x0000000089f00000| Complete 
| 160|0x000000008a000000, 0x000000008a100000, 0x000000008a100000|100%| O|  |TAMS 0x000000008a100000, 0x000000008a000000| Untracked 
| 161|0x000000008a100000, 0x000000008a200000, 0x000000008a200000|100%| O|  |TAMS 0x000000008a200000, 0x000000008a100000| Complete 
| 162|0x000000008a200000, 0x000000008a300000, 0x000000008a300000|100%| O|  |TAMS 0x000000008a300000, 0x000000008a200000| Complete 
| 163|0x000000008a300000, 0x000000008a400000, 0x000000008a400000|100%| O|  |TAMS 0x000000008a400000, 0x000000008a300000| Complete 
| 164|0x000000008a400000, 0x000000008a500000, 0x000000008a500000|100%| O|  |TAMS 0x000000008a500000, 0x000000008a400000| Complete 
| 165|0x000000008a500000, 0x000000008a600000, 0x000000008a600000|100%| O|  |TAMS 0x000000008a600000, 0x000000008a500000| Complete 
| 166|0x000000008a600000, 0x000000008a700000, 0x000000008a700000|100%| O|  |TAMS 0x000000008a700000, 0x000000008a600000| Complete 
| 167|0x000000008a700000, 0x000000008a800000, 0x000000008a800000|100%| O|  |TAMS 0x000000008a800000, 0x000000008a700000| Complete 
| 168|0x000000008a800000, 0x000000008a900000, 0x000000008a900000|100%| O|  |TAMS 0x000000008a900000, 0x000000008a800000| Complete 
| 169|0x000000008a900000, 0x000000008aa00000, 0x000000008aa00000|100%| O|  |TAMS 0x000000008aa00000, 0x000000008a900000| Complete 
| 170|0x000000008aa00000, 0x000000008ab00000, 0x000000008ab00000|100%| O|  |TAMS 0x000000008ab00000, 0x000000008aa00000| Untracked 
| 171|0x000000008ab00000, 0x000000008ac00000, 0x000000008ac00000|100%| O|  |TAMS 0x000000008ac00000, 0x000000008ab00000| Complete 
| 172|0x000000008ac00000, 0x000000008ad00000, 0x000000008ad00000|100%| O|  |TAMS 0x000000008ad00000, 0x000000008ac00000| Untracked 
| 173|0x000000008ad00000, 0x000000008ae00000, 0x000000008ae00000|100%| O|  |TAMS 0x000000008ae00000, 0x000000008ad00000| Untracked 
| 174|0x000000008ae00000, 0x000000008af00000, 0x000000008af00000|100%| O|  |TAMS 0x000000008af00000, 0x000000008ae00000| Untracked 
| 175|0x000000008af00000, 0x000000008b000000, 0x000000008b000000|100%| O|  |TAMS 0x000000008b000000, 0x000000008af00000| Untracked 
| 176|0x000000008b000000, 0x000000008b100000, 0x000000008b100000|100%| O|  |TAMS 0x000000008b100000, 0x000000008b000000| Untracked 
| 177|0x000000008b100000, 0x000000008b200000, 0x000000008b200000|100%| O|  |TAMS 0x000000008b200000, 0x000000008b100000| Untracked 
| 178|0x000000008b200000, 0x000000008b300000, 0x000000008b300000|100%|HS|  |TAMS 0x000000008b300000, 0x000000008b200000| Complete 
| 179|0x000000008b300000, 0x000000008b400000, 0x000000008b400000|100%|HS|  |TAMS 0x000000008b400000, 0x000000008b300000| Complete 
| 180|0x000000008b400000, 0x000000008b500000, 0x000000008b500000|100%|HS|  |TAMS 0x000000008b500000, 0x000000008b400000| Complete 
| 181|0x000000008b500000, 0x000000008b600000, 0x000000008b600000|100%| O|  |TAMS 0x000000008b600000, 0x000000008b500000| Complete 
| 182|0x000000008b600000, 0x000000008b700000, 0x000000008b700000|100%| O|  |TAMS 0x000000008b700000, 0x000000008b600000| Complete 
| 183|0x000000008b700000, 0x000000008b800000, 0x000000008b800000|100%| O|  |TAMS 0x000000008b800000, 0x000000008b700000| Untracked 
| 184|0x000000008b800000, 0x000000008b900000, 0x000000008b900000|100%|HS|  |TAMS 0x000000008b900000, 0x000000008b800000| Complete 
| 185|0x000000008b900000, 0x000000008ba00000, 0x000000008ba00000|100%| O|  |TAMS 0x000000008ba00000, 0x000000008b900000| Untracked 
| 186|0x000000008ba00000, 0x000000008bb00000, 0x000000008bb00000|100%| O|  |TAMS 0x000000008bb00000, 0x000000008ba00000| Untracked 
| 187|0x000000008bb00000, 0x000000008bc00000, 0x000000008bc00000|100%| O|  |TAMS 0x000000008bc00000, 0x000000008bb00000| Untracked 
| 188|0x000000008bc00000, 0x000000008bd00000, 0x000000008bd00000|100%| O|  |TAMS 0x000000008bd00000, 0x000000008bc00000| Complete 
| 189|0x000000008bd00000, 0x000000008be00000, 0x000000008be00000|100%| O|  |TAMS 0x000000008be00000, 0x000000008bd00000| Complete 
| 190|0x000000008be00000, 0x000000008bf00000, 0x000000008bf00000|100%| O|  |TAMS 0x000000008bf00000, 0x000000008be00000| Untracked 
| 191|0x000000008bf00000, 0x000000008c000000, 0x000000008c000000|100%| O|  |TAMS 0x000000008c000000, 0x000000008bf00000| Untracked 
| 192|0x000000008c000000, 0x000000008c100000, 0x000000008c100000|100%| O|  |TAMS 0x000000008c100000, 0x000000008c000000| Untracked 
| 193|0x000000008c100000, 0x000000008c200000, 0x000000008c200000|100%| O|  |TAMS 0x000000008c200000, 0x000000008c100000| Untracked 
| 194|0x000000008c200000, 0x000000008c300000, 0x000000008c300000|100%| O|  |TAMS 0x000000008c300000, 0x000000008c200000| Untracked 
| 195|0x000000008c300000, 0x000000008c400000, 0x000000008c400000|100%| O|  |TAMS 0x000000008c400000, 0x000000008c300000| Untracked 
| 196|0x000000008c400000, 0x000000008c500000, 0x000000008c500000|100%| O|  |TAMS 0x000000008c500000, 0x000000008c400000| Untracked 
| 197|0x000000008c500000, 0x000000008c600000, 0x000000008c600000|100%| O|  |TAMS 0x000000008c600000, 0x000000008c500000| Untracked 
| 198|0x000000008c600000, 0x000000008c700000, 0x000000008c700000|100%| O|  |TAMS 0x000000008c700000, 0x000000008c600000| Untracked 
| 199|0x000000008c700000, 0x000000008c800000, 0x000000008c800000|100%| O|  |TAMS 0x000000008c800000, 0x000000008c700000| Untracked 
| 200|0x000000008c800000, 0x000000008c900000, 0x000000008c900000|100%| O|  |TAMS 0x000000008c900000, 0x000000008c800000| Untracked 
| 201|0x000000008c900000, 0x000000008ca00000, 0x000000008ca00000|100%| O|  |TAMS 0x000000008ca00000, 0x000000008c900000| Untracked 
| 202|0x000000008ca00000, 0x000000008cb00000, 0x000000008cb00000|100%| O|  |TAMS 0x000000008cb00000, 0x000000008ca00000| Complete 
| 203|0x000000008cb00000, 0x000000008cc00000, 0x000000008cc00000|100%| O|  |TAMS 0x000000008cc00000, 0x000000008cb00000| Complete 
| 204|0x000000008cc00000, 0x000000008cd00000, 0x000000008cd00000|100%| O|  |TAMS 0x000000008cd00000, 0x000000008cc00000| Complete 
| 205|0x000000008cd00000, 0x000000008ce00000, 0x000000008ce00000|100%| O|  |TAMS 0x000000008ce00000, 0x000000008cd00000| Untracked 
| 206|0x000000008ce00000, 0x000000008cf00000, 0x000000008cf00000|100%| O|  |TAMS 0x000000008cf00000, 0x000000008ce00000| Untracked 
| 207|0x000000008cf00000, 0x000000008d000000, 0x000000008d000000|100%| O|  |TAMS 0x000000008d000000, 0x000000008cf00000| Untracked 
| 208|0x000000008d000000, 0x000000008d100000, 0x000000008d100000|100%| O|  |TAMS 0x000000008d100000, 0x000000008d000000| Complete 
| 209|0x000000008d100000, 0x000000008d200000, 0x000000008d200000|100%| O|  |TAMS 0x000000008d200000, 0x000000008d100000| Complete 
| 210|0x000000008d200000, 0x000000008d300000, 0x000000008d300000|100%| O|  |TAMS 0x000000008d300000, 0x000000008d200000| Complete 
| 211|0x000000008d300000, 0x000000008d400000, 0x000000008d400000|100%| O|  |TAMS 0x000000008d400000, 0x000000008d300000| Untracked 
| 212|0x000000008d400000, 0x000000008d500000, 0x000000008d500000|100%|HS|  |TAMS 0x000000008d500000, 0x000000008d400000| Complete 
| 213|0x000000008d500000, 0x000000008d600000, 0x000000008d600000|100%|HS|  |TAMS 0x000000008d600000, 0x000000008d500000| Complete 
| 214|0x000000008d600000, 0x000000008d700000, 0x000000008d700000|100%| O|  |TAMS 0x000000008d700000, 0x000000008d600000| Untracked 
| 215|0x000000008d700000, 0x000000008d800000, 0x000000008d800000|100%|HS|  |TAMS 0x000000008d800000, 0x000000008d700000| Complete 
| 216|0x000000008d800000, 0x000000008d900000, 0x000000008d900000|100%|HC|  |TAMS 0x000000008d900000, 0x000000008d800000| Complete 
| 217|0x000000008d900000, 0x000000008da00000, 0x000000008da00000|100%| O|  |TAMS 0x000000008da00000, 0x000000008d900000| Complete 
| 218|0x000000008da00000, 0x000000008db00000, 0x000000008db00000|100%| O|  |TAMS 0x000000008db00000, 0x000000008da00000| Untracked 
| 219|0x000000008db00000, 0x000000008dc00000, 0x000000008dc00000|100%| O|  |TAMS 0x000000008dc00000, 0x000000008db00000| Complete 
| 220|0x000000008dc00000, 0x000000008dd00000, 0x000000008dd00000|100%| O|  |TAMS 0x000000008dd00000, 0x000000008dc00000| Untracked 
| 221|0x000000008dd00000, 0x000000008de00000, 0x000000008de00000|100%| O|  |TAMS 0x000000008de00000, 0x000000008dd00000| Untracked 
| 222|0x000000008de00000, 0x000000008df00000, 0x000000008df00000|100%| O|  |TAMS 0x000000008df00000, 0x000000008de00000| Untracked 
| 223|0x000000008df00000, 0x000000008e000000, 0x000000008e000000|100%| O|  |TAMS 0x000000008e000000, 0x000000008df00000| Untracked 
| 224|0x000000008e000000, 0x000000008e100000, 0x000000008e100000|100%| O|  |TAMS 0x000000008e100000, 0x000000008e000000| Untracked 
| 225|0x000000008e100000, 0x000000008e200000, 0x000000008e200000|100%| O|  |TAMS 0x000000008e200000, 0x000000008e100000| Complete 
| 226|0x000000008e200000, 0x000000008e300000, 0x000000008e300000|100%| O|  |TAMS 0x000000008e300000, 0x000000008e200000| Untracked 
| 227|0x000000008e300000, 0x000000008e400000, 0x000000008e400000|100%| O|  |TAMS 0x000000008e400000, 0x000000008e300000| Complete 
| 228|0x000000008e400000, 0x000000008e500000, 0x000000008e500000|100%| O|  |TAMS 0x000000008e500000, 0x000000008e400000| Complete 
| 229|0x000000008e500000, 0x000000008e600000, 0x000000008e600000|100%|HS|  |TAMS 0x000000008e600000, 0x000000008e500000| Complete 
| 230|0x000000008e600000, 0x000000008e700000, 0x000000008e700000|100%|HS|  |TAMS 0x000000008e700000, 0x000000008e600000| Complete 
| 231|0x000000008e700000, 0x000000008e800000, 0x000000008e800000|100%|HS|  |TAMS 0x000000008e800000, 0x000000008e700000| Complete 
| 232|0x000000008e800000, 0x000000008e900000, 0x000000008e900000|100%| O|  |TAMS 0x000000008e900000, 0x000000008e800000| Untracked 
| 233|0x000000008e900000, 0x000000008ea00000, 0x000000008ea00000|100%| O|  |TAMS 0x000000008ea00000, 0x000000008e900000| Untracked 
| 234|0x000000008ea00000, 0x000000008eb00000, 0x000000008eb00000|100%| O|  |TAMS 0x000000008eb00000, 0x000000008ea00000| Complete 
| 235|0x000000008eb00000, 0x000000008ec00000, 0x000000008ec00000|100%| O|  |TAMS 0x000000008ec00000, 0x000000008eb00000| Untracked 
| 236|0x000000008ec00000, 0x000000008ed00000, 0x000000008ed00000|100%| O|  |TAMS 0x000000008ed00000, 0x000000008ec00000| Untracked 
| 237|0x000000008ed00000, 0x000000008ee00000, 0x000000008ee00000|100%| O|  |TAMS 0x000000008ee00000, 0x000000008ed00000| Untracked 
| 238|0x000000008ee00000, 0x000000008ef00000, 0x000000008ef00000|100%| O|  |TAMS 0x000000008ef00000, 0x000000008ee00000| Complete 
| 239|0x000000008ef00000, 0x000000008f000000, 0x000000008f000000|100%| O|  |TAMS 0x000000008f000000, 0x000000008ef00000| Complete 
| 240|0x000000008f000000, 0x000000008f100000, 0x000000008f100000|100%| O|  |TAMS 0x000000008f100000, 0x000000008f000000| Untracked 
| 241|0x000000008f100000, 0x000000008f200000, 0x000000008f200000|100%| O|  |TAMS 0x000000008f200000, 0x000000008f100000| Untracked 
| 242|0x000000008f200000, 0x000000008f300000, 0x000000008f300000|100%| O|  |TAMS 0x000000008f300000, 0x000000008f200000| Untracked 
| 243|0x000000008f300000, 0x000000008f400000, 0x000000008f400000|100%| O|  |TAMS 0x000000008f400000, 0x000000008f300000| Complete 
| 244|0x000000008f400000, 0x000000008f500000, 0x000000008f500000|100%| O|  |TAMS 0x000000008f500000, 0x000000008f400000| Complete 
| 245|0x000000008f500000, 0x000000008f600000, 0x000000008f600000|100%| O|  |TAMS 0x000000008f600000, 0x000000008f500000| Complete 
| 246|0x000000008f600000, 0x000000008f700000, 0x000000008f700000|100%| O|  |TAMS 0x000000008f700000, 0x000000008f600000| Complete 
| 247|0x000000008f700000, 0x000000008f800000, 0x000000008f800000|100%| O|  |TAMS 0x000000008f800000, 0x000000008f700000| Complete 
| 248|0x000000008f800000, 0x000000008f900000, 0x000000008f900000|100%| O|  |TAMS 0x000000008f900000, 0x000000008f800000| Untracked 
| 249|0x000000008f900000, 0x000000008fa00000, 0x000000008fa00000|100%| O|  |TAMS 0x000000008fa00000, 0x000000008f900000| Untracked 
| 250|0x000000008fa00000, 0x000000008fb00000, 0x000000008fb00000|100%| O|  |TAMS 0x000000008fb00000, 0x000000008fa00000| Complete 
| 251|0x000000008fb00000, 0x000000008fc00000, 0x000000008fc00000|100%| O|  |TAMS 0x000000008fc00000, 0x000000008fb00000| Untracked 
| 252|0x000000008fc00000, 0x000000008fd00000, 0x000000008fd00000|100%| O|  |TAMS 0x000000008fd00000, 0x000000008fc00000| Untracked 
| 253|0x000000008fd00000, 0x000000008fe00000, 0x000000008fe00000|100%| O|  |TAMS 0x000000008fe00000, 0x000000008fd00000| Complete 
| 254|0x000000008fe00000, 0x000000008ff00000, 0x000000008ff00000|100%| O|  |TAMS 0x000000008ff00000, 0x000000008fe00000| Complete 
| 255|0x000000008ff00000, 0x0000000090000000, 0x0000000090000000|100%| O|  |TAMS 0x0000000090000000, 0x000000008ff00000| Complete 
| 256|0x0000000090000000, 0x0000000090100000, 0x0000000090100000|100%| O|  |TAMS 0x0000000090100000, 0x0000000090000000| Complete 
| 257|0x0000000090100000, 0x0000000090200000, 0x0000000090200000|100%| O|  |TAMS 0x0000000090200000, 0x0000000090100000| Complete 
| 258|0x0000000090200000, 0x0000000090300000, 0x0000000090300000|100%| O|  |TAMS 0x0000000090300000, 0x0000000090200000| Untracked 
| 259|0x0000000090300000, 0x0000000090400000, 0x0000000090400000|100%| O|  |TAMS 0x0000000090400000, 0x0000000090300000| Untracked 
| 260|0x0000000090400000, 0x0000000090500000, 0x0000000090500000|100%| O|  |TAMS 0x0000000090500000, 0x0000000090400000| Complete 
| 261|0x0000000090500000, 0x0000000090600000, 0x0000000090600000|100%| O|  |TAMS 0x0000000090600000, 0x0000000090500000| Complete 
| 262|0x0000000090600000, 0x0000000090700000, 0x0000000090700000|100%| O|  |TAMS 0x0000000090700000, 0x0000000090600000| Complete 
| 263|0x0000000090700000, 0x0000000090800000, 0x0000000090800000|100%| O|  |TAMS 0x0000000090800000, 0x0000000090700000| Complete 
| 264|0x0000000090800000, 0x0000000090900000, 0x0000000090900000|100%| O|  |TAMS 0x0000000090900000, 0x0000000090800000| Complete 
| 265|0x0000000090900000, 0x0000000090a00000, 0x0000000090a00000|100%| O|  |TAMS 0x0000000090a00000, 0x0000000090900000| Untracked 
| 266|0x0000000090a00000, 0x0000000090b00000, 0x0000000090b00000|100%| O|  |TAMS 0x0000000090b00000, 0x0000000090a00000| Untracked 
| 267|0x0000000090b00000, 0x0000000090c00000, 0x0000000090c00000|100%| O|  |TAMS 0x0000000090c00000, 0x0000000090b00000| Complete 
| 268|0x0000000090c00000, 0x0000000090d00000, 0x0000000090d00000|100%| O|  |TAMS 0x0000000090d00000, 0x0000000090c00000| Complete 
| 269|0x0000000090d00000, 0x0000000090e00000, 0x0000000090e00000|100%| O|  |TAMS 0x0000000090e00000, 0x0000000090d00000| Complete 
| 270|0x0000000090e00000, 0x0000000090f00000, 0x0000000090f00000|100%| O|  |TAMS 0x0000000090f00000, 0x0000000090e00000| Complete 
| 271|0x0000000090f00000, 0x0000000091000000, 0x0000000091000000|100%| O|  |TAMS 0x0000000091000000, 0x0000000090f00000| Complete 
| 272|0x0000000091000000, 0x0000000091100000, 0x0000000091100000|100%| O|  |TAMS 0x0000000091100000, 0x0000000091000000| Complete 
| 273|0x0000000091100000, 0x0000000091200000, 0x0000000091200000|100%| O|  |TAMS 0x0000000091200000, 0x0000000091100000| Complete 
| 274|0x0000000091200000, 0x0000000091300000, 0x0000000091300000|100%| O|  |TAMS 0x0000000091300000, 0x0000000091200000| Complete 
| 275|0x0000000091300000, 0x0000000091400000, 0x0000000091400000|100%| O|  |TAMS 0x0000000091400000, 0x0000000091300000| Complete 
| 276|0x0000000091400000, 0x0000000091500000, 0x0000000091500000|100%| O|  |TAMS 0x0000000091500000, 0x0000000091400000| Complete 
| 277|0x0000000091500000, 0x0000000091600000, 0x0000000091600000|100%| O|  |TAMS 0x0000000091600000, 0x0000000091500000| Complete 
| 278|0x0000000091600000, 0x0000000091700000, 0x0000000091700000|100%| O|  |TAMS 0x0000000091700000, 0x0000000091600000| Complete 
| 279|0x0000000091700000, 0x0000000091800000, 0x0000000091800000|100%| O|  |TAMS 0x0000000091800000, 0x0000000091700000| Complete 
| 280|0x0000000091800000, 0x0000000091900000, 0x0000000091900000|100%| O|  |TAMS 0x0000000091900000, 0x0000000091800000| Untracked 
| 281|0x0000000091900000, 0x0000000091a00000, 0x0000000091a00000|100%| O|  |TAMS 0x0000000091a00000, 0x0000000091900000| Complete 
| 282|0x0000000091a00000, 0x0000000091b00000, 0x0000000091b00000|100%| O|  |TAMS 0x0000000091b00000, 0x0000000091a00000| Complete 
| 283|0x0000000091b00000, 0x0000000091c00000, 0x0000000091c00000|100%| O|  |TAMS 0x0000000091c00000, 0x0000000091b00000| Complete 
| 284|0x0000000091c00000, 0x0000000091d00000, 0x0000000091d00000|100%| O|  |TAMS 0x0000000091d00000, 0x0000000091c00000| Complete 
| 285|0x0000000091d00000, 0x0000000091e00000, 0x0000000091e00000|100%| O|  |TAMS 0x0000000091e00000, 0x0000000091d00000| Complete 
| 286|0x0000000091e00000, 0x0000000091f00000, 0x0000000091f00000|100%| O|  |TAMS 0x0000000091f00000, 0x0000000091e00000| Untracked 
| 287|0x0000000091f00000, 0x0000000092000000, 0x0000000092000000|100%| O|  |TAMS 0x0000000092000000, 0x0000000091f00000| Complete 
| 288|0x0000000092000000, 0x0000000092100000, 0x0000000092100000|100%| O|  |TAMS 0x0000000092100000, 0x0000000092000000| Complete 
| 289|0x0000000092100000, 0x0000000092200000, 0x0000000092200000|100%| O|  |TAMS 0x0000000092200000, 0x0000000092100000| Untracked 
| 290|0x0000000092200000, 0x0000000092300000, 0x0000000092300000|100%| O|  |TAMS 0x0000000092300000, 0x0000000092200000| Complete 
| 291|0x0000000092300000, 0x0000000092400000, 0x0000000092400000|100%| O|  |TAMS 0x0000000092400000, 0x0000000092300000| Untracked 
| 292|0x0000000092400000, 0x0000000092500000, 0x0000000092500000|100%| O|  |TAMS 0x0000000092500000, 0x0000000092400000| Untracked 
| 293|0x0000000092500000, 0x0000000092600000, 0x0000000092600000|100%| O|  |TAMS 0x0000000092600000, 0x0000000092500000| Untracked 
| 294|0x0000000092600000, 0x0000000092700000, 0x0000000092700000|100%| O|  |TAMS 0x0000000092700000, 0x0000000092600000| Untracked 
| 295|0x0000000092700000, 0x0000000092800000, 0x0000000092800000|100%| O|  |TAMS 0x0000000092800000, 0x0000000092700000| Untracked 
| 296|0x0000000092800000, 0x0000000092900000, 0x0000000092900000|100%| O|  |TAMS 0x0000000092900000, 0x0000000092800000| Untracked 
| 297|0x0000000092900000, 0x0000000092a00000, 0x0000000092a00000|100%| O|  |TAMS 0x0000000092a00000, 0x0000000092900000| Untracked 
| 298|0x0000000092a00000, 0x0000000092b00000, 0x0000000092b00000|100%| O|  |TAMS 0x0000000092b00000, 0x0000000092a00000| Untracked 
| 299|0x0000000092b00000, 0x0000000092c00000, 0x0000000092c00000|100%| O|  |TAMS 0x0000000092c00000, 0x0000000092b00000| Untracked 
| 300|0x0000000092c00000, 0x0000000092d00000, 0x0000000092d00000|100%| O|  |TAMS 0x0000000092d00000, 0x0000000092c00000| Untracked 
| 301|0x0000000092d00000, 0x0000000092e00000, 0x0000000092e00000|100%| O|  |TAMS 0x0000000092e00000, 0x0000000092d00000| Untracked 
| 302|0x0000000092e00000, 0x0000000092f00000, 0x0000000092f00000|100%| O|  |TAMS 0x0000000092f00000, 0x0000000092e00000| Complete 
| 303|0x0000000092f00000, 0x0000000093000000, 0x0000000093000000|100%| O|  |TAMS 0x0000000093000000, 0x0000000092f00000| Untracked 
| 304|0x0000000093000000, 0x0000000093100000, 0x0000000093100000|100%| O|  |TAMS 0x0000000093100000, 0x0000000093000000| Untracked 
| 305|0x0000000093100000, 0x0000000093200000, 0x0000000093200000|100%| O|  |TAMS 0x0000000093200000, 0x0000000093100000| Untracked 
| 306|0x0000000093200000, 0x0000000093300000, 0x0000000093300000|100%| O|  |TAMS 0x0000000093300000, 0x0000000093200000| Untracked 
| 307|0x0000000093300000, 0x0000000093400000, 0x0000000093400000|100%| O|  |TAMS 0x0000000093400000, 0x0000000093300000| Complete 
| 308|0x0000000093400000, 0x0000000093500000, 0x0000000093500000|100%| O|  |TAMS 0x0000000093500000, 0x0000000093400000| Untracked 
| 309|0x0000000093500000, 0x0000000093600000, 0x0000000093600000|100%| O|  |TAMS 0x0000000093600000, 0x0000000093500000| Untracked 
| 310|0x0000000093600000, 0x0000000093700000, 0x0000000093700000|100%| O|  |TAMS 0x0000000093700000, 0x0000000093600000| Complete 
| 311|0x0000000093700000, 0x0000000093800000, 0x0000000093800000|100%| O|  |TAMS 0x0000000093800000, 0x0000000093700000| Complete 
| 312|0x0000000093800000, 0x0000000093900000, 0x0000000093900000|100%| O|  |TAMS 0x0000000093900000, 0x0000000093800000| Untracked 
| 313|0x0000000093900000, 0x0000000093a00000, 0x0000000093a00000|100%| O|  |TAMS 0x0000000093a00000, 0x0000000093900000| Untracked 
| 314|0x0000000093a00000, 0x0000000093b00000, 0x0000000093b00000|100%| O|  |TAMS 0x0000000093b00000, 0x0000000093a00000| Untracked 
| 315|0x0000000093b00000, 0x0000000093c00000, 0x0000000093c00000|100%| O|  |TAMS 0x0000000093c00000, 0x0000000093b00000| Untracked 
| 316|0x0000000093c00000, 0x0000000093d00000, 0x0000000093d00000|100%| O|  |TAMS 0x0000000093d00000, 0x0000000093c00000| Complete 
| 317|0x0000000093d00000, 0x0000000093e00000, 0x0000000093e00000|100%| O|  |TAMS 0x0000000093e00000, 0x0000000093d00000| Untracked 
| 318|0x0000000093e00000, 0x0000000093f00000, 0x0000000093f00000|100%| O|  |TAMS 0x0000000093f00000, 0x0000000093e00000| Complete 
| 319|0x0000000093f00000, 0x0000000094000000, 0x0000000094000000|100%| O|  |TAMS 0x0000000094000000, 0x0000000093f00000| Untracked 
| 320|0x0000000094000000, 0x0000000094100000, 0x0000000094100000|100%| O|  |TAMS 0x0000000094100000, 0x0000000094000000| Complete 
| 321|0x0000000094100000, 0x0000000094200000, 0x0000000094200000|100%| O|  |TAMS 0x0000000094200000, 0x0000000094100000| Untracked 
| 322|0x0000000094200000, 0x0000000094300000, 0x0000000094300000|100%|HS|  |TAMS 0x0000000094200000, 0x0000000094200000| Complete 
| 323|0x0000000094300000, 0x0000000094400000, 0x0000000094400000|100%|HC|  |TAMS 0x0000000094300000, 0x0000000094300000| Complete 
| 324|0x0000000094400000, 0x0000000094400000, 0x0000000094500000|  0%| F|  |TAMS 0x0000000094400000, 0x0000000094400000| Untracked 
| 325|0x0000000094500000, 0x0000000094500000, 0x0000000094600000|  0%| F|  |TAMS 0x0000000094500000, 0x0000000094500000| Untracked 
| 326|0x0000000094600000, 0x0000000094600000, 0x0000000094700000|  0%| F|  |TAMS 0x0000000094600000, 0x0000000094600000| Untracked 
| 327|0x0000000094700000, 0x0000000094700000, 0x0000000094800000|  0%| F|  |TAMS 0x0000000094700000, 0x0000000094700000| Untracked 
| 328|0x0000000094800000, 0x0000000094800000, 0x0000000094900000|  0%| F|  |TAMS 0x0000000094800000, 0x0000000094800000| Untracked 
| 329|0x0000000094900000, 0x0000000094900000, 0x0000000094a00000|  0%| F|  |TAMS 0x0000000094900000, 0x0000000094900000| Untracked 
| 330|0x0000000094a00000, 0x0000000094a00000, 0x0000000094b00000|  0%| F|  |TAMS 0x0000000094a00000, 0x0000000094a00000| Untracked 
| 331|0x0000000094b00000, 0x0000000094b00000, 0x0000000094c00000|  0%| F|  |TAMS 0x0000000094b00000, 0x0000000094b00000| Untracked 
| 332|0x0000000094c00000, 0x0000000094c00000, 0x0000000094d00000|  0%| F|  |TAMS 0x0000000094c00000, 0x0000000094c00000| Untracked 
| 333|0x0000000094d00000, 0x0000000094d00000, 0x0000000094e00000|  0%| F|  |TAMS 0x0000000094d00000, 0x0000000094d00000| Untracked 
| 334|0x0000000094e00000, 0x0000000094e00000, 0x0000000094f00000|  0%| F|  |TAMS 0x0000000094e00000, 0x0000000094e00000| Untracked 
| 335|0x0000000094f00000, 0x0000000094f00000, 0x0000000095000000|  0%| F|  |TAMS 0x0000000094f00000, 0x0000000094f00000| Untracked 
| 336|0x0000000095000000, 0x0000000095100000, 0x0000000095100000|100%| O|  |TAMS 0x0000000095100000, 0x0000000095000000| Untracked 
| 337|0x0000000095100000, 0x0000000095200000, 0x0000000095200000|100%| O|  |TAMS 0x0000000095200000, 0x0000000095100000| Complete 
| 338|0x0000000095200000, 0x0000000095300000, 0x0000000095300000|100%| O|  |TAMS 0x0000000095300000, 0x0000000095200000| Complete 
| 339|0x0000000095300000, 0x0000000095400000, 0x0000000095400000|100%| O|  |TAMS 0x0000000095400000, 0x0000000095300000| Untracked 
| 340|0x0000000095400000, 0x0000000095500000, 0x0000000095500000|100%| O|  |TAMS 0x0000000095500000, 0x0000000095400000| Untracked 
| 341|0x0000000095500000, 0x0000000095600000, 0x0000000095600000|100%| O|  |TAMS 0x0000000095600000, 0x0000000095500000| Untracked 
| 342|0x0000000095600000, 0x0000000095700000, 0x0000000095700000|100%| O|  |TAMS 0x0000000095700000, 0x0000000095600000| Untracked 
| 343|0x0000000095700000, 0x0000000095700000, 0x0000000095800000|  0%| F|  |TAMS 0x0000000095700000, 0x0000000095700000| Untracked 
| 344|0x0000000095800000, 0x0000000095800000, 0x0000000095900000|  0%| F|  |TAMS 0x0000000095800000, 0x0000000095800000| Untracked 
| 345|0x0000000095900000, 0x0000000095900000, 0x0000000095a00000|  0%| F|  |TAMS 0x0000000095900000, 0x0000000095900000| Untracked 
| 346|0x0000000095a00000, 0x0000000095a00000, 0x0000000095b00000|  0%| F|  |TAMS 0x0000000095a00000, 0x0000000095a00000| Untracked 
| 347|0x0000000095b00000, 0x0000000095b00000, 0x0000000095c00000|  0%| F|  |TAMS 0x0000000095b00000, 0x0000000095b00000| Untracked 
| 348|0x0000000095c00000, 0x0000000095d00000, 0x0000000095d00000|100%| O|  |TAMS 0x0000000095d00000, 0x0000000095c00000| Untracked 
| 349|0x0000000095d00000, 0x0000000095e00000, 0x0000000095e00000|100%| O|  |TAMS 0x0000000095e00000, 0x0000000095d00000| Complete 
| 350|0x0000000095e00000, 0x0000000095f00000, 0x0000000095f00000|100%| O|  |TAMS 0x0000000095f00000, 0x0000000095e00000| Complete 
| 351|0x0000000095f00000, 0x0000000096000000, 0x0000000096000000|100%| O|  |TAMS 0x0000000096000000, 0x0000000095f00000| Complete 
| 352|0x0000000096000000, 0x0000000096100000, 0x0000000096100000|100%| O|  |TAMS 0x0000000096100000, 0x0000000096000000| Complete 
| 353|0x0000000096100000, 0x0000000096200000, 0x0000000096200000|100%| O|  |TAMS 0x0000000096200000, 0x0000000096100000| Complete 
| 354|0x0000000096200000, 0x0000000096300000, 0x0000000096300000|100%| O|  |TAMS 0x0000000096300000, 0x0000000096200000| Untracked 
| 355|0x0000000096300000, 0x0000000096400000, 0x0000000096400000|100%| O|  |TAMS 0x0000000096400000, 0x0000000096300000| Untracked 
| 356|0x0000000096400000, 0x0000000096400000, 0x0000000096500000|  0%| F|  |TAMS 0x0000000096400000, 0x0000000096400000| Untracked 
| 357|0x0000000096500000, 0x0000000096500000, 0x0000000096600000|  0%| F|  |TAMS 0x0000000096500000, 0x0000000096500000| Untracked 
| 358|0x0000000096600000, 0x0000000096600000, 0x0000000096700000|  0%| F|  |TAMS 0x0000000096600000, 0x0000000096600000| Untracked 
| 359|0x0000000096700000, 0x0000000096800000, 0x0000000096800000|100%| O|  |TAMS 0x0000000096800000, 0x0000000096700000| Untracked 
| 360|0x0000000096800000, 0x0000000096900000, 0x0000000096900000|100%| O|  |TAMS 0x0000000096900000, 0x0000000096800000| Complete 
| 361|0x0000000096900000, 0x0000000096900000, 0x0000000096a00000|  0%| F|  |TAMS 0x0000000096900000, 0x0000000096900000| Untracked 
| 362|0x0000000096a00000, 0x0000000096b00000, 0x0000000096b00000|100%| O|  |TAMS 0x0000000096b00000, 0x0000000096a00000| Untracked 
| 363|0x0000000096b00000, 0x0000000096b00000, 0x0000000096c00000|  0%| F|  |TAMS 0x0000000096b00000, 0x0000000096b00000| Untracked 
| 364|0x0000000096c00000, 0x0000000096d00000, 0x0000000096d00000|100%| O|  |TAMS 0x0000000096d00000, 0x0000000096c00000| Complete 
| 365|0x0000000096d00000, 0x0000000096e00000, 0x0000000096e00000|100%| O|  |TAMS 0x0000000096e00000, 0x0000000096d00000| Complete 
| 366|0x0000000096e00000, 0x0000000096f00000, 0x0000000096f00000|100%| O|  |TAMS 0x0000000096f00000, 0x0000000096e00000| Untracked 
| 367|0x0000000096f00000, 0x0000000097000000, 0x0000000097000000|100%| O|  |TAMS 0x0000000097000000, 0x0000000096f00000| Untracked 
| 368|0x0000000097000000, 0x0000000097100000, 0x0000000097100000|100%| O|  |TAMS 0x0000000097100000, 0x0000000097000000| Untracked 
| 369|0x0000000097100000, 0x0000000097200000, 0x0000000097200000|100%| O|  |TAMS 0x0000000097200000, 0x0000000097100000| Complete 
| 370|0x0000000097200000, 0x0000000097300000, 0x0000000097300000|100%| O|  |TAMS 0x0000000097300000, 0x0000000097200000| Complete 
| 371|0x0000000097300000, 0x0000000097400000, 0x0000000097400000|100%| O|  |TAMS 0x0000000097400000, 0x0000000097300000| Complete 
| 372|0x0000000097400000, 0x0000000097500000, 0x0000000097500000|100%| O|  |TAMS 0x0000000097500000, 0x0000000097400000| Complete 
| 373|0x0000000097500000, 0x0000000097500000, 0x0000000097600000|  0%| F|  |TAMS 0x0000000097500000, 0x0000000097500000| Untracked 
| 374|0x0000000097600000, 0x0000000097700000, 0x0000000097700000|100%| O|  |TAMS 0x0000000097700000, 0x0000000097600000| Complete 
| 375|0x0000000097700000, 0x0000000097700000, 0x0000000097800000|  0%| F|  |TAMS 0x0000000097700000, 0x0000000097700000| Untracked 
| 376|0x0000000097800000, 0x0000000097900000, 0x0000000097900000|100%| O|  |TAMS 0x0000000097900000, 0x0000000097800000| Complete 
| 377|0x0000000097900000, 0x0000000097a00000, 0x0000000097a00000|100%| O|  |TAMS 0x0000000097a00000, 0x0000000097900000| Complete 
| 378|0x0000000097a00000, 0x0000000097b00000, 0x0000000097b00000|100%| O|  |TAMS 0x0000000097b00000, 0x0000000097a00000| Complete 
| 379|0x0000000097b00000, 0x0000000097c00000, 0x0000000097c00000|100%| O|  |TAMS 0x0000000097c00000, 0x0000000097b00000| Complete 
| 380|0x0000000097c00000, 0x0000000097d00000, 0x0000000097d00000|100%| O|  |TAMS 0x0000000097d00000, 0x0000000097c00000| Complete 
| 381|0x0000000097d00000, 0x0000000097e00000, 0x0000000097e00000|100%| O|  |TAMS 0x0000000097e00000, 0x0000000097d00000| Complete 
| 382|0x0000000097e00000, 0x0000000097f00000, 0x0000000097f00000|100%| O|  |TAMS 0x0000000097f00000, 0x0000000097e00000| Complete 
| 383|0x0000000097f00000, 0x0000000098000000, 0x0000000098000000|100%| O|  |TAMS 0x0000000098000000, 0x0000000097f00000| Complete 
| 384|0x0000000098000000, 0x0000000098100000, 0x0000000098100000|100%| O|  |TAMS 0x0000000098100000, 0x0000000098000000| Complete 
| 385|0x0000000098100000, 0x0000000098200000, 0x0000000098200000|100%| O|  |TAMS 0x0000000098200000, 0x0000000098100000| Complete 
| 386|0x0000000098200000, 0x0000000098300000, 0x0000000098300000|100%| O|  |TAMS 0x0000000098300000, 0x0000000098200000| Complete 
| 387|0x0000000098300000, 0x0000000098400000, 0x0000000098400000|100%| O|  |TAMS 0x0000000098400000, 0x0000000098300000| Complete 
| 388|0x0000000098400000, 0x0000000098500000, 0x0000000098500000|100%| O|  |TAMS 0x0000000098500000, 0x0000000098400000| Complete 
| 389|0x0000000098500000, 0x0000000098600000, 0x0000000098600000|100%| O|  |TAMS 0x0000000098600000, 0x0000000098500000| Complete 
| 390|0x0000000098600000, 0x0000000098700000, 0x0000000098700000|100%| O|  |TAMS 0x0000000098700000, 0x0000000098600000| Complete 
| 391|0x0000000098700000, 0x0000000098800000, 0x0000000098800000|100%| O|  |TAMS 0x0000000098800000, 0x0000000098700000| Complete 
| 392|0x0000000098800000, 0x0000000098900000, 0x0000000098900000|100%| O|  |TAMS 0x0000000098900000, 0x0000000098800000| Complete 
| 393|0x0000000098900000, 0x0000000098a00000, 0x0000000098a00000|100%| O|  |TAMS 0x0000000098a00000, 0x0000000098900000| Untracked 
| 394|0x0000000098a00000, 0x0000000098a00000, 0x0000000098b00000|  0%| F|  |TAMS 0x0000000098a00000, 0x0000000098a00000| Untracked 
| 395|0x0000000098b00000, 0x0000000098c00000, 0x0000000098c00000|100%| O|  |TAMS 0x0000000098c00000, 0x0000000098b00000| Complete 
| 396|0x0000000098c00000, 0x0000000098c00000, 0x0000000098d00000|  0%| F|  |TAMS 0x0000000098c00000, 0x0000000098c00000| Untracked 
| 397|0x0000000098d00000, 0x0000000098e00000, 0x0000000098e00000|100%| O|  |TAMS 0x0000000098e00000, 0x0000000098d00000| Untracked 
| 398|0x0000000098e00000, 0x0000000098f00000, 0x0000000098f00000|100%| O|  |TAMS 0x0000000098f00000, 0x0000000098e00000| Untracked 
| 399|0x0000000098f00000, 0x0000000099000000, 0x0000000099000000|100%| O|  |TAMS 0x0000000099000000, 0x0000000098f00000| Untracked 
| 400|0x0000000099000000, 0x0000000099100000, 0x0000000099100000|100%| O|  |TAMS 0x0000000099100000, 0x0000000099000000| Untracked 
| 401|0x0000000099100000, 0x0000000099200000, 0x0000000099200000|100%| O|  |TAMS 0x0000000099200000, 0x0000000099100000| Untracked 
| 402|0x0000000099200000, 0x0000000099300000, 0x0000000099300000|100%| O|  |TAMS 0x0000000099300000, 0x0000000099200000| Untracked 
| 403|0x0000000099300000, 0x0000000099400000, 0x0000000099400000|100%| O|  |TAMS 0x0000000099400000, 0x0000000099300000| Untracked 
| 404|0x0000000099400000, 0x0000000099500000, 0x0000000099500000|100%| O|  |TAMS 0x0000000099500000, 0x0000000099400000| Untracked 
| 405|0x0000000099500000, 0x0000000099600000, 0x0000000099600000|100%| O|  |TAMS 0x0000000099600000, 0x0000000099500000| Untracked 
| 406|0x0000000099600000, 0x0000000099700000, 0x0000000099700000|100%| O|  |TAMS 0x00000000996ce600, 0x0000000099600000| Untracked 
| 407|0x0000000099700000, 0x0000000099800000, 0x0000000099800000|100%| O|  |TAMS 0x0000000099700000, 0x0000000099700000| Untracked 
| 408|0x0000000099800000, 0x0000000099900000, 0x0000000099900000|100%| O|  |TAMS 0x0000000099800000, 0x0000000099800000| Untracked 
| 409|0x0000000099900000, 0x0000000099a00000, 0x0000000099a00000|100%| O|  |TAMS 0x0000000099a00000, 0x0000000099900000| Complete 
| 410|0x0000000099a00000, 0x0000000099b00000, 0x0000000099b00000|100%| O|  |TAMS 0x0000000099b00000, 0x0000000099a00000| Complete 
| 411|0x0000000099b00000, 0x0000000099c00000, 0x0000000099c00000|100%| O|  |TAMS 0x0000000099c00000, 0x0000000099b00000| Complete 
| 412|0x0000000099c00000, 0x0000000099d00000, 0x0000000099d00000|100%| O|  |TAMS 0x0000000099d00000, 0x0000000099c00000| Complete 
| 413|0x0000000099d00000, 0x0000000099e00000, 0x0000000099e00000|100%| O|  |TAMS 0x0000000099e00000, 0x0000000099d00000| Complete 
| 414|0x0000000099e00000, 0x0000000099e00000, 0x0000000099f00000|  0%| F|  |TAMS 0x0000000099e00000, 0x0000000099e00000| Untracked 
| 415|0x0000000099f00000, 0x000000009a000000, 0x000000009a000000|100%| O|  |TAMS 0x000000009a000000, 0x0000000099f00000| Complete 
| 416|0x000000009a000000, 0x000000009a100000, 0x000000009a100000|100%| O|  |TAMS 0x000000009a100000, 0x000000009a000000| Complete 
| 417|0x000000009a100000, 0x000000009a100000, 0x000000009a200000|  0%| F|  |TAMS 0x000000009a100000, 0x000000009a100000| Untracked 
| 418|0x000000009a200000, 0x000000009a200000, 0x000000009a300000|  0%| F|  |TAMS 0x000000009a200000, 0x000000009a200000| Untracked 
| 419|0x000000009a300000, 0x000000009a400000, 0x000000009a400000|100%| O|  |TAMS 0x000000009a400000, 0x000000009a300000| Complete 
| 420|0x000000009a400000, 0x000000009a500000, 0x000000009a500000|100%| O|  |TAMS 0x000000009a500000, 0x000000009a400000| Complete 
| 421|0x000000009a500000, 0x000000009a600000, 0x000000009a600000|100%| O|  |TAMS 0x000000009a600000, 0x000000009a500000| Complete 
| 422|0x000000009a600000, 0x000000009a700000, 0x000000009a700000|100%| O|  |TAMS 0x000000009a700000, 0x000000009a600000| Complete 
| 423|0x000000009a700000, 0x000000009a800000, 0x000000009a800000|100%| O|  |TAMS 0x000000009a800000, 0x000000009a700000| Complete 
| 424|0x000000009a800000, 0x000000009a900000, 0x000000009a900000|100%| O|  |TAMS 0x000000009a900000, 0x000000009a800000| Complete 
| 425|0x000000009a900000, 0x000000009aa00000, 0x000000009aa00000|100%| O|  |TAMS 0x000000009aa00000, 0x000000009a900000| Complete 
| 426|0x000000009aa00000, 0x000000009aa00000, 0x000000009ab00000|  0%| F|  |TAMS 0x000000009aa00000, 0x000000009aa00000| Untracked 
| 427|0x000000009ab00000, 0x000000009ab00000, 0x000000009ac00000|  0%| F|  |TAMS 0x000000009ab00000, 0x000000009ab00000| Untracked 
| 428|0x000000009ac00000, 0x000000009ac00000, 0x000000009ad00000|  0%| F|  |TAMS 0x000000009ac00000, 0x000000009ac00000| Untracked 
| 429|0x000000009ad00000, 0x000000009ad00000, 0x000000009ae00000|  0%| F|  |TAMS 0x000000009ad00000, 0x000000009ad00000| Untracked 
| 430|0x000000009ae00000, 0x000000009af00000, 0x000000009af00000|100%| O|  |TAMS 0x000000009ae00000, 0x000000009ae00000| Untracked 
| 431|0x000000009af00000, 0x000000009b000000, 0x000000009b000000|100%| O|  |TAMS 0x000000009b000000, 0x000000009af00000| Complete 
| 432|0x000000009b000000, 0x000000009b100000, 0x000000009b100000|100%| O|  |TAMS 0x000000009b100000, 0x000000009b000000| Complete 
| 433|0x000000009b100000, 0x000000009b200000, 0x000000009b200000|100%| O|  |TAMS 0x000000009b200000, 0x000000009b100000| Complete 
| 434|0x000000009b200000, 0x000000009b300000, 0x000000009b300000|100%| O|  |TAMS 0x000000009b300000, 0x000000009b200000| Complete 
| 435|0x000000009b300000, 0x000000009b400000, 0x000000009b400000|100%| O|  |TAMS 0x000000009b400000, 0x000000009b300000| Complete 
| 436|0x000000009b400000, 0x000000009b500000, 0x000000009b500000|100%| O|  |TAMS 0x000000009b500000, 0x000000009b400000| Complete 
| 437|0x000000009b500000, 0x000000009b600000, 0x000000009b600000|100%| O|  |TAMS 0x000000009b600000, 0x000000009b500000| Complete 
| 438|0x000000009b600000, 0x000000009b700000, 0x000000009b700000|100%| O|  |TAMS 0x000000009b700000, 0x000000009b600000| Complete 
| 439|0x000000009b700000, 0x000000009b800000, 0x000000009b800000|100%| O|  |TAMS 0x000000009b800000, 0x000000009b700000| Complete 
| 440|0x000000009b800000, 0x000000009b900000, 0x000000009b900000|100%| O|  |TAMS 0x000000009b900000, 0x000000009b800000| Complete 
| 441|0x000000009b900000, 0x000000009ba00000, 0x000000009ba00000|100%| O|  |TAMS 0x000000009ba00000, 0x000000009b900000| Complete 
| 442|0x000000009ba00000, 0x000000009bb00000, 0x000000009bb00000|100%| O|  |TAMS 0x000000009bb00000, 0x000000009ba00000| Complete 
| 443|0x000000009bb00000, 0x000000009bc00000, 0x000000009bc00000|100%| O|  |TAMS 0x000000009bc00000, 0x000000009bb00000| Complete 
| 444|0x000000009bc00000, 0x000000009bc00000, 0x000000009bd00000|  0%| F|  |TAMS 0x000000009bc00000, 0x000000009bc00000| Untracked 
| 445|0x000000009bd00000, 0x000000009bd00000, 0x000000009be00000|  0%| F|  |TAMS 0x000000009bd00000, 0x000000009bd00000| Untracked 
| 446|0x000000009be00000, 0x000000009be00000, 0x000000009bf00000|  0%| F|  |TAMS 0x000000009be00000, 0x000000009be00000| Untracked 
| 447|0x000000009bf00000, 0x000000009bf00000, 0x000000009c000000|  0%| F|  |TAMS 0x000000009bf00000, 0x000000009bf00000| Untracked 
| 448|0x000000009c000000, 0x000000009c000000, 0x000000009c100000|  0%| F|  |TAMS 0x000000009c000000, 0x000000009c000000| Untracked 
| 449|0x000000009c100000, 0x000000009c100000, 0x000000009c200000|  0%| F|  |TAMS 0x000000009c100000, 0x000000009c100000| Untracked 
| 450|0x000000009c200000, 0x000000009c200000, 0x000000009c300000|  0%| F|  |TAMS 0x000000009c200000, 0x000000009c200000| Untracked 
| 451|0x000000009c300000, 0x000000009c300000, 0x000000009c400000|  0%| F|  |TAMS 0x000000009c300000, 0x000000009c300000| Untracked 
| 452|0x000000009c400000, 0x000000009c400000, 0x000000009c500000|  0%| F|  |TAMS 0x000000009c400000, 0x000000009c400000| Untracked 
| 453|0x000000009c500000, 0x000000009c500000, 0x000000009c600000|  0%| F|  |TAMS 0x000000009c500000, 0x000000009c500000| Untracked 
| 454|0x000000009c600000, 0x000000009c600000, 0x000000009c700000|  0%| F|  |TAMS 0x000000009c600000, 0x000000009c600000| Untracked 
| 455|0x000000009c700000, 0x000000009c700000, 0x000000009c800000|  0%| F|  |TAMS 0x000000009c700000, 0x000000009c700000| Untracked 
| 456|0x000000009c800000, 0x000000009c800000, 0x000000009c900000|  0%| F|  |TAMS 0x000000009c800000, 0x000000009c800000| Untracked 
| 457|0x000000009c900000, 0x000000009c900000, 0x000000009ca00000|  0%| F|  |TAMS 0x000000009c900000, 0x000000009c900000| Untracked 
| 458|0x000000009ca00000, 0x000000009ca00000, 0x000000009cb00000|  0%| F|  |TAMS 0x000000009ca00000, 0x000000009ca00000| Untracked 
| 459|0x000000009cb00000, 0x000000009cb00000, 0x000000009cc00000|  0%| F|  |TAMS 0x000000009cb00000, 0x000000009cb00000| Untracked 
| 460|0x000000009cc00000, 0x000000009cc00000, 0x000000009cd00000|  0%| F|  |TAMS 0x000000009cc00000, 0x000000009cc00000| Untracked 
| 461|0x000000009cd00000, 0x000000009cd00000, 0x000000009ce00000|  0%| F|  |TAMS 0x000000009cd00000, 0x000000009cd00000| Untracked 
| 462|0x000000009ce00000, 0x000000009ce00000, 0x000000009cf00000|  0%| F|  |TAMS 0x000000009ce00000, 0x000000009ce00000| Untracked 
| 463|0x000000009cf00000, 0x000000009cf00000, 0x000000009d000000|  0%| F|  |TAMS 0x000000009cf00000, 0x000000009cf00000| Untracked 
| 464|0x000000009d000000, 0x000000009d100000, 0x000000009d100000|100%| O|  |TAMS 0x000000009d000000, 0x000000009d000000| Untracked 
| 465|0x000000009d100000, 0x000000009d200000, 0x000000009d200000|100%| O|  |TAMS 0x000000009d200000, 0x000000009d100000| Complete 
| 466|0x000000009d200000, 0x000000009d300000, 0x000000009d300000|100%| O|  |TAMS 0x000000009d300000, 0x000000009d200000| Complete 
| 467|0x000000009d300000, 0x000000009d400000, 0x000000009d400000|100%| O|  |TAMS 0x000000009d400000, 0x000000009d300000| Complete 
| 468|0x000000009d400000, 0x000000009d500000, 0x000000009d500000|100%| O|  |TAMS 0x000000009d500000, 0x000000009d400000| Complete 
| 469|0x000000009d500000, 0x000000009d500000, 0x000000009d600000|  0%| F|  |TAMS 0x000000009d500000, 0x000000009d500000| Untracked 
| 470|0x000000009d600000, 0x000000009d700000, 0x000000009d700000|100%| O|  |TAMS 0x000000009d700000, 0x000000009d600000| Complete 
| 471|0x000000009d700000, 0x000000009d800000, 0x000000009d800000|100%| O|  |TAMS 0x000000009d800000, 0x000000009d700000| Complete 
| 472|0x000000009d800000, 0x000000009d900000, 0x000000009d900000|100%| O|  |TAMS 0x000000009d900000, 0x000000009d800000| Complete 
| 473|0x000000009d900000, 0x000000009da00000, 0x000000009da00000|100%| O|  |TAMS 0x000000009da00000, 0x000000009d900000| Complete 
| 474|0x000000009da00000, 0x000000009da00000, 0x000000009db00000|  0%| F|  |TAMS 0x000000009da00000, 0x000000009da00000| Untracked 
| 475|0x000000009db00000, 0x000000009dc00000, 0x000000009dc00000|100%| O|  |TAMS 0x000000009dc00000, 0x000000009db00000| Complete 
| 476|0x000000009dc00000, 0x000000009dd00000, 0x000000009dd00000|100%| O|  |TAMS 0x000000009dd00000, 0x000000009dc00000| Complete 
| 477|0x000000009dd00000, 0x000000009de00000, 0x000000009de00000|100%| O|  |TAMS 0x000000009de00000, 0x000000009dd00000| Complete 
| 478|0x000000009de00000, 0x000000009de00000, 0x000000009df00000|  0%| F|  |TAMS 0x000000009de00000, 0x000000009de00000| Untracked 
| 479|0x000000009df00000, 0x000000009df00000, 0x000000009e000000|  0%| F|  |TAMS 0x000000009df00000, 0x000000009df00000| Untracked 
| 480|0x000000009e000000, 0x000000009e000000, 0x000000009e100000|  0%| F|  |TAMS 0x000000009e000000, 0x000000009e000000| Untracked 
| 481|0x000000009e100000, 0x000000009e100000, 0x000000009e200000|  0%| F|  |TAMS 0x000000009e100000, 0x000000009e100000| Untracked 
| 482|0x000000009e200000, 0x000000009e200000, 0x000000009e300000|  0%| F|  |TAMS 0x000000009e200000, 0x000000009e200000| Untracked 
| 483|0x000000009e300000, 0x000000009e300000, 0x000000009e400000|  0%| F|  |TAMS 0x000000009e300000, 0x000000009e300000| Untracked 
| 484|0x000000009e400000, 0x000000009e400000, 0x000000009e500000|  0%| F|  |TAMS 0x000000009e400000, 0x000000009e400000| Untracked 
| 485|0x000000009e500000, 0x000000009e500000, 0x000000009e600000|  0%| F|  |TAMS 0x000000009e500000, 0x000000009e500000| Untracked 
| 486|0x000000009e600000, 0x000000009e600000, 0x000000009e700000|  0%| F|  |TAMS 0x000000009e600000, 0x000000009e600000| Untracked 
| 487|0x000000009e700000, 0x000000009e700000, 0x000000009e800000|  0%| F|  |TAMS 0x000000009e700000, 0x000000009e700000| Untracked 
| 488|0x000000009e800000, 0x000000009e800000, 0x000000009e900000|  0%| F|  |TAMS 0x000000009e800000, 0x000000009e800000| Untracked 
| 489|0x000000009e900000, 0x000000009e900000, 0x000000009ea00000|  0%| F|  |TAMS 0x000000009e900000, 0x000000009e900000| Untracked 
| 490|0x000000009ea00000, 0x000000009ea00000, 0x000000009eb00000|  0%| F|  |TAMS 0x000000009ea00000, 0x000000009ea00000| Untracked 
| 491|0x000000009eb00000, 0x000000009eb00000, 0x000000009ec00000|  0%| F|  |TAMS 0x000000009eb00000, 0x000000009eb00000| Untracked 
| 492|0x000000009ec00000, 0x000000009ec00000, 0x000000009ed00000|  0%| F|  |TAMS 0x000000009ec00000, 0x000000009ec00000| Untracked 
| 493|0x000000009ed00000, 0x000000009ed00000, 0x000000009ee00000|  0%| F|  |TAMS 0x000000009ed00000, 0x000000009ed00000| Untracked 
| 494|0x000000009ee00000, 0x000000009ee00000, 0x000000009ef00000|  0%| F|  |TAMS 0x000000009ee00000, 0x000000009ee00000| Untracked 
| 495|0x000000009ef00000, 0x000000009ef00000, 0x000000009f000000|  0%| F|  |TAMS 0x000000009ef00000, 0x000000009ef00000| Untracked 
| 496|0x000000009f000000, 0x000000009f000000, 0x000000009f100000|  0%| F|  |TAMS 0x000000009f000000, 0x000000009f000000| Untracked 
| 497|0x000000009f100000, 0x000000009f200000, 0x000000009f200000|100%| O|  |TAMS 0x000000009f100000, 0x000000009f100000| Untracked 
| 498|0x000000009f200000, 0x000000009f300000, 0x000000009f300000|100%| O|  |TAMS 0x000000009f200000, 0x000000009f200000| Untracked 
| 499|0x000000009f300000, 0x000000009f300000, 0x000000009f400000|  0%| F|  |TAMS 0x000000009f300000, 0x000000009f300000| Untracked 
| 500|0x000000009f400000, 0x000000009f500000, 0x000000009f500000|100%| O|  |TAMS 0x000000009f500000, 0x000000009f400000| Complete 
| 501|0x000000009f500000, 0x000000009f600000, 0x000000009f600000|100%| O|  |TAMS 0x000000009f600000, 0x000000009f500000| Complete 
| 502|0x000000009f600000, 0x000000009f700000, 0x000000009f700000|100%| O|  |TAMS 0x000000009f700000, 0x000000009f600000| Complete 
| 503|0x000000009f700000, 0x000000009f800000, 0x000000009f800000|100%| O|  |TAMS 0x000000009f800000, 0x000000009f700000| Complete 
| 504|0x000000009f800000, 0x000000009f900000, 0x000000009f900000|100%| O|  |TAMS 0x000000009f900000, 0x000000009f800000| Complete 
| 505|0x000000009f900000, 0x000000009fa00000, 0x000000009fa00000|100%| O|  |TAMS 0x000000009fa00000, 0x000000009f900000| Complete 
| 506|0x000000009fa00000, 0x000000009fb00000, 0x000000009fb00000|100%| O|  |TAMS 0x000000009fb00000, 0x000000009fa00000| Complete 
| 507|0x000000009fb00000, 0x000000009fc00000, 0x000000009fc00000|100%| O|  |TAMS 0x000000009fc00000, 0x000000009fb00000| Complete 
| 508|0x000000009fc00000, 0x000000009fc00000, 0x000000009fd00000|  0%| F|  |TAMS 0x000000009fc00000, 0x000000009fc00000| Untracked 
| 509|0x000000009fd00000, 0x000000009fe00000, 0x000000009fe00000|100%| O|  |TAMS 0x000000009fe00000, 0x000000009fd00000| Complete 
| 510|0x000000009fe00000, 0x000000009fe00000, 0x000000009ff00000|  0%| F|  |TAMS 0x000000009fe00000, 0x000000009fe00000| Untracked 
| 511|0x000000009ff00000, 0x00000000a0000000, 0x00000000a0000000|100%| O|  |TAMS 0x000000009ff00000, 0x000000009ff00000| Untracked 
| 512|0x00000000a0000000, 0x00000000a0000000, 0x00000000a0100000|  0%| F|  |TAMS 0x00000000a0000000, 0x00000000a0000000| Untracked 
| 513|0x00000000a0100000, 0x00000000a0200000, 0x00000000a0200000|100%| O|  |TAMS 0x00000000a0200000, 0x00000000a0100000| Complete 
| 514|0x00000000a0200000, 0x00000000a0300000, 0x00000000a0300000|100%| O|  |TAMS 0x00000000a0200000, 0x00000000a0200000| Untracked 
| 515|0x00000000a0300000, 0x00000000a0400000, 0x00000000a0400000|100%| O|  |TAMS 0x00000000a0400000, 0x00000000a0300000| Complete 
| 516|0x00000000a0400000, 0x00000000a0500000, 0x00000000a0500000|100%| O|  |TAMS 0x00000000a0400000, 0x00000000a0400000| Untracked 
| 517|0x00000000a0500000, 0x00000000a0500000, 0x00000000a0600000|  0%| F|  |TAMS 0x00000000a0500000, 0x00000000a0500000| Untracked 
| 518|0x00000000a0600000, 0x00000000a0700000, 0x00000000a0700000|100%| O|  |TAMS 0x00000000a0600000, 0x00000000a0600000| Untracked 
| 519|0x00000000a0700000, 0x00000000a0800000, 0x00000000a0800000|100%| O|  |TAMS 0x00000000a0700000, 0x00000000a0700000| Untracked 
| 520|0x00000000a0800000, 0x00000000a0900000, 0x00000000a0900000|100%| O|  |TAMS 0x00000000a0800000, 0x00000000a0800000| Untracked 
| 521|0x00000000a0900000, 0x00000000a0a00000, 0x00000000a0a00000|100%| O|  |TAMS 0x00000000a0a00000, 0x00000000a0900000| Complete 
| 522|0x00000000a0a00000, 0x00000000a0b00000, 0x00000000a0b00000|100%| O|  |TAMS 0x00000000a0b00000, 0x00000000a0a00000| Complete 
| 523|0x00000000a0b00000, 0x00000000a0c00000, 0x00000000a0c00000|100%| O|  |TAMS 0x00000000a0c00000, 0x00000000a0b00000| Complete 
| 524|0x00000000a0c00000, 0x00000000a0d00000, 0x00000000a0d00000|100%| O|  |TAMS 0x00000000a0d00000, 0x00000000a0c00000| Complete 
| 525|0x00000000a0d00000, 0x00000000a0e00000, 0x00000000a0e00000|100%| O|  |TAMS 0x00000000a0d00000, 0x00000000a0d00000| Untracked 
| 526|0x00000000a0e00000, 0x00000000a0e00000, 0x00000000a0f00000|  0%| F|  |TAMS 0x00000000a0e00000, 0x00000000a0e00000| Untracked 
| 527|0x00000000a0f00000, 0x00000000a1000000, 0x00000000a1000000|100%| O|  |TAMS 0x00000000a1000000, 0x00000000a0f00000| Complete 
| 528|0x00000000a1000000, 0x00000000a1100000, 0x00000000a1100000|100%| O|  |TAMS 0x00000000a1100000, 0x00000000a1000000| Complete 
| 529|0x00000000a1100000, 0x00000000a1100000, 0x00000000a1200000|  0%| F|  |TAMS 0x00000000a1100000, 0x00000000a1100000| Untracked 
| 530|0x00000000a1200000, 0x00000000a1300000, 0x00000000a1300000|100%| O|  |TAMS 0x00000000a1300000, 0x00000000a1200000| Complete 
| 531|0x00000000a1300000, 0x00000000a1400000, 0x00000000a1400000|100%| O|  |TAMS 0x00000000a1300000, 0x00000000a1300000| Untracked 
| 532|0x00000000a1400000, 0x00000000a1500000, 0x00000000a1500000|100%| O|  |TAMS 0x00000000a1400000, 0x00000000a1400000| Untracked 
| 533|0x00000000a1500000, 0x00000000a1600000, 0x00000000a1600000|100%| O|  |TAMS 0x00000000a1500000, 0x00000000a1500000| Untracked 
| 534|0x00000000a1600000, 0x00000000a1700000, 0x00000000a1700000|100%| O|  |TAMS 0x00000000a1700000, 0x00000000a1600000| Complete 
| 535|0x00000000a1700000, 0x00000000a1800000, 0x00000000a1800000|100%| O|  |TAMS 0x00000000a1700000, 0x00000000a1700000| Untracked 
| 536|0x00000000a1800000, 0x00000000a1900000, 0x00000000a1900000|100%| O|  |TAMS 0x00000000a1900000, 0x00000000a1800000| Complete 
| 537|0x00000000a1900000, 0x00000000a1a00000, 0x00000000a1a00000|100%| O|  |TAMS 0x00000000a1a00000, 0x00000000a1900000| Complete 
| 538|0x00000000a1a00000, 0x00000000a1b00000, 0x00000000a1b00000|100%| O|  |TAMS 0x00000000a1b00000, 0x00000000a1a00000| Complete 
| 539|0x00000000a1b00000, 0x00000000a1c00000, 0x00000000a1c00000|100%| O|  |TAMS 0x00000000a1c00000, 0x00000000a1b00000| Complete 
| 540|0x00000000a1c00000, 0x00000000a1c00000, 0x00000000a1d00000|  0%| F|  |TAMS 0x00000000a1c00000, 0x00000000a1c00000| Untracked 
| 541|0x00000000a1d00000, 0x00000000a1d00000, 0x00000000a1e00000|  0%| F|  |TAMS 0x00000000a1d00000, 0x00000000a1d00000| Untracked 
| 542|0x00000000a1e00000, 0x00000000a1f00000, 0x00000000a1f00000|100%| O|  |TAMS 0x00000000a1f00000, 0x00000000a1e00000| Complete 
| 543|0x00000000a1f00000, 0x00000000a2000000, 0x00000000a2000000|100%| O|  |TAMS 0x00000000a2000000, 0x00000000a1f00000| Complete 
| 544|0x00000000a2000000, 0x00000000a2100000, 0x00000000a2100000|100%| O|  |TAMS 0x00000000a2100000, 0x00000000a2000000| Complete 
| 545|0x00000000a2100000, 0x00000000a2100000, 0x00000000a2200000|  0%| F|  |TAMS 0x00000000a2100000, 0x00000000a2100000| Untracked 
| 546|0x00000000a2200000, 0x00000000a2300000, 0x00000000a2300000|100%| O|  |TAMS 0x00000000a2300000, 0x00000000a2200000| Complete 
| 547|0x00000000a2300000, 0x00000000a2400000, 0x00000000a2400000|100%| O|  |TAMS 0x00000000a2400000, 0x00000000a2300000| Complete 
| 548|0x00000000a2400000, 0x00000000a2500000, 0x00000000a2500000|100%| O|  |TAMS 0x00000000a2500000, 0x00000000a2400000| Complete 
| 549|0x00000000a2500000, 0x00000000a2500000, 0x00000000a2600000|  0%| F|  |TAMS 0x00000000a2500000, 0x00000000a2500000| Untracked 
| 550|0x00000000a2600000, 0x00000000a2600000, 0x00000000a2700000|  0%| F|  |TAMS 0x00000000a2600000, 0x00000000a2600000| Untracked 
| 551|0x00000000a2700000, 0x00000000a2700000, 0x00000000a2800000|  0%| F|  |TAMS 0x00000000a2700000, 0x00000000a2700000| Untracked 
| 552|0x00000000a2800000, 0x00000000a2800000, 0x00000000a2900000|  0%| F|  |TAMS 0x00000000a2800000, 0x00000000a2800000| Untracked 
| 553|0x00000000a2900000, 0x00000000a2a00000, 0x00000000a2a00000|100%| O|  |TAMS 0x00000000a2a00000, 0x00000000a2900000| Complete 
| 554|0x00000000a2a00000, 0x00000000a2b00000, 0x00000000a2b00000|100%| O|  |TAMS 0x00000000a2b00000, 0x00000000a2a00000| Complete 
| 555|0x00000000a2b00000, 0x00000000a2c00000, 0x00000000a2c00000|100%| O|  |TAMS 0x00000000a2b00000, 0x00000000a2b00000| Untracked 
| 556|0x00000000a2c00000, 0x00000000a2c00000, 0x00000000a2d00000|  0%| F|  |TAMS 0x00000000a2c00000, 0x00000000a2c00000| Untracked 
| 557|0x00000000a2d00000, 0x00000000a2e00000, 0x00000000a2e00000|100%| O|  |TAMS 0x00000000a2e00000, 0x00000000a2d00000| Complete 
| 558|0x00000000a2e00000, 0x00000000a2f00000, 0x00000000a2f00000|100%| O|  |TAMS 0x00000000a2f00000, 0x00000000a2e00000| Complete 
| 559|0x00000000a2f00000, 0x00000000a2f00000, 0x00000000a3000000|  0%| F|  |TAMS 0x00000000a2f00000, 0x00000000a2f00000| Untracked 
| 560|0x00000000a3000000, 0x00000000a3000000, 0x00000000a3100000|  0%| F|  |TAMS 0x00000000a3000000, 0x00000000a3000000| Untracked 
| 561|0x00000000a3100000, 0x00000000a3100000, 0x00000000a3200000|  0%| F|  |TAMS 0x00000000a3100000, 0x00000000a3100000| Untracked 
| 562|0x00000000a3200000, 0x00000000a3200000, 0x00000000a3300000|  0%| F|  |TAMS 0x00000000a3200000, 0x00000000a3200000| Untracked 
| 563|0x00000000a3300000, 0x00000000a3300000, 0x00000000a3400000|  0%| F|  |TAMS 0x00000000a3300000, 0x00000000a3300000| Untracked 
| 564|0x00000000a3400000, 0x00000000a3400000, 0x00000000a3500000|  0%| F|  |TAMS 0x00000000a3400000, 0x00000000a3400000| Untracked 
| 565|0x00000000a3500000, 0x00000000a3500000, 0x00000000a3600000|  0%| F|  |TAMS 0x00000000a3500000, 0x00000000a3500000| Untracked 
| 566|0x00000000a3600000, 0x00000000a3600000, 0x00000000a3700000|  0%| F|  |TAMS 0x00000000a3600000, 0x00000000a3600000| Untracked 
| 567|0x00000000a3700000, 0x00000000a3700000, 0x00000000a3800000|  0%| F|  |TAMS 0x00000000a3700000, 0x00000000a3700000| Untracked 
| 568|0x00000000a3800000, 0x00000000a3800000, 0x00000000a3900000|  0%| F|  |TAMS 0x00000000a3800000, 0x00000000a3800000| Untracked 
| 569|0x00000000a3900000, 0x00000000a3900000, 0x00000000a3a00000|  0%| F|  |TAMS 0x00000000a3900000, 0x00000000a3900000| Untracked 
| 570|0x00000000a3a00000, 0x00000000a3a00000, 0x00000000a3b00000|  0%| F|  |TAMS 0x00000000a3a00000, 0x00000000a3a00000| Untracked 
| 571|0x00000000a3b00000, 0x00000000a3b00000, 0x00000000a3c00000|  0%| F|  |TAMS 0x00000000a3b00000, 0x00000000a3b00000| Untracked 
| 572|0x00000000a3c00000, 0x00000000a3c00000, 0x00000000a3d00000|  0%| F|  |TAMS 0x00000000a3c00000, 0x00000000a3c00000| Untracked 
| 573|0x00000000a3d00000, 0x00000000a3d00000, 0x00000000a3e00000|  0%| F|  |TAMS 0x00000000a3d00000, 0x00000000a3d00000| Untracked 
| 574|0x00000000a3e00000, 0x00000000a3e00000, 0x00000000a3f00000|  0%| F|  |TAMS 0x00000000a3e00000, 0x00000000a3e00000| Untracked 
| 575|0x00000000a3f00000, 0x00000000a3f00000, 0x00000000a4000000|  0%| F|  |TAMS 0x00000000a3f00000, 0x00000000a3f00000| Untracked 
| 576|0x00000000a4000000, 0x00000000a4000000, 0x00000000a4100000|  0%| F|  |TAMS 0x00000000a4000000, 0x00000000a4000000| Untracked 
| 577|0x00000000a4100000, 0x00000000a4100000, 0x00000000a4200000|  0%| F|  |TAMS 0x00000000a4100000, 0x00000000a4100000| Untracked 
| 578|0x00000000a4200000, 0x00000000a4200000, 0x00000000a4300000|  0%| F|  |TAMS 0x00000000a4200000, 0x00000000a4200000| Untracked 
| 579|0x00000000a4300000, 0x00000000a4400000, 0x00000000a4400000|100%| O|  |TAMS 0x00000000a4400000, 0x00000000a4300000| Complete 
| 580|0x00000000a4400000, 0x00000000a4500000, 0x00000000a4500000|100%| O|  |TAMS 0x00000000a4500000, 0x00000000a4400000| Complete 
| 581|0x00000000a4500000, 0x00000000a4600000, 0x00000000a4600000|100%| O|  |TAMS 0x00000000a4600000, 0x00000000a4500000| Complete 
| 582|0x00000000a4600000, 0x00000000a4600000, 0x00000000a4700000|  0%| F|  |TAMS 0x00000000a4600000, 0x00000000a4600000| Untracked 
| 583|0x00000000a4700000, 0x00000000a4800000, 0x00000000a4800000|100%| O|  |TAMS 0x00000000a4800000, 0x00000000a4700000| Complete 
| 584|0x00000000a4800000, 0x00000000a4900000, 0x00000000a4900000|100%| O|  |TAMS 0x00000000a4900000, 0x00000000a4800000| Complete 
| 585|0x00000000a4900000, 0x00000000a4a00000, 0x00000000a4a00000|100%| O|  |TAMS 0x00000000a4a00000, 0x00000000a4900000| Complete 
| 586|0x00000000a4a00000, 0x00000000a4b00000, 0x00000000a4b00000|100%| O|  |TAMS 0x00000000a4b00000, 0x00000000a4a00000| Complete 
| 587|0x00000000a4b00000, 0x00000000a4c00000, 0x00000000a4c00000|100%| O|  |TAMS 0x00000000a4c00000, 0x00000000a4b00000| Complete 
| 588|0x00000000a4c00000, 0x00000000a4d00000, 0x00000000a4d00000|100%| O|  |TAMS 0x00000000a4d00000, 0x00000000a4c00000| Complete 
| 589|0x00000000a4d00000, 0x00000000a4e00000, 0x00000000a4e00000|100%| O|  |TAMS 0x00000000a4e00000, 0x00000000a4d00000| Complete 
| 590|0x00000000a4e00000, 0x00000000a4f00000, 0x00000000a4f00000|100%| O|  |TAMS 0x00000000a4f00000, 0x00000000a4e00000| Complete 
| 591|0x00000000a4f00000, 0x00000000a5000000, 0x00000000a5000000|100%| O|  |TAMS 0x00000000a5000000, 0x00000000a4f00000| Complete 
| 592|0x00000000a5000000, 0x00000000a5100000, 0x00000000a5100000|100%| O|  |TAMS 0x00000000a5100000, 0x00000000a5000000| Complete 
| 593|0x00000000a5100000, 0x00000000a5200000, 0x00000000a5200000|100%| O|  |TAMS 0x00000000a5200000, 0x00000000a5100000| Untracked 
| 594|0x00000000a5200000, 0x00000000a5300000, 0x00000000a5300000|100%| O|  |TAMS 0x00000000a5200000, 0x00000000a5200000| Untracked 
| 595|0x00000000a5300000, 0x00000000a5400000, 0x00000000a5400000|100%| O|  |TAMS 0x00000000a5300000, 0x00000000a5300000| Untracked 
| 596|0x00000000a5400000, 0x00000000a5500000, 0x00000000a5500000|100%| O|  |TAMS 0x00000000a5400000, 0x00000000a5400000| Untracked 
| 597|0x00000000a5500000, 0x00000000a5600000, 0x00000000a5600000|100%| O|  |TAMS 0x00000000a5500000, 0x00000000a5500000| Untracked 
| 598|0x00000000a5600000, 0x00000000a5700000, 0x00000000a5700000|100%| O|  |TAMS 0x00000000a5600000, 0x00000000a5600000| Untracked 
| 599|0x00000000a5700000, 0x00000000a5800000, 0x00000000a5800000|100%| O|  |TAMS 0x00000000a5700000, 0x00000000a5700000| Untracked 
| 600|0x00000000a5800000, 0x00000000a5900000, 0x00000000a5900000|100%| O|  |TAMS 0x00000000a5800000, 0x00000000a5800000| Untracked 
| 601|0x00000000a5900000, 0x00000000a5a00000, 0x00000000a5a00000|100%| O|  |TAMS 0x00000000a5900000, 0x00000000a5900000| Untracked 
| 602|0x00000000a5a00000, 0x00000000a5b00000, 0x00000000a5b00000|100%| O|  |TAMS 0x00000000a5a00000, 0x00000000a5a00000| Untracked 
| 603|0x00000000a5b00000, 0x00000000a5c00000, 0x00000000a5c00000|100%| O|  |TAMS 0x00000000a5b00000, 0x00000000a5b00000| Untracked 
| 604|0x00000000a5c00000, 0x00000000a5d00000, 0x00000000a5d00000|100%| O|  |TAMS 0x00000000a5c00000, 0x00000000a5c00000| Untracked 
| 605|0x00000000a5d00000, 0x00000000a5e00000, 0x00000000a5e00000|100%| O|  |TAMS 0x00000000a5d00000, 0x00000000a5d00000| Untracked 
| 606|0x00000000a5e00000, 0x00000000a5f00000, 0x00000000a5f00000|100%| O|  |TAMS 0x00000000a5e00000, 0x00000000a5e00000| Untracked 
| 607|0x00000000a5f00000, 0x00000000a6000000, 0x00000000a6000000|100%| O|  |TAMS 0x00000000a5f00000, 0x00000000a5f00000| Untracked 
| 608|0x00000000a6000000, 0x00000000a6100000, 0x00000000a6100000|100%| O|  |TAMS 0x00000000a6000000, 0x00000000a6000000| Untracked 
| 609|0x00000000a6100000, 0x00000000a6200000, 0x00000000a6200000|100%| O|  |TAMS 0x00000000a6100000, 0x00000000a6100000| Untracked 
| 610|0x00000000a6200000, 0x00000000a6300000, 0x00000000a6300000|100%| O|  |TAMS 0x00000000a6200000, 0x00000000a6200000| Untracked 
| 611|0x00000000a6300000, 0x00000000a6400000, 0x00000000a6400000|100%| O|  |TAMS 0x00000000a6300000, 0x00000000a6300000| Untracked 
| 612|0x00000000a6400000, 0x00000000a6500000, 0x00000000a6500000|100%| O|  |TAMS 0x00000000a6400000, 0x00000000a6400000| Untracked 
| 613|0x00000000a6500000, 0x00000000a6600000, 0x00000000a6600000|100%| O|  |TAMS 0x00000000a6500000, 0x00000000a6500000| Untracked 
| 614|0x00000000a6600000, 0x00000000a6700000, 0x00000000a6700000|100%| O|  |TAMS 0x00000000a6600000, 0x00000000a6600000| Untracked 
| 615|0x00000000a6700000, 0x00000000a6800000, 0x00000000a6800000|100%|HS|  |TAMS 0x00000000a6700000, 0x00000000a6700000| Complete 
| 616|0x00000000a6800000, 0x00000000a6900000, 0x00000000a6900000|100%|HC|  |TAMS 0x00000000a6800000, 0x00000000a6800000| Complete 
| 617|0x00000000a6900000, 0x00000000a6900000, 0x00000000a6a00000|  0%| F|  |TAMS 0x00000000a6900000, 0x00000000a6900000| Untracked 
| 618|0x00000000a6a00000, 0x00000000a6a00000, 0x00000000a6b00000|  0%| F|  |TAMS 0x00000000a6a00000, 0x00000000a6a00000| Untracked 
| 619|0x00000000a6b00000, 0x00000000a6b00000, 0x00000000a6c00000|  0%| F|  |TAMS 0x00000000a6b00000, 0x00000000a6b00000| Untracked 
| 620|0x00000000a6c00000, 0x00000000a6c00000, 0x00000000a6d00000|  0%| F|  |TAMS 0x00000000a6c00000, 0x00000000a6c00000| Untracked 
| 621|0x00000000a6d00000, 0x00000000a6d00000, 0x00000000a6e00000|  0%| F|  |TAMS 0x00000000a6d00000, 0x00000000a6d00000| Untracked 
| 622|0x00000000a6e00000, 0x00000000a6e00000, 0x00000000a6f00000|  0%| F|  |TAMS 0x00000000a6e00000, 0x00000000a6e00000| Untracked 
| 623|0x00000000a6f00000, 0x00000000a6f00000, 0x00000000a7000000|  0%| F|  |TAMS 0x00000000a6f00000, 0x00000000a6f00000| Untracked 
| 624|0x00000000a7000000, 0x00000000a7000000, 0x00000000a7100000|  0%| F|  |TAMS 0x00000000a7000000, 0x00000000a7000000| Untracked 
| 625|0x00000000a7100000, 0x00000000a7100000, 0x00000000a7200000|  0%| F|  |TAMS 0x00000000a7100000, 0x00000000a7100000| Untracked 
| 626|0x00000000a7200000, 0x00000000a7200000, 0x00000000a7300000|  0%| F|  |TAMS 0x00000000a7200000, 0x00000000a7200000| Untracked 
| 627|0x00000000a7300000, 0x00000000a7300000, 0x00000000a7400000|  0%| F|  |TAMS 0x00000000a7300000, 0x00000000a7300000| Untracked 
| 628|0x00000000a7400000, 0x00000000a7400000, 0x00000000a7500000|  0%| F|  |TAMS 0x00000000a7400000, 0x00000000a7400000| Untracked 
| 629|0x00000000a7500000, 0x00000000a7500000, 0x00000000a7600000|  0%| F|  |TAMS 0x00000000a7500000, 0x00000000a7500000| Untracked 
| 630|0x00000000a7600000, 0x00000000a7600000, 0x00000000a7700000|  0%| F|  |TAMS 0x00000000a7600000, 0x00000000a7600000| Untracked 
| 631|0x00000000a7700000, 0x00000000a7700000, 0x00000000a7800000|  0%| F|  |TAMS 0x00000000a7700000, 0x00000000a7700000| Untracked 
| 632|0x00000000a7800000, 0x00000000a7800000, 0x00000000a7900000|  0%| F|  |TAMS 0x00000000a7800000, 0x00000000a7800000| Untracked 
| 633|0x00000000a7900000, 0x00000000a7900000, 0x00000000a7a00000|  0%| F|  |TAMS 0x00000000a7900000, 0x00000000a7900000| Untracked 
| 634|0x00000000a7a00000, 0x00000000a7a00000, 0x00000000a7b00000|  0%| F|  |TAMS 0x00000000a7a00000, 0x00000000a7a00000| Untracked 
| 635|0x00000000a7b00000, 0x00000000a7b00000, 0x00000000a7c00000|  0%| F|  |TAMS 0x00000000a7b00000, 0x00000000a7b00000| Untracked 
| 636|0x00000000a7c00000, 0x00000000a7c00000, 0x00000000a7d00000|  0%| F|  |TAMS 0x00000000a7c00000, 0x00000000a7c00000| Untracked 
| 637|0x00000000a7d00000, 0x00000000a7d00000, 0x00000000a7e00000|  0%| F|  |TAMS 0x00000000a7d00000, 0x00000000a7d00000| Untracked 
| 638|0x00000000a7e00000, 0x00000000a7e00000, 0x00000000a7f00000|  0%| F|  |TAMS 0x00000000a7e00000, 0x00000000a7e00000| Untracked 
| 639|0x00000000a7f00000, 0x00000000a7f00000, 0x00000000a8000000|  0%| F|  |TAMS 0x00000000a7f00000, 0x00000000a7f00000| Untracked 
| 640|0x00000000a8000000, 0x00000000a8000000, 0x00000000a8100000|  0%| F|  |TAMS 0x00000000a8000000, 0x00000000a8000000| Untracked 
| 641|0x00000000a8100000, 0x00000000a8100000, 0x00000000a8200000|  0%| F|  |TAMS 0x00000000a8100000, 0x00000000a8100000| Untracked 
| 642|0x00000000a8200000, 0x00000000a8200000, 0x00000000a8300000|  0%| F|  |TAMS 0x00000000a8200000, 0x00000000a8200000| Untracked 
| 643|0x00000000a8300000, 0x00000000a8300000, 0x00000000a8400000|  0%| F|  |TAMS 0x00000000a8300000, 0x00000000a8300000| Untracked 
| 644|0x00000000a8400000, 0x00000000a8400000, 0x00000000a8500000|  0%| F|  |TAMS 0x00000000a8400000, 0x00000000a8400000| Untracked 
| 645|0x00000000a8500000, 0x00000000a8500000, 0x00000000a8600000|  0%| F|  |TAMS 0x00000000a8500000, 0x00000000a8500000| Untracked 
| 646|0x00000000a8600000, 0x00000000a8600000, 0x00000000a8700000|  0%| F|  |TAMS 0x00000000a8600000, 0x00000000a8600000| Untracked 
| 647|0x00000000a8700000, 0x00000000a8700000, 0x00000000a8800000|  0%| F|  |TAMS 0x00000000a8700000, 0x00000000a8700000| Untracked 
| 648|0x00000000a8800000, 0x00000000a8800000, 0x00000000a8900000|  0%| F|  |TAMS 0x00000000a8800000, 0x00000000a8800000| Untracked 
| 649|0x00000000a8900000, 0x00000000a8900000, 0x00000000a8a00000|  0%| F|  |TAMS 0x00000000a8900000, 0x00000000a8900000| Untracked 
| 650|0x00000000a8a00000, 0x00000000a8a00000, 0x00000000a8b00000|  0%| F|  |TAMS 0x00000000a8a00000, 0x00000000a8a00000| Untracked 
| 651|0x00000000a8b00000, 0x00000000a8b00000, 0x00000000a8c00000|  0%| F|  |TAMS 0x00000000a8b00000, 0x00000000a8b00000| Untracked 
| 652|0x00000000a8c00000, 0x00000000a8c00000, 0x00000000a8d00000|  0%| F|  |TAMS 0x00000000a8c00000, 0x00000000a8c00000| Untracked 
| 653|0x00000000a8d00000, 0x00000000a8d00000, 0x00000000a8e00000|  0%| F|  |TAMS 0x00000000a8d00000, 0x00000000a8d00000| Untracked 
| 654|0x00000000a8e00000, 0x00000000a8e00000, 0x00000000a8f00000|  0%| F|  |TAMS 0x00000000a8e00000, 0x00000000a8e00000| Untracked 
| 655|0x00000000a8f00000, 0x00000000a8f00000, 0x00000000a9000000|  0%| F|  |TAMS 0x00000000a8f00000, 0x00000000a8f00000| Untracked 
| 656|0x00000000a9000000, 0x00000000a9000000, 0x00000000a9100000|  0%| F|  |TAMS 0x00000000a9000000, 0x00000000a9000000| Untracked 
| 657|0x00000000a9100000, 0x00000000a9100000, 0x00000000a9200000|  0%| F|  |TAMS 0x00000000a9100000, 0x00000000a9100000| Untracked 
| 658|0x00000000a9200000, 0x00000000a9200000, 0x00000000a9300000|  0%| F|  |TAMS 0x00000000a9200000, 0x00000000a9200000| Untracked 
| 659|0x00000000a9300000, 0x00000000a9300000, 0x00000000a9400000|  0%| F|  |TAMS 0x00000000a9300000, 0x00000000a9300000| Untracked 
| 660|0x00000000a9400000, 0x00000000a9400000, 0x00000000a9500000|  0%| F|  |TAMS 0x00000000a9400000, 0x00000000a9400000| Untracked 
| 661|0x00000000a9500000, 0x00000000a9500000, 0x00000000a9600000|  0%| F|  |TAMS 0x00000000a9500000, 0x00000000a9500000| Untracked 
| 662|0x00000000a9600000, 0x00000000a9600000, 0x00000000a9700000|  0%| F|  |TAMS 0x00000000a9600000, 0x00000000a9600000| Untracked 
| 663|0x00000000a9700000, 0x00000000a9700000, 0x00000000a9800000|  0%| F|  |TAMS 0x00000000a9700000, 0x00000000a9700000| Untracked 
| 664|0x00000000a9800000, 0x00000000a9800000, 0x00000000a9900000|  0%| F|  |TAMS 0x00000000a9800000, 0x00000000a9800000| Untracked 
| 665|0x00000000a9900000, 0x00000000a9900000, 0x00000000a9a00000|  0%| F|  |TAMS 0x00000000a9900000, 0x00000000a9900000| Untracked 
| 666|0x00000000a9a00000, 0x00000000a9a00000, 0x00000000a9b00000|  0%| F|  |TAMS 0x00000000a9a00000, 0x00000000a9a00000| Untracked 
| 667|0x00000000a9b00000, 0x00000000a9b00000, 0x00000000a9c00000|  0%| F|  |TAMS 0x00000000a9b00000, 0x00000000a9b00000| Untracked 
| 668|0x00000000a9c00000, 0x00000000a9c00000, 0x00000000a9d00000|  0%| F|  |TAMS 0x00000000a9c00000, 0x00000000a9c00000| Untracked 
| 669|0x00000000a9d00000, 0x00000000a9d00000, 0x00000000a9e00000|  0%| F|  |TAMS 0x00000000a9d00000, 0x00000000a9d00000| Untracked 
| 670|0x00000000a9e00000, 0x00000000a9e00000, 0x00000000a9f00000|  0%| F|  |TAMS 0x00000000a9e00000, 0x00000000a9e00000| Untracked 
| 671|0x00000000a9f00000, 0x00000000a9f00000, 0x00000000aa000000|  0%| F|  |TAMS 0x00000000a9f00000, 0x00000000a9f00000| Untracked 
| 672|0x00000000aa000000, 0x00000000aa000000, 0x00000000aa100000|  0%| F|  |TAMS 0x00000000aa000000, 0x00000000aa000000| Untracked 
| 673|0x00000000aa100000, 0x00000000aa100000, 0x00000000aa200000|  0%| F|  |TAMS 0x00000000aa100000, 0x00000000aa100000| Untracked 
| 674|0x00000000aa200000, 0x00000000aa200000, 0x00000000aa300000|  0%| F|  |TAMS 0x00000000aa200000, 0x00000000aa200000| Untracked 
| 675|0x00000000aa300000, 0x00000000aa300000, 0x00000000aa400000|  0%| F|  |TAMS 0x00000000aa300000, 0x00000000aa300000| Untracked 
| 676|0x00000000aa400000, 0x00000000aa400000, 0x00000000aa500000|  0%| F|  |TAMS 0x00000000aa400000, 0x00000000aa400000| Untracked 
| 677|0x00000000aa500000, 0x00000000aa500000, 0x00000000aa600000|  0%| F|  |TAMS 0x00000000aa500000, 0x00000000aa500000| Untracked 
| 678|0x00000000aa600000, 0x00000000aa600000, 0x00000000aa700000|  0%| F|  |TAMS 0x00000000aa600000, 0x00000000aa600000| Untracked 
| 679|0x00000000aa700000, 0x00000000aa700000, 0x00000000aa800000|  0%| F|  |TAMS 0x00000000aa700000, 0x00000000aa700000| Untracked 
| 680|0x00000000aa800000, 0x00000000aa800000, 0x00000000aa900000|  0%| F|  |TAMS 0x00000000aa800000, 0x00000000aa800000| Untracked 
| 681|0x00000000aa900000, 0x00000000aa900000, 0x00000000aaa00000|  0%| F|  |TAMS 0x00000000aa900000, 0x00000000aa900000| Untracked 
| 682|0x00000000aaa00000, 0x00000000aaa00000, 0x00000000aab00000|  0%| F|  |TAMS 0x00000000aaa00000, 0x00000000aaa00000| Untracked 
| 683|0x00000000aab00000, 0x00000000aab00000, 0x00000000aac00000|  0%| F|  |TAMS 0x00000000aab00000, 0x00000000aab00000| Untracked 
| 684|0x00000000aac00000, 0x00000000aac00000, 0x00000000aad00000|  0%| F|  |TAMS 0x00000000aac00000, 0x00000000aac00000| Untracked 
| 685|0x00000000aad00000, 0x00000000aad00000, 0x00000000aae00000|  0%| F|  |TAMS 0x00000000aad00000, 0x00000000aad00000| Untracked 
| 686|0x00000000aae00000, 0x00000000aae00000, 0x00000000aaf00000|  0%| F|  |TAMS 0x00000000aae00000, 0x00000000aae00000| Untracked 
| 687|0x00000000aaf00000, 0x00000000aaf00000, 0x00000000ab000000|  0%| F|  |TAMS 0x00000000aaf00000, 0x00000000aaf00000| Untracked 
| 688|0x00000000ab000000, 0x00000000ab000000, 0x00000000ab100000|  0%| F|  |TAMS 0x00000000ab000000, 0x00000000ab000000| Untracked 
| 689|0x00000000ab100000, 0x00000000ab100000, 0x00000000ab200000|  0%| F|  |TAMS 0x00000000ab100000, 0x00000000ab100000| Untracked 
| 690|0x00000000ab200000, 0x00000000ab200000, 0x00000000ab300000|  0%| F|  |TAMS 0x00000000ab200000, 0x00000000ab200000| Untracked 
| 691|0x00000000ab300000, 0x00000000ab300000, 0x00000000ab400000|  0%| F|  |TAMS 0x00000000ab300000, 0x00000000ab300000| Untracked 
| 692|0x00000000ab400000, 0x00000000ab400000, 0x00000000ab500000|  0%| F|  |TAMS 0x00000000ab400000, 0x00000000ab400000| Untracked 
| 693|0x00000000ab500000, 0x00000000ab500000, 0x00000000ab600000|  0%| F|  |TAMS 0x00000000ab500000, 0x00000000ab500000| Untracked 
| 694|0x00000000ab600000, 0x00000000ab600000, 0x00000000ab700000|  0%| F|  |TAMS 0x00000000ab600000, 0x00000000ab600000| Untracked 
| 695|0x00000000ab700000, 0x00000000ab700000, 0x00000000ab800000|  0%| F|  |TAMS 0x00000000ab700000, 0x00000000ab700000| Untracked 
| 696|0x00000000ab800000, 0x00000000ab800000, 0x00000000ab900000|  0%| F|  |TAMS 0x00000000ab800000, 0x00000000ab800000| Untracked 
| 697|0x00000000ab900000, 0x00000000ab900000, 0x00000000aba00000|  0%| F|  |TAMS 0x00000000ab900000, 0x00000000ab900000| Untracked 
| 698|0x00000000aba00000, 0x00000000aba00000, 0x00000000abb00000|  0%| F|  |TAMS 0x00000000aba00000, 0x00000000aba00000| Untracked 
| 699|0x00000000abb00000, 0x00000000abb00000, 0x00000000abc00000|  0%| F|  |TAMS 0x00000000abb00000, 0x00000000abb00000| Untracked 
| 700|0x00000000abc00000, 0x00000000abc00000, 0x00000000abd00000|  0%| F|  |TAMS 0x00000000abc00000, 0x00000000abc00000| Untracked 
| 701|0x00000000abd00000, 0x00000000abd00000, 0x00000000abe00000|  0%| F|  |TAMS 0x00000000abd00000, 0x00000000abd00000| Untracked 
| 702|0x00000000abe00000, 0x00000000abe00000, 0x00000000abf00000|  0%| F|  |TAMS 0x00000000abe00000, 0x00000000abe00000| Untracked 
| 703|0x00000000abf00000, 0x00000000abf00000, 0x00000000ac000000|  0%| F|  |TAMS 0x00000000abf00000, 0x00000000abf00000| Untracked 
| 704|0x00000000ac000000, 0x00000000ac000000, 0x00000000ac100000|  0%| F|  |TAMS 0x00000000ac000000, 0x00000000ac000000| Untracked 
| 705|0x00000000ac100000, 0x00000000ac100000, 0x00000000ac200000|  0%| F|  |TAMS 0x00000000ac100000, 0x00000000ac100000| Untracked 
| 706|0x00000000ac200000, 0x00000000ac200000, 0x00000000ac300000|  0%| F|  |TAMS 0x00000000ac200000, 0x00000000ac200000| Untracked 
| 707|0x00000000ac300000, 0x00000000ac300000, 0x00000000ac400000|  0%| F|  |TAMS 0x00000000ac300000, 0x00000000ac300000| Untracked 
| 708|0x00000000ac400000, 0x00000000ac400000, 0x00000000ac500000|  0%| F|  |TAMS 0x00000000ac400000, 0x00000000ac400000| Untracked 
| 709|0x00000000ac500000, 0x00000000ac500000, 0x00000000ac600000|  0%| F|  |TAMS 0x00000000ac500000, 0x00000000ac500000| Untracked 
| 710|0x00000000ac600000, 0x00000000ac600000, 0x00000000ac700000|  0%| F|  |TAMS 0x00000000ac600000, 0x00000000ac600000| Untracked 
| 711|0x00000000ac700000, 0x00000000ac700000, 0x00000000ac800000|  0%| F|  |TAMS 0x00000000ac700000, 0x00000000ac700000| Untracked 
| 712|0x00000000ac800000, 0x00000000ac800000, 0x00000000ac900000|  0%| F|  |TAMS 0x00000000ac800000, 0x00000000ac800000| Untracked 
| 713|0x00000000ac900000, 0x00000000ac900000, 0x00000000aca00000|  0%| F|  |TAMS 0x00000000ac900000, 0x00000000ac900000| Untracked 
| 714|0x00000000aca00000, 0x00000000aca00000, 0x00000000acb00000|  0%| F|  |TAMS 0x00000000aca00000, 0x00000000aca00000| Untracked 
| 715|0x00000000acb00000, 0x00000000acb00000, 0x00000000acc00000|  0%| F|  |TAMS 0x00000000acb00000, 0x00000000acb00000| Untracked 
| 716|0x00000000acc00000, 0x00000000acc00000, 0x00000000acd00000|  0%| F|  |TAMS 0x00000000acc00000, 0x00000000acc00000| Untracked 
| 717|0x00000000acd00000, 0x00000000acd00000, 0x00000000ace00000|  0%| F|  |TAMS 0x00000000acd00000, 0x00000000acd00000| Untracked 
| 718|0x00000000ace00000, 0x00000000ace00000, 0x00000000acf00000|  0%| F|  |TAMS 0x00000000ace00000, 0x00000000ace00000| Untracked 
| 719|0x00000000acf00000, 0x00000000acf00000, 0x00000000ad000000|  0%| F|  |TAMS 0x00000000acf00000, 0x00000000acf00000| Untracked 
| 720|0x00000000ad000000, 0x00000000ad000000, 0x00000000ad100000|  0%| F|  |TAMS 0x00000000ad000000, 0x00000000ad000000| Untracked 
| 721|0x00000000ad100000, 0x00000000ad100000, 0x00000000ad200000|  0%| F|  |TAMS 0x00000000ad100000, 0x00000000ad100000| Untracked 
| 722|0x00000000ad200000, 0x00000000ad200000, 0x00000000ad300000|  0%| F|  |TAMS 0x00000000ad200000, 0x00000000ad200000| Untracked 
| 723|0x00000000ad300000, 0x00000000ad300000, 0x00000000ad400000|  0%| F|  |TAMS 0x00000000ad300000, 0x00000000ad300000| Untracked 
| 724|0x00000000ad400000, 0x00000000ad400000, 0x00000000ad500000|  0%| F|  |TAMS 0x00000000ad400000, 0x00000000ad400000| Untracked 
| 725|0x00000000ad500000, 0x00000000ad500000, 0x00000000ad600000|  0%| F|  |TAMS 0x00000000ad500000, 0x00000000ad500000| Untracked 
| 726|0x00000000ad600000, 0x00000000ad600000, 0x00000000ad700000|  0%| F|  |TAMS 0x00000000ad600000, 0x00000000ad600000| Untracked 
| 727|0x00000000ad700000, 0x00000000ad700000, 0x00000000ad800000|  0%| F|  |TAMS 0x00000000ad700000, 0x00000000ad700000| Untracked 
| 728|0x00000000ad800000, 0x00000000ad800000, 0x00000000ad900000|  0%| F|  |TAMS 0x00000000ad800000, 0x00000000ad800000| Untracked 
| 729|0x00000000ad900000, 0x00000000ad900000, 0x00000000ada00000|  0%| F|  |TAMS 0x00000000ad900000, 0x00000000ad900000| Untracked 
| 730|0x00000000ada00000, 0x00000000ada00000, 0x00000000adb00000|  0%| F|  |TAMS 0x00000000ada00000, 0x00000000ada00000| Untracked 
| 731|0x00000000adb00000, 0x00000000adb00000, 0x00000000adc00000|  0%| F|  |TAMS 0x00000000adb00000, 0x00000000adb00000| Untracked 
| 732|0x00000000adc00000, 0x00000000adc00000, 0x00000000add00000|  0%| F|  |TAMS 0x00000000adc00000, 0x00000000adc00000| Untracked 
| 733|0x00000000add00000, 0x00000000add00000, 0x00000000ade00000|  0%| F|  |TAMS 0x00000000add00000, 0x00000000add00000| Untracked 
| 734|0x00000000ade00000, 0x00000000ade00000, 0x00000000adf00000|  0%| F|  |TAMS 0x00000000ade00000, 0x00000000ade00000| Untracked 
| 735|0x00000000adf00000, 0x00000000adf00000, 0x00000000ae000000|  0%| F|  |TAMS 0x00000000adf00000, 0x00000000adf00000| Untracked 
| 736|0x00000000ae000000, 0x00000000ae000000, 0x00000000ae100000|  0%| F|  |TAMS 0x00000000ae000000, 0x00000000ae000000| Untracked 
| 737|0x00000000ae100000, 0x00000000ae100000, 0x00000000ae200000|  0%| F|  |TAMS 0x00000000ae100000, 0x00000000ae100000| Untracked 
| 738|0x00000000ae200000, 0x00000000ae200000, 0x00000000ae300000|  0%| F|  |TAMS 0x00000000ae200000, 0x00000000ae200000| Untracked 
| 739|0x00000000ae300000, 0x00000000ae300000, 0x00000000ae400000|  0%| F|  |TAMS 0x00000000ae300000, 0x00000000ae300000| Untracked 
| 740|0x00000000ae400000, 0x00000000ae400000, 0x00000000ae500000|  0%| F|  |TAMS 0x00000000ae400000, 0x00000000ae400000| Untracked 
| 741|0x00000000ae500000, 0x00000000ae500000, 0x00000000ae600000|  0%| F|  |TAMS 0x00000000ae500000, 0x00000000ae500000| Untracked 
| 742|0x00000000ae600000, 0x00000000ae600000, 0x00000000ae700000|  0%| F|  |TAMS 0x00000000ae600000, 0x00000000ae600000| Untracked 
| 743|0x00000000ae700000, 0x00000000ae700000, 0x00000000ae800000|  0%| F|  |TAMS 0x00000000ae700000, 0x00000000ae700000| Untracked 
| 744|0x00000000ae800000, 0x00000000ae800000, 0x00000000ae900000|  0%| F|  |TAMS 0x00000000ae800000, 0x00000000ae800000| Untracked 
| 745|0x00000000ae900000, 0x00000000ae900000, 0x00000000aea00000|  0%| F|  |TAMS 0x00000000ae900000, 0x00000000ae900000| Untracked 
| 746|0x00000000aea00000, 0x00000000aea00000, 0x00000000aeb00000|  0%| F|  |TAMS 0x00000000aea00000, 0x00000000aea00000| Untracked 
| 747|0x00000000aeb00000, 0x00000000aeb00000, 0x00000000aec00000|  0%| F|  |TAMS 0x00000000aeb00000, 0x00000000aeb00000| Untracked 
| 748|0x00000000aec00000, 0x00000000aec00000, 0x00000000aed00000|  0%| F|  |TAMS 0x00000000aec00000, 0x00000000aec00000| Untracked 
| 749|0x00000000aed00000, 0x00000000aed00000, 0x00000000aee00000|  0%| F|  |TAMS 0x00000000aed00000, 0x00000000aed00000| Untracked 
| 750|0x00000000aee00000, 0x00000000aee00000, 0x00000000aef00000|  0%| F|  |TAMS 0x00000000aee00000, 0x00000000aee00000| Untracked 
| 751|0x00000000aef00000, 0x00000000aef00000, 0x00000000af000000|  0%| F|  |TAMS 0x00000000aef00000, 0x00000000aef00000| Untracked 
| 752|0x00000000af000000, 0x00000000af000000, 0x00000000af100000|  0%| F|  |TAMS 0x00000000af000000, 0x00000000af000000| Untracked 
| 753|0x00000000af100000, 0x00000000af100000, 0x00000000af200000|  0%| F|  |TAMS 0x00000000af100000, 0x00000000af100000| Untracked 
| 754|0x00000000af200000, 0x00000000af200000, 0x00000000af300000|  0%| F|  |TAMS 0x00000000af200000, 0x00000000af200000| Untracked 
| 755|0x00000000af300000, 0x00000000af300000, 0x00000000af400000|  0%| F|  |TAMS 0x00000000af300000, 0x00000000af300000| Untracked 
| 756|0x00000000af400000, 0x00000000af400000, 0x00000000af500000|  0%| F|  |TAMS 0x00000000af400000, 0x00000000af400000| Untracked 
| 757|0x00000000af500000, 0x00000000af500000, 0x00000000af600000|  0%| F|  |TAMS 0x00000000af500000, 0x00000000af500000| Untracked 
| 758|0x00000000af600000, 0x00000000af600000, 0x00000000af700000|  0%| F|  |TAMS 0x00000000af600000, 0x00000000af600000| Untracked 
| 759|0x00000000af700000, 0x00000000af700000, 0x00000000af800000|  0%| F|  |TAMS 0x00000000af700000, 0x00000000af700000| Untracked 
| 760|0x00000000af800000, 0x00000000af800000, 0x00000000af900000|  0%| F|  |TAMS 0x00000000af800000, 0x00000000af800000| Untracked 
| 761|0x00000000af900000, 0x00000000af900000, 0x00000000afa00000|  0%| F|  |TAMS 0x00000000af900000, 0x00000000af900000| Untracked 
| 762|0x00000000afa00000, 0x00000000afa00000, 0x00000000afb00000|  0%| F|  |TAMS 0x00000000afa00000, 0x00000000afa00000| Untracked 
| 763|0x00000000afb00000, 0x00000000afb00000, 0x00000000afc00000|  0%| F|  |TAMS 0x00000000afb00000, 0x00000000afb00000| Untracked 
| 764|0x00000000afc00000, 0x00000000afc00000, 0x00000000afd00000|  0%| F|  |TAMS 0x00000000afc00000, 0x00000000afc00000| Untracked 
| 765|0x00000000afd00000, 0x00000000afd00000, 0x00000000afe00000|  0%| F|  |TAMS 0x00000000afd00000, 0x00000000afd00000| Untracked 
| 766|0x00000000afe00000, 0x00000000afe00000, 0x00000000aff00000|  0%| F|  |TAMS 0x00000000afe00000, 0x00000000afe00000| Untracked 
| 767|0x00000000aff00000, 0x00000000aff00000, 0x00000000b0000000|  0%| F|  |TAMS 0x00000000aff00000, 0x00000000aff00000| Untracked 
| 768|0x00000000b0000000, 0x00000000b0000000, 0x00000000b0100000|  0%| F|  |TAMS 0x00000000b0000000, 0x00000000b0000000| Untracked 
| 769|0x00000000b0100000, 0x00000000b0100000, 0x00000000b0200000|  0%| F|  |TAMS 0x00000000b0100000, 0x00000000b0100000| Untracked 
| 770|0x00000000b0200000, 0x00000000b0200000, 0x00000000b0300000|  0%| F|  |TAMS 0x00000000b0200000, 0x00000000b0200000| Untracked 
| 771|0x00000000b0300000, 0x00000000b0300000, 0x00000000b0400000|  0%| F|  |TAMS 0x00000000b0300000, 0x00000000b0300000| Untracked 
| 772|0x00000000b0400000, 0x00000000b0400000, 0x00000000b0500000|  0%| F|  |TAMS 0x00000000b0400000, 0x00000000b0400000| Untracked 
| 773|0x00000000b0500000, 0x00000000b0500000, 0x00000000b0600000|  0%| F|  |TAMS 0x00000000b0500000, 0x00000000b0500000| Untracked 
| 774|0x00000000b0600000, 0x00000000b0600000, 0x00000000b0700000|  0%| F|  |TAMS 0x00000000b0600000, 0x00000000b0600000| Untracked 
| 775|0x00000000b0700000, 0x00000000b0700000, 0x00000000b0800000|  0%| F|  |TAMS 0x00000000b0700000, 0x00000000b0700000| Untracked 
| 776|0x00000000b0800000, 0x00000000b0800000, 0x00000000b0900000|  0%| F|  |TAMS 0x00000000b0800000, 0x00000000b0800000| Untracked 
| 777|0x00000000b0900000, 0x00000000b0900000, 0x00000000b0a00000|  0%| F|  |TAMS 0x00000000b0900000, 0x00000000b0900000| Untracked 
| 778|0x00000000b0a00000, 0x00000000b0a00000, 0x00000000b0b00000|  0%| F|  |TAMS 0x00000000b0a00000, 0x00000000b0a00000| Untracked 
| 779|0x00000000b0b00000, 0x00000000b0b00000, 0x00000000b0c00000|  0%| F|  |TAMS 0x00000000b0b00000, 0x00000000b0b00000| Untracked 
| 780|0x00000000b0c00000, 0x00000000b0c00000, 0x00000000b0d00000|  0%| F|  |TAMS 0x00000000b0c00000, 0x00000000b0c00000| Untracked 
| 781|0x00000000b0d00000, 0x00000000b0d00000, 0x00000000b0e00000|  0%| F|  |TAMS 0x00000000b0d00000, 0x00000000b0d00000| Untracked 
| 782|0x00000000b0e00000, 0x00000000b0e00000, 0x00000000b0f00000|  0%| F|  |TAMS 0x00000000b0e00000, 0x00000000b0e00000| Untracked 
| 783|0x00000000b0f00000, 0x00000000b0f00000, 0x00000000b1000000|  0%| F|  |TAMS 0x00000000b0f00000, 0x00000000b0f00000| Untracked 
| 784|0x00000000b1000000, 0x00000000b1000000, 0x00000000b1100000|  0%| F|  |TAMS 0x00000000b1000000, 0x00000000b1000000| Untracked 
| 785|0x00000000b1100000, 0x00000000b1100000, 0x00000000b1200000|  0%| F|  |TAMS 0x00000000b1100000, 0x00000000b1100000| Untracked 
| 786|0x00000000b1200000, 0x00000000b1200000, 0x00000000b1300000|  0%| F|  |TAMS 0x00000000b1200000, 0x00000000b1200000| Untracked 
| 787|0x00000000b1300000, 0x00000000b1300000, 0x00000000b1400000|  0%| F|  |TAMS 0x00000000b1300000, 0x00000000b1300000| Untracked 
| 788|0x00000000b1400000, 0x00000000b1400000, 0x00000000b1500000|  0%| F|  |TAMS 0x00000000b1400000, 0x00000000b1400000| Untracked 
| 789|0x00000000b1500000, 0x00000000b1500000, 0x00000000b1600000|  0%| F|  |TAMS 0x00000000b1500000, 0x00000000b1500000| Untracked 
| 790|0x00000000b1600000, 0x00000000b1600000, 0x00000000b1700000|  0%| F|  |TAMS 0x00000000b1600000, 0x00000000b1600000| Untracked 
| 791|0x00000000b1700000, 0x00000000b1700000, 0x00000000b1800000|  0%| F|  |TAMS 0x00000000b1700000, 0x00000000b1700000| Untracked 
| 792|0x00000000b1800000, 0x00000000b1800000, 0x00000000b1900000|  0%| F|  |TAMS 0x00000000b1800000, 0x00000000b1800000| Untracked 
| 793|0x00000000b1900000, 0x00000000b1900000, 0x00000000b1a00000|  0%| F|  |TAMS 0x00000000b1900000, 0x00000000b1900000| Untracked 
| 794|0x00000000b1a00000, 0x00000000b1a00000, 0x00000000b1b00000|  0%| F|  |TAMS 0x00000000b1a00000, 0x00000000b1a00000| Untracked 
| 795|0x00000000b1b00000, 0x00000000b1b00000, 0x00000000b1c00000|  0%| F|  |TAMS 0x00000000b1b00000, 0x00000000b1b00000| Untracked 
| 796|0x00000000b1c00000, 0x00000000b1c00000, 0x00000000b1d00000|  0%| F|  |TAMS 0x00000000b1c00000, 0x00000000b1c00000| Untracked 
| 797|0x00000000b1d00000, 0x00000000b1d00000, 0x00000000b1e00000|  0%| F|  |TAMS 0x00000000b1d00000, 0x00000000b1d00000| Untracked 
| 798|0x00000000b1e00000, 0x00000000b1e00000, 0x00000000b1f00000|  0%| F|  |TAMS 0x00000000b1e00000, 0x00000000b1e00000| Untracked 
| 799|0x00000000b1f00000, 0x00000000b1f00000, 0x00000000b2000000|  0%| F|  |TAMS 0x00000000b1f00000, 0x00000000b1f00000| Untracked 
| 800|0x00000000b2000000, 0x00000000b2000000, 0x00000000b2100000|  0%| F|  |TAMS 0x00000000b2000000, 0x00000000b2000000| Untracked 
| 801|0x00000000b2100000, 0x00000000b2100000, 0x00000000b2200000|  0%| F|  |TAMS 0x00000000b2100000, 0x00000000b2100000| Untracked 
| 802|0x00000000b2200000, 0x00000000b2200000, 0x00000000b2300000|  0%| F|  |TAMS 0x00000000b2200000, 0x00000000b2200000| Untracked 
| 803|0x00000000b2300000, 0x00000000b2300000, 0x00000000b2400000|  0%| F|  |TAMS 0x00000000b2300000, 0x00000000b2300000| Untracked 
| 804|0x00000000b2400000, 0x00000000b2400000, 0x00000000b2500000|  0%| F|  |TAMS 0x00000000b2400000, 0x00000000b2400000| Untracked 
| 805|0x00000000b2500000, 0x00000000b2500000, 0x00000000b2600000|  0%| F|  |TAMS 0x00000000b2500000, 0x00000000b2500000| Untracked 
| 806|0x00000000b2600000, 0x00000000b2600000, 0x00000000b2700000|  0%| F|  |TAMS 0x00000000b2600000, 0x00000000b2600000| Untracked 
| 807|0x00000000b2700000, 0x00000000b2700000, 0x00000000b2800000|  0%| F|  |TAMS 0x00000000b2700000, 0x00000000b2700000| Untracked 
| 808|0x00000000b2800000, 0x00000000b2800000, 0x00000000b2900000|  0%| F|  |TAMS 0x00000000b2800000, 0x00000000b2800000| Untracked 
| 809|0x00000000b2900000, 0x00000000b2900000, 0x00000000b2a00000|  0%| F|  |TAMS 0x00000000b2900000, 0x00000000b2900000| Untracked 
| 810|0x00000000b2a00000, 0x00000000b2a00000, 0x00000000b2b00000|  0%| F|  |TAMS 0x00000000b2a00000, 0x00000000b2a00000| Untracked 
| 811|0x00000000b2b00000, 0x00000000b2b00000, 0x00000000b2c00000|  0%| F|  |TAMS 0x00000000b2b00000, 0x00000000b2b00000| Untracked 
| 812|0x00000000b2c00000, 0x00000000b2c00000, 0x00000000b2d00000|  0%| F|  |TAMS 0x00000000b2c00000, 0x00000000b2c00000| Untracked 
| 813|0x00000000b2d00000, 0x00000000b2d00000, 0x00000000b2e00000|  0%| F|  |TAMS 0x00000000b2d00000, 0x00000000b2d00000| Untracked 
| 814|0x00000000b2e00000, 0x00000000b2e00000, 0x00000000b2f00000|  0%| F|  |TAMS 0x00000000b2e00000, 0x00000000b2e00000| Untracked 
| 815|0x00000000b2f00000, 0x00000000b2f00000, 0x00000000b3000000|  0%| F|  |TAMS 0x00000000b2f00000, 0x00000000b2f00000| Untracked 
| 816|0x00000000b3000000, 0x00000000b3000000, 0x00000000b3100000|  0%| F|  |TAMS 0x00000000b3000000, 0x00000000b3000000| Untracked 
| 817|0x00000000b3100000, 0x00000000b3100000, 0x00000000b3200000|  0%| F|  |TAMS 0x00000000b3100000, 0x00000000b3100000| Untracked 
| 818|0x00000000b3200000, 0x00000000b3200000, 0x00000000b3300000|  0%| F|  |TAMS 0x00000000b3200000, 0x00000000b3200000| Untracked 
| 819|0x00000000b3300000, 0x00000000b3300000, 0x00000000b3400000|  0%| F|  |TAMS 0x00000000b3300000, 0x00000000b3300000| Untracked 
| 820|0x00000000b3400000, 0x00000000b3400000, 0x00000000b3500000|  0%| F|  |TAMS 0x00000000b3400000, 0x00000000b3400000| Untracked 
| 821|0x00000000b3500000, 0x00000000b3500000, 0x00000000b3600000|  0%| F|  |TAMS 0x00000000b3500000, 0x00000000b3500000| Untracked 
| 822|0x00000000b3600000, 0x00000000b3600000, 0x00000000b3700000|  0%| F|  |TAMS 0x00000000b3600000, 0x00000000b3600000| Untracked 
| 823|0x00000000b3700000, 0x00000000b3700000, 0x00000000b3800000|  0%| F|  |TAMS 0x00000000b3700000, 0x00000000b3700000| Untracked 
| 824|0x00000000b3800000, 0x00000000b3800000, 0x00000000b3900000|  0%| F|  |TAMS 0x00000000b3800000, 0x00000000b3800000| Untracked 
| 825|0x00000000b3900000, 0x00000000b3900000, 0x00000000b3a00000|  0%| F|  |TAMS 0x00000000b3900000, 0x00000000b3900000| Untracked 
| 826|0x00000000b3a00000, 0x00000000b3a00000, 0x00000000b3b00000|  0%| F|  |TAMS 0x00000000b3a00000, 0x00000000b3a00000| Untracked 
| 827|0x00000000b3b00000, 0x00000000b3b00000, 0x00000000b3c00000|  0%| F|  |TAMS 0x00000000b3b00000, 0x00000000b3b00000| Untracked 
| 828|0x00000000b3c00000, 0x00000000b3c00000, 0x00000000b3d00000|  0%| F|  |TAMS 0x00000000b3c00000, 0x00000000b3c00000| Untracked 
| 829|0x00000000b3d00000, 0x00000000b3d00000, 0x00000000b3e00000|  0%| F|  |TAMS 0x00000000b3d00000, 0x00000000b3d00000| Untracked 
| 830|0x00000000b3e00000, 0x00000000b3e00000, 0x00000000b3f00000|  0%| F|  |TAMS 0x00000000b3e00000, 0x00000000b3e00000| Untracked 
| 831|0x00000000b3f00000, 0x00000000b3f00000, 0x00000000b4000000|  0%| F|  |TAMS 0x00000000b3f00000, 0x00000000b3f00000| Untracked 
| 832|0x00000000b4000000, 0x00000000b4000000, 0x00000000b4100000|  0%| F|  |TAMS 0x00000000b4000000, 0x00000000b4000000| Untracked 
| 833|0x00000000b4100000, 0x00000000b4100000, 0x00000000b4200000|  0%| F|  |TAMS 0x00000000b4100000, 0x00000000b4100000| Untracked 
| 834|0x00000000b4200000, 0x00000000b4200000, 0x00000000b4300000|  0%| F|  |TAMS 0x00000000b4200000, 0x00000000b4200000| Untracked 
| 835|0x00000000b4300000, 0x00000000b4300000, 0x00000000b4400000|  0%| F|  |TAMS 0x00000000b4300000, 0x00000000b4300000| Untracked 
| 836|0x00000000b4400000, 0x00000000b4400000, 0x00000000b4500000|  0%| F|  |TAMS 0x00000000b4400000, 0x00000000b4400000| Untracked 
| 837|0x00000000b4500000, 0x00000000b4500000, 0x00000000b4600000|  0%| F|  |TAMS 0x00000000b4500000, 0x00000000b4500000| Untracked 
| 838|0x00000000b4600000, 0x00000000b4600000, 0x00000000b4700000|  0%| F|  |TAMS 0x00000000b4600000, 0x00000000b4600000| Untracked 
| 839|0x00000000b4700000, 0x00000000b4700000, 0x00000000b4800000|  0%| F|  |TAMS 0x00000000b4700000, 0x00000000b4700000| Untracked 
| 840|0x00000000b4800000, 0x00000000b4800000, 0x00000000b4900000|  0%| F|  |TAMS 0x00000000b4800000, 0x00000000b4800000| Untracked 
| 841|0x00000000b4900000, 0x00000000b4900000, 0x00000000b4a00000|  0%| F|  |TAMS 0x00000000b4900000, 0x00000000b4900000| Untracked 
| 842|0x00000000b4a00000, 0x00000000b4a00000, 0x00000000b4b00000|  0%| F|  |TAMS 0x00000000b4a00000, 0x00000000b4a00000| Untracked 
| 843|0x00000000b4b00000, 0x00000000b4b80000, 0x00000000b4c00000| 50%| S|CS|TAMS 0x00000000b4b00000, 0x00000000b4b00000| Complete 
| 844|0x00000000b4c00000, 0x00000000b4d00000, 0x00000000b4d00000|100%| S|CS|TAMS 0x00000000b4c00000, 0x00000000b4c00000| Complete 
| 845|0x00000000b4d00000, 0x00000000b4e00000, 0x00000000b4e00000|100%| S|CS|TAMS 0x00000000b4d00000, 0x00000000b4d00000| Complete 
| 846|0x00000000b4e00000, 0x00000000b4f00000, 0x00000000b4f00000|100%| S|CS|TAMS 0x00000000b4e00000, 0x00000000b4e00000| Complete 
| 847|0x00000000b4f00000, 0x00000000b5000000, 0x00000000b5000000|100%| S|CS|TAMS 0x00000000b4f00000, 0x00000000b4f00000| Complete 
| 848|0x00000000b5000000, 0x00000000b5100000, 0x00000000b5100000|100%| S|CS|TAMS 0x00000000b5000000, 0x00000000b5000000| Complete 
| 849|0x00000000b5100000, 0x00000000b5200000, 0x00000000b5200000|100%| S|CS|TAMS 0x00000000b5100000, 0x00000000b5100000| Complete 
| 850|0x00000000b5200000, 0x00000000b5300000, 0x00000000b5300000|100%| S|CS|TAMS 0x00000000b5200000, 0x00000000b5200000| Complete 
| 851|0x00000000b5300000, 0x00000000b5400000, 0x00000000b5400000|100%| S|CS|TAMS 0x00000000b5300000, 0x00000000b5300000| Complete 
| 852|0x00000000b5400000, 0x00000000b5500000, 0x00000000b5500000|100%| S|CS|TAMS 0x00000000b5400000, 0x00000000b5400000| Complete 
| 853|0x00000000b5500000, 0x00000000b5600000, 0x00000000b5600000|100%| S|CS|TAMS 0x00000000b5500000, 0x00000000b5500000| Complete 
| 854|0x00000000b5600000, 0x00000000b5700000, 0x00000000b5700000|100%| S|CS|TAMS 0x00000000b5600000, 0x00000000b5600000| Complete 
| 855|0x00000000b5700000, 0x00000000b5800000, 0x00000000b5800000|100%| S|CS|TAMS 0x00000000b5700000, 0x00000000b5700000| Complete 
| 856|0x00000000b5800000, 0x00000000b5900000, 0x00000000b5900000|100%| S|CS|TAMS 0x00000000b5800000, 0x00000000b5800000| Complete 
| 857|0x00000000b5900000, 0x00000000b5a00000, 0x00000000b5a00000|100%| S|CS|TAMS 0x00000000b5900000, 0x00000000b5900000| Complete 
| 858|0x00000000b5a00000, 0x00000000b5a00000, 0x00000000b5b00000|  0%| F|  |TAMS 0x00000000b5a00000, 0x00000000b5a00000| Untracked 
| 859|0x00000000b5b00000, 0x00000000b5b00000, 0x00000000b5c00000|  0%| F|  |TAMS 0x00000000b5b00000, 0x00000000b5b00000| Untracked 
| 860|0x00000000b5c00000, 0x00000000b5c00000, 0x00000000b5d00000|  0%| F|  |TAMS 0x00000000b5c00000, 0x00000000b5c00000| Untracked 
| 861|0x00000000b5d00000, 0x00000000b5d00000, 0x00000000b5e00000|  0%| F|  |TAMS 0x00000000b5d00000, 0x00000000b5d00000| Untracked 
| 862|0x00000000b5e00000, 0x00000000b5e00000, 0x00000000b5f00000|  0%| F|  |TAMS 0x00000000b5e00000, 0x00000000b5e00000| Untracked 
| 863|0x00000000b5f00000, 0x00000000b5f00000, 0x00000000b6000000|  0%| F|  |TAMS 0x00000000b5f00000, 0x00000000b5f00000| Untracked 
| 864|0x00000000b6000000, 0x00000000b6000000, 0x00000000b6100000|  0%| F|  |TAMS 0x00000000b6000000, 0x00000000b6000000| Untracked 
| 865|0x00000000b6100000, 0x00000000b6100000, 0x00000000b6200000|  0%| F|  |TAMS 0x00000000b6100000, 0x00000000b6100000| Untracked 
| 866|0x00000000b6200000, 0x00000000b6200000, 0x00000000b6300000|  0%| F|  |TAMS 0x00000000b6200000, 0x00000000b6200000| Untracked 
| 867|0x00000000b6300000, 0x00000000b6300000, 0x00000000b6400000|  0%| F|  |TAMS 0x00000000b6300000, 0x00000000b6300000| Untracked 
| 868|0x00000000b6400000, 0x00000000b6400000, 0x00000000b6500000|  0%| F|  |TAMS 0x00000000b6400000, 0x00000000b6400000| Untracked 
| 869|0x00000000b6500000, 0x00000000b6500000, 0x00000000b6600000|  0%| F|  |TAMS 0x00000000b6500000, 0x00000000b6500000| Untracked 
| 870|0x00000000b6600000, 0x00000000b6600000, 0x00000000b6700000|  0%| F|  |TAMS 0x00000000b6600000, 0x00000000b6600000| Untracked 
| 871|0x00000000b6700000, 0x00000000b6700000, 0x00000000b6800000|  0%| F|  |TAMS 0x00000000b6700000, 0x00000000b6700000| Untracked 
| 872|0x00000000b6800000, 0x00000000b6800000, 0x00000000b6900000|  0%| F|  |TAMS 0x00000000b6800000, 0x00000000b6800000| Untracked 
| 873|0x00000000b6900000, 0x00000000b6900000, 0x00000000b6a00000|  0%| F|  |TAMS 0x00000000b6900000, 0x00000000b6900000| Untracked 
| 874|0x00000000b6a00000, 0x00000000b6a00000, 0x00000000b6b00000|  0%| F|  |TAMS 0x00000000b6a00000, 0x00000000b6a00000| Untracked 
| 875|0x00000000b6b00000, 0x00000000b6b00000, 0x00000000b6c00000|  0%| F|  |TAMS 0x00000000b6b00000, 0x00000000b6b00000| Untracked 
| 876|0x00000000b6c00000, 0x00000000b6c00000, 0x00000000b6d00000|  0%| F|  |TAMS 0x00000000b6c00000, 0x00000000b6c00000| Untracked 
| 877|0x00000000b6d00000, 0x00000000b6d00000, 0x00000000b6e00000|  0%| F|  |TAMS 0x00000000b6d00000, 0x00000000b6d00000| Untracked 
| 878|0x00000000b6e00000, 0x00000000b6e00000, 0x00000000b6f00000|  0%| F|  |TAMS 0x00000000b6e00000, 0x00000000b6e00000| Untracked 
| 879|0x00000000b6f00000, 0x00000000b6f00000, 0x00000000b7000000|  0%| F|  |TAMS 0x00000000b6f00000, 0x00000000b6f00000| Untracked 
| 880|0x00000000b7000000, 0x00000000b7000000, 0x00000000b7100000|  0%| F|  |TAMS 0x00000000b7000000, 0x00000000b7000000| Untracked 
| 881|0x00000000b7100000, 0x00000000b7100000, 0x00000000b7200000|  0%| F|  |TAMS 0x00000000b7100000, 0x00000000b7100000| Untracked 
| 882|0x00000000b7200000, 0x00000000b7200000, 0x00000000b7300000|  0%| F|  |TAMS 0x00000000b7200000, 0x00000000b7200000| Untracked 
| 883|0x00000000b7300000, 0x00000000b7300000, 0x00000000b7400000|  0%| F|  |TAMS 0x00000000b7300000, 0x00000000b7300000| Untracked 
| 884|0x00000000b7400000, 0x00000000b7400000, 0x00000000b7500000|  0%| F|  |TAMS 0x00000000b7400000, 0x00000000b7400000| Untracked 
| 885|0x00000000b7500000, 0x00000000b7500000, 0x00000000b7600000|  0%| F|  |TAMS 0x00000000b7500000, 0x00000000b7500000| Untracked 
| 886|0x00000000b7600000, 0x00000000b7600000, 0x00000000b7700000|  0%| F|  |TAMS 0x00000000b7600000, 0x00000000b7600000| Untracked 
| 887|0x00000000b7700000, 0x00000000b7700000, 0x00000000b7800000|  0%| F|  |TAMS 0x00000000b7700000, 0x00000000b7700000| Untracked 
| 888|0x00000000b7800000, 0x00000000b7800000, 0x00000000b7900000|  0%| F|  |TAMS 0x00000000b7800000, 0x00000000b7800000| Untracked 
| 889|0x00000000b7900000, 0x00000000b7900000, 0x00000000b7a00000|  0%| F|  |TAMS 0x00000000b7900000, 0x00000000b7900000| Untracked 
| 890|0x00000000b7a00000, 0x00000000b7a00000, 0x00000000b7b00000|  0%| F|  |TAMS 0x00000000b7a00000, 0x00000000b7a00000| Untracked 
| 891|0x00000000b7b00000, 0x00000000b7b00000, 0x00000000b7c00000|  0%| F|  |TAMS 0x00000000b7b00000, 0x00000000b7b00000| Untracked 
| 892|0x00000000b7c00000, 0x00000000b7c00000, 0x00000000b7d00000|  0%| F|  |TAMS 0x00000000b7c00000, 0x00000000b7c00000| Untracked 
| 893|0x00000000b7d00000, 0x00000000b7d00000, 0x00000000b7e00000|  0%| F|  |TAMS 0x00000000b7d00000, 0x00000000b7d00000| Untracked 
| 894|0x00000000b7e00000, 0x00000000b7e00000, 0x00000000b7f00000|  0%| F|  |TAMS 0x00000000b7e00000, 0x00000000b7e00000| Untracked 
| 895|0x00000000b7f00000, 0x00000000b7f00000, 0x00000000b8000000|  0%| F|  |TAMS 0x00000000b7f00000, 0x00000000b7f00000| Untracked 
| 896|0x00000000b8000000, 0x00000000b8000000, 0x00000000b8100000|  0%| F|  |TAMS 0x00000000b8000000, 0x00000000b8000000| Untracked 
| 897|0x00000000b8100000, 0x00000000b8100000, 0x00000000b8200000|  0%| F|  |TAMS 0x00000000b8100000, 0x00000000b8100000| Untracked 
| 898|0x00000000b8200000, 0x00000000b8200000, 0x00000000b8300000|  0%| F|  |TAMS 0x00000000b8200000, 0x00000000b8200000| Untracked 
| 899|0x00000000b8300000, 0x00000000b8300000, 0x00000000b8400000|  0%| F|  |TAMS 0x00000000b8300000, 0x00000000b8300000| Untracked 
| 900|0x00000000b8400000, 0x00000000b8400000, 0x00000000b8500000|  0%| F|  |TAMS 0x00000000b8400000, 0x00000000b8400000| Untracked 
| 901|0x00000000b8500000, 0x00000000b8500000, 0x00000000b8600000|  0%| F|  |TAMS 0x00000000b8500000, 0x00000000b8500000| Untracked 
| 902|0x00000000b8600000, 0x00000000b8600000, 0x00000000b8700000|  0%| F|  |TAMS 0x00000000b8600000, 0x00000000b8600000| Untracked 
| 903|0x00000000b8700000, 0x00000000b8700000, 0x00000000b8800000|  0%| F|  |TAMS 0x00000000b8700000, 0x00000000b8700000| Untracked 
| 904|0x00000000b8800000, 0x00000000b8800000, 0x00000000b8900000|  0%| F|  |TAMS 0x00000000b8800000, 0x00000000b8800000| Untracked 
| 905|0x00000000b8900000, 0x00000000b8900000, 0x00000000b8a00000|  0%| F|  |TAMS 0x00000000b8900000, 0x00000000b8900000| Untracked 
| 906|0x00000000b8a00000, 0x00000000b8a00000, 0x00000000b8b00000|  0%| F|  |TAMS 0x00000000b8a00000, 0x00000000b8a00000| Untracked 
| 907|0x00000000b8b00000, 0x00000000b8b00000, 0x00000000b8c00000|  0%| F|  |TAMS 0x00000000b8b00000, 0x00000000b8b00000| Untracked 
| 908|0x00000000b8c00000, 0x00000000b8c00000, 0x00000000b8d00000|  0%| F|  |TAMS 0x00000000b8c00000, 0x00000000b8c00000| Untracked 
| 909|0x00000000b8d00000, 0x00000000b8d00000, 0x00000000b8e00000|  0%| F|  |TAMS 0x00000000b8d00000, 0x00000000b8d00000| Untracked 
| 910|0x00000000b8e00000, 0x00000000b8e00000, 0x00000000b8f00000|  0%| F|  |TAMS 0x00000000b8e00000, 0x00000000b8e00000| Untracked 
| 911|0x00000000b8f00000, 0x00000000b8f00000, 0x00000000b9000000|  0%| F|  |TAMS 0x00000000b8f00000, 0x00000000b8f00000| Untracked 
| 912|0x00000000b9000000, 0x00000000b9000000, 0x00000000b9100000|  0%| F|  |TAMS 0x00000000b9000000, 0x00000000b9000000| Untracked 
| 913|0x00000000b9100000, 0x00000000b9100000, 0x00000000b9200000|  0%| F|  |TAMS 0x00000000b9100000, 0x00000000b9100000| Untracked 
| 914|0x00000000b9200000, 0x00000000b9200000, 0x00000000b9300000|  0%| F|  |TAMS 0x00000000b9200000, 0x00000000b9200000| Untracked 
| 915|0x00000000b9300000, 0x00000000b9300000, 0x00000000b9400000|  0%| F|  |TAMS 0x00000000b9300000, 0x00000000b9300000| Untracked 
| 916|0x00000000b9400000, 0x00000000b9400000, 0x00000000b9500000|  0%| F|  |TAMS 0x00000000b9400000, 0x00000000b9400000| Untracked 
| 917|0x00000000b9500000, 0x00000000b9500000, 0x00000000b9600000|  0%| F|  |TAMS 0x00000000b9500000, 0x00000000b9500000| Untracked 
| 918|0x00000000b9600000, 0x00000000b9600000, 0x00000000b9700000|  0%| F|  |TAMS 0x00000000b9600000, 0x00000000b9600000| Untracked 
| 919|0x00000000b9700000, 0x00000000b9700000, 0x00000000b9800000|  0%| F|  |TAMS 0x00000000b9700000, 0x00000000b9700000| Untracked 
| 920|0x00000000b9800000, 0x00000000b9800000, 0x00000000b9900000|  0%| F|  |TAMS 0x00000000b9800000, 0x00000000b9800000| Untracked 
| 921|0x00000000b9900000, 0x00000000b9900000, 0x00000000b9a00000|  0%| F|  |TAMS 0x00000000b9900000, 0x00000000b9900000| Untracked 
| 922|0x00000000b9a00000, 0x00000000b9a00000, 0x00000000b9b00000|  0%| F|  |TAMS 0x00000000b9a00000, 0x00000000b9a00000| Untracked 
| 923|0x00000000b9b00000, 0x00000000b9b00000, 0x00000000b9c00000|  0%| F|  |TAMS 0x00000000b9b00000, 0x00000000b9b00000| Untracked 
| 924|0x00000000b9c00000, 0x00000000b9c00000, 0x00000000b9d00000|  0%| F|  |TAMS 0x00000000b9c00000, 0x00000000b9c00000| Untracked 
| 925|0x00000000b9d00000, 0x00000000b9d00000, 0x00000000b9e00000|  0%| F|  |TAMS 0x00000000b9d00000, 0x00000000b9d00000| Untracked 
| 926|0x00000000b9e00000, 0x00000000b9e00000, 0x00000000b9f00000|  0%| F|  |TAMS 0x00000000b9e00000, 0x00000000b9e00000| Untracked 
| 927|0x00000000b9f00000, 0x00000000b9f00000, 0x00000000ba000000|  0%| F|  |TAMS 0x00000000b9f00000, 0x00000000b9f00000| Untracked 
| 928|0x00000000ba000000, 0x00000000ba000000, 0x00000000ba100000|  0%| F|  |TAMS 0x00000000ba000000, 0x00000000ba000000| Untracked 
| 929|0x00000000ba100000, 0x00000000ba100000, 0x00000000ba200000|  0%| F|  |TAMS 0x00000000ba100000, 0x00000000ba100000| Untracked 
| 930|0x00000000ba200000, 0x00000000ba200000, 0x00000000ba300000|  0%| F|  |TAMS 0x00000000ba200000, 0x00000000ba200000| Untracked 
| 931|0x00000000ba300000, 0x00000000ba300000, 0x00000000ba400000|  0%| F|  |TAMS 0x00000000ba300000, 0x00000000ba300000| Untracked 
| 932|0x00000000ba400000, 0x00000000ba400000, 0x00000000ba500000|  0%| F|  |TAMS 0x00000000ba400000, 0x00000000ba400000| Untracked 
| 933|0x00000000ba500000, 0x00000000ba500000, 0x00000000ba600000|  0%| F|  |TAMS 0x00000000ba500000, 0x00000000ba500000| Untracked 
| 934|0x00000000ba600000, 0x00000000ba600000, 0x00000000ba700000|  0%| F|  |TAMS 0x00000000ba600000, 0x00000000ba600000| Untracked 
| 935|0x00000000ba700000, 0x00000000ba700000, 0x00000000ba800000|  0%| F|  |TAMS 0x00000000ba700000, 0x00000000ba700000| Untracked 
| 936|0x00000000ba800000, 0x00000000ba800000, 0x00000000ba900000|  0%| F|  |TAMS 0x00000000ba800000, 0x00000000ba800000| Untracked 
| 937|0x00000000ba900000, 0x00000000ba900000, 0x00000000baa00000|  0%| F|  |TAMS 0x00000000ba900000, 0x00000000ba900000| Untracked 
| 938|0x00000000baa00000, 0x00000000baa00000, 0x00000000bab00000|  0%| F|  |TAMS 0x00000000baa00000, 0x00000000baa00000| Untracked 
| 939|0x00000000bab00000, 0x00000000bab00000, 0x00000000bac00000|  0%| F|  |TAMS 0x00000000bab00000, 0x00000000bab00000| Untracked 
| 940|0x00000000bac00000, 0x00000000bac00000, 0x00000000bad00000|  0%| F|  |TAMS 0x00000000bac00000, 0x00000000bac00000| Untracked 
| 941|0x00000000bad00000, 0x00000000bad00000, 0x00000000bae00000|  0%| F|  |TAMS 0x00000000bad00000, 0x00000000bad00000| Untracked 
| 942|0x00000000bae00000, 0x00000000bae00000, 0x00000000baf00000|  0%| F|  |TAMS 0x00000000bae00000, 0x00000000bae00000| Untracked 
| 943|0x00000000baf00000, 0x00000000baf00000, 0x00000000bb000000|  0%| F|  |TAMS 0x00000000baf00000, 0x00000000baf00000| Untracked 
| 944|0x00000000bb000000, 0x00000000bb000000, 0x00000000bb100000|  0%| F|  |TAMS 0x00000000bb000000, 0x00000000bb000000| Untracked 
| 945|0x00000000bb100000, 0x00000000bb100000, 0x00000000bb200000|  0%| F|  |TAMS 0x00000000bb100000, 0x00000000bb100000| Untracked 
| 946|0x00000000bb200000, 0x00000000bb200000, 0x00000000bb300000|  0%| F|  |TAMS 0x00000000bb200000, 0x00000000bb200000| Untracked 
| 947|0x00000000bb300000, 0x00000000bb300000, 0x00000000bb400000|  0%| F|  |TAMS 0x00000000bb300000, 0x00000000bb300000| Untracked 
| 948|0x00000000bb400000, 0x00000000bb400000, 0x00000000bb500000|  0%| F|  |TAMS 0x00000000bb400000, 0x00000000bb400000| Untracked 
| 949|0x00000000bb500000, 0x00000000bb500000, 0x00000000bb600000|  0%| F|  |TAMS 0x00000000bb500000, 0x00000000bb500000| Untracked 
| 950|0x00000000bb600000, 0x00000000bb600000, 0x00000000bb700000|  0%| F|  |TAMS 0x00000000bb600000, 0x00000000bb600000| Untracked 
| 951|0x00000000bb700000, 0x00000000bb700000, 0x00000000bb800000|  0%| F|  |TAMS 0x00000000bb700000, 0x00000000bb700000| Untracked 
| 952|0x00000000bb800000, 0x00000000bb800000, 0x00000000bb900000|  0%| F|  |TAMS 0x00000000bb800000, 0x00000000bb800000| Untracked 
| 953|0x00000000bb900000, 0x00000000bb900000, 0x00000000bba00000|  0%| F|  |TAMS 0x00000000bb900000, 0x00000000bb900000| Untracked 
| 954|0x00000000bba00000, 0x00000000bba00000, 0x00000000bbb00000|  0%| F|  |TAMS 0x00000000bba00000, 0x00000000bba00000| Untracked 
| 955|0x00000000bbb00000, 0x00000000bbb00000, 0x00000000bbc00000|  0%| F|  |TAMS 0x00000000bbb00000, 0x00000000bbb00000| Untracked 
| 956|0x00000000bbc00000, 0x00000000bbc00000, 0x00000000bbd00000|  0%| F|  |TAMS 0x00000000bbc00000, 0x00000000bbc00000| Untracked 
| 957|0x00000000bbd00000, 0x00000000bbd00000, 0x00000000bbe00000|  0%| F|  |TAMS 0x00000000bbd00000, 0x00000000bbd00000| Untracked 
| 958|0x00000000bbe00000, 0x00000000bbe00000, 0x00000000bbf00000|  0%| F|  |TAMS 0x00000000bbe00000, 0x00000000bbe00000| Untracked 
| 959|0x00000000bbf00000, 0x00000000bbf00000, 0x00000000bc000000|  0%| F|  |TAMS 0x00000000bbf00000, 0x00000000bbf00000| Untracked 
| 960|0x00000000bc000000, 0x00000000bc000000, 0x00000000bc100000|  0%| F|  |TAMS 0x00000000bc000000, 0x00000000bc000000| Untracked 
| 961|0x00000000bc100000, 0x00000000bc100000, 0x00000000bc200000|  0%| F|  |TAMS 0x00000000bc100000, 0x00000000bc100000| Untracked 
| 962|0x00000000bc200000, 0x00000000bc200000, 0x00000000bc300000|  0%| F|  |TAMS 0x00000000bc200000, 0x00000000bc200000| Untracked 
| 963|0x00000000bc300000, 0x00000000bc300000, 0x00000000bc400000|  0%| F|  |TAMS 0x00000000bc300000, 0x00000000bc300000| Untracked 
| 964|0x00000000bc400000, 0x00000000bc400000, 0x00000000bc500000|  0%| F|  |TAMS 0x00000000bc400000, 0x00000000bc400000| Untracked 
| 965|0x00000000bc500000, 0x00000000bc500000, 0x00000000bc600000|  0%| F|  |TAMS 0x00000000bc500000, 0x00000000bc500000| Untracked 
| 966|0x00000000bc600000, 0x00000000bc600000, 0x00000000bc700000|  0%| F|  |TAMS 0x00000000bc600000, 0x00000000bc600000| Untracked 
| 967|0x00000000bc700000, 0x00000000bc700000, 0x00000000bc800000|  0%| F|  |TAMS 0x00000000bc700000, 0x00000000bc700000| Untracked 
| 968|0x00000000bc800000, 0x00000000bc800000, 0x00000000bc900000|  0%| F|  |TAMS 0x00000000bc800000, 0x00000000bc800000| Untracked 
| 969|0x00000000bc900000, 0x00000000bc900000, 0x00000000bca00000|  0%| F|  |TAMS 0x00000000bc900000, 0x00000000bc900000| Untracked 
| 970|0x00000000bca00000, 0x00000000bcab21e8, 0x00000000bcb00000| 69%| E|  |TAMS 0x00000000bca00000, 0x00000000bca00000| Complete 
| 971|0x00000000bcb00000, 0x00000000bcc00000, 0x00000000bcc00000|100%| E|CS|TAMS 0x00000000bcb00000, 0x00000000bcb00000| Complete 
| 972|0x00000000bcc00000, 0x00000000bcd00000, 0x00000000bcd00000|100%| E|CS|TAMS 0x00000000bcc00000, 0x00000000bcc00000| Complete 
| 973|0x00000000bcd00000, 0x00000000bce00000, 0x00000000bce00000|100%| E|CS|TAMS 0x00000000bcd00000, 0x00000000bcd00000| Complete 
| 974|0x00000000bce00000, 0x00000000bcf00000, 0x00000000bcf00000|100%| E|CS|TAMS 0x00000000bce00000, 0x00000000bce00000| Complete 
| 975|0x00000000bcf00000, 0x00000000bd000000, 0x00000000bd000000|100%| E|CS|TAMS 0x00000000bcf00000, 0x00000000bcf00000| Complete 
| 976|0x00000000bd000000, 0x00000000bd100000, 0x00000000bd100000|100%| E|CS|TAMS 0x00000000bd000000, 0x00000000bd000000| Complete 
| 977|0x00000000bd100000, 0x00000000bd200000, 0x00000000bd200000|100%| E|CS|TAMS 0x00000000bd100000, 0x00000000bd100000| Complete 
| 978|0x00000000bd200000, 0x00000000bd300000, 0x00000000bd300000|100%| E|CS|TAMS 0x00000000bd200000, 0x00000000bd200000| Complete 
| 979|0x00000000bd300000, 0x00000000bd400000, 0x00000000bd400000|100%| E|CS|TAMS 0x00000000bd300000, 0x00000000bd300000| Complete 
| 980|0x00000000bd400000, 0x00000000bd500000, 0x00000000bd500000|100%| E|CS|TAMS 0x00000000bd400000, 0x00000000bd400000| Complete 
| 981|0x00000000bd500000, 0x00000000bd600000, 0x00000000bd600000|100%| E|CS|TAMS 0x00000000bd500000, 0x00000000bd500000| Complete 
| 982|0x00000000bd600000, 0x00000000bd700000, 0x00000000bd700000|100%| E|CS|TAMS 0x00000000bd600000, 0x00000000bd600000| Complete 
| 983|0x00000000bd700000, 0x00000000bd800000, 0x00000000bd800000|100%| E|CS|TAMS 0x00000000bd700000, 0x00000000bd700000| Complete 
| 984|0x00000000bd800000, 0x00000000bd900000, 0x00000000bd900000|100%| E|CS|TAMS 0x00000000bd800000, 0x00000000bd800000| Complete 
| 985|0x00000000bd900000, 0x00000000bda00000, 0x00000000bda00000|100%| E|CS|TAMS 0x00000000bd900000, 0x00000000bd900000| Complete 
| 986|0x00000000bda00000, 0x00000000bdb00000, 0x00000000bdb00000|100%| E|CS|TAMS 0x00000000bda00000, 0x00000000bda00000| Complete 
| 987|0x00000000bdb00000, 0x00000000bdc00000, 0x00000000bdc00000|100%| E|CS|TAMS 0x00000000bdb00000, 0x00000000bdb00000| Complete 
| 988|0x00000000bdc00000, 0x00000000bdd00000, 0x00000000bdd00000|100%| E|CS|TAMS 0x00000000bdc00000, 0x00000000bdc00000| Complete 
| 989|0x00000000bdd00000, 0x00000000bde00000, 0x00000000bde00000|100%| E|CS|TAMS 0x00000000bdd00000, 0x00000000bdd00000| Complete 
| 990|0x00000000bde00000, 0x00000000bdf00000, 0x00000000bdf00000|100%| E|CS|TAMS 0x00000000bde00000, 0x00000000bde00000| Complete 
| 991|0x00000000bdf00000, 0x00000000be000000, 0x00000000be000000|100%| E|CS|TAMS 0x00000000bdf00000, 0x00000000bdf00000| Complete 
| 992|0x00000000be000000, 0x00000000be100000, 0x00000000be100000|100%| E|CS|TAMS 0x00000000be000000, 0x00000000be000000| Complete 
| 993|0x00000000be100000, 0x00000000be200000, 0x00000000be200000|100%| E|CS|TAMS 0x00000000be100000, 0x00000000be100000| Complete 
| 994|0x00000000be200000, 0x00000000be300000, 0x00000000be300000|100%| E|CS|TAMS 0x00000000be200000, 0x00000000be200000| Complete 
| 995|0x00000000be300000, 0x00000000be400000, 0x00000000be400000|100%| E|CS|TAMS 0x00000000be300000, 0x00000000be300000| Complete 
| 996|0x00000000be400000, 0x00000000be500000, 0x00000000be500000|100%| E|CS|TAMS 0x00000000be400000, 0x00000000be400000| Complete 
| 997|0x00000000be500000, 0x00000000be600000, 0x00000000be600000|100%| E|CS|TAMS 0x00000000be500000, 0x00000000be500000| Complete 
| 998|0x00000000be600000, 0x00000000be700000, 0x00000000be700000|100%| E|CS|TAMS 0x00000000be600000, 0x00000000be600000| Complete 
| 999|0x00000000be700000, 0x00000000be800000, 0x00000000be800000|100%| E|CS|TAMS 0x00000000be700000, 0x00000000be700000| Complete 
|1000|0x00000000be800000, 0x00000000be900000, 0x00000000be900000|100%| E|CS|TAMS 0x00000000be800000, 0x00000000be800000| Complete 
|1001|0x00000000be900000, 0x00000000bea00000, 0x00000000bea00000|100%| E|CS|TAMS 0x00000000be900000, 0x00000000be900000| Complete 
|1002|0x00000000bea00000, 0x00000000beb00000, 0x00000000beb00000|100%| E|CS|TAMS 0x00000000bea00000, 0x00000000bea00000| Complete 
|1003|0x00000000beb00000, 0x00000000bec00000, 0x00000000bec00000|100%| E|CS|TAMS 0x00000000beb00000, 0x00000000beb00000| Complete 
|1004|0x00000000bec00000, 0x00000000bed00000, 0x00000000bed00000|100%| E|CS|TAMS 0x00000000bec00000, 0x00000000bec00000| Complete 
|1005|0x00000000bed00000, 0x00000000bee00000, 0x00000000bee00000|100%| E|CS|TAMS 0x00000000bed00000, 0x00000000bed00000| Complete 
|1006|0x00000000bee00000, 0x00000000bef00000, 0x00000000bef00000|100%| E|CS|TAMS 0x00000000bee00000, 0x00000000bee00000| Complete 
|1007|0x00000000bef00000, 0x00000000bf000000, 0x00000000bf000000|100%| E|CS|TAMS 0x00000000bef00000, 0x00000000bef00000| Complete 
|1008|0x00000000bf000000, 0x00000000bf100000, 0x00000000bf100000|100%| E|CS|TAMS 0x00000000bf000000, 0x00000000bf000000| Complete 
|1009|0x00000000bf100000, 0x00000000bf200000, 0x00000000bf200000|100%| E|CS|TAMS 0x00000000bf100000, 0x00000000bf100000| Complete 
|1010|0x00000000bf200000, 0x00000000bf300000, 0x00000000bf300000|100%| E|CS|TAMS 0x00000000bf200000, 0x00000000bf200000| Complete 
|1011|0x00000000bf300000, 0x00000000bf400000, 0x00000000bf400000|100%| E|CS|TAMS 0x00000000bf300000, 0x00000000bf300000| Complete 
|1012|0x00000000bf400000, 0x00000000bf500000, 0x00000000bf500000|100%| E|CS|TAMS 0x00000000bf400000, 0x00000000bf400000| Complete 
|1013|0x00000000bf500000, 0x00000000bf600000, 0x00000000bf600000|100%| E|CS|TAMS 0x00000000bf500000, 0x00000000bf500000| Complete 
|1014|0x00000000bf600000, 0x00000000bf700000, 0x00000000bf700000|100%| E|CS|TAMS 0x00000000bf600000, 0x00000000bf600000| Complete 
|1015|0x00000000bf700000, 0x00000000bf800000, 0x00000000bf800000|100%| E|CS|TAMS 0x00000000bf700000, 0x00000000bf700000| Complete 
|1016|0x00000000bf800000, 0x00000000bf900000, 0x00000000bf900000|100%| E|CS|TAMS 0x00000000bf800000, 0x00000000bf800000| Complete 
|1017|0x00000000bf900000, 0x00000000bfa00000, 0x00000000bfa00000|100%| E|CS|TAMS 0x00000000bf900000, 0x00000000bf900000| Complete 
|1018|0x00000000bfa00000, 0x00000000bfb00000, 0x00000000bfb00000|100%| E|CS|TAMS 0x00000000bfa00000, 0x00000000bfa00000| Complete 
|1019|0x00000000bfb00000, 0x00000000bfc00000, 0x00000000bfc00000|100%| E|CS|TAMS 0x00000000bfb00000, 0x00000000bfb00000| Complete 

Card table byte_map: [0x0000027bc3ed0000,0x0000027bc42d0000] _byte_map_base: 0x0000027bc3ad0000

Marking Bits (Prev, Next): (CMBitMap*) 0x0000027bacd29410, (CMBitMap*) 0x0000027bacd29450
 Prev Bits: [0x0000027bc46d0000, 0x0000027bc66d0000)
 Next Bits: [0x0000027bc66d0000, 0x0000027bc86d0000)

Polling page: 0x0000027bac490000

Metaspace:

Usage:
  Non-class:    143.29 MB used.
      Class:     22.70 MB used.
       Both:    165.99 MB used.

Virtual space:
  Non-class space:      192.00 MB reserved,     144.69 MB ( 75%) committed,  3 nodes.
      Class space:      416.00 MB reserved,      23.94 MB (  6%) committed,  1 nodes.
             Both:      608.00 MB reserved,     168.62 MB ( 28%) committed. 

Chunk freelists:
   Non-Class:  15.27 MB
       Class:  7.88 MB
        Both:  23.14 MB

MaxMetaspaceSize: 512.00 MB
CompressedClassSpaceSize: 416.00 MB
Initial GC threshold: 21.00 MB
Current GC threshold: 272.31 MB
CDS: on
MetaspaceReclaimPolicy: balanced
 - commit_granule_bytes: 65536.
 - commit_granule_words: 8192.
 - virtual_space_node_default_size: 8388608.
 - enlarge_chunks_in_place: 1.
 - new_chunks_are_fully_committed: 0.
 - uncommit_free_chunks: 1.
 - use_allocation_guard: 0.
 - handle_deallocations: 1.


Internal statistics:

num_allocs_failed_limit: 9.
num_arena_births: 4586.
num_arena_deaths: 48.
num_vsnodes_births: 4.
num_vsnodes_deaths: 0.
num_space_committed: 2696.
num_space_uncommitted: 0.
num_chunks_returned_to_freelist: 75.
num_chunks_taken_from_freelist: 13059.
num_chunk_merges: 32.
num_chunk_splits: 8032.
num_chunks_enlarged: 4503.
num_inconsistent_stats: 0.

CodeHeap 'non-profiled nmethods': size=120000Kb used=24911Kb max_used=24911Kb free=95088Kb
 bounds [0x0000027bbc050000, 0x0000027bbd8b0000, 0x0000027bc3580000]
CodeHeap 'profiled nmethods': size=120000Kb used=54492Kb max_used=54492Kb free=65507Kb
 bounds [0x0000027bb4580000, 0x0000027bb7ac0000, 0x0000027bbbab0000]
CodeHeap 'non-nmethods': size=5760Kb used=1866Kb max_used=1967Kb free=3893Kb
 bounds [0x0000027bbbab0000, 0x0000027bbbd20000, 0x0000027bbc050000]
 total_blobs=28040 nmethods=27062 adapters=888
 compilation: enabled
              stopped_count=0, restarted_count=0
 full_count=0

Compilation events (20 events):
Event: 809.250 Thread 0x0000027bfaa70d00 nmethod 33780 0x0000027bbd89ed90 code [0x0000027bbd89ef00, 0x0000027bbd89eff8]
Event: 809.250 Thread 0x0000027bfaa70d00 34021       4       com.sun.tools.javac.code.Types$MapVisitor::visitType (2 bytes)
Event: 809.250 Thread 0x0000027bfaa70d00 nmethod 34021 0x0000027bbd89f110 code [0x0000027bbd89f280, 0x0000027bbd89f2f8]
Event: 809.250 Thread 0x0000027bfaa70d00 33806       4       com.sun.tools.javac.tree.TreeScanner::visitIdent (1 bytes)
Event: 809.251 Thread 0x0000027bfaa70d00 nmethod 33806 0x0000027bbd89f410 code [0x0000027bbd89f580, 0x0000027bbd89f5f8]
Event: 809.251 Thread 0x0000027bfaa70d00 33842       4       com.sun.tools.javac.jvm.Code::width (42 bytes)
Event: 809.251 Thread 0x0000027bfaa70d00 nmethod 33842 0x0000027bbd89f710 code [0x0000027bbd89f880, 0x0000027bbd89f918]
Event: 809.251 Thread 0x0000027bfaa70d00 33851       4       com.sun.tools.javac.util.List::setTail (7 bytes)
Event: 809.253 Thread 0x0000027bfaa70d00 nmethod 33851 0x0000027bbd89fa10 code [0x0000027bbd89fb80, 0x0000027bbd89fcb8]
Event: 809.253 Thread 0x0000027bfaa70d00 33873       4       com.sun.tools.javac.code.Type$TypeVar::getTag (4 bytes)
Event: 809.253 Thread 0x0000027bfaa70d00 nmethod 33873 0x0000027bbd89fd10 code [0x0000027bbd89fe80, 0x0000027bbd89fef8]
Event: 809.253 Thread 0x0000027bfaa70d00 33661       4       com.sun.tools.javac.comp.Annotate::blockAnnotations (11 bytes)
Event: 809.254 Thread 0x0000027bfaa70d00 nmethod 33661 0x0000027bbd8a0010 code [0x0000027bbd8a0180, 0x0000027bbd8a01f8]
Event: 809.258 Thread 0x0000027bcb489660 34042       3       com.sun.tools.javac.code.Types::hasSameArgs (22 bytes)
Event: 809.258 Thread 0x0000027bcb489660 nmethod 34042 0x0000027bb7a6ad10 code [0x0000027bb7a6aee0, 0x0000027bb7a6b308]
Event: 809.258 Thread 0x0000027bcb489660 34043       3       com.sun.tools.javac.code.Types::hasSameArgs (13 bytes)
Event: 809.259 Thread 0x0000027bcb489660 nmethod 34043 0x0000027bb7a6b490 code [0x0000027bb7a6b640, 0x0000027bb7a6b9a8]
Event: 809.259 Thread 0x0000027bcb489660 34046       3       com.sun.tools.javac.comp.Resolve::findMethodInScope (71 bytes)
Event: 809.259 Thread 0x0000027bfaa70d00 34049       4       com.sun.tools.javac.tree.JCTree$JCMethodDecl::getTag (4 bytes)
Event: 809.260 Thread 0x0000027bfaa70d00 nmethod 34049 0x0000027bbd8a0310 code [0x0000027bbd8a0480, 0x0000027bbd8a04f8]

GC Heap History (20 events):
Event: 49.794 GC heap before
{Heap before GC invocations=133 (full 0):
 garbage-first heap   total 739328K, used 643671K [0x0000000080000000, 0x0000000100000000)
  region size 1024K, 88 young (90112K), 8 survivors (8192K)
 Metaspace       used 151077K, committed 153472K, reserved 622592K
  class space    used 21192K, committed 22336K, reserved 425984K
}
Event: 49.800 GC heap after
{Heap after GC invocations=134 (full 0):
 garbage-first heap   total 739328K, used 566934K [0x0000000080000000, 0x0000000100000000)
  region size 1024K, 7 young (7168K), 7 survivors (7168K)
 Metaspace       used 151077K, committed 153472K, reserved 622592K
  class space    used 21192K, committed 22336K, reserved 425984K
}
Event: 50.688 GC heap before
{Heap before GC invocations=134 (full 0):
 garbage-first heap   total 739328K, used 651926K [0x0000000080000000, 0x0000000100000000)
  region size 1024K, 85 young (87040K), 7 survivors (7168K)
 Metaspace       used 151190K, committed 153600K, reserved 622592K
  class space    used 21196K, committed 22336K, reserved 425984K
}
Event: 50.698 GC heap after
{Heap after GC invocations=135 (full 0):
 garbage-first heap   total 739328K, used 573162K [0x0000000080000000, 0x0000000100000000)
  region size 1024K, 5 young (5120K), 5 survivors (5120K)
 Metaspace       used 151190K, committed 153600K, reserved 622592K
  class space    used 21196K, committed 22336K, reserved 425984K
}
Event: 51.798 GC heap before
{Heap before GC invocations=135 (full 0):
 garbage-first heap   total 739328K, used 656106K [0x0000000080000000, 0x0000000100000000)
  region size 1024K, 79 young (80896K), 5 survivors (5120K)
 Metaspace       used 151220K, committed 153600K, reserved 622592K
  class space    used 21196K, committed 22336K, reserved 425984K
}
Event: 51.809 GC heap after
{Heap after GC invocations=136 (full 0):
 garbage-first heap   total 739328K, used 583951K [0x0000000080000000, 0x0000000100000000)
  region size 1024K, 8 young (8192K), 8 survivors (8192K)
 Metaspace       used 151220K, committed 153600K, reserved 622592K
  class space    used 21196K, committed 22336K, reserved 425984K
}
Event: 52.808 GC heap before
{Heap before GC invocations=136 (full 0):
 garbage-first heap   total 739328K, used 655631K [0x0000000080000000, 0x0000000100000000)
  region size 1024K, 64 young (65536K), 8 survivors (8192K)
 Metaspace       used 151274K, committed 153664K, reserved 622592K
  class space    used 21198K, committed 22336K, reserved 425984K
}
Event: 52.818 GC heap after
{Heap after GC invocations=137 (full 0):
 garbage-first heap   total 739328K, used 602865K [0x0000000080000000, 0x0000000100000000)
  region size 1024K, 8 young (8192K), 8 survivors (8192K)
 Metaspace       used 151274K, committed 153664K, reserved 622592K
  class space    used 21198K, committed 22336K, reserved 425984K
}
Event: 53.173 GC heap before
{Heap before GC invocations=137 (full 0):
 garbage-first heap   total 1044480K, used 624369K [0x0000000080000000, 0x0000000100000000)
  region size 1024K, 56 young (57344K), 8 survivors (8192K)
 Metaspace       used 151707K, committed 154112K, reserved 622592K
  class space    used 21248K, committed 22400K, reserved 425984K
}
Event: 53.182 GC heap after
{Heap after GC invocations=138 (full 0):
 garbage-first heap   total 1044480K, used 579594K [0x0000000080000000, 0x0000000100000000)
  region size 1024K, 7 young (7168K), 7 survivors (7168K)
 Metaspace       used 151707K, committed 154112K, reserved 622592K
  class space    used 21248K, committed 22400K, reserved 425984K
}
Event: 77.175 GC heap before
{Heap before GC invocations=139 (full 0):
 garbage-first heap   total 1044480K, used 978954K [0x0000000080000000, 0x0000000100000000)
  region size 1024K, 317 young (324608K), 7 survivors (7168K)
 Metaspace       used 153608K, committed 155968K, reserved 622592K
  class space    used 21454K, committed 22592K, reserved 425984K
}
Event: 77.184 GC heap after
{Heap after GC invocations=140 (full 0):
 garbage-first heap   total 1044480K, used 593335K [0x0000000080000000, 0x0000000100000000)
  region size 1024K, 16 young (16384K), 16 survivors (16384K)
 Metaspace       used 153608K, committed 155968K, reserved 622592K
  class space    used 21454K, committed 22592K, reserved 425984K
}
Event: 77.423 GC heap before
{Heap before GC invocations=140 (full 0):
 garbage-first heap   total 1044480K, used 631223K [0x0000000080000000, 0x0000000100000000)
  region size 1024K, 51 young (52224K), 16 survivors (16384K)
 Metaspace       used 155969K, committed 158464K, reserved 622592K
  class space    used 21722K, committed 22912K, reserved 425984K
}
Event: 77.450 GC heap after
{Heap after GC invocations=141 (full 0):
 garbage-first heap   total 1044480K, used 561134K [0x0000000080000000, 0x0000000100000000)
  region size 1024K, 3 young (3072K), 3 survivors (3072K)
 Metaspace       used 155969K, committed 158464K, reserved 622592K
  class space    used 21722K, committed 22912K, reserved 425984K
}
Event: 798.373 GC heap before
{Heap before GC invocations=141 (full 0):
 garbage-first heap   total 1044480K, used 867310K [0x0000000080000000, 0x0000000100000000)
  region size 1024K, 303 young (310272K), 3 survivors (3072K)
 Metaspace       used 159756K, committed 162304K, reserved 622592K
  class space    used 22056K, committed 23296K, reserved 425984K
}
Event: 798.410 GC heap after
{Heap after GC invocations=142 (full 0):
 garbage-first heap   total 1044480K, used 587358K [0x0000000080000000, 0x0000000100000000)
  region size 1024K, 29 young (29696K), 29 survivors (29696K)
 Metaspace       used 159756K, committed 162304K, reserved 622592K
  class space    used 22056K, committed 23296K, reserved 425984K
}
Event: 804.545 GC heap before
{Heap before GC invocations=142 (full 0):
 garbage-first heap   total 1044480K, used 866910K [0x0000000080000000, 0x0000000100000000)
  region size 1024K, 302 young (309248K), 29 survivors (29696K)
 Metaspace       used 160470K, committed 163072K, reserved 622592K
  class space    used 22117K, committed 23360K, reserved 425984K
}
Event: 804.596 GC heap after
{Heap after GC invocations=143 (full 0):
 garbage-first heap   total 1044480K, used 628425K [0x0000000080000000, 0x0000000100000000)
  region size 1024K, 38 young (38912K), 38 survivors (38912K)
 Metaspace       used 160470K, committed 163072K, reserved 622592K
  class space    used 22117K, committed 23360K, reserved 425984K
}
Event: 807.291 GC heap before
{Heap before GC invocations=143 (full 0):
 garbage-first heap   total 1044480K, used 793289K [0x0000000080000000, 0x0000000100000000)
  region size 1024K, 200 young (204800K), 38 survivors (38912K)
 Metaspace       used 162685K, committed 165376K, reserved 622592K
  class space    used 22394K, committed 23680K, reserved 425984K
}
Event: 807.332 GC heap after
{Heap after GC invocations=144 (full 0):
 garbage-first heap   total 1044480K, used 644495K [0x0000000080000000, 0x0000000100000000)
  region size 1024K, 15 young (15360K), 15 survivors (15360K)
 Metaspace       used 162685K, committed 165376K, reserved 622592K
  class space    used 22394K, committed 23680K, reserved 425984K
}

Deoptimization events (20 events):
Event: 809.148 Thread 0x0000027bcb265b60 Uncommon trap: trap_request=0xffffff45 fr.pc=0x0000027bbd880694 relative=0x00000000000003f4
Event: 809.148 Thread 0x0000027bcb265b60 Uncommon trap: reason=unstable_if action=reinterpret pc=0x0000027bbd880694 method=com.sun.tools.javac.util.ListBuffer.append(Ljava/lang/Object;)Lcom/sun/tools/javac/util/ListBuffer; @ 9 c2
Event: 809.148 Thread 0x0000027bcb265b60 DEOPT PACKING pc=0x0000027bbd880694 sp=0x000000c1843f93a0
Event: 809.148 Thread 0x0000027bcb265b60 DEOPT UNPACKING pc=0x0000027bbbb023a3 sp=0x000000c1843f9368 mode 2
Event: 809.198 Thread 0x0000027bcb265b60 Uncommon trap: trap_request=0xffffffc6 fr.pc=0x0000027bbd643f70 relative=0x00000000000006d0
Event: 809.198 Thread 0x0000027bcb265b60 Uncommon trap: reason=bimorphic_or_optimized_type_check action=maybe_recompile pc=0x0000027bbd643f70 method=java.util.stream.AbstractPipeline.exactOutputSizeIfKnown(Ljava/util/Spliterator;)J @ 16 c2
Event: 809.198 Thread 0x0000027bcb265b60 DEOPT PACKING pc=0x0000027bbd643f70 sp=0x000000c1843f7b60
Event: 809.198 Thread 0x0000027bcb265b60 DEOPT UNPACKING pc=0x0000027bbbb023a3 sp=0x000000c1843f7a30 mode 2
Event: 809.198 Thread 0x0000027bcb265b60 Uncommon trap: trap_request=0xffffffc6 fr.pc=0x0000027bbd683398 relative=0x0000000000000558
Event: 809.198 Thread 0x0000027bcb265b60 Uncommon trap: reason=bimorphic_or_optimized_type_check action=maybe_recompile pc=0x0000027bbd683398 method=java.util.stream.Nodes$ArrayNode.<init>(JLjava/util/function/IntFunction;)V @ 26 c2
Event: 809.199 Thread 0x0000027bcb265b60 DEOPT PACKING pc=0x0000027bbd683398 sp=0x000000c1843f7a60
Event: 809.199 Thread 0x0000027bcb265b60 DEOPT UNPACKING pc=0x0000027bbbb023a3 sp=0x000000c1843f78c8 mode 2
Event: 809.216 Thread 0x0000027bcb265b60 Uncommon trap: trap_request=0xffffffc6 fr.pc=0x0000027bbd683398 relative=0x0000000000000558
Event: 809.217 Thread 0x0000027bcb265b60 Uncommon trap: reason=bimorphic_or_optimized_type_check action=maybe_recompile pc=0x0000027bbd683398 method=java.util.stream.Nodes$ArrayNode.<init>(JLjava/util/function/IntFunction;)V @ 26 c2
Event: 809.217 Thread 0x0000027bcb265b60 DEOPT PACKING pc=0x0000027bbd683398 sp=0x000000c1843f77e0
Event: 809.217 Thread 0x0000027bcb265b60 DEOPT UNPACKING pc=0x0000027bbbb023a3 sp=0x000000c1843f7628 mode 2
Event: 809.223 Thread 0x0000027bcb265b60 Uncommon trap: trap_request=0xffffffc6 fr.pc=0x0000027bbd683398 relative=0x0000000000000558
Event: 809.223 Thread 0x0000027bcb265b60 Uncommon trap: reason=bimorphic_or_optimized_type_check action=maybe_recompile pc=0x0000027bbd683398 method=java.util.stream.Nodes$ArrayNode.<init>(JLjava/util/function/IntFunction;)V @ 26 c2
Event: 809.223 Thread 0x0000027bcb265b60 DEOPT PACKING pc=0x0000027bbd683398 sp=0x000000c1843f7060
Event: 809.223 Thread 0x0000027bcb265b60 DEOPT UNPACKING pc=0x0000027bbbb023a3 sp=0x000000c1843f6ea8 mode 2

Classes unloaded (20 events):
Event: 53.117 Thread 0x0000027bcb3565e0 Unloading class 0x0000027bce454400 'java/lang/invoke/LambdaForm$DMH+0x0000027bce454400'
Event: 53.117 Thread 0x0000027bcb3565e0 Unloading class 0x0000027bce431400 'java/lang/invoke/LambdaForm$DMH+0x0000027bce431400'
Event: 53.117 Thread 0x0000027bcb3565e0 Unloading class 0x0000027bce431000 'java/lang/invoke/LambdaForm$DMH+0x0000027bce431000'
Event: 53.117 Thread 0x0000027bcb3565e0 Unloading class 0x0000027bce430c00 'java/lang/invoke/LambdaForm$DMH+0x0000027bce430c00'
Event: 53.117 Thread 0x0000027bcb3565e0 Unloading class 0x0000027bce430400 'java/lang/invoke/LambdaForm$DMH+0x0000027bce430400'
Event: 53.117 Thread 0x0000027bcb3565e0 Unloading class 0x0000027bce430800 'java/lang/invoke/LambdaForm$DMH+0x0000027bce430800'
Event: 53.117 Thread 0x0000027bcb3565e0 Unloading class 0x0000027bce3dd000 'java/lang/invoke/LambdaForm$DMH+0x0000027bce3dd000'
Event: 53.117 Thread 0x0000027bcb3565e0 Unloading class 0x0000027bce3dcc00 'java/lang/invoke/LambdaForm$DMH+0x0000027bce3dcc00'
Event: 53.117 Thread 0x0000027bcb3565e0 Unloading class 0x0000027bce3dc800 'java/lang/invoke/LambdaForm$DMH+0x0000027bce3dc800'
Event: 53.117 Thread 0x0000027bcb3565e0 Unloading class 0x0000027bce36d400 'java/lang/invoke/LambdaForm$DMH+0x0000027bce36d400'
Event: 53.117 Thread 0x0000027bcb3565e0 Unloading class 0x0000027bce36d000 'java/lang/invoke/LambdaForm$DMH+0x0000027bce36d000'
Event: 53.117 Thread 0x0000027bcb3565e0 Unloading class 0x0000027bce36cc00 'java/lang/invoke/LambdaForm$DMH+0x0000027bce36cc00'
Event: 53.117 Thread 0x0000027bcb3565e0 Unloading class 0x0000027bce36c800 'java/lang/invoke/LambdaForm$DMH+0x0000027bce36c800'
Event: 53.117 Thread 0x0000027bcb3565e0 Unloading class 0x0000027bce36c400 'java/lang/invoke/LambdaForm$DMH+0x0000027bce36c400'
Event: 807.806 Thread 0x0000027bcb3565e0 Unloading class 0x0000027bcdfee400 'java/lang/invoke/LambdaForm$MH+0x0000027bcdfee400'
Event: 807.806 Thread 0x0000027bcb3565e0 Unloading class 0x0000027bcdfee000 'java/lang/invoke/LambdaForm$MH+0x0000027bcdfee000'
Event: 807.806 Thread 0x0000027bcb3565e0 Unloading class 0x0000027bcdfedc00 'java/lang/invoke/LambdaForm$MH+0x0000027bcdfedc00'
Event: 807.806 Thread 0x0000027bcb3565e0 Unloading class 0x0000027bcdfed800 'java/lang/invoke/LambdaForm$MH+0x0000027bcdfed800'
Event: 807.806 Thread 0x0000027bcb3565e0 Unloading class 0x0000027bcdfed400 'java/lang/invoke/LambdaForm$MH+0x0000027bcdfed400'
Event: 807.806 Thread 0x0000027bcb3565e0 Unloading class 0x0000027bcdfed000 'java/lang/invoke/LambdaForm$MH+0x0000027bcdfed000'

Classes redefined (0 events):
No events

Internal exceptions (20 events):
Event: 809.052 Thread 0x0000027bcb265b60 Exception <a 'sun/nio/fs/WindowsException'{0x00000000bd2ddcc8}> (0x00000000bd2ddcc8) 
thrown [s\open\src\hotspot\share\prims\jni.cpp, line 516]
Event: 809.052 Thread 0x0000027bcb265b60 Exception <a 'sun/nio/fs/WindowsException'{0x00000000bd2de160}> (0x00000000bd2de160) 
thrown [s\open\src\hotspot\share\prims\jni.cpp, line 516]
Event: 809.053 Thread 0x0000027bcb265b60 Exception <a 'sun/nio/fs/WindowsException'{0x00000000bd2f9870}> (0x00000000bd2f9870) 
thrown [s\open\src\hotspot\share\prims\jni.cpp, line 516]
Event: 809.053 Thread 0x0000027bcb265b60 Exception <a 'sun/nio/fs/WindowsException'{0x00000000bd2f9d00}> (0x00000000bd2f9d00) 
thrown [s\open\src\hotspot\share\prims\jni.cpp, line 516]
Event: 809.057 Thread 0x0000027bcb265b60 Exception <a 'sun/nio/fs/WindowsException'{0x00000000bd17e028}> (0x00000000bd17e028) 
thrown [s\open\src\hotspot\share\prims\jni.cpp, line 516]
Event: 809.057 Thread 0x0000027bcb265b60 Exception <a 'sun/nio/fs/WindowsException'{0x00000000bd17e460}> (0x00000000bd17e460) 
thrown [s\open\src\hotspot\share\prims\jni.cpp, line 516]
Event: 809.099 Thread 0x0000027bcb265b60 Implicit null exception at 0x0000027bbcdbfb79 to 0x0000027bbcdbfda0
Event: 809.177 Thread 0x0000027bcb265b60 Exception <a 'sun/nio/fs/WindowsException'{0x00000000bcdca130}> (0x00000000bcdca130) 
thrown [s\open\src\hotspot\share\prims\jni.cpp, line 516]
Event: 809.177 Thread 0x0000027bcb265b60 Exception <a 'sun/nio/fs/WindowsException'{0x00000000bcdcb418}> (0x00000000bcdcb418) 
thrown [s\open\src\hotspot\share\prims\jni.cpp, line 516]
Event: 809.177 Thread 0x0000027bcb265b60 Exception <a 'sun/nio/fs/WindowsException'{0x00000000bcdcc588}> (0x00000000bcdcc588) 
thrown [s\open\src\hotspot\share\prims\jni.cpp, line 516]
Event: 809.177 Thread 0x0000027bcb265b60 Exception <a 'sun/nio/fs/WindowsException'{0x00000000bcdcd870}> (0x00000000bcdcd870) 
thrown [s\open\src\hotspot\share\prims\jni.cpp, line 516]
Event: 809.178 Thread 0x0000027bcb265b60 Exception <a 'sun/nio/fs/WindowsException'{0x00000000bcdcdda8}> (0x00000000bcdcdda8) 
thrown [s\open\src\hotspot\share\prims\jni.cpp, line 516]
Event: 809.178 Thread 0x0000027bcb265b60 Exception <a 'sun/nio/fs/WindowsException'{0x00000000bcdd00a0}> (0x00000000bcdd00a0) 
thrown [s\open\src\hotspot\share\prims\jni.cpp, line 516]
Event: 809.178 Thread 0x0000027bcb265b60 Exception <a 'sun/nio/fs/WindowsException'{0x00000000bcdd05b0}> (0x00000000bcdd05b0) 
thrown [s\open\src\hotspot\share\prims\jni.cpp, line 516]
Event: 809.178 Thread 0x0000027bcb265b60 Exception <a 'sun/nio/fs/WindowsException'{0x00000000bcdd2888}> (0x00000000bcdd2888) 
thrown [s\open\src\hotspot\share\prims\jni.cpp, line 516]
Event: 809.178 Thread 0x0000027bcb265b60 Exception <a 'sun/nio/fs/WindowsException'{0x00000000bcdd2d68}> (0x00000000bcdd2d68) 
thrown [s\open\src\hotspot\share\prims\jni.cpp, line 516]
Event: 809.178 Thread 0x0000027bcb265b60 Exception <a 'sun/nio/fs/WindowsException'{0x00000000bcdd5030}> (0x00000000bcdd5030) 
thrown [s\open\src\hotspot\share\prims\jni.cpp, line 516]
Event: 809.185 Thread 0x0000027bcb265b60 Exception <a 'sun/nio/fs/WindowsException'{0x00000000bcde2f48}> (0x00000000bcde2f48) 
thrown [s\open\src\hotspot\share\prims\jni.cpp, line 516]
Event: 809.211 Thread 0x0000027bcb265b60 Exception <a 'sun/nio/fs/WindowsException'{0x00000000bccb1cc8}> (0x00000000bccb1cc8) 
thrown [s\open\src\hotspot\share\prims\jni.cpp, line 516]
Event: 809.211 Thread 0x0000027bcb265b60 Exception <a 'sun/nio/fs/WindowsException'{0x00000000bccb2118}> (0x00000000bccb2118) 
thrown [s\open\src\hotspot\share\prims\jni.cpp, line 516]

VM Operations (20 events):
Event: 807.985 Executing VM operation: G1Concurrent done
Event: 808.196 Executing VM operation: G1Concurrent
Event: 808.196 Executing VM operation: G1Concurrent done
Event: 808.352 Executing VM operation: HandshakeAllThreads
Event: 808.352 Executing VM operation: HandshakeAllThreads done
Event: 808.493 Executing VM operation: HandshakeAllThreads
Event: 808.494 Executing VM operation: HandshakeAllThreads done
Event: 808.964 Executing VM operation: ICBufferFull
Event: 808.965 Executing VM operation: ICBufferFull done
Event: 809.085 Executing VM operation: ICBufferFull
Event: 809.085 Executing VM operation: ICBufferFull done
Event: 809.093 Executing VM operation: HandshakeAllThreads
Event: 809.094 Executing VM operation: HandshakeAllThreads done
Event: 809.139 Executing VM operation: HandshakeAllThreads
Event: 809.140 Executing VM operation: HandshakeAllThreads done
Event: 809.171 Executing VM operation: HandshakeAllThreads
Event: 809.172 Executing VM operation: HandshakeAllThreads done
Event: 809.221 Executing VM operation: HandshakeAllThreads
Event: 809.221 Executing VM operation: HandshakeAllThreads done
Event: 810.221 Executing VM operation: Cleanup

Events (20 events):
Event: 808.484 loading class jdk/internal/access/foreign/UnmapperProxy done
Event: 808.484 loading class sun/nio/ch/FileChannelImpl$Unmapper done
Event: 808.484 loading class sun/nio/ch/FileChannelImpl$DefaultUnmapper done
Event: 808.485 loading class sun/nio/ch/Util$4
Event: 808.485 loading class sun/nio/ch/Util$4 done
Event: 808.502 loading class java/util/regex/Pattern$Bound
Event: 808.503 loading class java/util/regex/Pattern$Bound done
Event: 808.508 Thread 0x0000027bfaa73230 Thread added: 0x0000027bfaa73230
Event: 808.824 loading class java/util/ImmutableCollections$Access
Event: 808.824 loading class java/util/ImmutableCollections$Access done
Event: 808.824 loading class java/util/ImmutableCollections$Access$1
Event: 808.825 loading class jdk/internal/access/JavaUtilCollectionAccess
Event: 808.825 loading class jdk/internal/access/JavaUtilCollectionAccess done
Event: 808.825 loading class java/util/ImmutableCollections$Access$1 done
Event: 809.129 loading class java/text/BreakIterator
Event: 809.130 loading class java/text/BreakIterator done
Event: 809.157 loading class java/util/regex/Pattern$Pos
Event: 809.157 loading class java/util/regex/Pattern$Pos done
Event: 809.175 loading class java/util/function/ToIntBiFunction
Event: 809.175 loading class java/util/function/ToIntBiFunction done


Dynamic libraries:
0x00007ff7908a0000 - 0x00007ff7908b0000 	C:\Program Files\Java\jdk-17\bin\java.exe
0x00007ff8c6b40000 - 0x00007ff8c6da7000 	C:\WINDOWS\SYSTEM32\ntdll.dll
0x00007ff8c5740000 - 0x00007ff8c5809000 	C:\WINDOWS\System32\KERNEL32.DLL
0x00007ff8c43f0000 - 0x00007ff8c47e4000 	C:\WINDOWS\System32\KERNELBASE.dll
0x00007ff8c3410000 - 0x00007ff8c355b000 	C:\WINDOWS\System32\ucrtbase.dll
0x00007ff8bbcd0000 - 0x00007ff8bbce9000 	C:\Program Files\Java\jdk-17\bin\jli.dll
0x00007ff8c5cb0000 - 0x00007ff8c5d66000 	C:\WINDOWS\System32\ADVAPI32.dll
0x00007ff8bbcf0000 - 0x00007ff8bbd0b000 	C:\Program Files\Java\jdk-17\bin\VCRUNTIME140.dll
0x00007ff8c69c0000 - 0x00007ff8c6a69000 	C:\WINDOWS\System32\msvcrt.dll
0x00007ff8c5f50000 - 0x00007ff8c5ff7000 	C:\WINDOWS\System32\sechost.dll
0x00007ff8c5040000 - 0x00007ff8c5158000 	C:\WINDOWS\System32\RPCRT4.dll
0x00007ff8c54c0000 - 0x00007ff8c5685000 	C:\WINDOWS\System32\USER32.dll
0x00007ff8a0b40000 - 0x00007ff8a0dd3000 	C:\WINDOWS\WinSxS\amd64_microsoft.windows.common-controls_6595b64144ccf1df_6.0.26100.8115_none_3e075c82e3354f9c\COMCTL32.dll
0x00007ff8c47f0000 - 0x00007ff8c4817000 	C:\WINDOWS\System32\win32u.dll
0x00007ff8c6130000 - 0x00007ff8c615b000 	C:\WINDOWS\System32\GDI32.dll
0x00007ff8c3dd0000 - 0x00007ff8c3efb000 	C:\WINDOWS\System32\gdi32full.dll
0x00007ff8b7bb0000 - 0x00007ff8b7bbb000 	C:\WINDOWS\SYSTEM32\VERSION.dll
0x00007ff8c4050000 - 0x00007ff8c40f3000 	C:\WINDOWS\System32\msvcp_win.dll
0x00007ff8c6010000 - 0x00007ff8c6042000 	C:\WINDOWS\System32\IMM32.DLL
0x00007ff8bbcc0000 - 0x00007ff8bbccc000 	C:\Program Files\Java\jdk-17\bin\vcruntime140_1.dll
0x00007ff881f00000 - 0x00007ff881f8e000 	C:\Program Files\Java\jdk-17\bin\msvcp140.dll
0x00007ff87fd40000 - 0x00007ff880920000 	C:\Program Files\Java\jdk-17\bin\server\jvm.dll
0x00007ff8c6000000 - 0x00007ff8c6008000 	C:\WINDOWS\System32\PSAPI.DLL
0x00007ff8af550000 - 0x00007ff8af586000 	C:\WINDOWS\SYSTEM32\WINMM.dll
0x00007ff88ec10000 - 0x00007ff88ec1a000 	C:\WINDOWS\SYSTEM32\WSOCK32.dll
0x00007ff8c6050000 - 0x00007ff8c60d0000 	C:\WINDOWS\System32\WS2_32.dll
0x00007ff8c21a0000 - 0x00007ff8c21bb000 	C:\WINDOWS\SYSTEM32\kernel.appcore.dll
0x00007ff8bbca0000 - 0x00007ff8bbcaa000 	C:\Program Files\Java\jdk-17\bin\jimage.dll
0x00007ff8c1360000 - 0x00007ff8c15a2000 	C:\WINDOWS\SYSTEM32\DBGHELP.DLL
0x00007ff8c5920000 - 0x00007ff8c5ca2000 	C:\WINDOWS\System32\combase.dll
0x00007ff8c5160000 - 0x00007ff8c5238000 	C:\WINDOWS\System32\OLEAUT32.dll
0x00007ff89fa10000 - 0x00007ff89fa4b000 	C:\WINDOWS\SYSTEM32\dbgcore.DLL
0x00007ff8c4820000 - 0x00007ff8c48c5000 	C:\WINDOWS\System32\bcryptPrimitives.dll
0x00007ff89b990000 - 0x00007ff89b99e000 	C:\Program Files\Java\jdk-17\bin\instrument.dll
0x00007ff8ac520000 - 0x00007ff8ac545000 	C:\Program Files\Java\jdk-17\bin\java.dll
0x00007ff881160000 - 0x00007ff881237000 	C:\Program Files\Java\jdk-17\bin\jsvml.dll
0x00007ff8c48d0000 - 0x00007ff8c5037000 	C:\WINDOWS\System32\SHELL32.dll
0x00007ff8c4280000 - 0x00007ff8c43ea000 	C:\WINDOWS\System32\wintypes.dll
0x00007ff8c3560000 - 0x00007ff8c3dc8000 	C:\WINDOWS\System32\windows.storage.dll
0x00007ff8c5810000 - 0x00007ff8c5908000 	C:\WINDOWS\System32\SHCORE.dll
0x00007ff8c61e0000 - 0x00007ff8c6246000 	C:\WINDOWS\System32\shlwapi.dll
0x00007ff8c3330000 - 0x00007ff8c3359000 	C:\WINDOWS\SYSTEM32\profapi.dll
0x00007ff8ac4e0000 - 0x00007ff8ac4f8000 	C:\Program Files\Java\jdk-17\bin\zip.dll
0x00007ff8bbc80000 - 0x00007ff8bbc99000 	C:\Program Files\Java\jdk-17\bin\net.dll
0x00007ff8ba2c0000 - 0x00007ff8ba3ed000 	C:\WINDOWS\SYSTEM32\WINHTTP.dll
0x00007ff8c2780000 - 0x00007ff8c27ec000 	C:\WINDOWS\system32\mswsock.dll
0x00007ff8ac500000 - 0x00007ff8ac516000 	C:\Program Files\Java\jdk-17\bin\nio.dll
0x00007ff896640000 - 0x00007ff896650000 	C:\Program Files\Java\jdk-17\bin\verify.dll
0x00007ff84b760000 - 0x00007ff84b787000 	C:\Users\Rohit\.gradle\native\1def1411415f61bf3af743bc5b6707747c0891f09f0c88961ee8f79bc544acac\windows-amd64\native-platform.dll
0x00007ff882460000 - 0x00007ff8824d7000 	C:\Users\Rohit\.gradle\native\0.2.8\x86_64-windows-gnu\gradle-fileevents.dll
0x00007ff8bbbe0000 - 0x00007ff8bbbea000 	C:\Program Files\Java\jdk-17\bin\management.dll
0x00007ff8b0a60000 - 0x00007ff8b0a6b000 	C:\Program Files\Java\jdk-17\bin\management_ext.dll
0x00007ff8c1bb0000 - 0x00007ff8c1be2000 	C:\WINDOWS\SYSTEM32\IPHLPAPI.DLL
0x00007ff8c5910000 - 0x00007ff8c591a000 	C:\WINDOWS\System32\NSI.dll
0x00007ff8ba740000 - 0x00007ff8ba75d000 	C:\WINDOWS\SYSTEM32\dhcpcsvc6.DLL
0x00007ff8ba690000 - 0x00007ff8ba6b5000 	C:\WINDOWS\SYSTEM32\dhcpcsvc.DLL
0x00007ff8c1c50000 - 0x00007ff8c1d82000 	C:\WINDOWS\SYSTEM32\DNSAPI.dll
0x00007ff8c2b10000 - 0x00007ff8c2b2b000 	C:\WINDOWS\SYSTEM32\CRYPTSP.dll
0x00007ff8c2100000 - 0x00007ff8c2139000 	C:\WINDOWS\system32\rsaenh.dll
0x00007ff8c2830000 - 0x00007ff8c2863000 	C:\WINDOWS\SYSTEM32\USERENV.dll
0x00007ff8c3300000 - 0x00007ff8c332a000 	C:\WINDOWS\SYSTEM32\bcrypt.dll
0x00007ff8c2b30000 - 0x00007ff8c2b3c000 	C:\WINDOWS\SYSTEM32\CRYPTBASE.dll
0x00007ff88eb60000 - 0x00007ff88eb6e000 	C:\Program Files\Java\jdk-17\bin\sunmscapi.dll
0x00007ff8c4100000 - 0x00007ff8c4277000 	C:\WINDOWS\System32\CRYPT32.dll
0x00007ff8c2d30000 - 0x00007ff8c2d60000 	C:\WINDOWS\SYSTEM32\ncrypt.dll
0x00007ff8c2ce0000 - 0x00007ff8c2d1f000 	C:\WINDOWS\SYSTEM32\NTASN1.dll
0x00007ff8a0500000 - 0x00007ff8a0508000 	C:\WINDOWS\system32\wshunix.dll
0x00007ff8bbbf0000 - 0x00007ff8bbbf7000 	C:\Program Files\Java\jdk-17\bin\rmi.dll
0x00007ff8c2330000 - 0x00007ff8c2366000 	C:\WINDOWS\SYSTEM32\ntmarta.dll

dbghelp: loaded successfully - version: 4.0.5 - missing functions: none
symbol engine: initialized successfully - sym options: 0x614 - pdb path: .;C:\Program Files\Java\jdk-17\bin;C:\WINDOWS\SYSTEM32;C:\WINDOWS\WinSxS\amd64_microsoft.windows.common-controls_6595b64144ccf1df_6.0.26100.8115_none_3e075c82e3354f9c;C:\Program Files\Java\jdk-17\bin\server;C:\Users\Rohit\.gradle\native\1def1411415f61bf3af743bc5b6707747c0891f09f0c88961ee8f79bc544acac\windows-amd64;C:\Users\Rohit\.gradle\native\0.2.8\x86_64-windows-gnu

VM Arguments:
jvm_args: --add-opens=java.base/java.lang=ALL-UNNAMED --add-opens=java.base/java.lang.invoke=ALL-UNNAMED --add-opens=java.base/java.util=ALL-UNNAMED --add-opens=java.prefs/java.util.prefs=ALL-UNNAMED --add-exports=jdk.compiler/com.sun.tools.javac.api=ALL-UNNAMED --add-exports=jdk.compiler/com.sun.tools.javac.util=ALL-UNNAMED --add-opens=java.base/java.util=ALL-UNNAMED --add-opens=java.prefs/java.util.prefs=ALL-UNNAMED --add-opens=java.base/java.nio.charset=ALL-UNNAMED --add-opens=java.base/java.net=ALL-UNNAMED --add-opens=java.base/java.util.concurrent=ALL-UNNAMED --add-opens=java.base/java.util.concurrent.atomic=ALL-UNNAMED --add-opens=java.xml/javax.xml.namespace=ALL-UNNAMED -XX:MaxMetaspaceSize=512m -Xmx2048m -Dfile.encoding=windows-1252 -Duser.country=IN -Duser.language=en -Duser.variant -javaagent:C:\Users\Rohit\.gradle\wrapper\dists\gradle-9.0.0-bin\d6wjpkvcgsg3oed0qlfss3wgl\gradle-9.0.0\lib\agents\gradle-instrumentation-agent-9.0.0.jar 
java_command: org.gradle.launcher.daemon.bootstrap.GradleDaemon 9.0.0
java_class_path (initial): C:\Users\Rohit\.gradle\wrapper\dists\gradle-9.0.0-bin\d6wjpkvcgsg3oed0qlfss3wgl\gradle-9.0.0\lib\gradle-daemon-main-9.0.0.jar
Launcher Type: SUN_STANDARD

[Global flags]
     intx CICompilerCount                          = 4                                         {product} {ergonomic}
   size_t CompressedClassSpaceSize                 = 436207616                                 {product} {ergonomic}
     uint ConcGCThreads                            = 3                                         {product} {ergonomic}
     uint G1ConcRefinementThreads                  = 10                                        {product} {ergonomic}
   size_t G1HeapRegionSize                         = 1048576                                   {product} {ergonomic}
    uintx GCDrainStackTargetSize                   = 64                                        {product} {ergonomic}
   size_t InitialHeapSize                          = 264241152                                 {product} {ergonomic}
   size_t MarkStackSize                            = 4194304                                   {product} {ergonomic}
   size_t MaxHeapSize                              = 2147483648                                {product} {command line}
   size_t MaxMetaspaceSize                         = 536870912                                 {product} {command line}
   size_t MaxNewSize                               = 1287651328                                {product} {ergonomic}
   size_t MinHeapDeltaBytes                        = 1048576                                   {product} {ergonomic}
   size_t MinHeapSize                              = 8388608                                   {product} {ergonomic}
    uintx NonNMethodCodeHeapSize                   = 5839372                                {pd product} {ergonomic}
    uintx NonProfiledCodeHeapSize                  = 122909434                              {pd product} {ergonomic}
    uintx ProfiledCodeHeapSize                     = 122909434                              {pd product} {ergonomic}
    uintx ReservedCodeCacheSize                    = 251658240                              {pd product} {ergonomic}
     bool SegmentedCodeCache                       = true                                      {product} {ergonomic}
   size_t SoftMaxHeapSize                          = 2147483648                             {manageable} {ergonomic}
     bool UseCompressedClassPointers               = true                           {product lp64_product} {ergonomic}
     bool UseCompressedOops                        = true                           {product lp64_product} {ergonomic}
     bool UseG1GC                                  = true                                      {product} {ergonomic}
     bool UseLargePagesIndividualAllocation        = false                                  {pd product} {ergonomic}

Logging:
Log output configuration:
 #0: stdout all=warning uptime,level,tags
 #1: stderr all=off uptime,level,tags

Environment Variables:
JAVA_HOME=C:\Program Files\Java\jdk-17
PATH=D:\my project\main project\FootFlex\forntend\node_modules\.bin;D:\my project\main project\FootFlex\forntend\node_modules\.bin;D:\my project\main project\FootFlex\node_modules\.bin;D:\my project\main project\node_modules\.bin;D:\my project\node_modules\.bin;D:\node_modules\.bin;C:\Program Files\nodejs\node_modules\npm\node_modules\@npmcli\run-script\lib\node-gyp-bin;c:\Users\Rohit\AppData\Roaming\Code\User\globalStorage\github.copilot-chat\debugCommand;c:\Users\Rohit\AppData\Roaming\Code\User\globalStorage\github.copilot-chat\copilotCli;C:\Users\Rohit\AppData\Local\Programs\Microsoft VS Code;C:\Program Files\Java\jdk-17\bin;C:\Program Files\Common Files\Oracle\Java\javapath;C:\oraclexe\app\oracle\product\10.2.0\server\bin;C:\windows\system32;C:\windows;C:\windows\System32\Wbem;C:\windows\System32\WindowsPowerShell\v1.0\;C:\windows\System32\OpenSSH\;C:\Program Files (x86)\NVIDIA Corporation\PhysX\Common;C:\Program Files\NVIDIA Corporation\NVIDIA NvDLISR;C:\Users\Administrator\AppData\Local\Microsoft\WindowsApps;C:\Program Files\HP\OMEN-Broadcast\Common;C:\ProgramData\chocolatey\bin;C:\Program Files\nodejs\;C:\xampp\php;C:\ProgramData\ComposerSetup\bin;C:\Program Files\Git\cmd;C:\Program Files\Microsoft SQL Server\150\Tools\Binn\;C:\Program Files\Microsoft SQL Server\Client SDK\ODBC\170\Tools\Binn\;C:\Program Files\dotnet\;%SystemRoot%\system32;%SystemRoot%;%SystemRoot%\System32\Wbem;%SYSTEMROOT%\System32\WindowsPowerShell\v1.0\;%SYSTEMROOT%\System32\OpenSSH\;C:\Users\Rohit\AppData\Local\Programs\Python\Python313\Scripts\;C:\Users\Rohit\AppData\Local\Programs\Python\Python313\;C:\Users\Rohit\AppData\Local\Microsoft\WindowsApps;C:\Users\Rohit\AppData\Local\Programs\Microsoft VS Code\bin;C:\Program Files\Java\jdk-17\bin;D:\Android\Flutter\SDK\flutter\bin;C:\Users\Rohit\AppData\Local\GitHubDesktop\bin;C:\Users\Rohit\AppData\Roaming\npm;C:\Users\Rohit\AppData\Local\Android\Sdk;C:\Users\Rohit\AppData\Roaming\Composer\vendor\bin;C:\Users\Rohit\.dotnet\tools;C:\Program File
USERNAME=Rohit
LANG=en_US.UTF-8
OS=Windows_NT
PROCESSOR_IDENTIFIER=Intel64 Family 6 Model 186 Stepping 2, GenuineIntel



---------------  S Y S T E M  ---------------

OS:
 Windows 11 , 64 bit Build 26100 (10.0.26100.8246)
OS uptime: 0 days 0:52 hours
Hyper-V role detected

CPU: total 12 (initial active 12) (6 cores per cpu, 2 threads per core) family 6 model 186 stepping 2 microcode 0x4122, cx8, cmov, fxsr, ht, mmx, 3dnowpref, sse, sse2, sse3, ssse3, sse4.1, sse4.2, popcnt, lzcnt, tsc, tscinvbit, avx, avx2, aes, erms, clmul, bmi1, bmi2, adx, sha, fma, vzeroupper, clflush, clflushopt, clwb, hv

Memory: 4k page, system-wide physical 16024M (1584M free)
TotalPageFile size 24216M (AvailPageFile size 169M)
current process WorkingSet (physical memory assigned to process): 1062M, peak: 1517M
current process commit charge ("private bytes"): 1625M, peak: 1627M

vm_info: Java HotSpot(TM) 64-Bit Server VM (17.0.12+8-LTS-286) for windows-amd64 JRE (17.0.12+8-LTS-286), built on Jun  5 2024 06:46:59 by "mach5one" with MS VC++ 17.6 (VS2022)

END.
