#
# There is insufficient memory for the Java Runtime Environment to continue.
# Native memory allocation (malloc) failed to allocate 1066496 bytes for Chunk::new
# Possible reasons:
#   The system is out of physical RAM or swap space
#   The process is running with CompressedOops enabled, and the Java Heap may be blocking the growth of the native heap
# Possible solutions:
#   Reduce memory load on the system
#   Increase physical memory or swap space
#   Check if swap backing store is full
#   Decrease Java heap size (-Xmx/-Xms)
#   Decrease number of Java threads
#   Decrease Java thread stack sizes (-Xss)
#   Set larger code cache with -XX:ReservedCodeCacheSize=
#   JVM is running with Unscaled Compressed Oops mode in which the Java heap is
#     placed in the first 4GB address space. The Java Heap base address is the
#     maximum limit for the native heap growth. Please use -XX:HeapBaseMinAddress
#     to set the Java Heap base and to place the Java Heap above 4GB virtual address.
# This output file may be truncated or incomplete.
#
#  Out of Memory Error (arena.cpp:189), pid=10932, tid=29188
#
# JRE version: Java(TM) SE Runtime Environment (17.0.12+8) (build 17.0.12+8-LTS-286)
# Java VM: Java HotSpot(TM) 64-Bit Server VM (17.0.12+8-LTS-286, mixed mode, sharing, tiered, compressed oops, compressed class ptrs, g1 gc, windows-amd64)
# No core dump will be written. Minidumps are not enabled by default on client versions of Windows
#

---------------  S U M M A R Y ------------

Command Line: --add-opens=java.base/java.lang=ALL-UNNAMED --add-opens=java.base/java.lang.invoke=ALL-UNNAMED --add-opens=java.base/java.util=ALL-UNNAMED --add-opens=java.prefs/java.util.prefs=ALL-UNNAMED --add-exports=jdk.compiler/com.sun.tools.javac.api=ALL-UNNAMED --add-exports=jdk.compiler/com.sun.tools.javac.util=ALL-UNNAMED --add-opens=java.base/java.util=ALL-UNNAMED --add-opens=java.prefs/java.util.prefs=ALL-UNNAMED --add-opens=java.base/java.nio.charset=ALL-UNNAMED --add-opens=java.base/java.net=ALL-UNNAMED --add-opens=java.base/java.util.concurrent=ALL-UNNAMED --add-opens=java.base/java.util.concurrent.atomic=ALL-UNNAMED --add-opens=java.xml/javax.xml.namespace=ALL-UNNAMED -XX:MaxMetaspaceSize=512m -Xmx2048m -Dfile.encoding=windows-1252 -Duser.country=IN -Duser.language=en -Duser.variant -javaagent:C:\Users\Rohit\.gradle\wrapper\dists\gradle-9.0.0-bin\d6wjpkvcgsg3oed0qlfss3wgl\gradle-9.0.0\lib\agents\gradle-instrumentation-agent-9.0.0.jar org.gradle.launcher.daemon.bootstrap.GradleDaemon 9.0.0

Host: 13th Gen Intel(R) Core(TM) i5-13420H, 12 cores, 15G,  Windows 11 , 64 bit Build 26100 (10.0.26100.8246)
Time: Wed Apr 29 15:22:53 2026 India Standard Time elapsed time: 66.703787 seconds (0d 0h 1m 6s)

---------------  T H R E A D  ---------------

Current thread (0x0000020ab92f6440):  JavaThread "C2 CompilerThread1" daemon [_thread_in_native, id=29188, stack(0x00000059bbd00000,0x00000059bbe00000)]


Current CompileTask:
C2:  66703 22447   !   4       java.io.ObjectOutputStream::writeOrdinaryObject (196 bytes)

Stack: [0x00000059bbd00000,0x00000059bbe00000]
Native frames: (J=compiled Java code, j=interpreted, Vv=VM code, C=native code)
V  [jvm.dll+0x67a04a]
V  [jvm.dll+0x7da4ed]
V  [jvm.dll+0x7dbe33]
V  [jvm.dll+0x7dc4a3]
V  [jvm.dll+0x24508f]
V  [jvm.dll+0xab773]
V  [jvm.dll+0xabd3c]
V  [jvm.dll+0x2aa52f]
V  [jvm.dll+0x581eb9]
V  [jvm.dll+0x21f422]
V  [jvm.dll+0x21f81f]
V  [jvm.dll+0x218aa0]
V  [jvm.dll+0x215b65]
V  [jvm.dll+0x1a2960]
V  [jvm.dll+0x22610b]
V  [jvm.dll+0x2242ab]
V  [jvm.dll+0x79075c]
V  [jvm.dll+0x78abea]
V  [jvm.dll+0x678f35]
C  [ucrtbase.dll+0x37b0]
C  [KERNEL32.DLL+0x2e8d7]
C  [ntdll.dll+0x8c3fc]


---------------  P R O C E S S  ---------------

Threads class SMR info:
_java_thread_list=0x0000020ab6ca28a0, length=214, elements={
0x0000020af34c0ad0, 0x0000020a919275c0, 0x0000020a91928090, 0x0000020a9193c5b0,
0x0000020a9193ce80, 0x0000020a9193d750, 0x0000020a9193e020, 0x0000020a91940c30,
0x0000020a9194d560, 0x0000020a91954fa0, 0x0000020a91cf39b0, 0x0000020a91cf3ec0,
0x0000020a91cf2f90, 0x0000020a91cf1130, 0x0000020a91cf2060, 0x0000020a91cf1640,
0x0000020a91cf34a0, 0x0000020a91cf1b50, 0x0000020a91cf2570, 0x0000020a91cf48e0,
0x0000020a91cf2a80, 0x0000020ab2f20890, 0x0000020ab2f1ef40, 0x0000020ab2f1f450,
0x0000020ab2f1f960, 0x0000020ab2f20da0, 0x0000020ab2f1e520, 0x0000020ab2f1ea30,
0x0000020ab2f1fe70, 0x0000020ab2f1d5f0, 0x0000020ab2f212b0, 0x0000020ab2f1db00,
0x0000020ab2f1e010, 0x0000020ab2f221e0, 0x0000020ab2f24550, 0x0000020ab2f23b30,
0x0000020ab2f24040, 0x0000020ab2f24a60, 0x0000020ab2f226f0, 0x0000020ab2f22c00,
0x0000020ab2f23620, 0x0000020ab5084310, 0x0000020ab5081a90, 0x0000020ab5081fa0,
0x0000020ab50824b0, 0x0000020ab50829c0, 0x0000020ab50838f0, 0x0000020ab5081580,
0x0000020ab5082ed0, 0x0000020ab50833e0, 0x0000020ab5083e00, 0x0000020ab5084820,
0x0000020ab5f9a0a0, 0x0000020ab5f9ce30, 0x0000020ab5f9d340, 0x0000020ab5f9aac0,
0x0000020ab5f99b90, 0x0000020ab5f9afd0, 0x0000020ab5f9bf00, 0x0000020ab5f9c410,
0x0000020ab5f9b4e0, 0x0000020ab5f9d850, 0x0000020ab5f9b9f0, 0x0000020ab5f9c920,
0x0000020ab5f9dd60, 0x0000020ab5f9a5b0, 0x0000020ab5f9e270, 0x0000020ab5f9fbc0,
0x0000020ab5f9f6b0, 0x0000020ab5fa05e0, 0x0000020ab5fa0af0, 0x0000020ab5f9e780,
0x0000020ab5f9ec90, 0x0000020ab5f9f1a0, 0x0000020ab5fa00d0, 0x0000020ab5fa1000,
0x0000020ab26045f0, 0x0000020ab2602ca0, 0x0000020ab2604b00, 0x0000020ab2601860,
0x0000020ab26031b0, 0x0000020ab26036c0, 0x0000020ab2605010, 0x0000020ab2601d70,
0x0000020ab2605520, 0x0000020ab2605f40, 0x0000020ab2602790, 0x0000020ab2606450,
0x0000020ab2605a30, 0x0000020ab2606e70, 0x0000020ab2606960, 0x0000020ab2603bd0,
0x0000020ab2607380, 0x0000020ab26087c0, 0x0000020ab2608cd0, 0x0000020ab2607890,
0x0000020ab2607da0, 0x0000020ab26082b0, 0x0000020ab26091e0, 0x0000020ab91f1bf0,
0x0000020ab91f3030, 0x0000020ab91f16e0, 0x0000020ab91f4470, 0x0000020ab91f11d0,
0x0000020ab91f2100, 0x0000020ab91f3540, 0x0000020ab91f3a50, 0x0000020ab91f2610,
0x0000020ab91f2b20, 0x0000020ab91f3f60, 0x0000020ab91f0cc0, 0x0000020ab9214d60,
0x0000020ab9218000, 0x0000020ab9218510, 0x0000020ab9215270, 0x0000020ab9217af0,
0x0000020ab92175e0, 0x0000020ab9215780, 0x0000020ab9218a20, 0x0000020ab9215c90,
0x0000020ab92170d0, 0x0000020ab9216bc0, 0x0000020ab9218f30, 0x0000020ab9219440,
0x0000020ab9219950, 0x0000020ab92161a0, 0x0000020ab9219e60, 0x0000020ab92166b0,
0x0000020ab921b2a0, 0x0000020ab921c1d0, 0x0000020ab921a370, 0x0000020ab921a880,
0x0000020ab921ad90, 0x0000020ab921b7b0, 0x0000020ab921c6e0, 0x0000020ab921bcc0,
0x0000020ab4e22570, 0x0000020ab4e22a80, 0x0000020ab4e23ec0, 0x0000020ab4e234a0,
0x0000020ab4e243d0, 0x0000020ab4e24df0, 0x0000020ab4e22f90, 0x0000020ab4e239b0,
0x0000020ab4e22060, 0x0000020ab4e248e0, 0x0000020ab4e25300, 0x0000020ab4e25810,
0x0000020ab2521210, 0x0000020ab251f3b0, 0x0000020ab251fdd0, 0x0000020ab25207f0,
0x0000020ab2520d00, 0x0000020ab2522140, 0x0000020ab251f8c0, 0x0000020ab2521720,
0x0000020ab25202e0, 0x0000020ab2524ed0, 0x0000020ab2521c30, 0x0000020ab2523fa0,
0x0000020ab25253e0, 0x0000020ab2525e00, 0x0000020ab25258f0, 0x0000020ab25249c0,
0x0000020ab2523a90, 0x0000020ab2522b60, 0x0000020ab2522650, 0x0000020ab2526310,
0x0000020ab2526820, 0x0000020ab2523580, 0x0000020ab2523070, 0x0000020ab25244b0,
0x0000020ab2526d30, 0x0000020ab685a560, 0x0000020ab685d800, 0x0000020ab685b9a0,
0x0000020ab685cde0, 0x0000020ab685c3c0, 0x0000020ab685a050, 0x0000020ab685af80,
0x0000020ab685dd10, 0x0000020ab685c8d0, 0x0000020ab685b490, 0x0000020ab685e220,
0x0000020ab685aa70, 0x0000020ab685e730, 0x0000020ab6860080, 0x0000020ab6860aa0,
0x0000020ab8d938b0, 0x0000020ab8d91030, 0x0000020ab8d93dc0, 0x0000020ab8d91f60,
0x0000020ab8d90610, 0x0000020ab8d95200, 0x0000020ab8d942d0, 0x0000020ab8d97060,
0x0000020ab8d94cf0, 0x0000020abed713a0, 0x0000020abed6e100, 0x0000020abed6fa50,
0x0000020abed70470, 0x0000020abed6eb20, 0x0000020ab92f6440, 0x0000020abed70e90,
0x0000020ab92f6990, 0x0000020abf150720, 0x0000020abf151650, 0x0000020abf150c30,
0x0000020abf14fd00, 0x0000020abf150210, 0x0000020abf151140, 0x0000020ac03a48c0,
0x0000020ac03a6210, 0x0000020ac03a6720
}

Java Threads: ( => current thread )
  0x0000020af34c0ad0 JavaThread "main" [_thread_blocked, id=23256, stack(0x00000059bc000000,0x00000059bc100000)]
  0x0000020a919275c0 JavaThread "Reference Handler" daemon [_thread_blocked, id=22252, stack(0x00000059bc700000,0x00000059bc800000)]
  0x0000020a91928090 JavaThread "Finalizer" daemon [_thread_blocked, id=28460, stack(0x00000059bc800000,0x00000059bc900000)]
  0x0000020a9193c5b0 JavaThread "Signal Dispatcher" daemon [_thread_blocked, id=15348, stack(0x00000059bc900000,0x00000059bca00000)]
  0x0000020a9193ce80 JavaThread "Attach Listener" daemon [_thread_blocked, id=24228, stack(0x00000059bca00000,0x00000059bcb00000)]
  0x0000020a9193d750 JavaThread "Service Thread" daemon [_thread_blocked, id=20028, stack(0x00000059bcb00000,0x00000059bcc00000)]
  0x0000020a9193e020 JavaThread "Monitor Deflation Thread" daemon [_thread_blocked, id=29232, stack(0x00000059bcc00000,0x00000059bcd00000)]
  0x0000020a91940c30 JavaThread "C2 CompilerThread0" daemon [_thread_in_native, id=27320, stack(0x00000059bcd00000,0x00000059bce00000)]
  0x0000020a9194d560 JavaThread "C1 CompilerThread0" daemon [_thread_blocked, id=25332, stack(0x00000059bce00000,0x00000059bcf00000)]
  0x0000020a91954fa0 JavaThread "Sweeper thread" daemon [_thread_blocked, id=26704, stack(0x00000059bcf00000,0x00000059bd000000)]
  0x0000020a91cf39b0 JavaThread "Common-Cleaner" daemon [_thread_blocked, id=14268, stack(0x00000059bd000000,0x00000059bd100000)]
  0x0000020a91cf3ec0 JavaThread "Notification Thread" daemon [_thread_blocked, id=16652, stack(0x00000059bd100000,0x00000059bd200000)]
  0x0000020a91cf2f90 JavaThread "Daemon health stats" [_thread_blocked, id=21180, stack(0x00000059bd300000,0x00000059bd400000)]
  0x0000020a91cf1130 JavaThread "Incoming local TCP Connector on port 58374" [_thread_in_native, id=7252, stack(0x00000059bd400000,0x00000059bd500000)]
  0x0000020a91cf2060 JavaThread "Daemon periodic checks" [_thread_blocked, id=22204, stack(0x00000059bda00000,0x00000059bdb00000)]
  0x0000020a91cf1640 JavaThread "Daemon" [_thread_blocked, id=23260, stack(0x00000059bdb00000,0x00000059bdc00000)]
  0x0000020a91cf34a0 JavaThread "Handler for socket connection from /127.0.0.1:58374 to /127.0.0.1:58375" [_thread_in_native, id=18592, stack(0x00000059bdc00000,0x00000059bdd00000)]
  0x0000020a91cf1b50 JavaThread "Cancel handler" [_thread_blocked, id=14424, stack(0x00000059bdd00000,0x00000059bde00000)]
  0x0000020a91cf2570 JavaThread "Daemon worker" [_thread_blocked, id=3156, stack(0x00000059bde00000,0x00000059bdf00000)]
  0x0000020a91cf48e0 JavaThread "Asynchronous log dispatcher for DefaultDaemonConnection: socket connection from /127.0.0.1:58374 to /127.0.0.1:58375" [_thread_blocked, id=14968, stack(0x00000059bdf00000,0x00000059be000000)]
  0x0000020a91cf2a80 JavaThread "Stdin handler" [_thread_blocked, id=24496, stack(0x00000059be000000,0x00000059be100000)]
  0x0000020ab2f20890 JavaThread "Daemon client event forwarder" [_thread_blocked, id=23696, stack(0x00000059be100000,0x00000059be200000)]
  0x0000020ab2f1ef40 JavaThread "Cache worker for journal cache (C:\Users\Rohit\.gradle\caches\journal-1)" [_thread_blocked, id=13968, stack(0x00000059be300000,0x00000059be400000)]
  0x0000020ab2f1f450 JavaThread "File lock request listener" [_thread_in_native, id=6320, stack(0x00000059be400000,0x00000059be500000)]
  0x0000020ab2f1f960 JavaThread "Cache worker for file hash cache (C:\Users\Rohit\.gradle\caches\9.0.0\fileHashes)" [_thread_blocked, id=29100, stack(0x00000059be500000,0x00000059be600000)]
  0x0000020ab2f20da0 JavaThread "Cache worker for file hash cache (D:\my project\main project\FootFlex\forntend\android\.gradle\9.0.0\fileHashes)" [_thread_blocked, id=24628, stack(0x00000059bec00000,0x00000059bed00000)]
  0x0000020ab2f1e520 JavaThread "Cache worker for Build Output Cleanup Cache (D:\my project\main project\FootFlex\forntend\android\.gradle\buildOutputCleanup)" [_thread_blocked, id=17116, stack(0x00000059bed00000,0x00000059bee00000)]
  0x0000020ab2f1ea30 JavaThread "File watcher server" daemon [_thread_in_native, id=12504, stack(0x00000059bee00000,0x00000059bef00000)]
  0x0000020ab2f1fe70 JavaThread "File watcher consumer" daemon [_thread_blocked, id=14096, stack(0x00000059bef00000,0x00000059bf000000)]
  0x0000020ab2f1d5f0 JavaThread "Cache worker for checksums cache (D:\my project\main project\FootFlex\forntend\android\.gradle\9.0.0\checksums)" [_thread_blocked, id=21640, stack(0x00000059bf000000,0x00000059bf100000)]
  0x0000020ab2f212b0 JavaThread "Cache worker for file content cache (C:\Users\Rohit\.gradle\caches\9.0.0\fileContent)" [_thread_blocked, id=20052, stack(0x00000059bf100000,0x00000059bf200000)]
  0x0000020ab2f1db00 JavaThread "Cache worker for cache directory md-supplier (C:\Users\Rohit\.gradle\caches\9.0.0\md-supplier)" [_thread_blocked, id=26264, stack(0x00000059bf200000,0x00000059bf300000)]
  0x0000020ab2f1e010 JavaThread "Cache worker for cache directory md-rule (C:\Users\Rohit\.gradle\caches\9.0.0\md-rule)" [_thread_blocked, id=6744, stack(0x00000059bf300000,0x00000059bf400000)]
  0x0000020ab2f221e0 JavaThread "jar transforms" [_thread_blocked, id=2880, stack(0x00000059bf500000,0x00000059bf600000)]
  0x0000020ab2f24550 JavaThread "Cache worker for Build Output Cleanup Cache (D:\my project\main project\FootFlex\forntend\node_modules\@react-native\gradle-plugin\.gradle\buildOutputCleanup)" [_thread_blocked, id=25312, stack(0x00000059bf600000,0x00000059bf700000)]
  0x0000020ab2f23b30 JavaThread "Unconstrained build operations" [_thread_blocked, id=20620, stack(0x00000059bf700000,0x00000059bf800000)]
  0x0000020ab2f24040 JavaThread "Unconstrained build operations Thread 2" [_thread_blocked, id=29352, stack(0x00000059bf800000,0x00000059bf900000)]
  0x0000020ab2f24a60 JavaThread "Unconstrained build operations Thread 3" [_thread_blocked, id=26556, stack(0x00000059bf900000,0x00000059bfa00000)]
  0x0000020ab2f226f0 JavaThread "Unconstrained build operations Thread 4" [_thread_blocked, id=16052, stack(0x00000059bfa00000,0x00000059bfb00000)]
  0x0000020ab2f22c00 JavaThread "Unconstrained build operations Thread 5" [_thread_blocked, id=28564, stack(0x00000059bfb00000,0x00000059bfc00000)]
  0x0000020ab2f23620 JavaThread "Unconstrained build operations Thread 6" [_thread_blocked, id=3688, stack(0x00000059bfc00000,0x00000059bfd00000)]
  0x0000020ab5084310 JavaThread "Unconstrained build operations Thread 7" [_thread_blocked, id=28648, stack(0x00000059bfd00000,0x00000059bfe00000)]
  0x0000020ab5081a90 JavaThread "Unconstrained build operations Thread 8" [_thread_blocked, id=15916, stack(0x00000059bfe00000,0x00000059bff00000)]
  0x0000020ab5081fa0 JavaThread "Unconstrained build operations Thread 9" [_thread_blocked, id=29620, stack(0x00000059bff00000,0x00000059c0000000)]
  0x0000020ab50824b0 JavaThread "Unconstrained build operations Thread 10" [_thread_blocked, id=9224, stack(0x00000059c0000000,0x00000059c0100000)]
  0x0000020ab50829c0 JavaThread "Unconstrained build operations Thread 11" [_thread_blocked, id=24860, stack(0x00000059c0100000,0x00000059c0200000)]
  0x0000020ab50838f0 JavaThread "Unconstrained build operations Thread 12" [_thread_blocked, id=25824, stack(0x00000059c0200000,0x00000059c0300000)]
  0x0000020ab5081580 JavaThread "Unconstrained build operations Thread 13" [_thread_blocked, id=9448, stack(0x00000059c0300000,0x00000059c0400000)]
  0x0000020ab5082ed0 JavaThread "Unconstrained build operations Thread 14" [_thread_blocked, id=26868, stack(0x00000059c0400000,0x00000059c0500000)]
  0x0000020ab50833e0 JavaThread "Unconstrained build operations Thread 15" [_thread_blocked, id=23460, stack(0x00000059c0500000,0x00000059c0600000)]
  0x0000020ab5083e00 JavaThread "Unconstrained build operations Thread 16" [_thread_blocked, id=16864, stack(0x00000059c0600000,0x00000059c0700000)]
  0x0000020ab5084820 JavaThread "Unconstrained build operations Thread 17" [_thread_blocked, id=19536, stack(0x00000059c0700000,0x00000059c0800000)]
  0x0000020ab5f9a0a0 JavaThread "Unconstrained build operations Thread 18" [_thread_blocked, id=22116, stack(0x00000059c0800000,0x00000059c0900000)]
  0x0000020ab5f9ce30 JavaThread "Unconstrained build operations Thread 19" [_thread_blocked, id=25536, stack(0x00000059c0900000,0x00000059c0a00000)]
  0x0000020ab5f9d340 JavaThread "Unconstrained build operations Thread 20" [_thread_blocked, id=1828, stack(0x00000059c0a00000,0x00000059c0b00000)]
  0x0000020ab5f9aac0 JavaThread "Unconstrained build operations Thread 21" [_thread_blocked, id=28328, stack(0x00000059c0b00000,0x00000059c0c00000)]
  0x0000020ab5f99b90 JavaThread "Unconstrained build operations Thread 22" [_thread_blocked, id=25448, stack(0x00000059c0c00000,0x00000059c0d00000)]
  0x0000020ab5f9afd0 JavaThread "Unconstrained build operations Thread 23" [_thread_blocked, id=16064, stack(0x00000059c0d00000,0x00000059c0e00000)]
  0x0000020ab5f9bf00 JavaThread "Unconstrained build operations Thread 24" [_thread_blocked, id=7684, stack(0x00000059c0e00000,0x00000059c0f00000)]
  0x0000020ab5f9c410 JavaThread "Unconstrained build operations Thread 25" [_thread_blocked, id=27624, stack(0x00000059c0f00000,0x00000059c1000000)]
  0x0000020ab5f9b4e0 JavaThread "Unconstrained build operations Thread 26" [_thread_blocked, id=24840, stack(0x00000059c1000000,0x00000059c1100000)]
  0x0000020ab5f9d850 JavaThread "Unconstrained build operations Thread 27" [_thread_blocked, id=11436, stack(0x00000059c1100000,0x00000059c1200000)]
  0x0000020ab5f9b9f0 JavaThread "Unconstrained build operations Thread 28" [_thread_blocked, id=10260, stack(0x00000059c1200000,0x00000059c1300000)]
  0x0000020ab5f9c920 JavaThread "Unconstrained build operations Thread 29" [_thread_blocked, id=22380, stack(0x00000059c1300000,0x00000059c1400000)]
  0x0000020ab5f9dd60 JavaThread "Unconstrained build operations Thread 30" [_thread_blocked, id=23484, stack(0x00000059c1400000,0x00000059c1500000)]
  0x0000020ab5f9a5b0 JavaThread "Unconstrained build operations Thread 31" [_thread_blocked, id=18676, stack(0x00000059c1500000,0x00000059c1600000)]
  0x0000020ab5f9e270 JavaThread "Unconstrained build operations Thread 32" [_thread_blocked, id=20784, stack(0x00000059c1600000,0x00000059c1700000)]
  0x0000020ab5f9fbc0 JavaThread "Unconstrained build operations Thread 33" [_thread_blocked, id=29428, stack(0x00000059c1700000,0x00000059c1800000)]
  0x0000020ab5f9f6b0 JavaThread "Unconstrained build operations Thread 34" [_thread_blocked, id=13020, stack(0x00000059c1800000,0x00000059c1900000)]
  0x0000020ab5fa05e0 JavaThread "Unconstrained build operations Thread 35" [_thread_blocked, id=26104, stack(0x00000059c1900000,0x00000059c1a00000)]
  0x0000020ab5fa0af0 JavaThread "Unconstrained build operations Thread 36" [_thread_blocked, id=13736, stack(0x00000059c1a00000,0x00000059c1b00000)]
  0x0000020ab5f9e780 JavaThread "Unconstrained build operations Thread 37" [_thread_blocked, id=21340, stack(0x00000059c1b00000,0x00000059c1c00000)]
  0x0000020ab5f9ec90 JavaThread "Unconstrained build operations Thread 38" [_thread_blocked, id=20188, stack(0x00000059c1c00000,0x00000059c1d00000)]
  0x0000020ab5f9f1a0 JavaThread "Unconstrained build operations Thread 39" [_thread_blocked, id=24348, stack(0x00000059c1d00000,0x00000059c1e00000)]
  0x0000020ab5fa00d0 JavaThread "build event listener" [_thread_blocked, id=22200, stack(0x00000059c1e00000,0x00000059c1f00000)]
  0x0000020ab5fa1000 JavaThread "Memory manager" [_thread_blocked, id=5168, stack(0x00000059bf400000,0x00000059bf500000)]
  0x0000020ab26045f0 JavaThread "ForkJoinPool.commonPool-worker-1" daemon [_thread_blocked, id=27424, stack(0x00000059c2000000,0x00000059c2100000)]
  0x0000020ab2602ca0 JavaThread "ForkJoinPool.commonPool-worker-2" daemon [_thread_blocked, id=4756, stack(0x00000059c2100000,0x00000059c2200000)]
  0x0000020ab2604b00 JavaThread "ForkJoinPool.commonPool-worker-3" daemon [_thread_blocked, id=24916, stack(0x00000059c2200000,0x00000059c2300000)]
  0x0000020ab2601860 JavaThread "ForkJoinPool.commonPool-worker-4" daemon [_thread_blocked, id=6856, stack(0x00000059c2300000,0x00000059c2400000)]
  0x0000020ab26031b0 JavaThread "ForkJoinPool.commonPool-worker-5" daemon [_thread_blocked, id=5012, stack(0x00000059c2400000,0x00000059c2500000)]
  0x0000020ab26036c0 JavaThread "ForkJoinPool.commonPool-worker-6" daemon [_thread_blocked, id=17768, stack(0x00000059c2500000,0x00000059c2600000)]
  0x0000020ab2605010 JavaThread "ForkJoinPool.commonPool-worker-7" daemon [_thread_blocked, id=7924, stack(0x00000059c2600000,0x00000059c2700000)]
  0x0000020ab2601d70 JavaThread "ForkJoinPool.commonPool-worker-8" daemon [_thread_blocked, id=3192, stack(0x00000059c2700000,0x00000059c2800000)]
  0x0000020ab2605520 JavaThread "ForkJoinPool.commonPool-worker-9" daemon [_thread_blocked, id=16648, stack(0x00000059c2800000,0x00000059c2900000)]
  0x0000020ab2605f40 JavaThread "ForkJoinPool.commonPool-worker-10" daemon [_thread_blocked, id=23196, stack(0x00000059c2900000,0x00000059c2a00000)]
  0x0000020ab2602790 JavaThread "ForkJoinPool.commonPool-worker-11" daemon [_thread_blocked, id=18356, stack(0x00000059c2a00000,0x00000059c2b00000)]
  0x0000020ab2606450 JavaThread "included builds" [_thread_blocked, id=8872, stack(0x00000059c2b00000,0x00000059c2c00000)]
  0x0000020ab2605a30 JavaThread "Execution worker" [_thread_blocked, id=23156, stack(0x00000059c2c00000,0x00000059c2d00000)]
  0x0000020ab2606e70 JavaThread "Execution worker Thread 2" [_thread_blocked, id=23968, stack(0x00000059c2d00000,0x00000059c2e00000)]
  0x0000020ab2606960 JavaThread "Execution worker Thread 3" [_thread_blocked, id=19328, stack(0x00000059c2e00000,0x00000059c2f00000)]
  0x0000020ab2603bd0 JavaThread "Execution worker Thread 4" [_thread_blocked, id=23480, stack(0x00000059c2f00000,0x00000059c3000000)]
  0x0000020ab2607380 JavaThread "Execution worker Thread 5" [_thread_blocked, id=25048, stack(0x00000059c3000000,0x00000059c3100000)]
  0x0000020ab26087c0 JavaThread "Execution worker Thread 6" [_thread_blocked, id=18464, stack(0x00000059c3100000,0x00000059c3200000)]
  0x0000020ab2608cd0 JavaThread "Execution worker Thread 7" [_thread_blocked, id=16924, stack(0x00000059c3200000,0x00000059c3300000)]
  0x0000020ab2607890 JavaThread "Execution worker Thread 8" [_thread_blocked, id=6164, stack(0x00000059c3300000,0x00000059c3400000)]
  0x0000020ab2607da0 JavaThread "Execution worker Thread 9" [_thread_blocked, id=24984, stack(0x00000059c3400000,0x00000059c3500000)]
  0x0000020ab26082b0 JavaThread "Execution worker Thread 10" [_thread_blocked, id=10852, stack(0x00000059c3500000,0x00000059c3600000)]
  0x0000020ab26091e0 JavaThread "Execution worker Thread 11" [_thread_blocked, id=1708, stack(0x00000059c3600000,0x00000059c3700000)]
  0x0000020ab91f1bf0 JavaThread "Cache worker for execution history cache (D:\my project\main project\FootFlex\forntend\node_modules\@react-native\gradle-plugin\.gradle\9.0.0\executionHistory)" [_thread_blocked, id=3696, stack(0x00000059c3700000,0x00000059c3800000)]
  0x0000020ab91f3030 JavaThread "Unconstrained build operations Thread 40" [_thread_blocked, id=3148, stack(0x00000059c3800000,0x00000059c3900000)]
  0x0000020ab91f16e0 JavaThread "Unconstrained build operations Thread 41" [_thread_blocked, id=29260, stack(0x00000059c3900000,0x00000059c3a00000)]
  0x0000020ab91f4470 JavaThread "Unconstrained build operations Thread 42" [_thread_blocked, id=26380, stack(0x00000059c3a00000,0x00000059c3b00000)]
  0x0000020ab91f11d0 JavaThread "Unconstrained build operations Thread 43" [_thread_blocked, id=21132, stack(0x00000059c3b00000,0x00000059c3c00000)]
  0x0000020ab91f2100 JavaThread "Unconstrained build operations Thread 44" [_thread_blocked, id=26336, stack(0x00000059c3c00000,0x00000059c3d00000)]
  0x0000020ab91f3540 JavaThread "Unconstrained build operations Thread 45" [_thread_blocked, id=29396, stack(0x00000059c3d00000,0x00000059c3e00000)]
  0x0000020ab91f3a50 JavaThread "Unconstrained build operations Thread 46" [_thread_blocked, id=19188, stack(0x00000059c3e00000,0x00000059c3f00000)]
  0x0000020ab91f2610 JavaThread "Unconstrained build operations Thread 47" [_thread_blocked, id=25884, stack(0x00000059c3f00000,0x00000059c4000000)]
  0x0000020ab91f2b20 JavaThread "Unconstrained build operations Thread 48" [_thread_blocked, id=19600, stack(0x00000059c4000000,0x00000059c4100000)]
  0x0000020ab91f3f60 JavaThread "Unconstrained build operations Thread 49" [_thread_blocked, id=16800, stack(0x00000059c4100000,0x00000059c4200000)]
  0x0000020ab91f0cc0 JavaThread "Unconstrained build operations Thread 50" [_thread_blocked, id=20912, stack(0x00000059c4200000,0x00000059c4300000)]
  0x0000020ab9214d60 JavaThread "Unconstrained build operations Thread 51" [_thread_blocked, id=4620, stack(0x00000059c4300000,0x00000059c4400000)]
  0x0000020ab9218000 JavaThread "Unconstrained build operations Thread 52" [_thread_blocked, id=15760, stack(0x00000059c4400000,0x00000059c4500000)]
  0x0000020ab9218510 JavaThread "Unconstrained build operations Thread 53" [_thread_blocked, id=5280, stack(0x00000059c4500000,0x00000059c4600000)]
  0x0000020ab9215270 JavaThread "Unconstrained build operations Thread 54" [_thread_blocked, id=29492, stack(0x00000059c4600000,0x00000059c4700000)]
  0x0000020ab9217af0 JavaThread "Unconstrained build operations Thread 55" [_thread_blocked, id=27240, stack(0x00000059c4700000,0x00000059c4800000)]
  0x0000020ab92175e0 JavaThread "Unconstrained build operations Thread 56" [_thread_blocked, id=25464, stack(0x00000059c4800000,0x00000059c4900000)]
  0x0000020ab9215780 JavaThread "Unconstrained build operations Thread 57" [_thread_blocked, id=25872, stack(0x00000059c4900000,0x00000059c4a00000)]
  0x0000020ab9218a20 JavaThread "Unconstrained build operations Thread 58" [_thread_blocked, id=11564, stack(0x00000059c4a00000,0x00000059c4b00000)]
  0x0000020ab9215c90 JavaThread "Unconstrained build operations Thread 59" [_thread_blocked, id=26496, stack(0x00000059c4b00000,0x00000059c4c00000)]
  0x0000020ab92170d0 JavaThread "Unconstrained build operations Thread 60" [_thread_blocked, id=24580, stack(0x00000059c4c00000,0x00000059c4d00000)]
  0x0000020ab9216bc0 JavaThread "Unconstrained build operations Thread 61" [_thread_blocked, id=24988, stack(0x00000059c4d00000,0x00000059c4e00000)]
  0x0000020ab9218f30 JavaThread "Unconstrained build operations Thread 62" [_thread_blocked, id=23320, stack(0x00000059c4e00000,0x00000059c4f00000)]
  0x0000020ab9219440 JavaThread "Unconstrained build operations Thread 63" [_thread_blocked, id=14236, stack(0x00000059c4f00000,0x00000059c5000000)]
  0x0000020ab9219950 JavaThread "Unconstrained build operations Thread 64" [_thread_blocked, id=9516, stack(0x00000059c5000000,0x00000059c5100000)]
  0x0000020ab92161a0 JavaThread "Unconstrained build operations Thread 65" [_thread_blocked, id=8352, stack(0x00000059c5100000,0x00000059c5200000)]
  0x0000020ab9219e60 JavaThread "Unconstrained build operations Thread 66" [_thread_blocked, id=8564, stack(0x00000059c5200000,0x00000059c5300000)]
  0x0000020ab92166b0 JavaThread "Unconstrained build operations Thread 67" [_thread_blocked, id=14392, stack(0x00000059c5300000,0x00000059c5400000)]
  0x0000020ab921b2a0 JavaThread "Unconstrained build operations Thread 68" [_thread_blocked, id=17784, stack(0x00000059c5400000,0x00000059c5500000)]
  0x0000020ab921c1d0 JavaThread "Unconstrained build operations Thread 69" [_thread_blocked, id=23432, stack(0x00000059c5500000,0x00000059c5600000)]
  0x0000020ab921a370 JavaThread "Unconstrained build operations Thread 70" [_thread_blocked, id=11432, stack(0x00000059c5600000,0x00000059c5700000)]
  0x0000020ab921a880 JavaThread "Unconstrained build operations Thread 71" [_thread_blocked, id=23372, stack(0x00000059c5700000,0x00000059c5800000)]
  0x0000020ab921ad90 JavaThread "Unconstrained build operations Thread 72" [_thread_blocked, id=12192, stack(0x00000059c5800000,0x00000059c5900000)]
  0x0000020ab921b7b0 JavaThread "Unconstrained build operations Thread 73" [_thread_blocked, id=3340, stack(0x00000059c5900000,0x00000059c5a00000)]
  0x0000020ab921c6e0 JavaThread "Unconstrained build operations Thread 74" [_thread_blocked, id=16344, stack(0x00000059c5a00000,0x00000059c5b00000)]
  0x0000020ab921bcc0 JavaThread "Unconstrained build operations Thread 75" [_thread_blocked, id=668, stack(0x00000059c5b00000,0x00000059c5c00000)]
  0x0000020ab4e22570 JavaThread "Unconstrained build operations Thread 76" [_thread_blocked, id=23876, stack(0x00000059c5c00000,0x00000059c5d00000)]
  0x0000020ab4e22a80 JavaThread "Unconstrained build operations Thread 77" [_thread_blocked, id=27000, stack(0x00000059c5d00000,0x00000059c5e00000)]
  0x0000020ab4e23ec0 JavaThread "Unconstrained build operations Thread 78" [_thread_blocked, id=7572, stack(0x00000059c5e00000,0x00000059c5f00000)]
  0x0000020ab4e234a0 JavaThread "Unconstrained build operations Thread 79" [_thread_blocked, id=22796, stack(0x00000059c5f00000,0x00000059c6000000)]
  0x0000020ab4e243d0 JavaThread "Unconstrained build operations Thread 80" [_thread_blocked, id=6964, stack(0x00000059c6000000,0x00000059c6100000)]
  0x0000020ab4e24df0 JavaThread "Unconstrained build operations Thread 81" [_thread_blocked, id=26772, stack(0x00000059c1f00000,0x00000059c2000000)]
  0x0000020ab4e22f90 JavaThread "Unconstrained build operations Thread 82" [_thread_blocked, id=3676, stack(0x00000059c6100000,0x00000059c6200000)]
  0x0000020ab4e239b0 JavaThread "Unconstrained build operations Thread 83" [_thread_blocked, id=15060, stack(0x00000059c6200000,0x00000059c6300000)]
  0x0000020ab4e22060 JavaThread "Unconstrained build operations Thread 84" [_thread_blocked, id=11600, stack(0x00000059c6300000,0x00000059c6400000)]
  0x0000020ab4e248e0 JavaThread "Unconstrained build operations Thread 85" [_thread_blocked, id=15316, stack(0x00000059c6400000,0x00000059c6500000)]
  0x0000020ab4e25300 JavaThread "Unconstrained build operations Thread 86" [_thread_blocked, id=10604, stack(0x00000059c6500000,0x00000059c6600000)]
  0x0000020ab4e25810 JavaThread "Unconstrained build operations Thread 87" [_thread_blocked, id=23744, stack(0x00000059c6600000,0x00000059c6700000)]
  0x0000020ab2521210 JavaThread "Unconstrained build operations Thread 88" [_thread_blocked, id=5652, stack(0x00000059c6700000,0x00000059c6800000)]
  0x0000020ab251f3b0 JavaThread "Unconstrained build operations Thread 89" [_thread_blocked, id=25816, stack(0x00000059c6800000,0x00000059c6900000)]
  0x0000020ab251fdd0 JavaThread "Unconstrained build operations Thread 90" [_thread_blocked, id=27376, stack(0x00000059c6900000,0x00000059c6a00000)]
  0x0000020ab25207f0 JavaThread "Unconstrained build operations Thread 91" [_thread_blocked, id=20520, stack(0x00000059c6a00000,0x00000059c6b00000)]
  0x0000020ab2520d00 JavaThread "Unconstrained build operations Thread 92" [_thread_blocked, id=3000, stack(0x00000059c6b00000,0x00000059c6c00000)]
  0x0000020ab2522140 JavaThread "Unconstrained build operations Thread 93" [_thread_blocked, id=21036, stack(0x00000059c6c00000,0x00000059c6d00000)]
  0x0000020ab251f8c0 JavaThread "Unconstrained build operations Thread 94" [_thread_blocked, id=23820, stack(0x00000059c6d00000,0x00000059c6e00000)]
  0x0000020ab2521720 JavaThread "Unconstrained build operations Thread 95" [_thread_blocked, id=14068, stack(0x00000059c6e00000,0x00000059c6f00000)]
  0x0000020ab25202e0 JavaThread "Unconstrained build operations Thread 96" [_thread_blocked, id=10432, stack(0x00000059c6f00000,0x00000059c7000000)]
  0x0000020ab2524ed0 JavaThread "Unconstrained build operations Thread 97" [_thread_blocked, id=5960, stack(0x00000059c7000000,0x00000059c7100000)]
  0x0000020ab2521c30 JavaThread "Unconstrained build operations Thread 98" [_thread_blocked, id=13984, stack(0x00000059c7100000,0x00000059c7200000)]
  0x0000020ab2523fa0 JavaThread "Unconstrained build operations Thread 99" [_thread_blocked, id=14664, stack(0x00000059c7200000,0x00000059c7300000)]
  0x0000020ab25253e0 JavaThread "Unconstrained build operations Thread 100" [_thread_blocked, id=23264, stack(0x00000059c7300000,0x00000059c7400000)]
  0x0000020ab2525e00 JavaThread "Unconstrained build operations Thread 101" [_thread_blocked, id=24668, stack(0x00000059c7400000,0x00000059c7500000)]
  0x0000020ab25258f0 JavaThread "Unconstrained build operations Thread 102" [_thread_blocked, id=6852, stack(0x00000059c7500000,0x00000059c7600000)]
  0x0000020ab25249c0 JavaThread "Unconstrained build operations Thread 103" [_thread_blocked, id=27328, stack(0x00000059c7600000,0x00000059c7700000)]
  0x0000020ab2523a90 JavaThread "Unconstrained build operations Thread 104" [_thread_blocked, id=24484, stack(0x00000059c7700000,0x00000059c7800000)]
  0x0000020ab2522b60 JavaThread "Unconstrained build operations Thread 105" [_thread_blocked, id=28176, stack(0x00000059c7800000,0x00000059c7900000)]
  0x0000020ab2522650 JavaThread "Unconstrained build operations Thread 106" [_thread_blocked, id=13364, stack(0x00000059c7900000,0x00000059c7a00000)]
  0x0000020ab2526310 JavaThread "Unconstrained build operations Thread 107" [_thread_blocked, id=9600, stack(0x00000059c7a00000,0x00000059c7b00000)]
  0x0000020ab2526820 JavaThread "Unconstrained build operations Thread 108" [_thread_blocked, id=17000, stack(0x00000059c7b00000,0x00000059c7c00000)]
  0x0000020ab2523580 JavaThread "Unconstrained build operations Thread 109" [_thread_blocked, id=28528, stack(0x00000059c7c00000,0x00000059c7d00000)]
  0x0000020ab2523070 JavaThread "Unconstrained build operations Thread 110" [_thread_blocked, id=5088, stack(0x00000059c7d00000,0x00000059c7e00000)]
  0x0000020ab25244b0 JavaThread "Unconstrained build operations Thread 111" [_thread_blocked, id=26672, stack(0x00000059c7e00000,0x00000059c7f00000)]
  0x0000020ab2526d30 JavaThread "Unconstrained build operations Thread 112" [_thread_blocked, id=10980, stack(0x00000059c7f00000,0x00000059c8000000)]
  0x0000020ab685a560 JavaThread "jar transforms Thread 2" [_thread_blocked, id=17024, stack(0x00000059c8000000,0x00000059c8100000)]
  0x0000020ab685d800 JavaThread "jar transforms Thread 3" [_thread_blocked, id=16668, stack(0x00000059c8100000,0x00000059c8200000)]
  0x0000020ab685b9a0 JavaThread "Unconstrained build operations Thread 113" [_thread_blocked, id=25056, stack(0x00000059c8200000,0x00000059c8300000)]
  0x0000020ab685cde0 JavaThread "Unconstrained build operations Thread 114" [_thread_blocked, id=27388, stack(0x00000059c8300000,0x00000059c8400000)]
  0x0000020ab685c3c0 JavaThread "Unconstrained build operations Thread 115" [_thread_blocked, id=15888, stack(0x00000059c8400000,0x00000059c8500000)]
  0x0000020ab685a050 JavaThread "Unconstrained build operations Thread 116" [_thread_blocked, id=228, stack(0x00000059c8500000,0x00000059c8600000)]
  0x0000020ab685af80 JavaThread "Unconstrained build operations Thread 117" [_thread_blocked, id=5460, stack(0x00000059c8600000,0x00000059c8700000)]
  0x0000020ab685dd10 JavaThread "Unconstrained build operations Thread 118" [_thread_blocked, id=9676, stack(0x00000059c8700000,0x00000059c8800000)]
  0x0000020ab685c8d0 JavaThread "Unconstrained build operations Thread 119" [_thread_blocked, id=6748, stack(0x00000059c8800000,0x00000059c8900000)]
  0x0000020ab685b490 JavaThread "Unconstrained build operations Thread 120" [_thread_blocked, id=18992, stack(0x00000059c8900000,0x00000059c8a00000)]
  0x0000020ab685e220 JavaThread "jar transforms Thread 4" [_thread_blocked, id=19572, stack(0x00000059c8b00000,0x00000059c8c00000)]
  0x0000020ab685aa70 JavaThread "jar transforms Thread 5" [_thread_blocked, id=28572, stack(0x00000059c8c00000,0x00000059c8d00000)]
  0x0000020ab685e730 JavaThread "jar transforms Thread 6" [_thread_blocked, id=15412, stack(0x00000059c8d00000,0x00000059c8e00000)]
  0x0000020ab6860080 JavaThread "build event listener" [_thread_blocked, id=21268, stack(0x00000059c8e00000,0x00000059c8f00000)]
  0x0000020ab6860aa0 JavaThread "Problems report writer" [_thread_blocked, id=22336, stack(0x00000059c8f00000,0x00000059c9000000)]
  0x0000020ab8d938b0 JavaThread "jar transforms Thread 7" [_thread_blocked, id=2544, stack(0x00000059c9000000,0x00000059c9100000)]
  0x0000020ab8d91030 JavaThread "jar transforms Thread 8" [_thread_blocked, id=24640, stack(0x00000059c9100000,0x00000059c9200000)]
  0x0000020ab8d93dc0 JavaThread "jar transforms Thread 9" [_thread_blocked, id=22828, stack(0x00000059c9200000,0x00000059c9300000)]
  0x0000020ab8d91f60 JavaThread "jar transforms Thread 10" [_thread_blocked, id=22280, stack(0x00000059c9300000,0x00000059c9400000)]
  0x0000020ab8d90610 JavaThread "jar transforms Thread 11" [_thread_blocked, id=12784, stack(0x00000059c9400000,0x00000059c9500000)]
  0x0000020ab8d95200 JavaThread "jar transforms Thread 12" [_thread_blocked, id=6124, stack(0x00000059c9500000,0x00000059c9600000)]
  0x0000020ab8d942d0 JavaThread "Exec process" [_thread_blocked, id=13028, stack(0x00000059c9600000,0x00000059c9700000)]
  0x0000020ab8d97060 JavaThread "Exec process Thread 2" [_thread_blocked, id=9920, stack(0x00000059c9700000,0x00000059c9800000)]
  0x0000020ab8d94cf0 JavaThread "Exec process Thread 3" [_thread_blocked, id=29144, stack(0x00000059c9800000,0x00000059c9900000)]
  0x0000020abed713a0 JavaThread "pool-3-thread-1" [_thread_blocked, id=14600, stack(0x00000059c9a00000,0x00000059c9b00000)]
  0x0000020abed6e100 JavaThread "build event listener" [_thread_blocked, id=19080, stack(0x00000059c9b00000,0x00000059c9c00000)]
  0x0000020abed6fa50 JavaThread "Cache worker for execution history cache (D:\my project\main project\FootFlex\forntend\android\.gradle\9.0.0\executionHistory)" [_thread_blocked, id=19772, stack(0x00000059c9c00000,0x00000059c9d00000)]
  0x0000020abed70470 JavaThread "WorkerExecutor Queue" [_thread_blocked, id=18788, stack(0x00000059beb00000,0x00000059bec00000)]
  0x0000020abed6eb20 JavaThread "WorkerExecutor Queue Thread 2" [_thread_blocked, id=200, stack(0x00000059c9d00000,0x00000059c9e00000)]
=>0x0000020ab92f6440 JavaThread "C2 CompilerThread1" daemon [_thread_in_native, id=29188, stack(0x00000059bbd00000,0x00000059bbe00000)]
  0x0000020abed70e90 JavaThread "WorkerExecutor Queue Thread 3" [_thread_blocked, id=27164, stack(0x00000059c9e00000,0x00000059c9f00000)]
  0x0000020ab92f6990 JavaThread "C2 CompilerThread2" daemon [_thread_in_native, id=19816, stack(0x00000059c9f00000,0x00000059ca000000)]
  0x0000020abf150720 JavaThread "WorkerExecutor Queue Thread 4" [_thread_blocked, id=23176, stack(0x00000059ca500000,0x00000059ca600000)]
  0x0000020abf151650 JavaThread "WorkerExecutor Queue Thread 5" [_thread_blocked, id=22264, stack(0x00000059ca600000,0x00000059ca700000)]
  0x0000020abf150c30 JavaThread "WorkerExecutor Queue Thread 6" [_thread_blocked, id=25580, stack(0x00000059ca700000,0x00000059ca800000)]
  0x0000020abf14fd00 JavaThread "WorkerExecutor Queue Thread 7" [_thread_blocked, id=23352, stack(0x00000059ca800000,0x00000059ca900000)]
  0x0000020abf150210 JavaThread "WorkerExecutor Queue Thread 8" [_thread_blocked, id=11660, stack(0x00000059ca900000,0x00000059caa00000)]
  0x0000020abf151140 JavaThread "WorkerExecutor Queue Thread 9" [_thread_blocked, id=27096, stack(0x00000059caa00000,0x00000059cab00000)]
  0x0000020ac03a48c0 JavaThread "WorkerExecutor Queue Thread 10" [_thread_blocked, id=27460, stack(0x00000059cab00000,0x00000059cac00000)]
  0x0000020ac03a6210 JavaThread "WorkerExecutor Queue Thread 11" [_thread_blocked, id=25212, stack(0x00000059cac00000,0x00000059cad00000)]
  0x0000020ac03a6720 JavaThread "WorkerExecutor Queue Thread 12" [_thread_blocked, id=1240, stack(0x00000059cad00000,0x00000059cae00000)]

Other Threads:
  0x0000020a91925070 VMThread "VM Thread" [stack: 0x00000059bc600000,0x00000059bc700000] [id=29648]
  0x0000020af3538690 WatcherThread [stack: 0x00000059bd200000,0x00000059bd300000] [id=15116]
  0x0000020af130eba0 GCTaskThread "GC Thread#0" [stack: 0x00000059bc100000,0x00000059bc200000] [id=26620]
  0x0000020ab1712010 GCTaskThread "GC Thread#1" [stack: 0x00000059bd500000,0x00000059bd600000] [id=26504]
  0x0000020ab159dfe0 GCTaskThread "GC Thread#2" [stack: 0x00000059bd600000,0x00000059bd700000] [id=23884]
  0x0000020ab159e6b0 GCTaskThread "GC Thread#3" [stack: 0x00000059bd700000,0x00000059bd800000] [id=19464]
  0x0000020ab159e970 GCTaskThread "GC Thread#4" [stack: 0x00000059bd800000,0x00000059bd900000] [id=27092]
  0x0000020ab159ec30 GCTaskThread "GC Thread#5" [stack: 0x00000059bd900000,0x00000059bda00000] [id=27144]
  0x0000020ab3133bf0 GCTaskThread "GC Thread#6" [stack: 0x00000059be200000,0x00000059be300000] [id=22364]
  0x0000020ab3133eb0 GCTaskThread "GC Thread#7" [stack: 0x00000059be600000,0x00000059be700000] [id=22128]
  0x0000020ab31330f0 GCTaskThread "GC Thread#8" [stack: 0x00000059be700000,0x00000059be800000] [id=29096]
  0x0000020ab3133670 GCTaskThread "GC Thread#9" [stack: 0x00000059be800000,0x00000059be900000] [id=21176]
  0x0000020af352a0d0 ConcurrentGCThread "G1 Main Marker" [stack: 0x00000059bc200000,0x00000059bc300000] [id=13440]
  0x0000020af352b6c0 ConcurrentGCThread "G1 Conc#0" [stack: 0x00000059bc300000,0x00000059bc400000] [id=21436]
  0x0000020ab3133930 ConcurrentGCThread "G1 Conc#1" [stack: 0x00000059be900000,0x00000059bea00000] [id=26864]
  0x0000020ab3134430 ConcurrentGCThread "G1 Conc#2" [stack: 0x00000059bea00000,0x00000059beb00000] [id=25736]
  0x0000020af357d8b0 ConcurrentGCThread "G1 Refine#0" [stack: 0x00000059bc400000,0x00000059bc500000] [id=13288]
  0x0000020ab516c660 ConcurrentGCThread "G1 Refine#1" [stack: 0x00000059bbe00000,0x00000059bbf00000] [id=3924]
  0x0000020ab49eb110 ConcurrentGCThread "G1 Refine#2" [stack: 0x00000059bbf00000,0x00000059bc000000] [id=27444]
  0x0000020ac0462c50 ConcurrentGCThread "G1 Refine#3" [stack: 0x00000059ca000000,0x00000059ca100000] [id=28164]
  0x0000020ab8ed1930 ConcurrentGCThread "G1 Refine#4" [stack: 0x00000059ca100000,0x00000059ca200000] [id=20184]
  0x0000020ab7869f70 ConcurrentGCThread "G1 Refine#5" [stack: 0x00000059ca200000,0x00000059ca300000] [id=24920]
  0x0000020ab206ad10 ConcurrentGCThread "G1 Refine#6" [stack: 0x00000059ca300000,0x00000059ca400000] [id=10064]
  0x0000020ab8ed1c20 ConcurrentGCThread "G1 Refine#7" [stack: 0x00000059ca400000,0x00000059ca500000] [id=19400]
  0x0000020af357e090 ConcurrentGCThread "G1 Service" [stack: 0x00000059bc500000,0x00000059bc600000] [id=12488]

Threads with active compile tasks:
C2 CompilerThread0    66789 22450   !   4       org.gradle.internal.hash.Hashing$CloningMessageDigestHashFunction::createDigest (21 bytes)
C2 CompilerThread1    66789 22447   !   4       java.io.ObjectOutputStream::writeOrdinaryObject (196 bytes)
C2 CompilerThread2    66789 22504   !   4       java.io.ObjectInputStream::readOrdinaryObject (379 bytes)

VM state: not at safepoint (normal execution)

VM Mutex/Monitor currently owned by a thread: None

Heap address: 0x0000000080000000, size: 2048 MB, Compressed Oops mode: 32-bit

CDS archive(s) mapped at: [0x0000020a92000000-0x0000020a92bd0000-0x0000020a92bd0000), size 12386304, SharedBaseAddress: 0x0000020a92000000, ArchiveRelocationMode: 1.
Compressed class space mapped at: 0x0000020a93000000-0x0000020aad000000, reserved size: 436207616
Narrow klass base: 0x0000020a92000000, Narrow klass shift: 0, Narrow klass range: 0x100000000

GC Precious Log:
 CPUs: 12 total, 12 available
 Memory: 16024M
 Large Page Support: Disabled
 NUMA Support: Disabled
 Compressed Oops: Enabled (32-bit)
 Heap Region Size: 1M
 Heap Min Capacity: 8M
 Heap Initial Capacity: 252M
 Heap Max Capacity: 2G
 Pre-touch: Disabled
 Parallel Workers: 10
 Concurrent Workers: 3
 Concurrent Refinement Workers: 10
 Periodic GC: Disabled

Heap:
 garbage-first heap   total 519168K, used 381643K [0x0000000080000000, 0x0000000100000000)
  region size 1024K, 9 young (9216K), 5 survivors (5120K)
 Metaspace       used 131081K, committed 133376K, reserved 557056K
  class space    used 17799K, committed 18880K, reserved 425984K

Heap Regions: E=young(eden), S=young(survivor), O=old, HS=humongous(starts), HC=humongous(continues), CS=collection set, F=free, OA=open archive, CA=closed archive, TAMS=top-at-mark-start (previous, next)
|   0|0x0000000080000000, 0x0000000080100000, 0x0000000080100000|100%|HS|  |TAMS 0x0000000080100000, 0x0000000080000000| Complete 
|   1|0x0000000080100000, 0x0000000080200000, 0x0000000080200000|100%|HC|  |TAMS 0x0000000080200000, 0x0000000080100000| Complete 
|   2|0x0000000080200000, 0x0000000080300000, 0x0000000080300000|100%|HC|  |TAMS 0x0000000080300000, 0x0000000080200000| Complete 
|   3|0x0000000080300000, 0x0000000080400000, 0x0000000080400000|100%| O|  |TAMS 0x0000000080400000, 0x0000000080300000| Untracked 
|   4|0x0000000080400000, 0x0000000080500000, 0x0000000080500000|100%| O|  |TAMS 0x0000000080500000, 0x0000000080400000| Untracked 
|   5|0x0000000080500000, 0x0000000080600000, 0x0000000080600000|100%| O|  |TAMS 0x0000000080600000, 0x0000000080500000| Untracked 
|   6|0x0000000080600000, 0x0000000080700000, 0x0000000080700000|100%|HS|  |TAMS 0x0000000080700000, 0x0000000080600000| Complete 
|   7|0x0000000080700000, 0x0000000080800000, 0x0000000080800000|100%| O|  |TAMS 0x0000000080800000, 0x0000000080700000| Untracked 
|   8|0x0000000080800000, 0x0000000080900000, 0x0000000080900000|100%| O|  |TAMS 0x0000000080900000, 0x0000000080800000| Untracked 
|   9|0x0000000080900000, 0x0000000080a00000, 0x0000000080a00000|100%| O|  |TAMS 0x0000000080a00000, 0x0000000080900000| Untracked 
|  10|0x0000000080a00000, 0x0000000080b00000, 0x0000000080b00000|100%| O|  |TAMS 0x0000000080b00000, 0x0000000080a00000| Untracked 
|  11|0x0000000080b00000, 0x0000000080c00000, 0x0000000080c00000|100%| O|  |TAMS 0x0000000080c00000, 0x0000000080b00000| Untracked 
|  12|0x0000000080c00000, 0x0000000080d00000, 0x0000000080d00000|100%| O|  |TAMS 0x0000000080d00000, 0x0000000080c00000| Untracked 
|  13|0x0000000080d00000, 0x0000000080e00000, 0x0000000080e00000|100%| O|  |TAMS 0x0000000080e00000, 0x0000000080d00000| Untracked 
|  14|0x0000000080e00000, 0x0000000080f00000, 0x0000000080f00000|100%| O|  |TAMS 0x0000000080f00000, 0x0000000080e00000| Untracked 
|  15|0x0000000080f00000, 0x0000000081000000, 0x0000000081000000|100%| O|  |TAMS 0x0000000081000000, 0x0000000080f00000| Untracked 
|  16|0x0000000081000000, 0x0000000081100000, 0x0000000081100000|100%| O|  |TAMS 0x0000000081100000, 0x0000000081000000| Untracked 
|  17|0x0000000081100000, 0x0000000081200000, 0x0000000081200000|100%| O|  |TAMS 0x0000000081200000, 0x0000000081100000| Untracked 
|  18|0x0000000081200000, 0x0000000081300000, 0x0000000081300000|100%| O|  |TAMS 0x0000000081300000, 0x0000000081200000| Untracked 
|  19|0x0000000081300000, 0x0000000081400000, 0x0000000081400000|100%| O|  |TAMS 0x0000000081400000, 0x0000000081300000| Untracked 
|  20|0x0000000081400000, 0x0000000081500000, 0x0000000081500000|100%| O|  |TAMS 0x0000000081500000, 0x0000000081400000| Untracked 
|  21|0x0000000081500000, 0x0000000081600000, 0x0000000081600000|100%| O|  |TAMS 0x0000000081600000, 0x0000000081500000| Untracked 
|  22|0x0000000081600000, 0x0000000081700000, 0x0000000081700000|100%| O|  |TAMS 0x0000000081700000, 0x0000000081600000| Untracked 
|  23|0x0000000081700000, 0x0000000081800000, 0x0000000081800000|100%| O|  |TAMS 0x0000000081800000, 0x0000000081700000| Untracked 
|  24|0x0000000081800000, 0x0000000081900000, 0x0000000081900000|100%| O|  |TAMS 0x0000000081900000, 0x0000000081800000| Untracked 
|  25|0x0000000081900000, 0x0000000081a00000, 0x0000000081a00000|100%| O|  |TAMS 0x0000000081a00000, 0x0000000081900000| Untracked 
|  26|0x0000000081a00000, 0x0000000081b00000, 0x0000000081b00000|100%| O|  |TAMS 0x0000000081b00000, 0x0000000081a00000| Untracked 
|  27|0x0000000081b00000, 0x0000000081c00000, 0x0000000081c00000|100%| O|  |TAMS 0x0000000081c00000, 0x0000000081b00000| Untracked 
|  28|0x0000000081c00000, 0x0000000081d00000, 0x0000000081d00000|100%| O|  |TAMS 0x0000000081d00000, 0x0000000081c00000| Untracked 
|  29|0x0000000081d00000, 0x0000000081e00000, 0x0000000081e00000|100%| O|  |TAMS 0x0000000081e00000, 0x0000000081d00000| Untracked 
|  30|0x0000000081e00000, 0x0000000081f00000, 0x0000000081f00000|100%| O|  |TAMS 0x0000000081f00000, 0x0000000081e00000| Untracked 
|  31|0x0000000081f00000, 0x0000000082000000, 0x0000000082000000|100%| O|  |TAMS 0x0000000082000000, 0x0000000081f00000| Untracked 
|  32|0x0000000082000000, 0x0000000082100000, 0x0000000082100000|100%| O|  |TAMS 0x0000000082100000, 0x0000000082000000| Untracked 
|  33|0x0000000082100000, 0x0000000082200000, 0x0000000082200000|100%|HS|  |TAMS 0x0000000082200000, 0x0000000082100000| Complete 
|  34|0x0000000082200000, 0x0000000082300000, 0x0000000082300000|100%|HC|  |TAMS 0x0000000082300000, 0x0000000082200000| Complete 
|  35|0x0000000082300000, 0x0000000082400000, 0x0000000082400000|100%|HC|  |TAMS 0x0000000082400000, 0x0000000082300000| Complete 
|  36|0x0000000082400000, 0x0000000082500000, 0x0000000082500000|100%|HS|  |TAMS 0x0000000082500000, 0x0000000082400000| Complete 
|  37|0x0000000082500000, 0x0000000082600000, 0x0000000082600000|100%|HC|  |TAMS 0x0000000082600000, 0x0000000082500000| Complete 
|  38|0x0000000082600000, 0x0000000082700000, 0x0000000082700000|100%|HC|  |TAMS 0x0000000082700000, 0x0000000082600000| Complete 
|  39|0x0000000082700000, 0x0000000082800000, 0x0000000082800000|100%| O|  |TAMS 0x0000000082800000, 0x0000000082700000| Untracked 
|  40|0x0000000082800000, 0x0000000082900000, 0x0000000082900000|100%| O|  |TAMS 0x0000000082900000, 0x0000000082800000| Untracked 
|  41|0x0000000082900000, 0x0000000082a00000, 0x0000000082a00000|100%| O|  |TAMS 0x0000000082a00000, 0x0000000082900000| Untracked 
|  42|0x0000000082a00000, 0x0000000082b00000, 0x0000000082b00000|100%| O|  |TAMS 0x0000000082b00000, 0x0000000082a00000| Untracked 
|  43|0x0000000082b00000, 0x0000000082c00000, 0x0000000082c00000|100%|HS|  |TAMS 0x0000000082c00000, 0x0000000082b00000| Complete 
|  44|0x0000000082c00000, 0x0000000082d00000, 0x0000000082d00000|100%| O|  |TAMS 0x0000000082d00000, 0x0000000082c00000| Untracked 
|  45|0x0000000082d00000, 0x0000000082e00000, 0x0000000082e00000|100%| O|  |TAMS 0x0000000082e00000, 0x0000000082d00000| Untracked 
|  46|0x0000000082e00000, 0x0000000082f00000, 0x0000000082f00000|100%| O|  |TAMS 0x0000000082f00000, 0x0000000082e00000| Untracked 
|  47|0x0000000082f00000, 0x0000000083000000, 0x0000000083000000|100%| O|  |TAMS 0x0000000082f00000, 0x0000000082f00000| Untracked 
|  48|0x0000000083000000, 0x0000000083100000, 0x0000000083100000|100%| O|  |TAMS 0x0000000083100000, 0x0000000083000000| Untracked 
|  49|0x0000000083100000, 0x0000000083200000, 0x0000000083200000|100%| O|  |TAMS 0x0000000083200000, 0x0000000083100000| Untracked 
|  50|0x0000000083200000, 0x0000000083300000, 0x0000000083300000|100%| O|  |TAMS 0x0000000083300000, 0x0000000083200000| Untracked 
|  51|0x0000000083300000, 0x0000000083400000, 0x0000000083400000|100%| O|  |TAMS 0x0000000083400000, 0x0000000083300000| Untracked 
|  52|0x0000000083400000, 0x0000000083500000, 0x0000000083500000|100%| O|  |TAMS 0x0000000083500000, 0x0000000083400000| Untracked 
|  53|0x0000000083500000, 0x0000000083600000, 0x0000000083600000|100%| O|  |TAMS 0x0000000083600000, 0x0000000083500000| Untracked 
|  54|0x0000000083600000, 0x0000000083700000, 0x0000000083700000|100%| O|  |TAMS 0x0000000083700000, 0x0000000083600000| Untracked 
|  55|0x0000000083700000, 0x0000000083800000, 0x0000000083800000|100%| O|  |TAMS 0x0000000083800000, 0x0000000083700000| Untracked 
|  56|0x0000000083800000, 0x0000000083900000, 0x0000000083900000|100%| O|  |TAMS 0x0000000083900000, 0x0000000083800000| Untracked 
|  57|0x0000000083900000, 0x0000000083a00000, 0x0000000083a00000|100%| O|  |TAMS 0x0000000083a00000, 0x0000000083900000| Untracked 
|  58|0x0000000083a00000, 0x0000000083b00000, 0x0000000083b00000|100%| O|  |TAMS 0x0000000083b00000, 0x0000000083a00000| Untracked 
|  59|0x0000000083b00000, 0x0000000083c00000, 0x0000000083c00000|100%| O|  |TAMS 0x0000000083c00000, 0x0000000083b00000| Untracked 
|  60|0x0000000083c00000, 0x0000000083d00000, 0x0000000083d00000|100%| O|  |TAMS 0x0000000083d00000, 0x0000000083c00000| Untracked 
|  61|0x0000000083d00000, 0x0000000083e00000, 0x0000000083e00000|100%| O|  |TAMS 0x0000000083e00000, 0x0000000083d00000| Untracked 
|  62|0x0000000083e00000, 0x0000000083f00000, 0x0000000083f00000|100%| O|  |TAMS 0x0000000083f00000, 0x0000000083e00000| Untracked 
|  63|0x0000000083f00000, 0x0000000084000000, 0x0000000084000000|100%| O|  |TAMS 0x0000000084000000, 0x0000000083f00000| Untracked 
|  64|0x0000000084000000, 0x0000000084100000, 0x0000000084100000|100%| O|  |TAMS 0x0000000084100000, 0x0000000084000000| Untracked 
|  65|0x0000000084100000, 0x0000000084200000, 0x0000000084200000|100%| O|  |TAMS 0x0000000084200000, 0x0000000084100000| Untracked 
|  66|0x0000000084200000, 0x0000000084300000, 0x0000000084300000|100%| O|  |TAMS 0x0000000084300000, 0x0000000084200000| Untracked 
|  67|0x0000000084300000, 0x0000000084400000, 0x0000000084400000|100%| O|  |TAMS 0x0000000084400000, 0x0000000084300000| Untracked 
|  68|0x0000000084400000, 0x0000000084500000, 0x0000000084500000|100%| O|  |TAMS 0x0000000084500000, 0x0000000084400000| Untracked 
|  69|0x0000000084500000, 0x0000000084600000, 0x0000000084600000|100%| O|  |TAMS 0x0000000084600000, 0x0000000084500000| Untracked 
|  70|0x0000000084600000, 0x0000000084700000, 0x0000000084700000|100%| O|  |TAMS 0x0000000084700000, 0x0000000084600000| Untracked 
|  71|0x0000000084700000, 0x0000000084800000, 0x0000000084800000|100%| O|  |TAMS 0x0000000084800000, 0x0000000084700000| Untracked 
|  72|0x0000000084800000, 0x0000000084900000, 0x0000000084900000|100%| O|  |TAMS 0x0000000084900000, 0x0000000084800000| Untracked 
|  73|0x0000000084900000, 0x0000000084a00000, 0x0000000084a00000|100%| O|  |TAMS 0x0000000084a00000, 0x0000000084900000| Untracked 
|  74|0x0000000084a00000, 0x0000000084b00000, 0x0000000084b00000|100%| O|  |TAMS 0x0000000084b00000, 0x0000000084a00000| Untracked 
|  75|0x0000000084b00000, 0x0000000084c00000, 0x0000000084c00000|100%| O|  |TAMS 0x0000000084c00000, 0x0000000084b00000| Untracked 
|  76|0x0000000084c00000, 0x0000000084d00000, 0x0000000084d00000|100%|HS|  |TAMS 0x0000000084d00000, 0x0000000084c00000| Complete 
|  77|0x0000000084d00000, 0x0000000084e00000, 0x0000000084e00000|100%|HS|  |TAMS 0x0000000084e00000, 0x0000000084d00000| Complete 
|  78|0x0000000084e00000, 0x0000000084f00000, 0x0000000084f00000|100%|HS|  |TAMS 0x0000000084f00000, 0x0000000084e00000| Complete 
|  79|0x0000000084f00000, 0x0000000085000000, 0x0000000085000000|100%| O|  |TAMS 0x0000000085000000, 0x0000000084f00000| Untracked 
|  80|0x0000000085000000, 0x0000000085100000, 0x0000000085100000|100%|HS|  |TAMS 0x0000000085100000, 0x0000000085000000| Complete 
|  81|0x0000000085100000, 0x0000000085200000, 0x0000000085200000|100%|HS|  |TAMS 0x0000000085200000, 0x0000000085100000| Complete 
|  82|0x0000000085200000, 0x0000000085300000, 0x0000000085300000|100%| O|  |TAMS 0x0000000085300000, 0x0000000085200000| Untracked 
|  83|0x0000000085300000, 0x0000000085400000, 0x0000000085400000|100%| O|  |TAMS 0x0000000085400000, 0x0000000085300000| Untracked 
|  84|0x0000000085400000, 0x00000000854ffff8, 0x0000000085500000| 99%| O|  |TAMS 0x00000000854ffff8, 0x0000000085400000| Untracked 
|  85|0x0000000085500000, 0x0000000085600000, 0x0000000085600000|100%| O|  |TAMS 0x0000000085600000, 0x0000000085500000| Untracked 
|  86|0x0000000085600000, 0x0000000085700000, 0x0000000085700000|100%| O|  |TAMS 0x0000000085700000, 0x0000000085600000| Untracked 
|  87|0x0000000085700000, 0x0000000085800000, 0x0000000085800000|100%| O|  |TAMS 0x0000000085800000, 0x0000000085700000| Untracked 
|  88|0x0000000085800000, 0x0000000085900000, 0x0000000085900000|100%| O|  |TAMS 0x0000000085900000, 0x0000000085800000| Untracked 
|  89|0x0000000085900000, 0x0000000085a00000, 0x0000000085a00000|100%| O|  |TAMS 0x0000000085a00000, 0x0000000085900000| Untracked 
|  90|0x0000000085a00000, 0x0000000085b00000, 0x0000000085b00000|100%| O|  |TAMS 0x0000000085a00000, 0x0000000085a00000| Untracked 
|  91|0x0000000085b00000, 0x0000000085c00000, 0x0000000085c00000|100%| O|  |TAMS 0x0000000085b00000, 0x0000000085b00000| Untracked 
|  92|0x0000000085c00000, 0x0000000085d00000, 0x0000000085d00000|100%| O|  |TAMS 0x0000000085d00000, 0x0000000085c00000| Untracked 
|  93|0x0000000085d00000, 0x0000000085e00000, 0x0000000085e00000|100%| O|  |TAMS 0x0000000085e00000, 0x0000000085d00000| Untracked 
|  94|0x0000000085e00000, 0x0000000085f00000, 0x0000000085f00000|100%| O|  |TAMS 0x0000000085f00000, 0x0000000085e00000| Untracked 
|  95|0x0000000085f00000, 0x0000000086000000, 0x0000000086000000|100%|HS|  |TAMS 0x0000000086000000, 0x0000000085f00000| Complete 
|  96|0x0000000086000000, 0x0000000086100000, 0x0000000086100000|100%|HS|  |TAMS 0x0000000086100000, 0x0000000086000000| Complete 
|  97|0x0000000086100000, 0x0000000086200000, 0x0000000086200000|100%|HC|  |TAMS 0x0000000086200000, 0x0000000086100000| Complete 
|  98|0x0000000086200000, 0x0000000086300000, 0x0000000086300000|100%|HC|  |TAMS 0x0000000086300000, 0x0000000086200000| Complete 
|  99|0x0000000086300000, 0x0000000086400000, 0x0000000086400000|100%| O|  |TAMS 0x0000000086400000, 0x0000000086300000| Untracked 
| 100|0x0000000086400000, 0x0000000086500000, 0x0000000086500000|100%| O|  |TAMS 0x0000000086500000, 0x0000000086400000| Untracked 
| 101|0x0000000086500000, 0x0000000086600000, 0x0000000086600000|100%| O|  |TAMS 0x0000000086600000, 0x0000000086500000| Untracked 
| 102|0x0000000086600000, 0x0000000086700000, 0x0000000086700000|100%| O|  |TAMS 0x0000000086700000, 0x0000000086600000| Untracked 
| 103|0x0000000086700000, 0x0000000086800000, 0x0000000086800000|100%| O|  |TAMS 0x0000000086800000, 0x0000000086700000| Untracked 
| 104|0x0000000086800000, 0x0000000086900000, 0x0000000086900000|100%| O|  |TAMS 0x0000000086900000, 0x0000000086800000| Untracked 
| 105|0x0000000086900000, 0x0000000086a00000, 0x0000000086a00000|100%| O|  |TAMS 0x0000000086a00000, 0x0000000086900000| Untracked 
| 106|0x0000000086a00000, 0x0000000086b00000, 0x0000000086b00000|100%| O|  |TAMS 0x0000000086b00000, 0x0000000086a00000| Untracked 
| 107|0x0000000086b00000, 0x0000000086c00000, 0x0000000086c00000|100%| O|  |TAMS 0x0000000086c00000, 0x0000000086b00000| Untracked 
| 108|0x0000000086c00000, 0x0000000086d00000, 0x0000000086d00000|100%| O|  |TAMS 0x0000000086d00000, 0x0000000086c00000| Untracked 
| 109|0x0000000086d00000, 0x0000000086e00000, 0x0000000086e00000|100%| O|  |TAMS 0x0000000086e00000, 0x0000000086d00000| Untracked 
| 110|0x0000000086e00000, 0x0000000086f00000, 0x0000000086f00000|100%| O|  |TAMS 0x0000000086f00000, 0x0000000086e00000| Untracked 
| 111|0x0000000086f00000, 0x0000000087000000, 0x0000000087000000|100%| O|  |TAMS 0x0000000087000000, 0x0000000086f00000| Untracked 
| 112|0x0000000087000000, 0x0000000087100000, 0x0000000087100000|100%| O|  |TAMS 0x0000000087100000, 0x0000000087000000| Untracked 
| 113|0x0000000087100000, 0x0000000087200000, 0x0000000087200000|100%| O|  |TAMS 0x0000000087200000, 0x0000000087100000| Untracked 
| 114|0x0000000087200000, 0x0000000087300000, 0x0000000087300000|100%| O|  |TAMS 0x0000000087300000, 0x0000000087200000| Untracked 
| 115|0x0000000087300000, 0x0000000087400000, 0x0000000087400000|100%| O|  |TAMS 0x0000000087400000, 0x0000000087300000| Untracked 
| 116|0x0000000087400000, 0x0000000087500000, 0x0000000087500000|100%| O|  |TAMS 0x0000000087500000, 0x0000000087400000| Untracked 
| 117|0x0000000087500000, 0x0000000087600000, 0x0000000087600000|100%| O|  |TAMS 0x0000000087600000, 0x0000000087500000| Untracked 
| 118|0x0000000087600000, 0x0000000087700000, 0x0000000087700000|100%| O|  |TAMS 0x0000000087700000, 0x0000000087600000| Untracked 
| 119|0x0000000087700000, 0x0000000087800000, 0x0000000087800000|100%| O|  |TAMS 0x0000000087800000, 0x0000000087700000| Untracked 
| 120|0x0000000087800000, 0x0000000087900000, 0x0000000087900000|100%| O|  |TAMS 0x0000000087900000, 0x0000000087800000| Untracked 
| 121|0x0000000087900000, 0x0000000087a00000, 0x0000000087a00000|100%| O|  |TAMS 0x0000000087a00000, 0x0000000087900000| Untracked 
| 122|0x0000000087a00000, 0x0000000087b00000, 0x0000000087b00000|100%| O|  |TAMS 0x0000000087b00000, 0x0000000087a00000| Untracked 
| 123|0x0000000087b00000, 0x0000000087c00000, 0x0000000087c00000|100%| O|  |TAMS 0x0000000087c00000, 0x0000000087b00000| Untracked 
| 124|0x0000000087c00000, 0x0000000087d00000, 0x0000000087d00000|100%| O|  |TAMS 0x0000000087d00000, 0x0000000087c00000| Untracked 
| 125|0x0000000087d00000, 0x0000000087e00000, 0x0000000087e00000|100%| O|  |TAMS 0x0000000087e00000, 0x0000000087d00000| Untracked 
| 126|0x0000000087e00000, 0x0000000087f00000, 0x0000000087f00000|100%| O|  |TAMS 0x0000000087f00000, 0x0000000087e00000| Untracked 
| 127|0x0000000087f00000, 0x0000000088000000, 0x0000000088000000|100%|HS|  |TAMS 0x0000000088000000, 0x0000000087f00000| Complete 
| 128|0x0000000088000000, 0x0000000088100000, 0x0000000088100000|100%|HS|  |TAMS 0x0000000088100000, 0x0000000088000000| Complete 
| 129|0x0000000088100000, 0x0000000088200000, 0x0000000088200000|100%|HS|  |TAMS 0x0000000088200000, 0x0000000088100000| Complete 
| 130|0x0000000088200000, 0x0000000088300000, 0x0000000088300000|100%| O|  |TAMS 0x0000000088300000, 0x0000000088200000| Untracked 
| 131|0x0000000088300000, 0x0000000088400000, 0x0000000088400000|100%| O|  |TAMS 0x0000000088400000, 0x0000000088300000| Untracked 
| 132|0x0000000088400000, 0x0000000088500000, 0x0000000088500000|100%| O|  |TAMS 0x0000000088500000, 0x0000000088400000| Untracked 
| 133|0x0000000088500000, 0x0000000088600000, 0x0000000088600000|100%| O|  |TAMS 0x0000000088600000, 0x0000000088500000| Untracked 
| 134|0x0000000088600000, 0x0000000088700000, 0x0000000088700000|100%| O|  |TAMS 0x0000000088700000, 0x0000000088600000| Untracked 
| 135|0x0000000088700000, 0x0000000088800000, 0x0000000088800000|100%| O|  |TAMS 0x0000000088800000, 0x0000000088700000| Untracked 
| 136|0x0000000088800000, 0x0000000088900000, 0x0000000088900000|100%| O|  |TAMS 0x0000000088900000, 0x0000000088800000| Untracked 
| 137|0x0000000088900000, 0x0000000088a00000, 0x0000000088a00000|100%| O|  |TAMS 0x0000000088a00000, 0x0000000088900000| Untracked 
| 138|0x0000000088a00000, 0x0000000088b00000, 0x0000000088b00000|100%| O|  |TAMS 0x0000000088b00000, 0x0000000088a00000| Untracked 
| 139|0x0000000088b00000, 0x0000000088c00000, 0x0000000088c00000|100%| O|  |TAMS 0x0000000088c00000, 0x0000000088b00000| Untracked 
| 140|0x0000000088c00000, 0x0000000088d00000, 0x0000000088d00000|100%| O|  |TAMS 0x0000000088d00000, 0x0000000088c00000| Untracked 
| 141|0x0000000088d00000, 0x0000000088e00000, 0x0000000088e00000|100%| O|  |TAMS 0x0000000088e00000, 0x0000000088d00000| Untracked 
| 142|0x0000000088e00000, 0x0000000088f00000, 0x0000000088f00000|100%| O|  |TAMS 0x0000000088f00000, 0x0000000088e00000| Untracked 
| 143|0x0000000088f00000, 0x0000000089000000, 0x0000000089000000|100%| O|  |TAMS 0x0000000089000000, 0x0000000088f00000| Untracked 
| 144|0x0000000089000000, 0x0000000089100000, 0x0000000089100000|100%| O|  |TAMS 0x0000000089100000, 0x0000000089000000| Untracked 
| 145|0x0000000089100000, 0x0000000089200000, 0x0000000089200000|100%| O|  |TAMS 0x0000000089200000, 0x0000000089100000| Untracked 
| 146|0x0000000089200000, 0x0000000089300000, 0x0000000089300000|100%| O|  |TAMS 0x0000000089300000, 0x0000000089200000| Untracked 
| 147|0x0000000089300000, 0x0000000089400000, 0x0000000089400000|100%| O|  |TAMS 0x0000000089400000, 0x0000000089300000| Untracked 
| 148|0x0000000089400000, 0x0000000089500000, 0x0000000089500000|100%| O|  |TAMS 0x0000000089500000, 0x0000000089400000| Untracked 
| 149|0x0000000089500000, 0x0000000089600000, 0x0000000089600000|100%| O|  |TAMS 0x0000000089600000, 0x0000000089500000| Untracked 
| 150|0x0000000089600000, 0x0000000089700000, 0x0000000089700000|100%| O|  |TAMS 0x0000000089700000, 0x0000000089600000| Untracked 
| 151|0x0000000089700000, 0x0000000089800000, 0x0000000089800000|100%| O|  |TAMS 0x0000000089800000, 0x0000000089700000| Untracked 
| 152|0x0000000089800000, 0x0000000089900000, 0x0000000089900000|100%|HS|  |TAMS 0x0000000089900000, 0x0000000089800000| Complete 
| 153|0x0000000089900000, 0x0000000089a00000, 0x0000000089a00000|100%|HS|  |TAMS 0x0000000089a00000, 0x0000000089900000| Complete 
| 154|0x0000000089a00000, 0x0000000089b00000, 0x0000000089b00000|100%|HS|  |TAMS 0x0000000089b00000, 0x0000000089a00000| Complete 
| 155|0x0000000089b00000, 0x0000000089c00000, 0x0000000089c00000|100%| O|  |TAMS 0x0000000089c00000, 0x0000000089b00000| Untracked 
| 156|0x0000000089c00000, 0x0000000089d00000, 0x0000000089d00000|100%| O|  |TAMS 0x0000000089d00000, 0x0000000089c00000| Untracked 
| 157|0x0000000089d00000, 0x0000000089e00000, 0x0000000089e00000|100%| O|  |TAMS 0x0000000089e00000, 0x0000000089d00000| Untracked 
| 158|0x0000000089e00000, 0x0000000089f00000, 0x0000000089f00000|100%| O|  |TAMS 0x0000000089f00000, 0x0000000089e00000| Untracked 
| 159|0x0000000089f00000, 0x000000008a000000, 0x000000008a000000|100%| O|  |TAMS 0x000000008a000000, 0x0000000089f00000| Untracked 
| 160|0x000000008a000000, 0x000000008a100000, 0x000000008a100000|100%| O|  |TAMS 0x000000008a100000, 0x000000008a000000| Untracked 
| 161|0x000000008a100000, 0x000000008a200000, 0x000000008a200000|100%| O|  |TAMS 0x000000008a200000, 0x000000008a100000| Untracked 
| 162|0x000000008a200000, 0x000000008a300000, 0x000000008a300000|100%| O|  |TAMS 0x000000008a300000, 0x000000008a200000| Untracked 
| 163|0x000000008a300000, 0x000000008a400000, 0x000000008a400000|100%| O|  |TAMS 0x000000008a400000, 0x000000008a300000| Untracked 
| 164|0x000000008a400000, 0x000000008a500000, 0x000000008a500000|100%| O|  |TAMS 0x000000008a500000, 0x000000008a400000| Untracked 
| 165|0x000000008a500000, 0x000000008a600000, 0x000000008a600000|100%| O|  |TAMS 0x000000008a600000, 0x000000008a500000| Untracked 
| 166|0x000000008a600000, 0x000000008a700000, 0x000000008a700000|100%| O|  |TAMS 0x000000008a700000, 0x000000008a600000| Untracked 
| 167|0x000000008a700000, 0x000000008a800000, 0x000000008a800000|100%| O|  |TAMS 0x000000008a800000, 0x000000008a700000| Untracked 
| 168|0x000000008a800000, 0x000000008a900000, 0x000000008a900000|100%| O|  |TAMS 0x000000008a900000, 0x000000008a800000| Untracked 
| 169|0x000000008a900000, 0x000000008aa00000, 0x000000008aa00000|100%| O|  |TAMS 0x000000008aa00000, 0x000000008a900000| Untracked 
| 170|0x000000008aa00000, 0x000000008ab00000, 0x000000008ab00000|100%| O|  |TAMS 0x000000008ab00000, 0x000000008aa00000| Untracked 
| 171|0x000000008ab00000, 0x000000008ac00000, 0x000000008ac00000|100%| O|  |TAMS 0x000000008ab00000, 0x000000008ab00000| Untracked 
| 172|0x000000008ac00000, 0x000000008ad00000, 0x000000008ad00000|100%|HS|  |TAMS 0x000000008ad00000, 0x000000008ac00000| Complete 
| 173|0x000000008ad00000, 0x000000008ae00000, 0x000000008ae00000|100%|HS|  |TAMS 0x000000008ae00000, 0x000000008ad00000| Complete 
| 174|0x000000008ae00000, 0x000000008af00000, 0x000000008af00000|100%| O|  |TAMS 0x000000008af00000, 0x000000008ae00000| Untracked 
| 175|0x000000008af00000, 0x000000008b000000, 0x000000008b000000|100%| O|  |TAMS 0x000000008af00000, 0x000000008af00000| Untracked 
| 176|0x000000008b000000, 0x000000008b100000, 0x000000008b100000|100%| O|  |TAMS 0x000000008b000000, 0x000000008b000000| Untracked 
| 177|0x000000008b100000, 0x000000008b200000, 0x000000008b200000|100%| O|  |TAMS 0x000000008b200000, 0x000000008b100000| Untracked 
| 178|0x000000008b200000, 0x000000008b300000, 0x000000008b300000|100%| O|  |TAMS 0x000000008b300000, 0x000000008b200000| Untracked 
| 179|0x000000008b300000, 0x000000008b400000, 0x000000008b400000|100%| O|  |TAMS 0x000000008b400000, 0x000000008b300000| Untracked 
| 180|0x000000008b400000, 0x000000008b500000, 0x000000008b500000|100%| O|  |TAMS 0x000000008b500000, 0x000000008b400000| Untracked 
| 181|0x000000008b500000, 0x000000008b600000, 0x000000008b600000|100%| O|  |TAMS 0x000000008b600000, 0x000000008b500000| Untracked 
| 182|0x000000008b600000, 0x000000008b700000, 0x000000008b700000|100%| O|  |TAMS 0x000000008b700000, 0x000000008b600000| Untracked 
| 183|0x000000008b700000, 0x000000008b800000, 0x000000008b800000|100%| O|  |TAMS 0x000000008b800000, 0x000000008b700000| Untracked 
| 184|0x000000008b800000, 0x000000008b900000, 0x000000008b900000|100%| O|  |TAMS 0x000000008b900000, 0x000000008b800000| Untracked 
| 185|0x000000008b900000, 0x000000008ba00000, 0x000000008ba00000|100%|HS|  |TAMS 0x000000008ba00000, 0x000000008b900000| Complete 
| 186|0x000000008ba00000, 0x000000008bb00000, 0x000000008bb00000|100%|HS|  |TAMS 0x000000008bb00000, 0x000000008ba00000| Complete 
| 187|0x000000008bb00000, 0x000000008bc00000, 0x000000008bc00000|100%| O|  |TAMS 0x000000008bc00000, 0x000000008bb00000| Untracked 
| 188|0x000000008bc00000, 0x000000008bd00000, 0x000000008bd00000|100%| O|  |TAMS 0x000000008bd00000, 0x000000008bc00000| Untracked 
| 189|0x000000008bd00000, 0x000000008be00000, 0x000000008be00000|100%| O|  |TAMS 0x000000008be00000, 0x000000008bd00000| Untracked 
| 190|0x000000008be00000, 0x000000008bf00000, 0x000000008bf00000|100%| O|  |TAMS 0x000000008bf00000, 0x000000008be00000| Untracked 
| 191|0x000000008bf00000, 0x000000008c000000, 0x000000008c000000|100%| O|  |TAMS 0x000000008c000000, 0x000000008bf00000| Untracked 
| 192|0x000000008c000000, 0x000000008c100000, 0x000000008c100000|100%| O|  |TAMS 0x000000008c100000, 0x000000008c000000| Untracked 
| 193|0x000000008c100000, 0x000000008c200000, 0x000000008c200000|100%| O|  |TAMS 0x000000008c200000, 0x000000008c100000| Untracked 
| 194|0x000000008c200000, 0x000000008c300000, 0x000000008c300000|100%| O|  |TAMS 0x000000008c300000, 0x000000008c200000| Untracked 
| 195|0x000000008c300000, 0x000000008c400000, 0x000000008c400000|100%| O|  |TAMS 0x000000008c400000, 0x000000008c300000| Untracked 
| 196|0x000000008c400000, 0x000000008c500000, 0x000000008c500000|100%| O|  |TAMS 0x000000008c500000, 0x000000008c400000| Untracked 
| 197|0x000000008c500000, 0x000000008c600000, 0x000000008c600000|100%| O|  |TAMS 0x000000008c600000, 0x000000008c500000| Untracked 
| 198|0x000000008c600000, 0x000000008c700000, 0x000000008c700000|100%| O|  |TAMS 0x000000008c700000, 0x000000008c600000| Untracked 
| 199|0x000000008c700000, 0x000000008c800000, 0x000000008c800000|100%| O|  |TAMS 0x000000008c800000, 0x000000008c700000| Untracked 
| 200|0x000000008c800000, 0x000000008c900000, 0x000000008c900000|100%| O|  |TAMS 0x000000008c900000, 0x000000008c800000| Untracked 
| 201|0x000000008c900000, 0x000000008ca00000, 0x000000008ca00000|100%| O|  |TAMS 0x000000008ca00000, 0x000000008c900000| Untracked 
| 202|0x000000008ca00000, 0x000000008cb00000, 0x000000008cb00000|100%| O|  |TAMS 0x000000008cb00000, 0x000000008ca00000| Untracked 
| 203|0x000000008cb00000, 0x000000008cc00000, 0x000000008cc00000|100%| O|  |TAMS 0x000000008cc00000, 0x000000008cb00000| Untracked 
| 204|0x000000008cc00000, 0x000000008cd00000, 0x000000008cd00000|100%| O|  |TAMS 0x000000008cd00000, 0x000000008cc00000| Untracked 
| 205|0x000000008cd00000, 0x000000008ce00000, 0x000000008ce00000|100%| O|  |TAMS 0x000000008ce00000, 0x000000008cd00000| Untracked 
| 206|0x000000008ce00000, 0x000000008cf00000, 0x000000008cf00000|100%| O|  |TAMS 0x000000008cf00000, 0x000000008ce00000| Untracked 
| 207|0x000000008cf00000, 0x000000008d000000, 0x000000008d000000|100%| O|  |TAMS 0x000000008d000000, 0x000000008cf00000| Untracked 
| 208|0x000000008d000000, 0x000000008d100000, 0x000000008d100000|100%| O|  |TAMS 0x000000008d100000, 0x000000008d000000| Untracked 
| 209|0x000000008d100000, 0x000000008d200000, 0x000000008d200000|100%|HS|  |TAMS 0x000000008d200000, 0x000000008d100000| Complete 
| 210|0x000000008d200000, 0x000000008d300000, 0x000000008d300000|100%|HS|  |TAMS 0x000000008d300000, 0x000000008d200000| Complete 
| 211|0x000000008d300000, 0x000000008d400000, 0x000000008d400000|100%| O|  |TAMS 0x000000008d400000, 0x000000008d300000| Untracked 
| 212|0x000000008d400000, 0x000000008d500000, 0x000000008d500000|100%|HS|  |TAMS 0x000000008d500000, 0x000000008d400000| Complete 
| 213|0x000000008d500000, 0x000000008d600000, 0x000000008d600000|100%|HC|  |TAMS 0x000000008d600000, 0x000000008d500000| Complete 
| 214|0x000000008d600000, 0x000000008d700000, 0x000000008d700000|100%| O|  |TAMS 0x000000008d700000, 0x000000008d600000| Untracked 
| 215|0x000000008d700000, 0x000000008d800000, 0x000000008d800000|100%| O|  |TAMS 0x000000008d800000, 0x000000008d700000| Untracked 
| 216|0x000000008d800000, 0x000000008d900000, 0x000000008d900000|100%| O|  |TAMS 0x000000008d800000, 0x000000008d800000| Untracked 
| 217|0x000000008d900000, 0x000000008da00000, 0x000000008da00000|100%| O|  |TAMS 0x000000008d900000, 0x000000008d900000| Untracked 
| 218|0x000000008da00000, 0x000000008db00000, 0x000000008db00000|100%| O|  |TAMS 0x000000008db00000, 0x000000008da00000| Untracked 
| 219|0x000000008db00000, 0x000000008dc00000, 0x000000008dc00000|100%| O|  |TAMS 0x000000008dc00000, 0x000000008db00000| Untracked 
| 220|0x000000008dc00000, 0x000000008dd00000, 0x000000008dd00000|100%| O|  |TAMS 0x000000008dd00000, 0x000000008dc00000| Untracked 
| 221|0x000000008dd00000, 0x000000008de00000, 0x000000008de00000|100%| O|  |TAMS 0x000000008de00000, 0x000000008dd00000| Untracked 
| 222|0x000000008de00000, 0x000000008df00000, 0x000000008df00000|100%| O|  |TAMS 0x000000008df00000, 0x000000008de00000| Untracked 
| 223|0x000000008df00000, 0x000000008e000000, 0x000000008e000000|100%| O|  |TAMS 0x000000008e000000, 0x000000008df00000| Untracked 
| 224|0x000000008e000000, 0x000000008e100000, 0x000000008e100000|100%| O|  |TAMS 0x000000008e100000, 0x000000008e000000| Untracked 
| 225|0x000000008e100000, 0x000000008e200000, 0x000000008e200000|100%| O|  |TAMS 0x000000008e200000, 0x000000008e100000| Untracked 
| 226|0x000000008e200000, 0x000000008e300000, 0x000000008e300000|100%| O|  |TAMS 0x000000008e300000, 0x000000008e200000| Untracked 
| 227|0x000000008e300000, 0x000000008e400000, 0x000000008e400000|100%| O|  |TAMS 0x000000008e400000, 0x000000008e300000| Untracked 
| 228|0x000000008e400000, 0x000000008e500000, 0x000000008e500000|100%|HS|  |TAMS 0x000000008e500000, 0x000000008e400000| Complete 
| 229|0x000000008e500000, 0x000000008e600000, 0x000000008e600000|100%|HS|  |TAMS 0x000000008e600000, 0x000000008e500000| Complete 
| 230|0x000000008e600000, 0x000000008e700000, 0x000000008e700000|100%|HS|  |TAMS 0x000000008e700000, 0x000000008e600000| Complete 
| 231|0x000000008e700000, 0x000000008e800000, 0x000000008e800000|100%| O|  |TAMS 0x000000008e800000, 0x000000008e700000| Untracked 
| 232|0x000000008e800000, 0x000000008e900000, 0x000000008e900000|100%| O|  |TAMS 0x000000008e900000, 0x000000008e800000| Untracked 
| 233|0x000000008e900000, 0x000000008ea00000, 0x000000008ea00000|100%| O|  |TAMS 0x000000008ea00000, 0x000000008e900000| Untracked 
| 234|0x000000008ea00000, 0x000000008eb00000, 0x000000008eb00000|100%| O|  |TAMS 0x000000008eb00000, 0x000000008ea00000| Untracked 
| 235|0x000000008eb00000, 0x000000008ec00000, 0x000000008ec00000|100%| O|  |TAMS 0x000000008ec00000, 0x000000008eb00000| Untracked 
| 236|0x000000008ec00000, 0x000000008ed00000, 0x000000008ed00000|100%| O|  |TAMS 0x000000008ed00000, 0x000000008ec00000| Untracked 
| 237|0x000000008ed00000, 0x000000008ee00000, 0x000000008ee00000|100%| O|  |TAMS 0x000000008ee00000, 0x000000008ed00000| Untracked 
| 238|0x000000008ee00000, 0x000000008ef00000, 0x000000008ef00000|100%| O|  |TAMS 0x000000008ef00000, 0x000000008ee00000| Untracked 
| 239|0x000000008ef00000, 0x000000008f000000, 0x000000008f000000|100%| O|  |TAMS 0x000000008ef00000, 0x000000008ef00000| Untracked 
| 240|0x000000008f000000, 0x000000008f100000, 0x000000008f100000|100%| O|  |TAMS 0x000000008f000000, 0x000000008f000000| Untracked 
| 241|0x000000008f100000, 0x000000008f200000, 0x000000008f200000|100%| O|  |TAMS 0x000000008f200000, 0x000000008f100000| Untracked 
| 242|0x000000008f200000, 0x000000008f300000, 0x000000008f300000|100%| O|  |TAMS 0x000000008f300000, 0x000000008f200000| Untracked 
| 243|0x000000008f300000, 0x000000008f400000, 0x000000008f400000|100%| O|  |TAMS 0x000000008f400000, 0x000000008f300000| Untracked 
| 244|0x000000008f400000, 0x000000008f500000, 0x000000008f500000|100%| O|  |TAMS 0x000000008f500000, 0x000000008f400000| Untracked 
| 245|0x000000008f500000, 0x000000008f600000, 0x000000008f600000|100%| O|  |TAMS 0x000000008f600000, 0x000000008f500000| Untracked 
| 246|0x000000008f600000, 0x000000008f700000, 0x000000008f700000|100%| O|  |TAMS 0x000000008f700000, 0x000000008f600000| Untracked 
| 247|0x000000008f700000, 0x000000008f800000, 0x000000008f800000|100%| O|  |TAMS 0x000000008f800000, 0x000000008f700000| Untracked 
| 248|0x000000008f800000, 0x000000008f900000, 0x000000008f900000|100%|HS|  |TAMS 0x000000008f900000, 0x000000008f800000| Complete 
| 249|0x000000008f900000, 0x000000008fa00000, 0x000000008fa00000|100%|HS|  |TAMS 0x000000008fa00000, 0x000000008f900000| Complete 
| 250|0x000000008fa00000, 0x000000008fb00000, 0x000000008fb00000|100%| O|  |TAMS 0x000000008fb00000, 0x000000008fa00000| Untracked 
| 251|0x000000008fb00000, 0x000000008fc00000, 0x000000008fc00000|100%| O|  |TAMS 0x000000008fc00000, 0x000000008fb00000| Untracked 
| 252|0x000000008fc00000, 0x000000008fd00000, 0x000000008fd00000|100%| O|  |TAMS 0x000000008fd00000, 0x000000008fc00000| Untracked 
| 253|0x000000008fd00000, 0x000000008fe00000, 0x000000008fe00000|100%| O|  |TAMS 0x000000008fe00000, 0x000000008fd00000| Untracked 
| 254|0x000000008fe00000, 0x000000008ff00000, 0x000000008ff00000|100%| O|  |TAMS 0x000000008ff00000, 0x000000008fe00000| Untracked 
| 255|0x000000008ff00000, 0x0000000090000000, 0x0000000090000000|100%| O|  |TAMS 0x0000000090000000, 0x000000008ff00000| Untracked 
| 256|0x0000000090000000, 0x0000000090100000, 0x0000000090100000|100%| O|  |TAMS 0x0000000090100000, 0x0000000090000000| Untracked 
| 257|0x0000000090100000, 0x0000000090200000, 0x0000000090200000|100%| O|  |TAMS 0x0000000090200000, 0x0000000090100000| Untracked 
| 258|0x0000000090200000, 0x0000000090300000, 0x0000000090300000|100%| O|  |TAMS 0x0000000090300000, 0x0000000090200000| Untracked 
| 259|0x0000000090300000, 0x0000000090400000, 0x0000000090400000|100%| O|  |TAMS 0x0000000090400000, 0x0000000090300000| Untracked 
| 260|0x0000000090400000, 0x0000000090500000, 0x0000000090500000|100%| O|  |TAMS 0x0000000090500000, 0x0000000090400000| Untracked 
| 261|0x0000000090500000, 0x0000000090600000, 0x0000000090600000|100%| O|  |TAMS 0x0000000090600000, 0x0000000090500000| Untracked 
| 262|0x0000000090600000, 0x0000000090700000, 0x0000000090700000|100%| O|  |TAMS 0x0000000090700000, 0x0000000090600000| Untracked 
| 263|0x0000000090700000, 0x0000000090800000, 0x0000000090800000|100%| O|  |TAMS 0x0000000090800000, 0x0000000090700000| Untracked 
| 264|0x0000000090800000, 0x0000000090900000, 0x0000000090900000|100%| O|  |TAMS 0x0000000090900000, 0x0000000090800000| Untracked 
| 265|0x0000000090900000, 0x0000000090a00000, 0x0000000090a00000|100%| O|  |TAMS 0x0000000090a00000, 0x0000000090900000| Untracked 
| 266|0x0000000090a00000, 0x0000000090b00000, 0x0000000090b00000|100%| O|  |TAMS 0x0000000090b00000, 0x0000000090a00000| Untracked 
| 267|0x0000000090b00000, 0x0000000090c00000, 0x0000000090c00000|100%| O|  |TAMS 0x0000000090bc6e00, 0x0000000090b00000| Untracked 
| 268|0x0000000090c00000, 0x0000000090d00000, 0x0000000090d00000|100%| O|  |TAMS 0x0000000090c00000, 0x0000000090c00000| Untracked 
| 269|0x0000000090d00000, 0x0000000090e00000, 0x0000000090e00000|100%| O|  |TAMS 0x0000000090d00000, 0x0000000090d00000| Untracked 
| 270|0x0000000090e00000, 0x0000000090f00000, 0x0000000090f00000|100%| O|  |TAMS 0x0000000090e00000, 0x0000000090e00000| Untracked 
| 271|0x0000000090f00000, 0x0000000091000000, 0x0000000091000000|100%| O|  |TAMS 0x0000000090f00000, 0x0000000090f00000| Untracked 
| 272|0x0000000091000000, 0x0000000091100000, 0x0000000091100000|100%| O|  |TAMS 0x0000000091000000, 0x0000000091000000| Untracked 
| 273|0x0000000091100000, 0x0000000091200000, 0x0000000091200000|100%| O|  |TAMS 0x0000000091100000, 0x0000000091100000| Untracked 
| 274|0x0000000091200000, 0x0000000091300000, 0x0000000091300000|100%| O|  |TAMS 0x0000000091200000, 0x0000000091200000| Untracked 
| 275|0x0000000091300000, 0x0000000091400000, 0x0000000091400000|100%| O|  |TAMS 0x0000000091300000, 0x0000000091300000| Untracked 
| 276|0x0000000091400000, 0x0000000091500000, 0x0000000091500000|100%| O|  |TAMS 0x0000000091400000, 0x0000000091400000| Untracked 
| 277|0x0000000091500000, 0x0000000091600000, 0x0000000091600000|100%| O|  |TAMS 0x0000000091500000, 0x0000000091500000| Untracked 
| 278|0x0000000091600000, 0x0000000091700000, 0x0000000091700000|100%| O|  |TAMS 0x0000000091600000, 0x0000000091600000| Untracked 
| 279|0x0000000091700000, 0x0000000091800000, 0x0000000091800000|100%| O|  |TAMS 0x0000000091700000, 0x0000000091700000| Untracked 
| 280|0x0000000091800000, 0x0000000091900000, 0x0000000091900000|100%| O|  |TAMS 0x0000000091800000, 0x0000000091800000| Untracked 
| 281|0x0000000091900000, 0x0000000091a00000, 0x0000000091a00000|100%| O|  |TAMS 0x0000000091900000, 0x0000000091900000| Untracked 
| 282|0x0000000091a00000, 0x0000000091b00000, 0x0000000091b00000|100%| O|  |TAMS 0x0000000091a00000, 0x0000000091a00000| Untracked 
| 283|0x0000000091b00000, 0x0000000091c00000, 0x0000000091c00000|100%| O|  |TAMS 0x0000000091b00000, 0x0000000091b00000| Untracked 
| 284|0x0000000091c00000, 0x0000000091d00000, 0x0000000091d00000|100%| O|  |TAMS 0x0000000091c00000, 0x0000000091c00000| Untracked 
| 285|0x0000000091d00000, 0x0000000091e00000, 0x0000000091e00000|100%| O|  |TAMS 0x0000000091d00000, 0x0000000091d00000| Untracked 
| 286|0x0000000091e00000, 0x0000000091f00000, 0x0000000091f00000|100%| O|  |TAMS 0x0000000091e00000, 0x0000000091e00000| Untracked 
| 287|0x0000000091f00000, 0x0000000092000000, 0x0000000092000000|100%| O|  |TAMS 0x0000000091f00000, 0x0000000091f00000| Untracked 
| 288|0x0000000092000000, 0x0000000092100000, 0x0000000092100000|100%| O|  |TAMS 0x0000000092000000, 0x0000000092000000| Untracked 
| 289|0x0000000092100000, 0x0000000092200000, 0x0000000092200000|100%| O|  |TAMS 0x0000000092100000, 0x0000000092100000| Untracked 
| 290|0x0000000092200000, 0x0000000092300000, 0x0000000092300000|100%| O|  |TAMS 0x0000000092200000, 0x0000000092200000| Untracked 
| 291|0x0000000092300000, 0x0000000092400000, 0x0000000092400000|100%| O|  |TAMS 0x0000000092300000, 0x0000000092300000| Untracked 
| 292|0x0000000092400000, 0x0000000092500000, 0x0000000092500000|100%| O|  |TAMS 0x0000000092400000, 0x0000000092400000| Untracked 
| 293|0x0000000092500000, 0x0000000092600000, 0x0000000092600000|100%| O|  |TAMS 0x0000000092500000, 0x0000000092500000| Untracked 
| 294|0x0000000092600000, 0x0000000092700000, 0x0000000092700000|100%| O|  |TAMS 0x0000000092600000, 0x0000000092600000| Untracked 
| 295|0x0000000092700000, 0x0000000092800000, 0x0000000092800000|100%| O|  |TAMS 0x0000000092700000, 0x0000000092700000| Untracked 
| 296|0x0000000092800000, 0x0000000092900000, 0x0000000092900000|100%| O|  |TAMS 0x0000000092800000, 0x0000000092800000| Untracked 
| 297|0x0000000092900000, 0x0000000092a00000, 0x0000000092a00000|100%| O|  |TAMS 0x0000000092900000, 0x0000000092900000| Untracked 
| 298|0x0000000092a00000, 0x0000000092b00000, 0x0000000092b00000|100%| O|  |TAMS 0x0000000092a00000, 0x0000000092a00000| Untracked 
| 299|0x0000000092b00000, 0x0000000092c00000, 0x0000000092c00000|100%| O|  |TAMS 0x0000000092b00000, 0x0000000092b00000| Untracked 
| 300|0x0000000092c00000, 0x0000000092d00000, 0x0000000092d00000|100%| O|  |TAMS 0x0000000092c00000, 0x0000000092c00000| Untracked 
| 301|0x0000000092d00000, 0x0000000092e00000, 0x0000000092e00000|100%| O|  |TAMS 0x0000000092d00000, 0x0000000092d00000| Untracked 
| 302|0x0000000092e00000, 0x0000000092f00000, 0x0000000092f00000|100%| O|  |TAMS 0x0000000092e00000, 0x0000000092e00000| Untracked 
| 303|0x0000000092f00000, 0x0000000093000000, 0x0000000093000000|100%| O|  |TAMS 0x0000000092f00000, 0x0000000092f00000| Untracked 
| 304|0x0000000093000000, 0x0000000093100000, 0x0000000093100000|100%| O|  |TAMS 0x0000000093000000, 0x0000000093000000| Untracked 
| 305|0x0000000093100000, 0x0000000093200000, 0x0000000093200000|100%| O|  |TAMS 0x0000000093100000, 0x0000000093100000| Untracked 
| 306|0x0000000093200000, 0x0000000093300000, 0x0000000093300000|100%| O|  |TAMS 0x0000000093200000, 0x0000000093200000| Untracked 
| 307|0x0000000093300000, 0x0000000093400000, 0x0000000093400000|100%| O|  |TAMS 0x0000000093300000, 0x0000000093300000| Untracked 
| 308|0x0000000093400000, 0x0000000093500000, 0x0000000093500000|100%|HS|  |TAMS 0x0000000093400000, 0x0000000093400000| Complete 
| 309|0x0000000093500000, 0x0000000093600000, 0x0000000093600000|100%|HC|  |TAMS 0x0000000093500000, 0x0000000093500000| Complete 
| 310|0x0000000093600000, 0x0000000093700000, 0x0000000093700000|100%| O|  |TAMS 0x0000000093600000, 0x0000000093600000| Untracked 
| 311|0x0000000093700000, 0x0000000093800000, 0x0000000093800000|100%| O|  |TAMS 0x0000000093700000, 0x0000000093700000| Untracked 
| 312|0x0000000093800000, 0x0000000093900000, 0x0000000093900000|100%| O|  |TAMS 0x0000000093800000, 0x0000000093800000| Untracked 
| 313|0x0000000093900000, 0x0000000093a00000, 0x0000000093a00000|100%| O|  |TAMS 0x0000000093900000, 0x0000000093900000| Untracked 
| 314|0x0000000093a00000, 0x0000000093b00000, 0x0000000093b00000|100%| O|  |TAMS 0x0000000093a00000, 0x0000000093a00000| Untracked 
| 315|0x0000000093b00000, 0x0000000093c00000, 0x0000000093c00000|100%| O|  |TAMS 0x0000000093b00000, 0x0000000093b00000| Untracked 
| 316|0x0000000093c00000, 0x0000000093cfb800, 0x0000000093d00000| 98%| O|  |TAMS 0x0000000093c00000, 0x0000000093c00000| Untracked 
| 317|0x0000000093d00000, 0x0000000093d00000, 0x0000000093e00000|  0%| F|  |TAMS 0x0000000093d00000, 0x0000000093d00000| Untracked 
| 318|0x0000000093e00000, 0x0000000093f00000, 0x0000000093f00000|100%| O|  |TAMS 0x0000000093e00000, 0x0000000093e00000| Untracked 
| 319|0x0000000093f00000, 0x0000000094000000, 0x0000000094000000|100%| O|  |TAMS 0x0000000093f00000, 0x0000000093f00000| Untracked 
| 320|0x0000000094000000, 0x0000000094100000, 0x0000000094100000|100%| O|  |TAMS 0x0000000094000000, 0x0000000094000000| Untracked 
| 321|0x0000000094100000, 0x0000000094200000, 0x0000000094200000|100%| O|  |TAMS 0x0000000094100000, 0x0000000094100000| Untracked 
| 322|0x0000000094200000, 0x0000000094300000, 0x0000000094300000|100%| O|  |TAMS 0x0000000094200000, 0x0000000094200000| Untracked 
| 323|0x0000000094300000, 0x0000000094400000, 0x0000000094400000|100%| O|  |TAMS 0x0000000094300000, 0x0000000094300000| Untracked 
| 324|0x0000000094400000, 0x0000000094500000, 0x0000000094500000|100%| O|  |TAMS 0x0000000094400000, 0x0000000094400000| Untracked 
| 325|0x0000000094500000, 0x0000000094600000, 0x0000000094600000|100%| O|  |TAMS 0x0000000094500000, 0x0000000094500000| Untracked 
| 326|0x0000000094600000, 0x0000000094700000, 0x0000000094700000|100%| O|  |TAMS 0x0000000094600000, 0x0000000094600000| Untracked 
| 327|0x0000000094700000, 0x0000000094800000, 0x0000000094800000|100%| O|  |TAMS 0x0000000094700000, 0x0000000094700000| Untracked 
| 328|0x0000000094800000, 0x0000000094900000, 0x0000000094900000|100%| O|  |TAMS 0x0000000094800000, 0x0000000094800000| Untracked 
| 329|0x0000000094900000, 0x0000000094a00000, 0x0000000094a00000|100%| O|  |TAMS 0x0000000094900000, 0x0000000094900000| Untracked 
| 330|0x0000000094a00000, 0x0000000094b00000, 0x0000000094b00000|100%| O|  |TAMS 0x0000000094a00000, 0x0000000094a00000| Untracked 
| 331|0x0000000094b00000, 0x0000000094c00000, 0x0000000094c00000|100%| O|  |TAMS 0x0000000094b00000, 0x0000000094b00000| Untracked 
| 332|0x0000000094c00000, 0x0000000094d00000, 0x0000000094d00000|100%| O|  |TAMS 0x0000000094c00000, 0x0000000094c00000| Untracked 
| 333|0x0000000094d00000, 0x0000000094e00000, 0x0000000094e00000|100%| O|  |TAMS 0x0000000094d00000, 0x0000000094d00000| Untracked 
| 334|0x0000000094e00000, 0x0000000094f00000, 0x0000000094f00000|100%| O|  |TAMS 0x0000000094e00000, 0x0000000094e00000| Untracked 
| 335|0x0000000094f00000, 0x0000000095000000, 0x0000000095000000|100%| O|  |TAMS 0x0000000094f00000, 0x0000000094f00000| Untracked 
| 336|0x0000000095000000, 0x0000000095100000, 0x0000000095100000|100%| O|  |TAMS 0x0000000095000000, 0x0000000095000000| Untracked 
| 337|0x0000000095100000, 0x0000000095200000, 0x0000000095200000|100%| O|  |TAMS 0x0000000095100000, 0x0000000095100000| Untracked 
| 338|0x0000000095200000, 0x0000000095300000, 0x0000000095300000|100%| O|  |TAMS 0x0000000095200000, 0x0000000095200000| Untracked 
| 339|0x0000000095300000, 0x0000000095400000, 0x0000000095400000|100%| O|  |TAMS 0x0000000095300000, 0x0000000095300000| Untracked 
| 340|0x0000000095400000, 0x0000000095500000, 0x0000000095500000|100%| O|  |TAMS 0x0000000095400000, 0x0000000095400000| Untracked 
| 341|0x0000000095500000, 0x0000000095600000, 0x0000000095600000|100%| O|  |TAMS 0x0000000095500000, 0x0000000095500000| Untracked 
| 342|0x0000000095600000, 0x0000000095700000, 0x0000000095700000|100%| O|  |TAMS 0x0000000095600000, 0x0000000095600000| Untracked 
| 343|0x0000000095700000, 0x0000000095800000, 0x0000000095800000|100%| O|  |TAMS 0x0000000095700000, 0x0000000095700000| Untracked 
| 344|0x0000000095800000, 0x0000000095900000, 0x0000000095900000|100%| O|  |TAMS 0x0000000095800000, 0x0000000095800000| Untracked 
| 345|0x0000000095900000, 0x0000000095a00000, 0x0000000095a00000|100%| O|  |TAMS 0x0000000095900000, 0x0000000095900000| Untracked 
| 346|0x0000000095a00000, 0x0000000095b00000, 0x0000000095b00000|100%| O|  |TAMS 0x0000000095a00000, 0x0000000095a00000| Untracked 
| 347|0x0000000095b00000, 0x0000000095c00000, 0x0000000095c00000|100%| O|  |TAMS 0x0000000095b00000, 0x0000000095b00000| Untracked 
| 348|0x0000000095c00000, 0x0000000095d00000, 0x0000000095d00000|100%| O|  |TAMS 0x0000000095c00000, 0x0000000095c00000| Untracked 
| 349|0x0000000095d00000, 0x0000000095d00000, 0x0000000095e00000|  0%| F|  |TAMS 0x0000000095d00000, 0x0000000095d00000| Untracked 
| 350|0x0000000095e00000, 0x0000000095e00000, 0x0000000095f00000|  0%| F|  |TAMS 0x0000000095e00000, 0x0000000095e00000| Untracked 
| 351|0x0000000095f00000, 0x0000000095f00000, 0x0000000096000000|  0%| F|  |TAMS 0x0000000095f00000, 0x0000000095f00000| Untracked 
| 352|0x0000000096000000, 0x0000000096000000, 0x0000000096100000|  0%| F|  |TAMS 0x0000000096000000, 0x0000000096000000| Untracked 
| 353|0x0000000096100000, 0x0000000096100000, 0x0000000096200000|  0%| F|  |TAMS 0x0000000096100000, 0x0000000096100000| Untracked 
| 354|0x0000000096200000, 0x0000000096200000, 0x0000000096300000|  0%| F|  |TAMS 0x0000000096200000, 0x0000000096200000| Untracked 
| 355|0x0000000096300000, 0x0000000096300000, 0x0000000096400000|  0%| F|  |TAMS 0x0000000096300000, 0x0000000096300000| Untracked 
| 356|0x0000000096400000, 0x0000000096400000, 0x0000000096500000|  0%| F|  |TAMS 0x0000000096400000, 0x0000000096400000| Untracked 
| 357|0x0000000096500000, 0x0000000096500000, 0x0000000096600000|  0%| F|  |TAMS 0x0000000096500000, 0x0000000096500000| Untracked 
| 358|0x0000000096600000, 0x0000000096600000, 0x0000000096700000|  0%| F|  |TAMS 0x0000000096600000, 0x0000000096600000| Untracked 
| 359|0x0000000096700000, 0x0000000096700000, 0x0000000096800000|  0%| F|  |TAMS 0x0000000096700000, 0x0000000096700000| Untracked 
| 360|0x0000000096800000, 0x0000000096800000, 0x0000000096900000|  0%| F|  |TAMS 0x0000000096800000, 0x0000000096800000| Untracked 
| 361|0x0000000096900000, 0x0000000096900000, 0x0000000096a00000|  0%| F|  |TAMS 0x0000000096900000, 0x0000000096900000| Untracked 
| 362|0x0000000096a00000, 0x0000000096b00000, 0x0000000096b00000|100%| O|  |TAMS 0x0000000096a00000, 0x0000000096a00000| Untracked 
| 363|0x0000000096b00000, 0x0000000096c00000, 0x0000000096c00000|100%| O|  |TAMS 0x0000000096b00000, 0x0000000096b00000| Untracked 
| 364|0x0000000096c00000, 0x0000000096d00000, 0x0000000096d00000|100%| O|  |TAMS 0x0000000096c00000, 0x0000000096c00000| Untracked 
| 365|0x0000000096d00000, 0x0000000096e00000, 0x0000000096e00000|100%| O|  |TAMS 0x0000000096d00000, 0x0000000096d00000| Untracked 
| 366|0x0000000096e00000, 0x0000000096e00000, 0x0000000096f00000|  0%| F|  |TAMS 0x0000000096e00000, 0x0000000096e00000| Untracked 
| 367|0x0000000096f00000, 0x0000000096f00000, 0x0000000097000000|  0%| F|  |TAMS 0x0000000096f00000, 0x0000000096f00000| Untracked 
| 368|0x0000000097000000, 0x0000000097000000, 0x0000000097100000|  0%| F|  |TAMS 0x0000000097000000, 0x0000000097000000| Untracked 
| 369|0x0000000097100000, 0x0000000097100000, 0x0000000097200000|  0%| F|  |TAMS 0x0000000097100000, 0x0000000097100000| Untracked 
| 370|0x0000000097200000, 0x0000000097200000, 0x0000000097300000|  0%| F|  |TAMS 0x0000000097200000, 0x0000000097200000| Untracked 
| 371|0x0000000097300000, 0x0000000097300000, 0x0000000097400000|  0%| F|  |TAMS 0x0000000097300000, 0x0000000097300000| Untracked 
| 372|0x0000000097400000, 0x0000000097400000, 0x0000000097500000|  0%| F|  |TAMS 0x0000000097400000, 0x0000000097400000| Untracked 
| 373|0x0000000097500000, 0x0000000097500000, 0x0000000097600000|  0%| F|  |TAMS 0x0000000097500000, 0x0000000097500000| Untracked 
| 374|0x0000000097600000, 0x0000000097700000, 0x0000000097700000|100%| O|  |TAMS 0x0000000097600000, 0x0000000097600000| Untracked 
| 375|0x0000000097700000, 0x0000000097800000, 0x0000000097800000|100%| O|  |TAMS 0x0000000097700000, 0x0000000097700000| Untracked 
| 376|0x0000000097800000, 0x0000000097900000, 0x0000000097900000|100%| O|  |TAMS 0x0000000097800000, 0x0000000097800000| Untracked 
| 377|0x0000000097900000, 0x0000000097a00000, 0x0000000097a00000|100%| O|  |TAMS 0x0000000097900000, 0x0000000097900000| Untracked 
| 378|0x0000000097a00000, 0x0000000097b00000, 0x0000000097b00000|100%| O|  |TAMS 0x0000000097a00000, 0x0000000097a00000| Untracked 
| 379|0x0000000097b00000, 0x0000000097c00000, 0x0000000097c00000|100%| O|  |TAMS 0x0000000097b00000, 0x0000000097b00000| Untracked 
| 380|0x0000000097c00000, 0x0000000097d00000, 0x0000000097d00000|100%| O|  |TAMS 0x0000000097c00000, 0x0000000097c00000| Untracked 
| 381|0x0000000097d00000, 0x0000000097e00000, 0x0000000097e00000|100%| O|  |TAMS 0x0000000097d00000, 0x0000000097d00000| Untracked 
| 382|0x0000000097e00000, 0x0000000097f00000, 0x0000000097f00000|100%| O|  |TAMS 0x0000000097e00000, 0x0000000097e00000| Untracked 
| 383|0x0000000097f00000, 0x0000000098000000, 0x0000000098000000|100%| O|  |TAMS 0x0000000097f00000, 0x0000000097f00000| Untracked 
| 384|0x0000000098000000, 0x0000000098100000, 0x0000000098100000|100%| O|  |TAMS 0x0000000098000000, 0x0000000098000000| Untracked 
| 385|0x0000000098100000, 0x0000000098100000, 0x0000000098200000|  0%| F|  |TAMS 0x0000000098100000, 0x0000000098100000| Untracked 
| 386|0x0000000098200000, 0x0000000098200000, 0x0000000098300000|  0%| F|  |TAMS 0x0000000098200000, 0x0000000098200000| Untracked 
| 387|0x0000000098300000, 0x0000000098300000, 0x0000000098400000|  0%| F|  |TAMS 0x0000000098300000, 0x0000000098300000| Untracked 
| 388|0x0000000098400000, 0x0000000098400000, 0x0000000098500000|  0%| F|  |TAMS 0x0000000098400000, 0x0000000098400000| Untracked 
| 389|0x0000000098500000, 0x0000000098500000, 0x0000000098600000|  0%| F|  |TAMS 0x0000000098500000, 0x0000000098500000| Untracked 
| 390|0x0000000098600000, 0x0000000098600000, 0x0000000098700000|  0%| F|  |TAMS 0x0000000098600000, 0x0000000098600000| Untracked 
| 391|0x0000000098700000, 0x0000000098700000, 0x0000000098800000|  0%| F|  |TAMS 0x0000000098700000, 0x0000000098700000| Untracked 
| 392|0x0000000098800000, 0x0000000098800000, 0x0000000098900000|  0%| F|  |TAMS 0x0000000098800000, 0x0000000098800000| Untracked 
| 393|0x0000000098900000, 0x0000000098a00000, 0x0000000098a00000|100%| O|  |TAMS 0x0000000098900000, 0x0000000098900000| Untracked 
| 394|0x0000000098a00000, 0x0000000098b00000, 0x0000000098b00000|100%| O|  |TAMS 0x0000000098a00000, 0x0000000098a00000| Untracked 
| 395|0x0000000098b00000, 0x0000000098c00000, 0x0000000098c00000|100%| O|  |TAMS 0x0000000098b00000, 0x0000000098b00000| Untracked 
| 396|0x0000000098c00000, 0x0000000098c00000, 0x0000000098d00000|  0%| F|  |TAMS 0x0000000098c00000, 0x0000000098c00000| Untracked 
| 397|0x0000000098d00000, 0x0000000098d00000, 0x0000000098e00000|  0%| F|  |TAMS 0x0000000098d00000, 0x0000000098d00000| Untracked 
| 398|0x0000000098e00000, 0x0000000098e00000, 0x0000000098f00000|  0%| F|  |TAMS 0x0000000098e00000, 0x0000000098e00000| Untracked 
| 399|0x0000000098f00000, 0x0000000098f00000, 0x0000000099000000|  0%| F|  |TAMS 0x0000000098f00000, 0x0000000098f00000| Untracked 
| 400|0x0000000099000000, 0x0000000099000000, 0x0000000099100000|  0%| F|  |TAMS 0x0000000099000000, 0x0000000099000000| Untracked 
| 401|0x0000000099100000, 0x0000000099100000, 0x0000000099200000|  0%| F|  |TAMS 0x0000000099100000, 0x0000000099100000| Untracked 
| 402|0x0000000099200000, 0x0000000099200000, 0x0000000099300000|  0%| F|  |TAMS 0x0000000099200000, 0x0000000099200000| Untracked 
| 403|0x0000000099300000, 0x0000000099300000, 0x0000000099400000|  0%| F|  |TAMS 0x0000000099300000, 0x0000000099300000| Untracked 
| 404|0x0000000099400000, 0x0000000099400000, 0x0000000099500000|  0%| F|  |TAMS 0x0000000099400000, 0x0000000099400000| Untracked 
| 405|0x0000000099500000, 0x0000000099500000, 0x0000000099600000|  0%| F|  |TAMS 0x0000000099500000, 0x0000000099500000| Untracked 
| 406|0x0000000099600000, 0x0000000099600000, 0x0000000099700000|  0%| F|  |TAMS 0x0000000099600000, 0x0000000099600000| Untracked 
| 407|0x0000000099700000, 0x0000000099700000, 0x0000000099800000|  0%| F|  |TAMS 0x0000000099700000, 0x0000000099700000| Untracked 
| 408|0x0000000099800000, 0x0000000099800000, 0x0000000099900000|  0%| F|  |TAMS 0x0000000099800000, 0x0000000099800000| Untracked 
| 409|0x0000000099900000, 0x0000000099900000, 0x0000000099a00000|  0%| F|  |TAMS 0x0000000099900000, 0x0000000099900000| Untracked 
| 410|0x0000000099a00000, 0x0000000099a00000, 0x0000000099b00000|  0%| F|  |TAMS 0x0000000099a00000, 0x0000000099a00000| Untracked 
| 411|0x0000000099b00000, 0x0000000099b00000, 0x0000000099c00000|  0%| F|  |TAMS 0x0000000099b00000, 0x0000000099b00000| Untracked 
| 412|0x0000000099c00000, 0x0000000099c00000, 0x0000000099d00000|  0%| F|  |TAMS 0x0000000099c00000, 0x0000000099c00000| Untracked 
| 413|0x0000000099d00000, 0x0000000099d00000, 0x0000000099e00000|  0%| F|  |TAMS 0x0000000099d00000, 0x0000000099d00000| Untracked 
| 414|0x0000000099e00000, 0x0000000099e00000, 0x0000000099f00000|  0%| F|  |TAMS 0x0000000099e00000, 0x0000000099e00000| Untracked 
| 415|0x0000000099f00000, 0x0000000099f00000, 0x000000009a000000|  0%| F|  |TAMS 0x0000000099f00000, 0x0000000099f00000| Untracked 
| 416|0x000000009a000000, 0x000000009a000000, 0x000000009a100000|  0%| F|  |TAMS 0x000000009a000000, 0x000000009a000000| Untracked 
| 417|0x000000009a100000, 0x000000009a100000, 0x000000009a200000|  0%| F|  |TAMS 0x000000009a100000, 0x000000009a100000| Untracked 
| 418|0x000000009a200000, 0x000000009a200000, 0x000000009a300000|  0%| F|  |TAMS 0x000000009a200000, 0x000000009a200000| Untracked 
| 419|0x000000009a300000, 0x000000009a300000, 0x000000009a400000|  0%| F|  |TAMS 0x000000009a300000, 0x000000009a300000| Untracked 
| 420|0x000000009a400000, 0x000000009a400000, 0x000000009a500000|  0%| F|  |TAMS 0x000000009a400000, 0x000000009a400000| Untracked 
| 421|0x000000009a500000, 0x000000009a500000, 0x000000009a600000|  0%| F|  |TAMS 0x000000009a500000, 0x000000009a500000| Untracked 
| 422|0x000000009a600000, 0x000000009a600000, 0x000000009a700000|  0%| F|  |TAMS 0x000000009a600000, 0x000000009a600000| Untracked 
| 423|0x000000009a700000, 0x000000009a700000, 0x000000009a800000|  0%| F|  |TAMS 0x000000009a700000, 0x000000009a700000| Untracked 
| 424|0x000000009a800000, 0x000000009a800000, 0x000000009a900000|  0%| F|  |TAMS 0x000000009a800000, 0x000000009a800000| Untracked 
| 425|0x000000009a900000, 0x000000009a900000, 0x000000009aa00000|  0%| F|  |TAMS 0x000000009a900000, 0x000000009a900000| Untracked 
| 426|0x000000009aa00000, 0x000000009aa00000, 0x000000009ab00000|  0%| F|  |TAMS 0x000000009aa00000, 0x000000009aa00000| Untracked 
| 427|0x000000009ab00000, 0x000000009ab00000, 0x000000009ac00000|  0%| F|  |TAMS 0x000000009ab00000, 0x000000009ab00000| Untracked 
| 428|0x000000009ac00000, 0x000000009ac00000, 0x000000009ad00000|  0%| F|  |TAMS 0x000000009ac00000, 0x000000009ac00000| Untracked 
| 429|0x000000009ad00000, 0x000000009ad00000, 0x000000009ae00000|  0%| F|  |TAMS 0x000000009ad00000, 0x000000009ad00000| Untracked 
| 430|0x000000009ae00000, 0x000000009ae00000, 0x000000009af00000|  0%| F|  |TAMS 0x000000009ae00000, 0x000000009ae00000| Untracked 
| 431|0x000000009af00000, 0x000000009af00000, 0x000000009b000000|  0%| F|  |TAMS 0x000000009af00000, 0x000000009af00000| Untracked 
| 432|0x000000009b000000, 0x000000009b000000, 0x000000009b100000|  0%| F|  |TAMS 0x000000009b000000, 0x000000009b000000| Untracked 
| 433|0x000000009b100000, 0x000000009b1b7700, 0x000000009b200000| 71%| S|CS|TAMS 0x000000009b100000, 0x000000009b100000| Complete 
| 434|0x000000009b200000, 0x000000009b200000, 0x000000009b300000|  0%| F|  |TAMS 0x000000009b200000, 0x000000009b200000| Untracked 
| 435|0x000000009b300000, 0x000000009b300000, 0x000000009b400000|  0%| F|  |TAMS 0x000000009b300000, 0x000000009b300000| Untracked 
| 436|0x000000009b400000, 0x000000009b500000, 0x000000009b500000|100%| S|CS|TAMS 0x000000009b400000, 0x000000009b400000| Complete 
| 437|0x000000009b500000, 0x000000009b600000, 0x000000009b600000|100%| S|CS|TAMS 0x000000009b500000, 0x000000009b500000| Complete 
| 438|0x000000009b600000, 0x000000009b700000, 0x000000009b700000|100%| S|CS|TAMS 0x000000009b600000, 0x000000009b600000| Complete 
| 439|0x000000009b700000, 0x000000009b800000, 0x000000009b800000|100%| S|CS|TAMS 0x000000009b700000, 0x000000009b700000| Complete 
| 440|0x000000009b800000, 0x000000009b800000, 0x000000009b900000|  0%| F|  |TAMS 0x000000009b800000, 0x000000009b800000| Untracked 
| 441|0x000000009b900000, 0x000000009b900000, 0x000000009ba00000|  0%| F|  |TAMS 0x000000009b900000, 0x000000009b900000| Untracked 
| 442|0x000000009ba00000, 0x000000009ba00000, 0x000000009bb00000|  0%| F|  |TAMS 0x000000009ba00000, 0x000000009ba00000| Untracked 
| 443|0x000000009bb00000, 0x000000009bb00000, 0x000000009bc00000|  0%| F|  |TAMS 0x000000009bb00000, 0x000000009bb00000| Untracked 
| 444|0x000000009bc00000, 0x000000009bc00000, 0x000000009bd00000|  0%| F|  |TAMS 0x000000009bc00000, 0x000000009bc00000| Untracked 
| 445|0x000000009bd00000, 0x000000009bd00000, 0x000000009be00000|  0%| F|  |TAMS 0x000000009bd00000, 0x000000009bd00000| Untracked 
| 446|0x000000009be00000, 0x000000009be00000, 0x000000009bf00000|  0%| F|  |TAMS 0x000000009be00000, 0x000000009be00000| Untracked 
| 447|0x000000009bf00000, 0x000000009bf00000, 0x000000009c000000|  0%| F|  |TAMS 0x000000009bf00000, 0x000000009bf00000| Untracked 
| 448|0x000000009c000000, 0x000000009c000000, 0x000000009c100000|  0%| F|  |TAMS 0x000000009c000000, 0x000000009c000000| Untracked 
| 449|0x000000009c100000, 0x000000009c100000, 0x000000009c200000|  0%| F|  |TAMS 0x000000009c100000, 0x000000009c100000| Untracked 
| 450|0x000000009c200000, 0x000000009c200000, 0x000000009c300000|  0%| F|  |TAMS 0x000000009c200000, 0x000000009c200000| Untracked 
| 451|0x000000009c300000, 0x000000009c300000, 0x000000009c400000|  0%| F|  |TAMS 0x000000009c300000, 0x000000009c300000| Untracked 
| 452|0x000000009c400000, 0x000000009c400000, 0x000000009c500000|  0%| F|  |TAMS 0x000000009c400000, 0x000000009c400000| Untracked 
| 453|0x000000009c500000, 0x000000009c500000, 0x000000009c600000|  0%| F|  |TAMS 0x000000009c500000, 0x000000009c500000| Untracked 
| 454|0x000000009c600000, 0x000000009c600000, 0x000000009c700000|  0%| F|  |TAMS 0x000000009c600000, 0x000000009c600000| Untracked 
| 455|0x000000009c700000, 0x000000009c700000, 0x000000009c800000|  0%| F|  |TAMS 0x000000009c700000, 0x000000009c700000| Untracked 
| 456|0x000000009c800000, 0x000000009c800000, 0x000000009c900000|  0%| F|  |TAMS 0x000000009c800000, 0x000000009c800000| Untracked 
| 457|0x000000009c900000, 0x000000009c900000, 0x000000009ca00000|  0%| F|  |TAMS 0x000000009c900000, 0x000000009c900000| Untracked 
| 458|0x000000009ca00000, 0x000000009ca00000, 0x000000009cb00000|  0%| F|  |TAMS 0x000000009ca00000, 0x000000009ca00000| Untracked 
| 459|0x000000009cb00000, 0x000000009cb00000, 0x000000009cc00000|  0%| F|  |TAMS 0x000000009cb00000, 0x000000009cb00000| Untracked 
| 460|0x000000009cc00000, 0x000000009cc00000, 0x000000009cd00000|  0%| F|  |TAMS 0x000000009cc00000, 0x000000009cc00000| Untracked 
| 461|0x000000009cd00000, 0x000000009cd00000, 0x000000009ce00000|  0%| F|  |TAMS 0x000000009cd00000, 0x000000009cd00000| Untracked 
| 462|0x000000009ce00000, 0x000000009ce00000, 0x000000009cf00000|  0%| F|  |TAMS 0x000000009ce00000, 0x000000009ce00000| Untracked 
| 463|0x000000009cf00000, 0x000000009cf00000, 0x000000009d000000|  0%| F|  |TAMS 0x000000009cf00000, 0x000000009cf00000| Untracked 
| 464|0x000000009d000000, 0x000000009d000000, 0x000000009d100000|  0%| F|  |TAMS 0x000000009d000000, 0x000000009d000000| Untracked 
| 465|0x000000009d100000, 0x000000009d100000, 0x000000009d200000|  0%| F|  |TAMS 0x000000009d100000, 0x000000009d100000| Untracked 
| 466|0x000000009d200000, 0x000000009d200000, 0x000000009d300000|  0%| F|  |TAMS 0x000000009d200000, 0x000000009d200000| Untracked 
| 467|0x000000009d300000, 0x000000009d300000, 0x000000009d400000|  0%| F|  |TAMS 0x000000009d300000, 0x000000009d300000| Untracked 
| 468|0x000000009d400000, 0x000000009d400000, 0x000000009d500000|  0%| F|  |TAMS 0x000000009d400000, 0x000000009d400000| Untracked 
| 469|0x000000009d500000, 0x000000009d500000, 0x000000009d600000|  0%| F|  |TAMS 0x000000009d500000, 0x000000009d500000| Untracked 
| 470|0x000000009d600000, 0x000000009d600000, 0x000000009d700000|  0%| F|  |TAMS 0x000000009d600000, 0x000000009d600000| Untracked 
| 471|0x000000009d700000, 0x000000009d700000, 0x000000009d800000|  0%| F|  |TAMS 0x000000009d700000, 0x000000009d700000| Untracked 
| 472|0x000000009d800000, 0x000000009d800000, 0x000000009d900000|  0%| F|  |TAMS 0x000000009d800000, 0x000000009d800000| Untracked 
| 473|0x000000009d900000, 0x000000009d900000, 0x000000009da00000|  0%| F|  |TAMS 0x000000009d900000, 0x000000009d900000| Untracked 
| 474|0x000000009da00000, 0x000000009da00000, 0x000000009db00000|  0%| F|  |TAMS 0x000000009da00000, 0x000000009da00000| Untracked 
| 475|0x000000009db00000, 0x000000009db00000, 0x000000009dc00000|  0%| F|  |TAMS 0x000000009db00000, 0x000000009db00000| Untracked 
| 476|0x000000009dc00000, 0x000000009dc00000, 0x000000009dd00000|  0%| F|  |TAMS 0x000000009dc00000, 0x000000009dc00000| Untracked 
| 477|0x000000009dd00000, 0x000000009dd00000, 0x000000009de00000|  0%| F|  |TAMS 0x000000009dd00000, 0x000000009dd00000| Untracked 
| 478|0x000000009de00000, 0x000000009de00000, 0x000000009df00000|  0%| F|  |TAMS 0x000000009de00000, 0x000000009de00000| Untracked 
| 479|0x000000009df00000, 0x000000009df00000, 0x000000009e000000|  0%| F|  |TAMS 0x000000009df00000, 0x000000009df00000| Untracked 
| 480|0x000000009e000000, 0x000000009e000000, 0x000000009e100000|  0%| F|  |TAMS 0x000000009e000000, 0x000000009e000000| Untracked 
| 481|0x000000009e100000, 0x000000009e100000, 0x000000009e200000|  0%| F|  |TAMS 0x000000009e100000, 0x000000009e100000| Untracked 
| 482|0x000000009e200000, 0x000000009e200000, 0x000000009e300000|  0%| F|  |TAMS 0x000000009e200000, 0x000000009e200000| Untracked 
| 483|0x000000009e300000, 0x000000009e300000, 0x000000009e400000|  0%| F|  |TAMS 0x000000009e300000, 0x000000009e300000| Untracked 
| 484|0x000000009e400000, 0x000000009e400000, 0x000000009e500000|  0%| F|  |TAMS 0x000000009e400000, 0x000000009e400000| Untracked 
| 485|0x000000009e500000, 0x000000009e500000, 0x000000009e600000|  0%| F|  |TAMS 0x000000009e500000, 0x000000009e500000| Untracked 
| 486|0x000000009e600000, 0x000000009e600000, 0x000000009e700000|  0%| F|  |TAMS 0x000000009e600000, 0x000000009e600000| Untracked 
| 487|0x000000009e700000, 0x000000009e700000, 0x000000009e800000|  0%| F|  |TAMS 0x000000009e700000, 0x000000009e700000| Untracked 
| 488|0x000000009e800000, 0x000000009e800000, 0x000000009e900000|  0%| F|  |TAMS 0x000000009e800000, 0x000000009e800000| Untracked 
| 489|0x000000009e900000, 0x000000009e900000, 0x000000009ea00000|  0%| F|  |TAMS 0x000000009e900000, 0x000000009e900000| Untracked 
| 490|0x000000009ea00000, 0x000000009ea00000, 0x000000009eb00000|  0%| F|  |TAMS 0x000000009ea00000, 0x000000009ea00000| Untracked 
| 491|0x000000009eb00000, 0x000000009eb00000, 0x000000009ec00000|  0%| F|  |TAMS 0x000000009eb00000, 0x000000009eb00000| Untracked 
| 492|0x000000009ec00000, 0x000000009ec00000, 0x000000009ed00000|  0%| F|  |TAMS 0x000000009ec00000, 0x000000009ec00000| Untracked 
| 493|0x000000009ed00000, 0x000000009ed00000, 0x000000009ee00000|  0%| F|  |TAMS 0x000000009ed00000, 0x000000009ed00000| Untracked 
| 494|0x000000009ee00000, 0x000000009ee00000, 0x000000009ef00000|  0%| F|  |TAMS 0x000000009ee00000, 0x000000009ee00000| Untracked 
| 495|0x000000009ef00000, 0x000000009ef00000, 0x000000009f000000|  0%| F|  |TAMS 0x000000009ef00000, 0x000000009ef00000| Untracked 
| 496|0x000000009f000000, 0x000000009f000000, 0x000000009f100000|  0%| F|  |TAMS 0x000000009f000000, 0x000000009f000000| Untracked 
| 497|0x000000009f100000, 0x000000009f100000, 0x000000009f200000|  0%| F|  |TAMS 0x000000009f100000, 0x000000009f100000| Untracked 
| 498|0x000000009f200000, 0x000000009f200000, 0x000000009f300000|  0%| F|  |TAMS 0x000000009f200000, 0x000000009f200000| Untracked 
| 499|0x000000009f300000, 0x000000009f300000, 0x000000009f400000|  0%| F|  |TAMS 0x000000009f300000, 0x000000009f300000| Untracked 
| 500|0x000000009f400000, 0x000000009f400000, 0x000000009f500000|  0%| F|  |TAMS 0x000000009f400000, 0x000000009f400000| Untracked 
| 501|0x000000009f500000, 0x000000009f500000, 0x000000009f600000|  0%| F|  |TAMS 0x000000009f500000, 0x000000009f500000| Untracked 
| 502|0x000000009f600000, 0x000000009f600000, 0x000000009f700000|  0%| F|  |TAMS 0x000000009f600000, 0x000000009f600000| Untracked 
| 503|0x000000009f700000, 0x000000009f741028, 0x000000009f800000| 25%| E|  |TAMS 0x000000009f700000, 0x000000009f700000| Complete 
| 504|0x000000009f800000, 0x000000009f900000, 0x000000009f900000|100%| E|  |TAMS 0x000000009f800000, 0x000000009f800000| Complete 
| 505|0x000000009f900000, 0x000000009fa00000, 0x000000009fa00000|100%| E|CS|TAMS 0x000000009f900000, 0x000000009f900000| Complete 
| 506|0x000000009fa00000, 0x000000009fb00000, 0x000000009fb00000|100%| E|CS|TAMS 0x000000009fa00000, 0x000000009fa00000| Complete 

Card table byte_map: [0x0000020afb6c0000,0x0000020afbac0000] _byte_map_base: 0x0000020afb2c0000

Marking Bits (Prev, Next): (CMBitMap*) 0x0000020af35197a0, (CMBitMap*) 0x0000020af35197e0
 Prev Bits: [0x0000020afbec0000, 0x0000020afdec0000)
 Next Bits: [0x0000020afdec0000, 0x0000020affec0000)

Polling page: 0x0000020af1370000

Metaspace:

Usage:
  Non-class:    110.63 MB used.
      Class:     17.38 MB used.
       Both:    128.01 MB used.

Virtual space:
  Non-class space:      128.00 MB reserved,     111.81 MB ( 87%) committed,  2 nodes.
      Class space:      416.00 MB reserved,      18.44 MB (  4%) committed,  1 nodes.
             Both:      544.00 MB reserved,     130.25 MB ( 24%) committed. 

Chunk freelists:
   Non-Class:  15.66 MB
       Class:  13.61 MB
        Both:  29.27 MB

MaxMetaspaceSize: 512.00 MB
CompressedClassSpaceSize: 416.00 MB
Initial GC threshold: 21.00 MB
Current GC threshold: 197.12 MB
CDS: on
MetaspaceReclaimPolicy: balanced
 - commit_granule_bytes: 65536.
 - commit_granule_words: 8192.
 - virtual_space_node_default_size: 8388608.
 - enlarge_chunks_in_place: 1.
 - new_chunks_are_fully_committed: 0.
 - uncommit_free_chunks: 1.
 - use_allocation_guard: 0.
 - handle_deallocations: 1.


Internal statistics:

num_allocs_failed_limit: 12.
num_arena_births: 3388.
num_arena_deaths: 0.
num_vsnodes_births: 3.
num_vsnodes_deaths: 0.
num_space_committed: 2082.
num_space_uncommitted: 0.
num_chunks_returned_to_freelist: 12.
num_chunks_taken_from_freelist: 9931.
num_chunk_merges: 12.
num_chunk_splits: 6111.
num_chunks_enlarged: 3438.
num_inconsistent_stats: 0.

CodeHeap 'non-profiled nmethods': size=120000Kb used=16077Kb max_used=16223Kb free=103922Kb
 bounds [0x0000020a87ad0000, 0x0000020a88ad0000, 0x0000020a8f000000]
CodeHeap 'profiled nmethods': size=120000Kb used=36676Kb max_used=37892Kb free=83324Kb
 bounds [0x0000020a80000000, 0x0000020a82510000, 0x0000020a87530000]
CodeHeap 'non-nmethods': size=5760Kb used=1806Kb max_used=1867Kb free=3954Kb
 bounds [0x0000020a87530000, 0x0000020a877a0000, 0x0000020a87ad0000]
 total_blobs=19881 nmethods=18973 adapters=819
 compilation: enabled
              stopped_count=0, restarted_count=0
 full_count=0

Compilation events (20 events):
Event: 65.451 Thread 0x0000020a9194d560 nmethod 23814 0x0000020a88129190 code [0x0000020a88129320, 0x0000020a881293d8]
Event: 65.451 Thread 0x0000020a9194d560 23815       1       org.gradle.internal.logging.source.PrintStreamLoggingSystem$SnapshotImpl::access$200 (5 bytes)
Event: 65.451 Thread 0x0000020a9194d560 nmethod 23815 0x0000020a88950910 code [0x0000020a88950aa0, 0x0000020a88950b58]
Event: 65.459 Thread 0x0000020ab92f6990 nmethod 22444 0x0000020a88ab2390 code [0x0000020a88ab2940, 0x0000020a88abaaf0]
Event: 65.460 Thread 0x0000020ab92f6990 22504   !   4       java.io.ObjectInputStream::readOrdinaryObject (379 bytes)
Event: 65.587 Thread 0x0000020a91940c30 nmethod 22501 0x0000020a88ac0410 code [0x0000020a88ac0900, 0x0000020a88ac75b0]
Event: 65.588 Thread 0x0000020a91940c30 22510       4       java.io.ObjectInputStream$FieldValues::defaultSetFieldValues (39 bytes)
Event: 65.612 Thread 0x0000020a91940c30 nmethod 22510 0x0000020a87e7c410 code [0x0000020a87e7c5c0, 0x0000020a87e7cb08]
Event: 65.613 Thread 0x0000020a91940c30 22508   !   4       java.io.ObjectStreamClass::newInstance (157 bytes)
Event: 65.619 Thread 0x0000020a91940c30 nmethod 22508 0x0000020a88567290 code [0x0000020a88567440, 0x0000020a88567628]
Event: 65.620 Thread 0x0000020a91940c30 22610       4       com.sun.org.apache.xerces.internal.util.XMLAttributesImpl::setValue (27 bytes)
Event: 65.628 Thread 0x0000020a91940c30 nmethod 22610 0x0000020a889b9790 code [0x0000020a889b9900, 0x0000020a889b9c58]
Event: 65.628 Thread 0x0000020a91940c30 22465   !   4       java.io.ObjectOutputStream::writeObject (38 bytes)
Event: 65.632 Thread 0x0000020a91940c30 nmethod 22465 0x0000020a88950510 code [0x0000020a889506a0, 0x0000020a889507b8]
Event: 65.632 Thread 0x0000020a91940c30 22539   !   4       java.io.ObjectInputStream::readObject (160 bytes)
Event: 65.645 Thread 0x0000020a91940c30 nmethod 22539 0x0000020a88a0c890 code [0x0000020a88a0ca40, 0x0000020a88a0ce58]
Event: 65.648 Thread 0x0000020a91940c30 22538       4       java.io.ObjectInputStream$BlockDataInputStream::currentBlockRemaining (41 bytes)
Event: 65.652 Thread 0x0000020a91940c30 nmethod 22538 0x0000020a88566f90 code [0x0000020a88567100, 0x0000020a885671b8]
Event: 65.652 Thread 0x0000020a91940c30 22540       4       java.io.ObjectOutputStream$BlockDataOutputStream::write (152 bytes)
Event: 66.172 Thread 0x0000020a9194d560 23819       1       org.gradle.api.internal.changedetection.state.CachingFileHasher$FileInfo::access$300 (5 bytes)

GC Heap History (20 events):
Event: 46.080 GC heap before
{Heap before GC invocations=65 (full 0):
 garbage-first heap   total 519168K, used 351008K [0x0000000080000000, 0x0000000100000000)
  region size 1024K, 63 young (64512K), 9 survivors (9216K)
 Metaspace       used 119253K, committed 121216K, reserved 557056K
  class space    used 16585K, committed 17472K, reserved 425984K
}
Event: 46.094 GC heap after
{Heap after GC invocations=66 (full 0):
 garbage-first heap   total 519168K, used 301358K [0x0000000080000000, 0x0000000100000000)
  region size 1024K, 6 young (6144K), 6 survivors (6144K)
 Metaspace       used 119253K, committed 121216K, reserved 557056K
  class space    used 16585K, committed 17472K, reserved 425984K
}
Event: 46.331 GC heap before
{Heap before GC invocations=66 (full 0):
 garbage-first heap   total 519168K, used 320814K [0x0000000080000000, 0x0000000100000000)
  region size 1024K, 25 young (25600K), 6 survivors (6144K)
 Metaspace       used 119491K, committed 121472K, reserved 557056K
  class space    used 16642K, committed 17536K, reserved 425984K
}
Event: 46.348 GC heap after
{Heap after GC invocations=67 (full 0):
 garbage-first heap   total 519168K, used 297935K [0x0000000080000000, 0x0000000100000000)
  region size 1024K, 4 young (4096K), 4 survivors (4096K)
 Metaspace       used 119491K, committed 121472K, reserved 557056K
  class space    used 16642K, committed 17536K, reserved 425984K
}
Event: 53.168 GC heap before
{Heap before GC invocations=67 (full 0):
 garbage-first heap   total 519168K, used 429007K [0x0000000080000000, 0x0000000100000000)
  region size 1024K, 128 young (131072K), 4 survivors (4096K)
 Metaspace       used 122669K, committed 124800K, reserved 557056K
  class space    used 16969K, committed 17984K, reserved 425984K
}
Event: 53.185 GC heap after
{Heap after GC invocations=68 (full 0):
 garbage-first heap   total 519168K, used 310549K [0x0000000080000000, 0x0000000100000000)
  region size 1024K, 16 young (16384K), 16 survivors (16384K)
 Metaspace       used 122669K, committed 124800K, reserved 557056K
  class space    used 16969K, committed 17984K, reserved 425984K
}
Event: 54.162 GC heap before
{Heap before GC invocations=68 (full 0):
 garbage-first heap   total 519168K, used 426261K [0x0000000080000000, 0x0000000100000000)
  region size 1024K, 130 young (133120K), 16 survivors (16384K)
 Metaspace       used 122674K, committed 124864K, reserved 557056K
  class space    used 16969K, committed 17984K, reserved 425984K
}
Event: 54.180 GC heap after
{Heap after GC invocations=69 (full 0):
 garbage-first heap   total 519168K, used 314877K [0x0000000080000000, 0x0000000100000000)
  region size 1024K, 7 young (7168K), 7 survivors (7168K)
 Metaspace       used 122674K, committed 124864K, reserved 557056K
  class space    used 16969K, committed 17984K, reserved 425984K
}
Event: 56.206 GC heap before
{Heap before GC invocations=69 (full 0):
 garbage-first heap   total 519168K, used 431613K [0x0000000080000000, 0x0000000100000000)
  region size 1024K, 122 young (124928K), 7 survivors (7168K)
 Metaspace       used 124309K, committed 126592K, reserved 557056K
  class space    used 17138K, committed 18240K, reserved 425984K
}
Event: 56.217 GC heap after
{Heap after GC invocations=70 (full 0):
 garbage-first heap   total 519168K, used 319241K [0x0000000080000000, 0x0000000100000000)
  region size 1024K, 11 young (11264K), 11 survivors (11264K)
 Metaspace       used 124309K, committed 126592K, reserved 557056K
  class space    used 17138K, committed 18240K, reserved 425984K
}
Event: 60.210 GC heap before
{Heap before GC invocations=70 (full 0):
 garbage-first heap   total 519168K, used 452361K [0x0000000080000000, 0x0000000100000000)
  region size 1024K, 125 young (128000K), 11 survivors (11264K)
 Metaspace       used 125146K, committed 127424K, reserved 557056K
  class space    used 17183K, committed 18240K, reserved 425984K
}
Event: 60.242 GC heap after
{Heap after GC invocations=71 (full 0):
 garbage-first heap   total 519168K, used 358387K [0x0000000080000000, 0x0000000100000000)
  region size 1024K, 16 young (16384K), 16 survivors (16384K)
 Metaspace       used 125146K, committed 127424K, reserved 557056K
  class space    used 17183K, committed 18240K, reserved 425984K
}
Event: 61.887 GC heap before
{Heap before GC invocations=71 (full 0):
 garbage-first heap   total 519168K, used 458739K [0x0000000080000000, 0x0000000100000000)
  region size 1024K, 87 young (89088K), 16 survivors (16384K)
 Metaspace       used 125751K, committed 128064K, reserved 557056K
  class space    used 17227K, committed 18304K, reserved 425984K
}
Event: 61.909 GC heap after
{Heap after GC invocations=72 (full 0):
 garbage-first heap   total 519168K, used 370225K [0x0000000080000000, 0x0000000100000000)
  region size 1024K, 10 young (10240K), 10 survivors (10240K)
 Metaspace       used 125751K, committed 128064K, reserved 557056K
  class space    used 17227K, committed 18304K, reserved 425984K
}
Event: 62.914 GC heap before
{Heap before GC invocations=72 (full 0):
 garbage-first heap   total 519168K, used 436785K [0x0000000080000000, 0x0000000100000000)
  region size 1024K, 76 young (77824K), 10 survivors (10240K)
 Metaspace       used 128489K, committed 130752K, reserved 557056K
  class space    used 17495K, committed 18560K, reserved 425984K
}
Event: 62.925 GC heap after
{Heap after GC invocations=73 (full 0):
 garbage-first heap   total 519168K, used 376717K [0x0000000080000000, 0x0000000100000000)
  region size 1024K, 7 young (7168K), 7 survivors (7168K)
 Metaspace       used 128489K, committed 130752K, reserved 557056K
  class space    used 17495K, committed 18560K, reserved 425984K
}
Event: 63.786 GC heap before
{Heap before GC invocations=73 (full 0):
 garbage-first heap   total 519168K, used 440205K [0x0000000080000000, 0x0000000100000000)
  region size 1024K, 70 young (71680K), 7 survivors (7168K)
 Metaspace       used 128758K, committed 131008K, reserved 557056K
  class space    used 17514K, committed 18560K, reserved 425984K
}
Event: 63.794 GC heap after
{Heap after GC invocations=74 (full 0):
 garbage-first heap   total 519168K, used 379511K [0x0000000080000000, 0x0000000100000000)
  region size 1024K, 5 young (5120K), 5 survivors (5120K)
 Metaspace       used 128758K, committed 131008K, reserved 557056K
  class space    used 17514K, committed 18560K, reserved 425984K
}
Event: 65.302 GC heap before
{Heap before GC invocations=74 (full 0):
 garbage-first heap   total 519168K, used 444023K [0x0000000080000000, 0x0000000100000000)
  region size 1024K, 69 young (70656K), 5 survivors (5120K)
 Metaspace       used 130977K, committed 133248K, reserved 557056K
  class space    used 17785K, committed 18816K, reserved 425984K
}
Event: 65.311 GC heap after
{Heap after GC invocations=75 (full 0):
 garbage-first heap   total 519168K, used 379595K [0x0000000080000000, 0x0000000100000000)
  region size 1024K, 5 young (5120K), 5 survivors (5120K)
 Metaspace       used 130977K, committed 133248K, reserved 557056K
  class space    used 17785K, committed 18816K, reserved 425984K
}

Deoptimization events (20 events):
Event: 65.267 Thread 0x0000020ac03a48c0 Uncommon trap: trap_request=0xffffff45 fr.pc=0x0000020a8868f740 relative=0x00000000000007e0
Event: 65.267 Thread 0x0000020ac03a48c0 Uncommon trap: reason=unstable_if action=reinterpret pc=0x0000020a8868f740 method=com.sun.org.apache.xerces.internal.dom.ParentNode.internalRemoveChild(Lorg/w3c/dom/Node;Z)Lorg/w3c/dom/Node; @ 254 c2
Event: 65.267 Thread 0x0000020ac03a48c0 DEOPT PACKING pc=0x0000020a8868f740 sp=0x00000059cabfda40
Event: 65.267 Thread 0x0000020ac03a48c0 DEOPT UNPACKING pc=0x0000020a875823a3 sp=0x00000059cabfd988 mode 2
Event: 65.268 Thread 0x0000020ac03a48c0 Uncommon trap: trap_request=0xffffff45 fr.pc=0x0000020a87de4a04 relative=0x0000000000000904
Event: 65.268 Thread 0x0000020ac03a48c0 Uncommon trap: reason=unstable_if action=reinterpret pc=0x0000020a87de4a04 method=com.sun.org.apache.xerces.internal.dom.ParentNode.internalInsertBefore(Lorg/w3c/dom/Node;Lorg/w3c/dom/Node;Z)Lorg/w3c/dom/Node; @ 242 c2
Event: 65.268 Thread 0x0000020ac03a48c0 DEOPT PACKING pc=0x0000020a87de4a04 sp=0x00000059cabfd9f0
Event: 65.268 Thread 0x0000020ac03a48c0 DEOPT UNPACKING pc=0x0000020a875823a3 sp=0x00000059cabfd998 mode 2
Event: 65.290 Thread 0x0000020abf150210 Uncommon trap: trap_request=0xffffff45 fr.pc=0x0000020a881123f8 relative=0x0000000000002118
Event: 65.290 Thread 0x0000020ac03a48c0 Uncommon trap: trap_request=0xffffff45 fr.pc=0x0000020a881123f8 relative=0x0000000000002118
Event: 65.290 Thread 0x0000020abf150210 Uncommon trap: reason=unstable_if action=reinterpret pc=0x0000020a881123f8 method=com.sun.org.apache.xerces.internal.dom.ElementNSImpl.setName(Ljava/lang/String;Ljava/lang/String;)V @ 6 c2
Event: 65.290 Thread 0x0000020ac03a48c0 Uncommon trap: reason=unstable_if action=reinterpret pc=0x0000020a881123f8 method=com.sun.org.apache.xerces.internal.dom.ElementNSImpl.setName(Ljava/lang/String;Ljava/lang/String;)V @ 6 c2
Event: 65.290 Thread 0x0000020abf150210 DEOPT PACKING pc=0x0000020a881123f8 sp=0x00000059ca9fdd00
Event: 65.290 Thread 0x0000020ac03a48c0 DEOPT PACKING pc=0x0000020a881123f8 sp=0x00000059cabfd780
Event: 65.290 Thread 0x0000020abf150210 DEOPT UNPACKING pc=0x0000020a875823a3 sp=0x00000059ca9fdcd8 mode 2
Event: 65.290 Thread 0x0000020ac03a48c0 DEOPT UNPACKING pc=0x0000020a875823a3 sp=0x00000059cabfd758 mode 2
Event: 65.294 Thread 0x0000020abf150210 Uncommon trap: trap_request=0xffffff45 fr.pc=0x0000020a87d357ac relative=0x000000000000048c
Event: 65.294 Thread 0x0000020abf150210 Uncommon trap: reason=unstable_if action=reinterpret pc=0x0000020a87d357ac method=java.util.concurrent.ConcurrentLinkedQueue.poll()Ljava/lang/Object; @ 24 c2
Event: 65.294 Thread 0x0000020abf150210 DEOPT PACKING pc=0x0000020a87d357ac sp=0x00000059ca9fdda0
Event: 65.294 Thread 0x0000020abf150210 DEOPT UNPACKING pc=0x0000020a875823a3 sp=0x00000059ca9fdd50 mode 2

Classes unloaded (0 events):
No events

Classes redefined (0 events):
No events

Internal exceptions (20 events):
Event: 64.788 Thread 0x0000020ab2607da0 Exception <a 'sun/nio/fs/WindowsException'{0x000000009ccff9b8}> (0x000000009ccff9b8) 
thrown [s\open\src\hotspot\share\prims\jni.cpp, line 516]
Event: 64.789 Thread 0x0000020ab2607da0 Exception <a 'sun/nio/fs/WindowsException'{0x000000009cb00ea0}> (0x000000009cb00ea0) 
thrown [s\open\src\hotspot\share\prims\jni.cpp, line 516]
Event: 64.789 Thread 0x0000020ab2607da0 Exception <a 'sun/nio/fs/WindowsException'{0x000000009cb00f30}> (0x000000009cb00f30) 
thrown [s\open\src\hotspot\share\prims\jni.cpp, line 516]
Event: 64.789 Thread 0x0000020ab2607da0 Exception <a 'sun/nio/fs/WindowsException'{0x000000009cb01010}> (0x000000009cb01010) 
thrown [s\open\src\hotspot\share\prims\jni.cpp, line 516]
Event: 64.791 Thread 0x0000020ab2607da0 Exception <a 'sun/nio/fs/WindowsException'{0x000000009cb058d0}> (0x000000009cb058d0) 
thrown [s\open\src\hotspot\share\prims\jni.cpp, line 516]
Event: 64.791 Thread 0x0000020ab2607da0 Exception <a 'sun/nio/fs/WindowsException'{0x000000009cb0f358}> (0x000000009cb0f358) 
thrown [s\open\src\hotspot\share\prims\jni.cpp, line 516]
Event: 64.791 Thread 0x0000020ab2607da0 Exception <a 'sun/nio/fs/WindowsException'{0x000000009cb0f3e8}> (0x000000009cb0f3e8) 
thrown [s\open\src\hotspot\share\prims\jni.cpp, line 516]
Event: 64.791 Thread 0x0000020ab2607da0 Exception <a 'sun/nio/fs/WindowsException'{0x000000009cb0f8d8}> (0x000000009cb0f8d8) 
thrown [s\open\src\hotspot\share\prims\jni.cpp, line 516]
Event: 64.876 Thread 0x0000020ab2606e70 Exception <a 'sun/nio/fs/WindowsException'{0x000000009c40da20}> (0x000000009c40da20) 
thrown [s\open\src\hotspot\share\prims\jni.cpp, line 516]
Event: 64.876 Thread 0x0000020ab2606e70 Exception <a 'sun/nio/fs/WindowsException'{0x000000009c40e940}> (0x000000009c40e940) 
thrown [s\open\src\hotspot\share\prims\jni.cpp, line 516]
Event: 64.876 Thread 0x0000020ab2606e70 Exception <a 'sun/nio/fs/WindowsException'{0x000000009c40e9d0}> (0x000000009c40e9d0) 
thrown [s\open\src\hotspot\share\prims\jni.cpp, line 516]
Event: 64.876 Thread 0x0000020ab2606e70 Exception <a 'sun/nio/fs/WindowsException'{0x000000009c40ef30}> (0x000000009c40ef30) 
thrown [s\open\src\hotspot\share\prims\jni.cpp, line 516]
Event: 64.877 Thread 0x0000020ab2606e70 Exception <a 'sun/nio/fs/WindowsException'{0x000000009c413040}> (0x000000009c413040) 
thrown [s\open\src\hotspot\share\prims\jni.cpp, line 516]
Event: 64.878 Thread 0x0000020ab2606e70 Exception <a 'sun/nio/fs/WindowsException'{0x000000009c413f98}> (0x000000009c413f98) 
thrown [s\open\src\hotspot\share\prims\jni.cpp, line 516]
Event: 64.878 Thread 0x0000020ab2606e70 Exception <a 'sun/nio/fs/WindowsException'{0x000000009c414028}> (0x000000009c414028) 
thrown [s\open\src\hotspot\share\prims\jni.cpp, line 516]
Event: 64.878 Thread 0x0000020ab2606e70 Exception <a 'sun/nio/fs/WindowsException'{0x000000009c414628}> (0x000000009c414628) 
thrown [s\open\src\hotspot\share\prims\jni.cpp, line 516]
Event: 64.880 Thread 0x0000020ab2606e70 Exception <a 'sun/nio/fs/WindowsException'{0x000000009c42ae68}> (0x000000009c42ae68) 
thrown [s\open\src\hotspot\share\prims\jni.cpp, line 516]
Event: 64.880 Thread 0x0000020ab2606e70 Exception <a 'sun/nio/fs/WindowsException'{0x000000009c42b308}> (0x000000009c42b308) 
thrown [s\open\src\hotspot\share\prims\jni.cpp, line 516]
Event: 65.290 Thread 0x0000020ac03a48c0 Implicit null exception at 0x0000020a8811036b to 0x0000020a881123e0
Event: 65.290 Thread 0x0000020abf150210 Implicit null exception at 0x0000020a8811036b to 0x0000020a881123e0

VM Operations (20 events):
Event: 62.036 Executing VM operation: HandshakeAllThreads
Event: 62.040 Executing VM operation: HandshakeAllThreads done
Event: 62.913 Executing VM operation: G1CollectForAllocation
Event: 62.934 Executing VM operation: G1CollectForAllocation done
Event: 63.753 Executing VM operation: G1CollectForAllocation
Event: 63.796 Executing VM operation: G1CollectForAllocation done
Event: 64.767 Executing VM operation: HandshakeAllThreads
Event: 64.780 Executing VM operation: HandshakeAllThreads done
Event: 64.863 Executing VM operation: ICBufferFull
Event: 64.865 Executing VM operation: ICBufferFull done
Event: 64.964 Executing VM operation: HandshakeAllThreads
Event: 64.981 Executing VM operation: HandshakeAllThreads done
Event: 64.988 Executing VM operation: HandshakeAllThreads
Event: 64.989 Executing VM operation: HandshakeAllThreads done
Event: 65.007 Executing VM operation: HandshakeAllThreads
Event: 65.008 Executing VM operation: HandshakeAllThreads done
Event: 65.211 Executing VM operation: HandshakeAllThreads
Event: 65.211 Executing VM operation: HandshakeAllThreads done
Event: 65.301 Executing VM operation: G1CollectForAllocation
Event: 65.311 Executing VM operation: G1CollectForAllocation done

Events (20 events):
Event: 65.094 Thread 0x0000020a91954fa0 flushing nmethod 0x0000020a821ee790
Event: 65.094 Thread 0x0000020a91954fa0 flushing nmethod 0x0000020a821fdf90
Event: 65.094 Thread 0x0000020a91954fa0 flushing nmethod 0x0000020a821fe590
Event: 65.094 Thread 0x0000020a91954fa0 flushing nmethod 0x0000020a82201110
Event: 65.094 Thread 0x0000020a91954fa0 flushing nmethod 0x0000020a8220c290
Event: 65.094 Thread 0x0000020a91954fa0 flushing nmethod 0x0000020a82213b90
Event: 65.094 Thread 0x0000020a91954fa0 flushing nmethod 0x0000020a82223710
Event: 65.094 Thread 0x0000020a91954fa0 flushing nmethod 0x0000020a82233790
Event: 65.248 loading class java/util/TreeMap$DescendingSubMap
Event: 65.251 loading class java/util/TreeMap$NavigableSubMap
Event: 65.252 loading class java/util/TreeMap$NavigableSubMap done
Event: 65.253 loading class java/util/TreeMap$DescendingSubMap done
Event: 65.253 loading class java/util/TreeMap$DescendingSubMap$DescendingEntrySetView
Event: 65.254 loading class java/util/TreeMap$NavigableSubMap$EntrySetView
Event: 65.255 loading class java/util/TreeMap$NavigableSubMap$EntrySetView done
Event: 65.255 loading class java/util/TreeMap$DescendingSubMap$DescendingEntrySetView done
Event: 65.255 loading class java/util/TreeMap$NavigableSubMap$DescendingSubMapEntryIterator
Event: 65.255 loading class java/util/TreeMap$NavigableSubMap$SubMapIterator
Event: 65.256 loading class java/util/TreeMap$NavigableSubMap$SubMapIterator done
Event: 65.256 loading class java/util/TreeMap$NavigableSubMap$DescendingSubMapEntryIterator done


Dynamic libraries:
0x00007ff6d2bf0000 - 0x00007ff6d2c00000 	C:\Program Files\Java\jdk-17\bin\java.exe
0x00007ffe88bc0000 - 0x00007ffe88e27000 	C:\WINDOWS\SYSTEM32\ntdll.dll
0x00007ffe877b0000 - 0x00007ffe87879000 	C:\WINDOWS\System32\KERNEL32.DLL
0x00007ffe85490000 - 0x00007ffe85884000 	C:\WINDOWS\System32\KERNELBASE.dll
0x00007ffe86710000 - 0x00007ffe8685b000 	C:\WINDOWS\System32\ucrtbase.dll
0x00007ffddc1c0000 - 0x00007ffddc1d9000 	C:\Program Files\Java\jdk-17\bin\jli.dll
0x00007ffddc1e0000 - 0x00007ffddc1fb000 	C:\Program Files\Java\jdk-17\bin\VCRUNTIME140.dll
0x00007ffe87480000 - 0x00007ffe87536000 	C:\WINDOWS\System32\ADVAPI32.dll
0x00007ffe88570000 - 0x00007ffe88619000 	C:\WINDOWS\System32\msvcrt.dll
0x00007ffe86be0000 - 0x00007ffe86c87000 	C:\WINDOWS\System32\sechost.dll
0x00007ffe875e0000 - 0x00007ffe876f8000 	C:\WINDOWS\System32\RPCRT4.dll
0x00007ffe88620000 - 0x00007ffe887e5000 	C:\WINDOWS\System32\USER32.dll
0x00007ffe86860000 - 0x00007ffe86887000 	C:\WINDOWS\System32\win32u.dll
0x00007ffe62620000 - 0x00007ffe628b3000 	C:\WINDOWS\WinSxS\amd64_microsoft.windows.common-controls_6595b64144ccf1df_6.0.26100.8115_none_3e075c82e3354f9c\COMCTL32.dll
0x00007ffe88430000 - 0x00007ffe8845b000 	C:\WINDOWS\System32\GDI32.dll
0x00007ffe85a00000 - 0x00007ffe85b2b000 	C:\WINDOWS\System32\gdi32full.dll
0x00007ffe86660000 - 0x00007ffe86703000 	C:\WINDOWS\System32\msvcp_win.dll
0x00007ffe79bc0000 - 0x00007ffe79bcb000 	C:\WINDOWS\SYSTEM32\VERSION.dll
0x00007ffe87b70000 - 0x00007ffe87ba2000 	C:\WINDOWS\System32\IMM32.DLL
0x00007ffe3d2b0000 - 0x00007ffe3d2bc000 	C:\Program Files\Java\jdk-17\bin\vcruntime140_1.dll
0x00007ffdcab90000 - 0x00007ffdcac1e000 	C:\Program Files\Java\jdk-17\bin\msvcp140.dll
0x00007ffd86bd0000 - 0x00007ffd877b0000 	C:\Program Files\Java\jdk-17\bin\server\jvm.dll
0x00007ffe87c00000 - 0x00007ffe87c08000 	C:\WINDOWS\System32\PSAPI.DLL
0x00007ffe50880000 - 0x00007ffe5088a000 	C:\WINDOWS\SYSTEM32\WSOCK32.dll
0x00007ffe717d0000 - 0x00007ffe71806000 	C:\WINDOWS\SYSTEM32\WINMM.dll
0x00007ffe87550000 - 0x00007ffe875d0000 	C:\WINDOWS\System32\WS2_32.dll
0x00007ffe84220000 - 0x00007ffe8423b000 	C:\WINDOWS\SYSTEM32\kernel.appcore.dll
0x00007ffe3d1f0000 - 0x00007ffe3d1fa000 	C:\Program Files\Java\jdk-17\bin\jimage.dll
0x00007ffe833f0000 - 0x00007ffe83632000 	C:\WINDOWS\SYSTEM32\DBGHELP.DLL
0x00007ffe887f0000 - 0x00007ffe88b72000 	C:\WINDOWS\System32\combase.dll
0x00007ffe87a90000 - 0x00007ffe87b68000 	C:\WINDOWS\System32\OLEAUT32.dll
0x00007ffe61e10000 - 0x00007ffe61e4b000 	C:\WINDOWS\SYSTEM32\dbgcore.DLL
0x00007ffe85cb0000 - 0x00007ffe85d55000 	C:\WINDOWS\System32\bcryptPrimitives.dll
0x00007ffe36e20000 - 0x00007ffe36e2e000 	C:\Program Files\Java\jdk-17\bin\instrument.dll
0x00007ffddc190000 - 0x00007ffddc1b5000 	C:\Program Files\Java\jdk-17\bin\java.dll
0x00007ffdcaab0000 - 0x00007ffdcab87000 	C:\Program Files\Java\jdk-17\bin\jsvml.dll
0x00007ffe86d10000 - 0x00007ffe87477000 	C:\WINDOWS\System32\SHELL32.dll
0x00007ffe85890000 - 0x00007ffe859fa000 	C:\WINDOWS\System32\wintypes.dll
0x00007ffe85d60000 - 0x00007ffe865c8000 	C:\WINDOWS\System32\windows.storage.dll
0x00007ffe88130000 - 0x00007ffe88228000 	C:\WINDOWS\System32\SHCORE.dll
0x00007ffe86b70000 - 0x00007ffe86bd6000 	C:\WINDOWS\System32\shlwapi.dll
0x00007ffe853b0000 - 0x00007ffe853d9000 	C:\WINDOWS\SYSTEM32\profapi.dll
0x00007ffdd9260000 - 0x00007ffdd9278000 	C:\Program Files\Java\jdk-17\bin\zip.dll
0x00007ffddc170000 - 0x00007ffddc189000 	C:\Program Files\Java\jdk-17\bin\net.dll
0x00007ffe7b290000 - 0x00007ffe7b3bd000 	C:\WINDOWS\SYSTEM32\WINHTTP.dll
0x00007ffe84800000 - 0x00007ffe8486c000 	C:\WINDOWS\system32\mswsock.dll
0x00007ffddc150000 - 0x00007ffddc166000 	C:\Program Files\Java\jdk-17\bin\nio.dll
0x00007ffe387f0000 - 0x00007ffe38800000 	C:\Program Files\Java\jdk-17\bin\verify.dll
0x00007ffe08cb0000 - 0x00007ffe08cd7000 	C:\Users\Rohit\.gradle\native\1def1411415f61bf3af743bc5b6707747c0891f09f0c88961ee8f79bc544acac\windows-amd64\native-platform.dll
0x00007ffdc9970000 - 0x00007ffdc99e7000 	C:\Users\Rohit\.gradle\native\0.2.8\x86_64-windows-gnu\gradle-fileevents.dll
0x00007ffe3d040000 - 0x00007ffe3d04a000 	C:\Program Files\Java\jdk-17\bin\management.dll
0x00007ffe3a1b0000 - 0x00007ffe3a1bb000 	C:\Program Files\Java\jdk-17\bin\management_ext.dll
0x00007ffe83c50000 - 0x00007ffe83c82000 	C:\WINDOWS\SYSTEM32\IPHLPAPI.DLL
0x00007ffe87c10000 - 0x00007ffe87c1a000 	C:\WINDOWS\System32\NSI.dll
0x00007ffe7cae0000 - 0x00007ffe7cafd000 	C:\WINDOWS\SYSTEM32\dhcpcsvc6.DLL
0x00007ffe7cab0000 - 0x00007ffe7cad5000 	C:\WINDOWS\SYSTEM32\dhcpcsvc.DLL
0x00007ffe83cf0000 - 0x00007ffe83e22000 	C:\WINDOWS\SYSTEM32\DNSAPI.dll
0x00007ffe84af0000 - 0x00007ffe84b0b000 	C:\WINDOWS\SYSTEM32\CRYPTSP.dll
0x00007ffe84180000 - 0x00007ffe841b9000 	C:\WINDOWS\system32\rsaenh.dll
0x00007ffe848b0000 - 0x00007ffe848e3000 	C:\WINDOWS\SYSTEM32\USERENV.dll
0x00007ffe85380000 - 0x00007ffe853aa000 	C:\WINDOWS\SYSTEM32\bcrypt.dll
0x00007ffe84ae0000 - 0x00007ffe84aec000 	C:\WINDOWS\SYSTEM32\CRYPTBASE.dll
0x00007ffe360c0000 - 0x00007ffe360ce000 	C:\Program Files\Java\jdk-17\bin\sunmscapi.dll
0x00007ffe85b30000 - 0x00007ffe85ca7000 	C:\WINDOWS\System32\CRYPT32.dll
0x00007ffe84db0000 - 0x00007ffe84de0000 	C:\WINDOWS\SYSTEM32\ncrypt.dll
0x00007ffe84d60000 - 0x00007ffe84d9f000 	C:\WINDOWS\SYSTEM32\NTASN1.dll
0x00007ffe62a40000 - 0x00007ffe62a48000 	C:\WINDOWS\system32\wshunix.dll
0x00007ffe84340000 - 0x00007ffe84376000 	C:\WINDOWS\SYSTEM32\ntmarta.dll

dbghelp: loaded successfully - version: 4.0.5 - missing functions: none
symbol engine: initialized successfully - sym options: 0x614 - pdb path: .;C:\Program Files\Java\jdk-17\bin;C:\WINDOWS\SYSTEM32;C:\WINDOWS\WinSxS\amd64_microsoft.windows.common-controls_6595b64144ccf1df_6.0.26100.8115_none_3e075c82e3354f9c;C:\Program Files\Java\jdk-17\bin\server;C:\Users\Rohit\.gradle\native\1def1411415f61bf3af743bc5b6707747c0891f09f0c88961ee8f79bc544acac\windows-amd64;C:\Users\Rohit\.gradle\native\0.2.8\x86_64-windows-gnu

VM Arguments:
jvm_args: --add-opens=java.base/java.lang=ALL-UNNAMED --add-opens=java.base/java.lang.invoke=ALL-UNNAMED --add-opens=java.base/java.util=ALL-UNNAMED --add-opens=java.prefs/java.util.prefs=ALL-UNNAMED --add-exports=jdk.compiler/com.sun.tools.javac.api=ALL-UNNAMED --add-exports=jdk.compiler/com.sun.tools.javac.util=ALL-UNNAMED --add-opens=java.base/java.util=ALL-UNNAMED --add-opens=java.prefs/java.util.prefs=ALL-UNNAMED --add-opens=java.base/java.nio.charset=ALL-UNNAMED --add-opens=java.base/java.net=ALL-UNNAMED --add-opens=java.base/java.util.concurrent=ALL-UNNAMED --add-opens=java.base/java.util.concurrent.atomic=ALL-UNNAMED --add-opens=java.xml/javax.xml.namespace=ALL-UNNAMED -XX:MaxMetaspaceSize=512m -Xmx2048m -Dfile.encoding=windows-1252 -Duser.country=IN -Duser.language=en -Duser.variant -javaagent:C:\Users\Rohit\.gradle\wrapper\dists\gradle-9.0.0-bin\d6wjpkvcgsg3oed0qlfss3wgl\gradle-9.0.0\lib\agents\gradle-instrumentation-agent-9.0.0.jar 
java_command: org.gradle.launcher.daemon.bootstrap.GradleDaemon 9.0.0
java_class_path (initial): C:\Users\Rohit\.gradle\wrapper\dists\gradle-9.0.0-bin\d6wjpkvcgsg3oed0qlfss3wgl\gradle-9.0.0\lib\gradle-daemon-main-9.0.0.jar
Launcher Type: SUN_STANDARD

[Global flags]
     intx CICompilerCount                          = 4                                         {product} {ergonomic}
   size_t CompressedClassSpaceSize                 = 436207616                                 {product} {ergonomic}
     uint ConcGCThreads                            = 3                                         {product} {ergonomic}
     uint G1ConcRefinementThreads                  = 10                                        {product} {ergonomic}
   size_t G1HeapRegionSize                         = 1048576                                   {product} {ergonomic}
    uintx GCDrainStackTargetSize                   = 64                                        {product} {ergonomic}
   size_t InitialHeapSize                          = 264241152                                 {product} {ergonomic}
   size_t MarkStackSize                            = 4194304                                   {product} {ergonomic}
   size_t MaxHeapSize                              = 2147483648                                {product} {command line}
   size_t MaxMetaspaceSize                         = 536870912                                 {product} {command line}
   size_t MaxNewSize                               = 1287651328                                {product} {ergonomic}
   size_t MinHeapDeltaBytes                        = 1048576                                   {product} {ergonomic}
   size_t MinHeapSize                              = 8388608                                   {product} {ergonomic}
    uintx NonNMethodCodeHeapSize                   = 5839372                                {pd product} {ergonomic}
    uintx NonProfiledCodeHeapSize                  = 122909434                              {pd product} {ergonomic}
    uintx ProfiledCodeHeapSize                     = 122909434                              {pd product} {ergonomic}
    uintx ReservedCodeCacheSize                    = 251658240                              {pd product} {ergonomic}
     bool SegmentedCodeCache                       = true                                      {product} {ergonomic}
   size_t SoftMaxHeapSize                          = 2147483648                             {manageable} {ergonomic}
     bool UseCompressedClassPointers               = true                           {product lp64_product} {ergonomic}
     bool UseCompressedOops                        = true                           {product lp64_product} {ergonomic}
     bool UseG1GC                                  = true                                      {product} {ergonomic}
     bool UseLargePagesIndividualAllocation        = false                                  {pd product} {ergonomic}

Logging:
Log output configuration:
 #0: stdout all=warning uptime,level,tags
 #1: stderr all=off uptime,level,tags

Environment Variables:
JAVA_HOME=C:\Program Files\Java\jdk-17
PATH=D:\my project\main project\FootFlex\forntend\node_modules\.bin;D:\my project\main project\FootFlex\forntend\node_modules\.bin;D:\my project\main project\FootFlex\node_modules\.bin;D:\my project\main project\node_modules\.bin;D:\my project\node_modules\.bin;D:\node_modules\.bin;C:\Program Files\nodejs\node_modules\npm\node_modules\@npmcli\run-script\lib\node-gyp-bin;c:\Users\Rohit\AppData\Roaming\Code\User\globalStorage\github.copilot-chat\debugCommand;c:\Users\Rohit\AppData\Roaming\Code\User\globalStorage\github.copilot-chat\copilotCli;C:\Users\Rohit\AppData\Local\Programs\Microsoft VS Code;C:\Program Files\Java\jdk-17\bin;C:\Program Files\Common Files\Oracle\Java\javapath;C:\oraclexe\app\oracle\product\10.2.0\server\bin;C:\windows\system32;C:\windows;C:\windows\System32\Wbem;C:\windows\System32\WindowsPowerShell\v1.0\;C:\windows\System32\OpenSSH\;C:\Program Files (x86)\NVIDIA Corporation\PhysX\Common;C:\Program Files\NVIDIA Corporation\NVIDIA NvDLISR;C:\Users\Administrator\AppData\Local\Microsoft\WindowsApps;C:\Program Files\HP\OMEN-Broadcast\Common;C:\ProgramData\chocolatey\bin;C:\Program Files\nodejs\;C:\xampp\php;C:\ProgramData\ComposerSetup\bin;C:\Program Files\Git\cmd;C:\Program Files\Microsoft SQL Server\150\Tools\Binn\;C:\Program Files\Microsoft SQL Server\Client SDK\ODBC\170\Tools\Binn\;C:\Program Files\dotnet\;%SystemRoot%\system32;%SystemRoot%;%SystemRoot%\System32\Wbem;%SYSTEMROOT%\System32\WindowsPowerShell\v1.0\;%SYSTEMROOT%\System32\OpenSSH\;C:\Users\Rohit\AppData\Local\Programs\Python\Python313\Scripts\;C:\Users\Rohit\AppData\Local\Programs\Python\Python313\;C:\Users\Rohit\AppData\Local\Microsoft\WindowsApps;C:\Users\Rohit\AppData\Local\Programs\Microsoft VS Code\bin;C:\Program Files\Java\jdk-17\bin;D:\Android\Flutter\SDK\flutter\bin;C:\Users\Rohit\AppData\Local\GitHubDesktop\bin;C:\Users\Rohit\AppData\Roaming\npm;C:\Users\Rohit\AppData\Local\Android\Sdk;C:\Users\Rohit\AppData\Roaming\Composer\vendor\bin;C:\Users\Rohit\.dotnet\tools;C:\Program File
USERNAME=Rohit
LANG=en_US.UTF-8
OS=Windows_NT
PROCESSOR_IDENTIFIER=Intel64 Family 6 Model 186 Stepping 2, GenuineIntel



---------------  S Y S T E M  ---------------

OS:
 Windows 11 , 64 bit Build 26100 (10.0.26100.8246)
OS uptime: 0 days 6:24 hours
Hyper-V role detected

CPU: total 12 (initial active 12) (6 cores per cpu, 2 threads per core) family 6 model 186 stepping 2 microcode 0x4122, cx8, cmov, fxsr, ht, mmx, 3dnowpref, sse, sse2, sse3, ssse3, sse4.1, sse4.2, popcnt, lzcnt, tsc, tscinvbit, avx, avx2, aes, erms, clmul, bmi1, bmi2, adx, sha, fma, vzeroupper, clflush, clflushopt, clwb, hv

Memory: 4k page, system-wide physical 16024M (895M free)
TotalPageFile size 32408M (AvailPageFile size 43M)
current process WorkingSet (physical memory assigned to process): 911M, peak: 937M
current process commit charge ("private bytes"): 975M, peak: 999M

vm_info: Java HotSpot(TM) 64-Bit Server VM (17.0.12+8-LTS-286) for windows-amd64 JRE (17.0.12+8-LTS-286), built on Jun  5 2024 06:46:59 by "mach5one" with MS VC++ 17.6 (VS2022)

END.
