#
# There is insufficient memory for the Java Runtime Environment to continue.
# Native memory allocation (mmap) failed to map 290455552 bytes for G1 virtual space
# Possible reasons:
#   The system is out of physical RAM or swap space
#   The process is running with CompressedOops enabled, and the Java Heap may be blocking the growth of the native heap
# Possible solutions:
#   Reduce memory load on the system
#   Increase physical memory or swap space
#   Check if swap backing store is full
#   Decrease Java heap size (-Xmx/-Xms)
#   Decrease number of Java threads
#   Decrease Java thread stack sizes (-Xss)
#   Set larger code cache with -XX:ReservedCodeCacheSize=
#   JVM is running with Unscaled Compressed Oops mode in which the Java heap is
#     placed in the first 4GB address space. The Java Heap base address is the
#     maximum limit for the native heap growth. Please use -XX:HeapBaseMinAddress
#     to set the Java Heap base and to place the Java Heap above 4GB virtual address.
# This output file may be truncated or incomplete.
#
#  Out of Memory Error (os_windows.cpp:3548), pid=19452, tid=27232
#
# JRE version: Java(TM) SE Runtime Environment (17.0.12+8) (build 17.0.12+8-LTS-286)
# Java VM: Java HotSpot(TM) 64-Bit Server VM (17.0.12+8-LTS-286, mixed mode, sharing, tiered, compressed oops, compressed class ptrs, g1 gc, windows-amd64)
# No core dump will be written. Minidumps are not enabled by default on client versions of Windows
#

---------------  S U M M A R Y ------------

Command Line: --add-opens=java.base/java.lang=ALL-UNNAMED --add-opens=java.base/java.lang.invoke=ALL-UNNAMED --add-opens=java.base/java.util=ALL-UNNAMED --add-opens=java.prefs/java.util.prefs=ALL-UNNAMED --add-exports=jdk.compiler/com.sun.tools.javac.api=ALL-UNNAMED --add-exports=jdk.compiler/com.sun.tools.javac.util=ALL-UNNAMED --add-opens=java.base/java.util=ALL-UNNAMED --add-opens=java.prefs/java.util.prefs=ALL-UNNAMED --add-opens=java.base/java.nio.charset=ALL-UNNAMED --add-opens=java.base/java.net=ALL-UNNAMED --add-opens=java.base/java.util.concurrent=ALL-UNNAMED --add-opens=java.base/java.util.concurrent.atomic=ALL-UNNAMED --add-opens=java.xml/javax.xml.namespace=ALL-UNNAMED -XX:MaxMetaspaceSize=512m -Xmx2048m -Dfile.encoding=windows-1252 -Duser.country=IN -Duser.language=en -Duser.variant -javaagent:C:\Users\Rohit\.gradle\wrapper\dists\gradle-9.0.0-bin\d6wjpkvcgsg3oed0qlfss3wgl\gradle-9.0.0\lib\agents\gradle-instrumentation-agent-9.0.0.jar org.gradle.launcher.daemon.bootstrap.GradleDaemon 9.0.0

Host: 13th Gen Intel(R) Core(TM) i5-13420H, 12 cores, 15G,  Windows 11 , 64 bit Build 26100 (10.0.26100.8246)
Time: Wed Apr 29 15:10:38 2026 India Standard Time elapsed time: 107.819732 seconds (0d 0h 1m 47s)

---------------  T H R E A D  ---------------

Current thread (0x0000025cc30fc2f0):  VMThread "VM Thread" [stack: 0x000000d014c00000,0x000000d014d00000] [id=27232]

Stack: [0x000000d014c00000,0x000000d014d00000]
Native frames: (J=compiled Java code, j=interpreted, Vv=VM code, C=native code)
V  [jvm.dll+0x67a04a]
V  [jvm.dll+0x7da4ed]
V  [jvm.dll+0x7dbe33]
V  [jvm.dll+0x7dc4a3]
V  [jvm.dll+0x24508f]
V  [jvm.dll+0x677089]
V  [jvm.dll+0x66bd32]
V  [jvm.dll+0x301fa6]
V  [jvm.dll+0x309546]
V  [jvm.dll+0x359d2e]
V  [jvm.dll+0x359f5f]
V  [jvm.dll+0x2d9078]
V  [jvm.dll+0x2dc0e6]
V  [jvm.dll+0x2e67eb]
V  [jvm.dll+0x31a870]
V  [jvm.dll+0x7e0d9b]
V  [jvm.dll+0x7e1ad4]
V  [jvm.dll+0x7e1fed]
V  [jvm.dll+0x7e23c4]
V  [jvm.dll+0x7e2490]
V  [jvm.dll+0x78abea]
V  [jvm.dll+0x678f35]
C  [ucrtbase.dll+0x37b0]
C  [KERNEL32.DLL+0x2e8d7]
C  [ntdll.dll+0x8c3fc]

VM_Operation (0x000000d0148ffae0): G1Concurrent, mode: safepoint, requested by thread 0x0000025ca4abae70


---------------  P R O C E S S  ---------------

Threads class SMR info:
_java_thread_list=0x0000025ce6f673e0, length=207, elements={
0x0000025ca4a50ad0, 0x0000025cc30fe940, 0x0000025cc3105590, 0x0000025cc3117bd0,
0x0000025cc31184a0, 0x0000025cc3118d70, 0x0000025cc311b650, 0x0000025cc311c250,
0x0000025cc312eb80, 0x0000025cc3142dd0, 0x0000025cc323b7d0, 0x0000025cc33892d0,
0x0000025ce3dfedb0, 0x0000025ce3af3550, 0x0000025ce44db030, 0x0000025ce3efb730,
0x0000025ce3efbfe0, 0x0000025ce3bb1150, 0x0000025ce3bb2080, 0x0000025ce3bb2590,
0x0000025ce3bb2fb0, 0x0000025ce3bb0c40, 0x0000025ce3bb2aa0, 0x0000025ce3bb34c0,
0x0000025ce3bb1660, 0x0000025ce3bb1b70, 0x0000025ce3bafd10, 0x0000025ce3bb0220,
0x0000025ce3bb0730, 0x0000025ce47c2d40, 0x0000025ce47c4690, 0x0000025ce47c2320,
0x0000025ce47c0ee0, 0x0000025ce47c2830, 0x0000025ce47c3250, 0x0000025ce47c3c70,
0x0000025ce47c1e10, 0x0000025ce47c4ba0, 0x0000025ce47c13f0, 0x0000025ce47c7420,
0x0000025ce47c8350, 0x0000025ce47c5ad0, 0x0000025ce47c7930, 0x0000025ce47c6a00,
0x0000025ce47c7e40, 0x0000025ce47c5fe0, 0x0000025ce47c64f0, 0x0000025ce47c6f10,
0x0000025ce47c8860, 0x0000025ce47c50b0, 0x0000025ce71e1df0, 0x0000025ce71e0ec0,
0x0000025ce71dfa80, 0x0000025ce71e04a0, 0x0000025ce71e09b0, 0x0000025ce71e13d0,
0x0000025ce71e2300, 0x0000025ce71e2810, 0x0000025ce71df060, 0x0000025ce71e2d20,
0x0000025ce71e18e0, 0x0000025ce71df570, 0x0000025ce71e3230, 0x0000025ce71e3740,
0x0000025ce71dff90, 0x0000025ce71e3c50, 0x0000025ce71e64d0, 0x0000025ce71e5090,
0x0000025ce71e5fc0, 0x0000025ce71e69e0, 0x0000025ce71e4160, 0x0000025ce71e4670,
0x0000025ce71e4b80, 0x0000025ce71e55a0, 0x0000025ce4a741c0, 0x0000025ce4a73290,
0x0000025ce4a737a0, 0x0000025ce4a72d80, 0x0000025ce4a71940, 0x0000025ce4a74be0,
0x0000025ce4a750f0, 0x0000025ce4a75600, 0x0000025ce4a76530, 0x0000025ce4a75b10,
0x0000025ce4a76f50, 0x0000025ce4a76a40, 0x0000025ce4a77460, 0x0000025ce4a73cb0,
0x0000025ce4a77970, 0x0000025ce4a77e80, 0x0000025ce4a78390, 0x0000025ce7edf060,
0x0000025ce7ee09b0, 0x0000025ce7ee18e0, 0x0000025ce7ee0ec0, 0x0000025ce7ee13d0,
0x0000025ce7ee2300, 0x0000025ce7edf570, 0x0000025ce7ee3230, 0x0000025ce7ee2810,
0x0000025ce7ee2d20, 0x0000025ce7edff90, 0x0000025ce7edfa80, 0x0000025ce7ee3740,
0x0000025ce7ee3c50, 0x0000025ce7ee04a0, 0x0000025ce7ee64d0, 0x0000025ce7ee5090,
0x0000025ce7ee55a0, 0x0000025ce7ee4670, 0x0000025ce7ee4160, 0x0000025ce7ee69e0,
0x0000025ce7ee5ab0, 0x0000025ce7ee5fc0, 0x0000025ce7ee4b80, 0x0000025ce5acbee0,
0x0000025ce5acafb0, 0x0000025ce5ac9b70, 0x0000025ce5acb9d0, 0x0000025ce5aca080,
0x0000025ce5acaaa0, 0x0000025ce5ac8730, 0x0000025ce5acb4c0, 0x0000025ce5ac8c40,
0x0000025ce5ac9150, 0x0000025ce5aca590, 0x0000025ce869ef10, 0x0000025ce869f420,
0x0000025ce86a0860, 0x0000025ce86a0350, 0x0000025ce869d5c0, 0x0000025ce869e4f0,
0x0000025ce869f930, 0x0000025ce869dad0, 0x0000025ce869dfe0, 0x0000025ce869fe40,
0x0000025ce869ea00, 0x0000025ce869d0b0, 0x0000025ce86a1280, 0x0000025ce86a1790,
0x0000025ce86a1ca0, 0x0000025ce86a30e0, 0x0000025ce86a21b0, 0x0000025ce86a35f0,
0x0000025ce86a26c0, 0x0000025ce86a3b00, 0x0000025ce86a4520, 0x0000025ce86a4010,
0x0000025ce86a2bd0, 0x0000025ce86a4a30, 0x0000025ce5461880, 0x0000025ce5461d90,
0x0000025ce54622a0, 0x0000025ce54627b0, 0x0000025ce5460950, 0x0000025ce5461370,
0x0000025ce5460e60, 0x0000025ce5462cc0, 0x0000025ce54631d0, 0x0000025ce54636e0,
0x0000025ce545ff30, 0x0000025ce5463bf0, 0x0000025ce5460440, 0x0000025ce5464b20,
0x0000025ce5465030, 0x0000025ce5464610, 0x0000025ce5465540, 0x0000025ce5465a50,
0x0000025ce5466470, 0x0000025ce54673a0, 0x0000025ce54678b0, 0x0000025ce5466980,
0x0000025ce5466e90, 0x0000025ce86a0d70, 0x0000025ce5464100, 0x0000025ce7b73510,
0x0000025ce7b711a0, 0x0000025ce7b74440, 0x0000025ce7b72af0, 0x0000025ce7b74950,
0x0000025ce7b725e0, 0x0000025ce7b716b0, 0x0000025ce7b720d0, 0x0000025ce7b73000,
0x0000025ce7b74e60, 0x0000025ce7b76cc0, 0x0000025ce7b771d0, 0x0000025ce7b78100,
0x0000025ce7b78610, 0x0000025ce7b78b20, 0x0000025ce99127f0, 0x0000025ce9910990,
0x0000025ce990f040, 0x0000025cf2309cd0, 0x0000025cef3f2070, 0x0000025cef3f2580,
0x0000025ce4a71430, 0x0000025ce4a72360, 0x0000025cf408af70, 0x0000025cf08e6550,
0x0000025cf18a81e0, 0x0000025cf18a5960, 0x0000025cef4132c0, 0x0000025ce8358f00,
0x0000025ce5c5b020, 0x0000025ce5c5ab10, 0x0000025cf1440a30
}

Java Threads: ( => current thread )
  0x0000025ca4a50ad0 JavaThread "main" [_thread_blocked, id=26472, stack(0x000000d014600000,0x000000d014700000)]
  0x0000025cc30fe940 JavaThread "Reference Handler" daemon [_thread_blocked, id=8552, stack(0x000000d014d00000,0x000000d014e00000)]
  0x0000025cc3105590 JavaThread "Finalizer" daemon [_thread_blocked, id=19352, stack(0x000000d014e00000,0x000000d014f00000)]
  0x0000025cc3117bd0 JavaThread "Signal Dispatcher" daemon [_thread_blocked, id=27064, stack(0x000000d014f00000,0x000000d015000000)]
  0x0000025cc31184a0 JavaThread "Attach Listener" daemon [_thread_blocked, id=380, stack(0x000000d015000000,0x000000d015100000)]
  0x0000025cc3118d70 JavaThread "Service Thread" daemon [_thread_blocked, id=26592, stack(0x000000d015100000,0x000000d015200000)]
  0x0000025cc311b650 JavaThread "Monitor Deflation Thread" daemon [_thread_blocked, id=16152, stack(0x000000d015200000,0x000000d015300000)]
  0x0000025cc311c250 JavaThread "C2 CompilerThread0" daemon [_thread_blocked, id=23956, stack(0x000000d015300000,0x000000d015400000)]
  0x0000025cc312eb80 JavaThread "C1 CompilerThread0" daemon [_thread_blocked, id=7808, stack(0x000000d015400000,0x000000d015500000)]
  0x0000025cc3142dd0 JavaThread "Sweeper thread" daemon [_thread_blocked, id=29540, stack(0x000000d015500000,0x000000d015600000)]
  0x0000025cc323b7d0 JavaThread "Common-Cleaner" daemon [_thread_blocked, id=6200, stack(0x000000d015600000,0x000000d015700000)]
  0x0000025cc33892d0 JavaThread "Notification Thread" daemon [_thread_blocked, id=21060, stack(0x000000d015700000,0x000000d015800000)]
  0x0000025ce3dfedb0 JavaThread "Daemon health stats" [_thread_blocked, id=29464, stack(0x000000d015900000,0x000000d015a00000)]
  0x0000025ce3af3550 JavaThread "Incoming local TCP Connector on port 54825" [_thread_in_native, id=29692, stack(0x000000d015a00000,0x000000d015b00000)]
  0x0000025ce44db030 JavaThread "Daemon periodic checks" [_thread_blocked, id=25596, stack(0x000000d016000000,0x000000d016100000)]
  0x0000025ce3efb730 JavaThread "Daemon" [_thread_blocked, id=21856, stack(0x000000d016200000,0x000000d016300000)]
  0x0000025ce3efbfe0 JavaThread "Handler for socket connection from /127.0.0.1:54825 to /127.0.0.1:54826" [_thread_in_native, id=13884, stack(0x000000d016300000,0x000000d016400000)]
  0x0000025ce3bb1150 JavaThread "Cancel handler" [_thread_blocked, id=17864, stack(0x000000d016400000,0x000000d016500000)]
  0x0000025ce3bb2080 JavaThread "Daemon worker" [_thread_blocked, id=26464, stack(0x000000d016500000,0x000000d016600000)]
  0x0000025ce3bb2590 JavaThread "Asynchronous log dispatcher for DefaultDaemonConnection: socket connection from /127.0.0.1:54825 to /127.0.0.1:54826" [_thread_blocked, id=14992, stack(0x000000d016600000,0x000000d016700000)]
  0x0000025ce3bb2fb0 JavaThread "Stdin handler" [_thread_blocked, id=26360, stack(0x000000d016700000,0x000000d016800000)]
  0x0000025ce3bb0c40 JavaThread "Daemon client event forwarder" [_thread_blocked, id=17876, stack(0x000000d016800000,0x000000d016900000)]
  0x0000025ce3bb2aa0 JavaThread "Cache worker for journal cache (C:\Users\Rohit\.gradle\caches\journal-1)" [_thread_blocked, id=26888, stack(0x000000d016100000,0x000000d016200000)]
  0x0000025ce3bb34c0 JavaThread "File lock request listener" [_thread_in_native, id=12304, stack(0x000000d016900000,0x000000d016a00000)]
  0x0000025ce3bb1660 JavaThread "Cache worker for file hash cache (C:\Users\Rohit\.gradle\caches\9.0.0\fileHashes)" [_thread_blocked, id=25164, stack(0x000000d016a00000,0x000000d016b00000)]
  0x0000025ce3bb1b70 JavaThread "Cache worker for file hash cache (D:\my project\main project\FootFlex\forntend\android\.gradle\9.0.0\fileHashes)" [_thread_blocked, id=13768, stack(0x000000d017300000,0x000000d017400000)]
  0x0000025ce3bafd10 JavaThread "Cache worker for Build Output Cleanup Cache (D:\my project\main project\FootFlex\forntend\android\.gradle\buildOutputCleanup)" [_thread_blocked, id=5872, stack(0x000000d017400000,0x000000d017500000)]
  0x0000025ce3bb0220 JavaThread "File watcher server" daemon [_thread_blocked, id=26020, stack(0x000000d017500000,0x000000d017600000)]
  0x0000025ce3bb0730 JavaThread "File watcher consumer" daemon [_thread_blocked, id=1332, stack(0x000000d017600000,0x000000d017700000)]
  0x0000025ce47c2d40 JavaThread "Cache worker for checksums cache (D:\my project\main project\FootFlex\forntend\android\.gradle\9.0.0\checksums)" [_thread_blocked, id=28120, stack(0x000000d017700000,0x000000d017800000)]
  0x0000025ce47c4690 JavaThread "Cache worker for file content cache (C:\Users\Rohit\.gradle\caches\9.0.0\fileContent)" [_thread_blocked, id=29396, stack(0x000000d016c00000,0x000000d016d00000)]
  0x0000025ce47c2320 JavaThread "Cache worker for cache directory md-supplier (C:\Users\Rohit\.gradle\caches\9.0.0\md-supplier)" [_thread_blocked, id=24768, stack(0x000000d017900000,0x000000d017a00000)]
  0x0000025ce47c0ee0 JavaThread "Cache worker for cache directory md-rule (C:\Users\Rohit\.gradle\caches\9.0.0\md-rule)" [_thread_blocked, id=14588, stack(0x000000d017a00000,0x000000d017b00000)]
  0x0000025ce47c2830 JavaThread "jar transforms" [_thread_blocked, id=29648, stack(0x000000d017c00000,0x000000d017d00000)]
  0x0000025ce47c3250 JavaThread "Cache worker for Build Output Cleanup Cache (D:\my project\main project\FootFlex\forntend\node_modules\@react-native\gradle-plugin\.gradle\buildOutputCleanup)" [_thread_blocked, id=15472, stack(0x000000d017d00000,0x000000d017e00000)]
  0x0000025ce47c3c70 JavaThread "Unconstrained build operations" [_thread_blocked, id=29316, stack(0x000000d017e00000,0x000000d017f00000)]
  0x0000025ce47c1e10 JavaThread "Unconstrained build operations Thread 2" [_thread_blocked, id=25848, stack(0x000000d017f00000,0x000000d018000000)]
  0x0000025ce47c4ba0 JavaThread "Unconstrained build operations Thread 3" [_thread_blocked, id=22676, stack(0x000000d018000000,0x000000d018100000)]
  0x0000025ce47c13f0 JavaThread "Unconstrained build operations Thread 4" [_thread_blocked, id=19156, stack(0x000000d018100000,0x000000d018200000)]
  0x0000025ce47c7420 JavaThread "Unconstrained build operations Thread 5" [_thread_blocked, id=6448, stack(0x000000d018200000,0x000000d018300000)]
  0x0000025ce47c8350 JavaThread "Unconstrained build operations Thread 6" [_thread_blocked, id=26684, stack(0x000000d018300000,0x000000d018400000)]
  0x0000025ce47c5ad0 JavaThread "Unconstrained build operations Thread 7" [_thread_blocked, id=25692, stack(0x000000d018400000,0x000000d018500000)]
  0x0000025ce47c7930 JavaThread "Unconstrained build operations Thread 8" [_thread_blocked, id=10596, stack(0x000000d018500000,0x000000d018600000)]
  0x0000025ce47c6a00 JavaThread "Unconstrained build operations Thread 9" [_thread_blocked, id=18720, stack(0x000000d018600000,0x000000d018700000)]
  0x0000025ce47c7e40 JavaThread "Unconstrained build operations Thread 10" [_thread_blocked, id=28932, stack(0x000000d018700000,0x000000d018800000)]
  0x0000025ce47c5fe0 JavaThread "Unconstrained build operations Thread 11" [_thread_blocked, id=17568, stack(0x000000d018800000,0x000000d018900000)]
  0x0000025ce47c64f0 JavaThread "Unconstrained build operations Thread 12" [_thread_blocked, id=26620, stack(0x000000d018900000,0x000000d018a00000)]
  0x0000025ce47c6f10 JavaThread "Unconstrained build operations Thread 13" [_thread_blocked, id=16924, stack(0x000000d018a00000,0x000000d018b00000)]
  0x0000025ce47c8860 JavaThread "Unconstrained build operations Thread 14" [_thread_blocked, id=1116, stack(0x000000d018b00000,0x000000d018c00000)]
  0x0000025ce47c50b0 JavaThread "Unconstrained build operations Thread 15" [_thread_blocked, id=29084, stack(0x000000d018c00000,0x000000d018d00000)]
  0x0000025ce71e1df0 JavaThread "Unconstrained build operations Thread 16" [_thread_blocked, id=25656, stack(0x000000d018d00000,0x000000d018e00000)]
  0x0000025ce71e0ec0 JavaThread "Unconstrained build operations Thread 17" [_thread_blocked, id=12348, stack(0x000000d018e00000,0x000000d018f00000)]
  0x0000025ce71dfa80 JavaThread "Unconstrained build operations Thread 18" [_thread_blocked, id=25756, stack(0x000000d018f00000,0x000000d019000000)]
  0x0000025ce71e04a0 JavaThread "Unconstrained build operations Thread 19" [_thread_blocked, id=25712, stack(0x000000d019000000,0x000000d019100000)]
  0x0000025ce71e09b0 JavaThread "Unconstrained build operations Thread 20" [_thread_blocked, id=8676, stack(0x000000d019100000,0x000000d019200000)]
  0x0000025ce71e13d0 JavaThread "Unconstrained build operations Thread 21" [_thread_blocked, id=29312, stack(0x000000d019200000,0x000000d019300000)]
  0x0000025ce71e2300 JavaThread "Unconstrained build operations Thread 22" [_thread_blocked, id=18092, stack(0x000000d019300000,0x000000d019400000)]
  0x0000025ce71e2810 JavaThread "Unconstrained build operations Thread 23" [_thread_blocked, id=9364, stack(0x000000d019400000,0x000000d019500000)]
  0x0000025ce71df060 JavaThread "Unconstrained build operations Thread 24" [_thread_blocked, id=22928, stack(0x000000d019500000,0x000000d019600000)]
  0x0000025ce71e2d20 JavaThread "Unconstrained build operations Thread 25" [_thread_blocked, id=25824, stack(0x000000d019600000,0x000000d019700000)]
  0x0000025ce71e18e0 JavaThread "Unconstrained build operations Thread 26" [_thread_blocked, id=21888, stack(0x000000d019700000,0x000000d019800000)]
  0x0000025ce71df570 JavaThread "Unconstrained build operations Thread 27" [_thread_blocked, id=2008, stack(0x000000d019800000,0x000000d019900000)]
  0x0000025ce71e3230 JavaThread "Unconstrained build operations Thread 28" [_thread_blocked, id=17024, stack(0x000000d019900000,0x000000d019a00000)]
  0x0000025ce71e3740 JavaThread "Unconstrained build operations Thread 29" [_thread_blocked, id=26912, stack(0x000000d019a00000,0x000000d019b00000)]
  0x0000025ce71dff90 JavaThread "Unconstrained build operations Thread 30" [_thread_blocked, id=23180, stack(0x000000d019b00000,0x000000d019c00000)]
  0x0000025ce71e3c50 JavaThread "Unconstrained build operations Thread 31" [_thread_blocked, id=16628, stack(0x000000d019c00000,0x000000d019d00000)]
  0x0000025ce71e64d0 JavaThread "Unconstrained build operations Thread 32" [_thread_blocked, id=27352, stack(0x000000d019d00000,0x000000d019e00000)]
  0x0000025ce71e5090 JavaThread "Unconstrained build operations Thread 33" [_thread_blocked, id=15396, stack(0x000000d019e00000,0x000000d019f00000)]
  0x0000025ce71e5fc0 JavaThread "Unconstrained build operations Thread 34" [_thread_blocked, id=28764, stack(0x000000d019f00000,0x000000d01a000000)]
  0x0000025ce71e69e0 JavaThread "Unconstrained build operations Thread 35" [_thread_blocked, id=3920, stack(0x000000d01a000000,0x000000d01a100000)]
  0x0000025ce71e4160 JavaThread "Unconstrained build operations Thread 36" [_thread_blocked, id=14232, stack(0x000000d01a100000,0x000000d01a200000)]
  0x0000025ce71e4670 JavaThread "Unconstrained build operations Thread 37" [_thread_blocked, id=22600, stack(0x000000d01a200000,0x000000d01a300000)]
  0x0000025ce71e4b80 JavaThread "Unconstrained build operations Thread 38" [_thread_blocked, id=17240, stack(0x000000d01a300000,0x000000d01a400000)]
  0x0000025ce71e55a0 JavaThread "Unconstrained build operations Thread 39" [_thread_blocked, id=15544, stack(0x000000d01a400000,0x000000d01a500000)]
  0x0000025ce4a741c0 JavaThread "build event listener" [_thread_blocked, id=14192, stack(0x000000d01a500000,0x000000d01a600000)]
  0x0000025ce4a73290 JavaThread "Memory manager" [_thread_blocked, id=5628, stack(0x000000d017800000,0x000000d017900000)]
  0x0000025ce4a737a0 JavaThread "ForkJoinPool.commonPool-worker-1" daemon [_thread_blocked, id=22972, stack(0x000000d01a700000,0x000000d01a800000)]
  0x0000025ce4a72d80 JavaThread "ForkJoinPool.commonPool-worker-2" daemon [_thread_blocked, id=7684, stack(0x000000d01a800000,0x000000d01a900000)]
  0x0000025ce4a71940 JavaThread "ForkJoinPool.commonPool-worker-3" daemon [_thread_blocked, id=18436, stack(0x000000d01a900000,0x000000d01aa00000)]
  0x0000025ce4a74be0 JavaThread "ForkJoinPool.commonPool-worker-4" daemon [_thread_blocked, id=11880, stack(0x000000d01aa00000,0x000000d01ab00000)]
  0x0000025ce4a750f0 JavaThread "ForkJoinPool.commonPool-worker-5" daemon [_thread_blocked, id=28956, stack(0x000000d01ac00000,0x000000d01ad00000)]
  0x0000025ce4a75600 JavaThread "ForkJoinPool.commonPool-worker-7" daemon [_thread_blocked, id=14880, stack(0x000000d01ad00000,0x000000d01ae00000)]
  0x0000025ce4a76530 JavaThread "ForkJoinPool.commonPool-worker-8" daemon [_thread_blocked, id=11008, stack(0x000000d01ae00000,0x000000d01af00000)]
  0x0000025ce4a75b10 JavaThread "ForkJoinPool.commonPool-worker-9" daemon [_thread_blocked, id=29440, stack(0x000000d01af00000,0x000000d01b000000)]
  0x0000025ce4a76f50 JavaThread "Execution worker" [_thread_blocked, id=27164, stack(0x000000d01b100000,0x000000d01b200000)]
  0x0000025ce4a76a40 JavaThread "Execution worker Thread 2" [_thread_blocked, id=25284, stack(0x000000d01b200000,0x000000d01b300000)]
  0x0000025ce4a77460 JavaThread "Execution worker Thread 3" [_thread_blocked, id=25060, stack(0x000000d01b300000,0x000000d01b400000)]
  0x0000025ce4a73cb0 JavaThread "Execution worker Thread 4" [_thread_blocked, id=25192, stack(0x000000d01b400000,0x000000d01b500000)]
  0x0000025ce4a77970 JavaThread "Execution worker Thread 5" [_thread_blocked, id=20488, stack(0x000000d01b500000,0x000000d01b600000)]
  0x0000025ce4a77e80 JavaThread "Execution worker Thread 6" [_thread_blocked, id=13268, stack(0x000000d01b600000,0x000000d01b700000)]
  0x0000025ce4a78390 JavaThread "Execution worker Thread 7" [_thread_blocked, id=28800, stack(0x000000d01b700000,0x000000d01b800000)]
  0x0000025ce7edf060 JavaThread "Execution worker Thread 8" [_thread_blocked, id=6732, stack(0x000000d01b800000,0x000000d01b900000)]
  0x0000025ce7ee09b0 JavaThread "Execution worker Thread 9" [_thread_blocked, id=24700, stack(0x000000d01b900000,0x000000d01ba00000)]
  0x0000025ce7ee18e0 JavaThread "Execution worker Thread 10" [_thread_blocked, id=1008, stack(0x000000d01ba00000,0x000000d01bb00000)]
  0x0000025ce7ee0ec0 JavaThread "Execution worker Thread 11" [_thread_blocked, id=26416, stack(0x000000d01bb00000,0x000000d01bc00000)]
  0x0000025ce7ee13d0 JavaThread "Cache worker for execution history cache (D:\my project\main project\FootFlex\forntend\node_modules\@react-native\gradle-plugin\.gradle\9.0.0\executionHistory)" [_thread_blocked, id=15072, stack(0x000000d01bc00000,0x000000d01bd00000)]
  0x0000025ce7ee2300 JavaThread "Unconstrained build operations Thread 40" [_thread_blocked, id=27384, stack(0x000000d01bd00000,0x000000d01be00000)]
  0x0000025ce7edf570 JavaThread "Unconstrained build operations Thread 41" [_thread_blocked, id=28760, stack(0x000000d01be00000,0x000000d01bf00000)]
  0x0000025ce7ee3230 JavaThread "Unconstrained build operations Thread 42" [_thread_blocked, id=14108, stack(0x000000d01bf00000,0x000000d01c000000)]
  0x0000025ce7ee2810 JavaThread "Unconstrained build operations Thread 43" [_thread_blocked, id=29232, stack(0x000000d01c000000,0x000000d01c100000)]
  0x0000025ce7ee2d20 JavaThread "Unconstrained build operations Thread 44" [_thread_blocked, id=29004, stack(0x000000d01c100000,0x000000d01c200000)]
  0x0000025ce7edff90 JavaThread "Unconstrained build operations Thread 45" [_thread_blocked, id=24772, stack(0x000000d01c200000,0x000000d01c300000)]
  0x0000025ce7edfa80 JavaThread "Unconstrained build operations Thread 46" [_thread_blocked, id=8636, stack(0x000000d01c300000,0x000000d01c400000)]
  0x0000025ce7ee3740 JavaThread "Unconstrained build operations Thread 47" [_thread_blocked, id=25084, stack(0x000000d01c400000,0x000000d01c500000)]
  0x0000025ce7ee3c50 JavaThread "Unconstrained build operations Thread 48" [_thread_blocked, id=29644, stack(0x000000d01c500000,0x000000d01c600000)]
  0x0000025ce7ee04a0 JavaThread "Unconstrained build operations Thread 49" [_thread_blocked, id=28128, stack(0x000000d01c600000,0x000000d01c700000)]
  0x0000025ce7ee64d0 JavaThread "Unconstrained build operations Thread 50" [_thread_blocked, id=1740, stack(0x000000d01c700000,0x000000d01c800000)]
  0x0000025ce7ee5090 JavaThread "Unconstrained build operations Thread 51" [_thread_blocked, id=17288, stack(0x000000d01c800000,0x000000d01c900000)]
  0x0000025ce7ee55a0 JavaThread "Unconstrained build operations Thread 52" [_thread_blocked, id=14700, stack(0x000000d01c900000,0x000000d01ca00000)]
  0x0000025ce7ee4670 JavaThread "Unconstrained build operations Thread 53" [_thread_blocked, id=7724, stack(0x000000d01ca00000,0x000000d01cb00000)]
  0x0000025ce7ee4160 JavaThread "Unconstrained build operations Thread 54" [_thread_blocked, id=2884, stack(0x000000d01cb00000,0x000000d01cc00000)]
  0x0000025ce7ee69e0 JavaThread "Unconstrained build operations Thread 55" [_thread_blocked, id=2544, stack(0x000000d01cc00000,0x000000d01cd00000)]
  0x0000025ce7ee5ab0 JavaThread "Unconstrained build operations Thread 56" [_thread_blocked, id=2488, stack(0x000000d01cd00000,0x000000d01ce00000)]
  0x0000025ce7ee5fc0 JavaThread "Unconstrained build operations Thread 57" [_thread_blocked, id=20276, stack(0x000000d01ce00000,0x000000d01cf00000)]
  0x0000025ce7ee4b80 JavaThread "Unconstrained build operations Thread 58" [_thread_blocked, id=18408, stack(0x000000d01cf00000,0x000000d01d000000)]
  0x0000025ce5acbee0 JavaThread "Unconstrained build operations Thread 59" [_thread_blocked, id=28348, stack(0x000000d01d000000,0x000000d01d100000)]
  0x0000025ce5acafb0 JavaThread "Unconstrained build operations Thread 60" [_thread_blocked, id=16168, stack(0x000000d01d100000,0x000000d01d200000)]
  0x0000025ce5ac9b70 JavaThread "Unconstrained build operations Thread 61" [_thread_blocked, id=3028, stack(0x000000d01d200000,0x000000d01d300000)]
  0x0000025ce5acb9d0 JavaThread "Unconstrained build operations Thread 62" [_thread_blocked, id=21528, stack(0x000000d01d300000,0x000000d01d400000)]
  0x0000025ce5aca080 JavaThread "Unconstrained build operations Thread 63" [_thread_blocked, id=26572, stack(0x000000d01d400000,0x000000d01d500000)]
  0x0000025ce5acaaa0 JavaThread "Unconstrained build operations Thread 64" [_thread_blocked, id=13684, stack(0x000000d01d500000,0x000000d01d600000)]
  0x0000025ce5ac8730 JavaThread "Unconstrained build operations Thread 65" [_thread_blocked, id=25804, stack(0x000000d01d600000,0x000000d01d700000)]
  0x0000025ce5acb4c0 JavaThread "Unconstrained build operations Thread 66" [_thread_blocked, id=2596, stack(0x000000d01d700000,0x000000d01d800000)]
  0x0000025ce5ac8c40 JavaThread "Unconstrained build operations Thread 67" [_thread_blocked, id=11400, stack(0x000000d01d800000,0x000000d01d900000)]
  0x0000025ce5ac9150 JavaThread "Unconstrained build operations Thread 68" [_thread_blocked, id=12600, stack(0x000000d01d900000,0x000000d01da00000)]
  0x0000025ce5aca590 JavaThread "Unconstrained build operations Thread 69" [_thread_blocked, id=9428, stack(0x000000d01da00000,0x000000d01db00000)]
  0x0000025ce869ef10 JavaThread "Unconstrained build operations Thread 70" [_thread_blocked, id=15772, stack(0x000000d01db00000,0x000000d01dc00000)]
  0x0000025ce869f420 JavaThread "Unconstrained build operations Thread 71" [_thread_blocked, id=23376, stack(0x000000d01dc00000,0x000000d01dd00000)]
  0x0000025ce86a0860 JavaThread "Unconstrained build operations Thread 72" [_thread_blocked, id=2472, stack(0x000000d01dd00000,0x000000d01de00000)]
  0x0000025ce86a0350 JavaThread "Unconstrained build operations Thread 73" [_thread_blocked, id=24228, stack(0x000000d01de00000,0x000000d01df00000)]
  0x0000025ce869d5c0 JavaThread "Unconstrained build operations Thread 74" [_thread_blocked, id=20028, stack(0x000000d01df00000,0x000000d01e000000)]
  0x0000025ce869e4f0 JavaThread "Unconstrained build operations Thread 75" [_thread_blocked, id=13344, stack(0x000000d01e000000,0x000000d01e100000)]
  0x0000025ce869f930 JavaThread "Unconstrained build operations Thread 76" [_thread_blocked, id=26152, stack(0x000000d01e100000,0x000000d01e200000)]
  0x0000025ce869dad0 JavaThread "Unconstrained build operations Thread 77" [_thread_blocked, id=13280, stack(0x000000d01e200000,0x000000d01e300000)]
  0x0000025ce869dfe0 JavaThread "Unconstrained build operations Thread 78" [_thread_blocked, id=9600, stack(0x000000d01e300000,0x000000d01e400000)]
  0x0000025ce869fe40 JavaThread "Unconstrained build operations Thread 79" [_thread_blocked, id=29252, stack(0x000000d01e400000,0x000000d01e500000)]
  0x0000025ce869ea00 JavaThread "Unconstrained build operations Thread 80" [_thread_blocked, id=10932, stack(0x000000d01e500000,0x000000d01e600000)]
  0x0000025ce869d0b0 JavaThread "Unconstrained build operations Thread 81" [_thread_blocked, id=18284, stack(0x000000d01e600000,0x000000d01e700000)]
  0x0000025ce86a1280 JavaThread "Unconstrained build operations Thread 82" [_thread_blocked, id=25680, stack(0x000000d01e700000,0x000000d01e800000)]
  0x0000025ce86a1790 JavaThread "Unconstrained build operations Thread 83" [_thread_blocked, id=25840, stack(0x000000d01e800000,0x000000d01e900000)]
  0x0000025ce86a1ca0 JavaThread "Unconstrained build operations Thread 84" [_thread_blocked, id=29572, stack(0x000000d01e900000,0x000000d01ea00000)]
  0x0000025ce86a30e0 JavaThread "Unconstrained build operations Thread 85" [_thread_blocked, id=18684, stack(0x000000d01ea00000,0x000000d01eb00000)]
  0x0000025ce86a21b0 JavaThread "Unconstrained build operations Thread 86" [_thread_blocked, id=23500, stack(0x000000d01eb00000,0x000000d01ec00000)]
  0x0000025ce86a35f0 JavaThread "Unconstrained build operations Thread 87" [_thread_blocked, id=24128, stack(0x000000d01ec00000,0x000000d01ed00000)]
  0x0000025ce86a26c0 JavaThread "Unconstrained build operations Thread 88" [_thread_blocked, id=21860, stack(0x000000d01ed00000,0x000000d01ee00000)]
  0x0000025ce86a3b00 JavaThread "Unconstrained build operations Thread 89" [_thread_blocked, id=26892, stack(0x000000d01ee00000,0x000000d01ef00000)]
  0x0000025ce86a4520 JavaThread "Unconstrained build operations Thread 90" [_thread_blocked, id=17608, stack(0x000000d01ef00000,0x000000d01f000000)]
  0x0000025ce86a4010 JavaThread "Unconstrained build operations Thread 91" [_thread_blocked, id=18464, stack(0x000000d01f000000,0x000000d01f100000)]
  0x0000025ce86a2bd0 JavaThread "Unconstrained build operations Thread 92" [_thread_blocked, id=28744, stack(0x000000d01f100000,0x000000d01f200000)]
  0x0000025ce86a4a30 JavaThread "Unconstrained build operations Thread 93" [_thread_blocked, id=416, stack(0x000000d01f200000,0x000000d01f300000)]
  0x0000025ce5461880 JavaThread "Unconstrained build operations Thread 94" [_thread_blocked, id=6840, stack(0x000000d01f300000,0x000000d01f400000)]
  0x0000025ce5461d90 JavaThread "Unconstrained build operations Thread 95" [_thread_blocked, id=14364, stack(0x000000d01f400000,0x000000d01f500000)]
  0x0000025ce54622a0 JavaThread "Unconstrained build operations Thread 96" [_thread_blocked, id=22236, stack(0x000000d01f500000,0x000000d01f600000)]
  0x0000025ce54627b0 JavaThread "Unconstrained build operations Thread 97" [_thread_blocked, id=1660, stack(0x000000d01f600000,0x000000d01f700000)]
  0x0000025ce5460950 JavaThread "Unconstrained build operations Thread 98" [_thread_blocked, id=13412, stack(0x000000d01f700000,0x000000d01f800000)]
  0x0000025ce5461370 JavaThread "Unconstrained build operations Thread 99" [_thread_blocked, id=4728, stack(0x000000d01f800000,0x000000d01f900000)]
  0x0000025ce5460e60 JavaThread "Unconstrained build operations Thread 100" [_thread_blocked, id=11696, stack(0x000000d01f900000,0x000000d01fa00000)]
  0x0000025ce5462cc0 JavaThread "Unconstrained build operations Thread 101" [_thread_blocked, id=24864, stack(0x000000d01fa00000,0x000000d01fb00000)]
  0x0000025ce54631d0 JavaThread "Unconstrained build operations Thread 102" [_thread_blocked, id=26584, stack(0x000000d01fb00000,0x000000d01fc00000)]
  0x0000025ce54636e0 JavaThread "Unconstrained build operations Thread 103" [_thread_blocked, id=27568, stack(0x000000d01fc00000,0x000000d01fd00000)]
  0x0000025ce545ff30 JavaThread "Unconstrained build operations Thread 104" [_thread_blocked, id=27192, stack(0x000000d01fd00000,0x000000d01fe00000)]
  0x0000025ce5463bf0 JavaThread "Unconstrained build operations Thread 105" [_thread_blocked, id=26248, stack(0x000000d01fe00000,0x000000d01ff00000)]
  0x0000025ce5460440 JavaThread "Unconstrained build operations Thread 106" [_thread_blocked, id=23288, stack(0x000000d01ff00000,0x000000d020000000)]
  0x0000025ce5464b20 JavaThread "Unconstrained build operations Thread 107" [_thread_blocked, id=26860, stack(0x000000d020000000,0x000000d020100000)]
  0x0000025ce5465030 JavaThread "Unconstrained build operations Thread 108" [_thread_blocked, id=14360, stack(0x000000d020100000,0x000000d020200000)]
  0x0000025ce5464610 JavaThread "Unconstrained build operations Thread 109" [_thread_blocked, id=13736, stack(0x000000d020200000,0x000000d020300000)]
  0x0000025ce5465540 JavaThread "Unconstrained build operations Thread 110" [_thread_blocked, id=25412, stack(0x000000d020300000,0x000000d020400000)]
  0x0000025ce5465a50 JavaThread "Unconstrained build operations Thread 111" [_thread_blocked, id=24044, stack(0x000000d020400000,0x000000d020500000)]
  0x0000025ce5466470 JavaThread "Unconstrained build operations Thread 112" [_thread_blocked, id=17084, stack(0x000000d020500000,0x000000d020600000)]
  0x0000025ce54673a0 JavaThread "jar transforms Thread 2" [_thread_blocked, id=22096, stack(0x000000d020600000,0x000000d020700000)]
  0x0000025ce54678b0 JavaThread "Exec process" [_thread_blocked, id=27056, stack(0x000000d020700000,0x000000d020800000)]
  0x0000025ce5466980 JavaThread "Exec process Thread 2" [_thread_blocked, id=5036, stack(0x000000d020800000,0x000000d020900000)]
  0x0000025ce5466e90 JavaThread "Exec process Thread 3" [_thread_blocked, id=3840, stack(0x000000d020900000,0x000000d020a00000)]
  0x0000025ce86a0d70 JavaThread "jar transforms Thread 3" [_thread_blocked, id=8936, stack(0x000000d017b00000,0x000000d017c00000)]
  0x0000025ce5464100 JavaThread "Unconstrained build operations Thread 113" [_thread_blocked, id=13840, stack(0x000000d020a00000,0x000000d020b00000)]
  0x0000025ce7b73510 JavaThread "Unconstrained build operations Thread 114" [_thread_blocked, id=15908, stack(0x000000d020b00000,0x000000d020c00000)]
  0x0000025ce7b711a0 JavaThread "Unconstrained build operations Thread 115" [_thread_blocked, id=15752, stack(0x000000d020c00000,0x000000d020d00000)]
  0x0000025ce7b74440 JavaThread "Unconstrained build operations Thread 116" [_thread_blocked, id=12756, stack(0x000000d020d00000,0x000000d020e00000)]
  0x0000025ce7b72af0 JavaThread "Unconstrained build operations Thread 117" [_thread_blocked, id=9572, stack(0x000000d020e00000,0x000000d020f00000)]
  0x0000025ce7b74950 JavaThread "Unconstrained build operations Thread 118" [_thread_blocked, id=15448, stack(0x000000d020f00000,0x000000d021000000)]
  0x0000025ce7b725e0 JavaThread "Unconstrained build operations Thread 119" [_thread_blocked, id=26500, stack(0x000000d021000000,0x000000d021100000)]
  0x0000025ce7b716b0 JavaThread "Unconstrained build operations Thread 120" [_thread_blocked, id=18792, stack(0x000000d021100000,0x000000d021200000)]
  0x0000025ce7b720d0 JavaThread "jar transforms Thread 4" [_thread_blocked, id=25872, stack(0x000000d021300000,0x000000d021400000)]
  0x0000025ce7b73000 JavaThread "jar transforms Thread 5" [_thread_blocked, id=18356, stack(0x000000d01a600000,0x000000d01a700000)]
  0x0000025ce7b74e60 JavaThread "jar transforms Thread 6" [_thread_blocked, id=21972, stack(0x000000d021400000,0x000000d021500000)]
  0x0000025ce7b76cc0 JavaThread "build event listener" [_thread_blocked, id=16256, stack(0x000000d021600000,0x000000d021700000)]
  0x0000025ce7b771d0 JavaThread "Problems report writer" [_thread_blocked, id=23328, stack(0x000000d021700000,0x000000d021800000)]
  0x0000025ce7b78100 JavaThread "jar transforms Thread 7" [_thread_blocked, id=26928, stack(0x000000d021800000,0x000000d021900000)]
  0x0000025ce7b78610 JavaThread "jar transforms Thread 8" [_thread_blocked, id=27048, stack(0x000000d021900000,0x000000d021a00000)]
  0x0000025ce7b78b20 JavaThread "jar transforms Thread 9" [_thread_blocked, id=25988, stack(0x000000d021a00000,0x000000d021b00000)]
  0x0000025ce99127f0 JavaThread "jar transforms Thread 10" [_thread_blocked, id=7616, stack(0x000000d021b00000,0x000000d021c00000)]
  0x0000025ce9910990 JavaThread "jar transforms Thread 11" [_thread_blocked, id=29568, stack(0x000000d021c00000,0x000000d021d00000)]
  0x0000025ce990f040 JavaThread "jar transforms Thread 12" [_thread_blocked, id=8600, stack(0x000000d021d00000,0x000000d021e00000)]
  0x0000025cf2309cd0 JavaThread "ForkJoinPool.commonPool-worker-10" daemon [_thread_blocked, id=19696, stack(0x000000d01ab00000,0x000000d01ac00000)]
  0x0000025cef3f2070 JavaThread "ForkJoinPool.commonPool-worker-11" daemon [_thread_blocked, id=23892, stack(0x000000d01b000000,0x000000d01b100000)]
  0x0000025cef3f2580 JavaThread "ForkJoinPool.commonPool-worker-12" daemon [_thread_blocked, id=25300, stack(0x000000d022300000,0x000000d022400000)]
  0x0000025ce4a71430 JavaThread "pool-3-thread-1" [_thread_blocked, id=12192, stack(0x000000d022400000,0x000000d022500000)]
  0x0000025ce4a72360 JavaThread "build event listener" [_thread_blocked, id=3008, stack(0x000000d022500000,0x000000d022600000)]
  0x0000025cf408af70 JavaThread "included builds Thread 2" [_thread_blocked, id=20708, stack(0x000000d022600000,0x000000d022700000)]
  0x0000025cf08e6550 JavaThread "Cache worker for execution history cache (D:\my project\main project\FootFlex\forntend\android\.gradle\9.0.0\executionHistory)" [_thread_blocked, id=28976, stack(0x000000d022700000,0x000000d022800000)]
  0x0000025cf18a81e0 JavaThread "WorkerExecutor Queue" [_thread_blocked, id=3992, stack(0x000000d014400000,0x000000d014500000)]
  0x0000025cf18a5960 JavaThread "WorkerExecutor Queue Thread 2" [_thread_blocked, id=25660, stack(0x000000d022800000,0x000000d022900000)]
  0x0000025cef4132c0 JavaThread "C2 CompilerThread1" daemon [_thread_blocked, id=9540, stack(0x000000d014300000,0x000000d014400000)]
  0x0000025ce8358f00 JavaThread "C2 CompilerThread2" daemon [_thread_blocked, id=29556, stack(0x000000d022a00000,0x000000d022b00000)]
  0x0000025ce5c5b020 JavaThread "WorkerExecutor Queue Thread 3" [_thread_blocked, id=21440, stack(0x000000d022b00000,0x000000d022c00000)]
  0x0000025ce5c5ab10 JavaThread "WorkerExecutor Queue Thread 4" [_thread_blocked, id=27304, stack(0x000000d022c00000,0x000000d022d00000)]
  0x0000025cf1440a30 JavaThread "WorkerExecutor Queue Thread 5" [_thread_blocked, id=27452, stack(0x000000d022d00000,0x000000d022e00000)]

Other Threads:
=>0x0000025cc30fc2f0 VMThread "VM Thread" [stack: 0x000000d014c00000,0x000000d014d00000] [id=27232]
  0x0000025cc32d6d70 WatcherThread [stack: 0x000000d015800000,0x000000d015900000] [id=24836]
  0x0000025ca283ebc0 GCTaskThread "GC Thread#0" [stack: 0x000000d014700000,0x000000d014800000] [id=23132]
  0x0000025cc3417d90 GCTaskThread "GC Thread#1" [stack: 0x000000d015b00000,0x000000d015c00000] [id=23264]
  0x0000025cc3749d20 GCTaskThread "GC Thread#2" [stack: 0x000000d015c00000,0x000000d015d00000] [id=26496]
  0x0000025cc3749fe0 GCTaskThread "GC Thread#3" [stack: 0x000000d015d00000,0x000000d015e00000] [id=27744]
  0x0000025cc3af9bb0 GCTaskThread "GC Thread#4" [stack: 0x000000d015e00000,0x000000d015f00000] [id=24968]
  0x0000025cc3af9e70 GCTaskThread "GC Thread#5" [stack: 0x000000d015f00000,0x000000d016000000] [id=24120]
  0x0000025ce4915ac0 GCTaskThread "GC Thread#6" [stack: 0x000000d016d00000,0x000000d016e00000] [id=7144]
  0x0000025ce7119060 GCTaskThread "GC Thread#7" [stack: 0x000000d016e00000,0x000000d016f00000] [id=8136]
  0x0000025ce7119320 GCTaskThread "GC Thread#8" [stack: 0x000000d016f00000,0x000000d017000000] [id=4796]
  0x0000025ce69ec010 GCTaskThread "GC Thread#9" [stack: 0x000000d017000000,0x000000d017100000] [id=26720]
  0x0000025ca4abae70 ConcurrentGCThread "G1 Main Marker" [stack: 0x000000d014800000,0x000000d014900000] [id=23508]
  0x0000025ca4abc640 ConcurrentGCThread "G1 Conc#0" [stack: 0x000000d014900000,0x000000d014a00000] [id=2556]
  0x0000025ce4c6fbd0 ConcurrentGCThread "G1 Conc#1" [stack: 0x000000d017100000,0x000000d017200000] [id=25864]
  0x0000025ce4a8a220 ConcurrentGCThread "G1 Conc#2" [stack: 0x000000d017200000,0x000000d017300000] [id=29412]
  0x0000025ca4b0ecc0 ConcurrentGCThread "G1 Refine#0" [stack: 0x000000d014a00000,0x000000d014b00000] [id=20980]
  0x0000025ce69a2ce0 ConcurrentGCThread "G1 Refine#1" [stack: 0x000000d016b00000,0x000000d016c00000] [id=16064]
  0x0000025ce746fe80 ConcurrentGCThread "G1 Refine#2" [stack: 0x000000d014500000,0x000000d014600000] [id=12276]
  0x0000025ce746e410 ConcurrentGCThread "G1 Refine#3" [stack: 0x000000d021200000,0x000000d021300000] [id=29504]
  0x0000025cc37b79e0 ConcurrentGCThread "G1 Refine#4" [stack: 0x000000d021500000,0x000000d021600000] [id=9444]
  0x0000025cefda8cf0 ConcurrentGCThread "G1 Refine#5" [stack: 0x000000d022100000,0x000000d022200000] [id=12424]
  0x0000025cefda5230 ConcurrentGCThread "G1 Refine#6" [stack: 0x000000d022200000,0x000000d022300000] [id=19188]
  0x0000025cc2fb75f0 ConcurrentGCThread "G1 Service" [stack: 0x000000d014b00000,0x000000d014c00000] [id=25112]

Threads with active compile tasks:
C2 CompilerThread0   107888 28204       4       com.android.utils.XmlUtils::append (597 bytes)
C2 CompilerThread1   107888 28229   !   4       java.io.ObjectOutputStream::writeSerialData (223 bytes)
C2 CompilerThread2   107888 28231 %     4       java.util.Arrays::fill @ 10 (28 bytes)

VM state: at safepoint (normal execution)

VM Mutex/Monitor currently owned by a thread:  ([mutex/lock_event])
[0x0000025ca4a49d80] Threads_lock - owner thread: 0x0000025cc30fc2f0
[0x0000025ca4a497e0] Heap_lock - owner thread: 0x0000025ca4abae70

Heap address: 0x0000000080000000, size: 2048 MB, Compressed Oops mode: 32-bit

CDS archive(s) mapped at: [0x0000025cc4000000-0x0000025cc4bd0000-0x0000025cc4bd0000), size 12386304, SharedBaseAddress: 0x0000025cc4000000, ArchiveRelocationMode: 1.
Compressed class space mapped at: 0x0000025cc5000000-0x0000025cdf000000, reserved size: 436207616
Narrow klass base: 0x0000025cc4000000, Narrow klass shift: 0, Narrow klass range: 0x100000000

GC Precious Log:
 CPUs: 12 total, 12 available
 Memory: 16024M
 Large Page Support: Disabled
 NUMA Support: Disabled
 Compressed Oops: Enabled (32-bit)
 Heap Region Size: 1M
 Heap Min Capacity: 8M
 Heap Initial Capacity: 252M
 Heap Max Capacity: 2G
 Pre-touch: Disabled
 Parallel Workers: 10
 Concurrent Workers: 3
 Concurrent Refinement Workers: 10
 Periodic GC: Disabled

Heap:
 garbage-first heap   total 558080K, used 502772K [0x0000000080000000, 0x0000000100000000)
  region size 1024K, 17 young (17408K), 1 survivors (1024K)
 Metaspace       used 140483K, committed 142720K, reserved 557056K
  class space    used 18984K, committed 20032K, reserved 425984K

Heap Regions: E=young(eden), S=young(survivor), O=old, HS=humongous(starts), HC=humongous(continues), CS=collection set, F=free, OA=open archive, CA=closed archive, TAMS=top-at-mark-start (previous, next)
|   0|0x0000000080000000, 0x0000000080100000, 0x0000000080100000|100%|HS|  |TAMS 0x0000000080100000, 0x0000000080000000| Complete 
|   1|0x0000000080100000, 0x0000000080200000, 0x0000000080200000|100%|HC|  |TAMS 0x0000000080200000, 0x0000000080100000| Complete 
|   2|0x0000000080200000, 0x0000000080300000, 0x0000000080300000|100%|HC|  |TAMS 0x0000000080300000, 0x0000000080200000| Complete 
|   3|0x0000000080300000, 0x0000000080400000, 0x0000000080400000|100%| O|  |TAMS 0x0000000080400000, 0x0000000080300000| Untracked 
|   4|0x0000000080400000, 0x0000000080500000, 0x0000000080500000|100%| O|  |TAMS 0x0000000080500000, 0x0000000080400000| Untracked 
|   5|0x0000000080500000, 0x0000000080600000, 0x0000000080600000|100%| O|  |TAMS 0x0000000080600000, 0x0000000080500000| Untracked 
|   6|0x0000000080600000, 0x0000000080700000, 0x0000000080700000|100%|HS|  |TAMS 0x0000000080700000, 0x0000000080600000| Complete 
|   7|0x0000000080700000, 0x0000000080800000, 0x0000000080800000|100%| O|  |TAMS 0x0000000080800000, 0x0000000080700000| Untracked 
|   8|0x0000000080800000, 0x0000000080900000, 0x0000000080900000|100%| O|  |TAMS 0x0000000080900000, 0x0000000080800000| Untracked 
|   9|0x0000000080900000, 0x0000000080a00000, 0x0000000080a00000|100%| O|  |TAMS 0x0000000080a00000, 0x0000000080900000| Untracked 
|  10|0x0000000080a00000, 0x0000000080b00000, 0x0000000080b00000|100%| O|  |TAMS 0x0000000080b00000, 0x0000000080a00000| Untracked 
|  11|0x0000000080b00000, 0x0000000080c00000, 0x0000000080c00000|100%| O|  |TAMS 0x0000000080c00000, 0x0000000080b00000| Untracked 
|  12|0x0000000080c00000, 0x0000000080d00000, 0x0000000080d00000|100%| O|  |TAMS 0x0000000080d00000, 0x0000000080c00000| Untracked 
|  13|0x0000000080d00000, 0x0000000080e00000, 0x0000000080e00000|100%| O|  |TAMS 0x0000000080e00000, 0x0000000080d00000| Untracked 
|  14|0x0000000080e00000, 0x0000000080f00000, 0x0000000080f00000|100%| O|  |TAMS 0x0000000080f00000, 0x0000000080e00000| Untracked 
|  15|0x0000000080f00000, 0x0000000081000000, 0x0000000081000000|100%| O|  |TAMS 0x0000000081000000, 0x0000000080f00000| Untracked 
|  16|0x0000000081000000, 0x0000000081100000, 0x0000000081100000|100%| O|  |TAMS 0x0000000081100000, 0x0000000081000000| Untracked 
|  17|0x0000000081100000, 0x0000000081200000, 0x0000000081200000|100%| O|  |TAMS 0x0000000081200000, 0x0000000081100000| Untracked 
|  18|0x0000000081200000, 0x0000000081300000, 0x0000000081300000|100%| O|  |TAMS 0x0000000081300000, 0x0000000081200000| Untracked 
|  19|0x0000000081300000, 0x0000000081400000, 0x0000000081400000|100%| O|  |TAMS 0x0000000081400000, 0x0000000081300000| Untracked 
|  20|0x0000000081400000, 0x0000000081500000, 0x0000000081500000|100%| O|  |TAMS 0x0000000081500000, 0x0000000081400000| Untracked 
|  21|0x0000000081500000, 0x0000000081600000, 0x0000000081600000|100%| O|  |TAMS 0x0000000081600000, 0x0000000081500000| Untracked 
|  22|0x0000000081600000, 0x0000000081700000, 0x0000000081700000|100%| O|  |TAMS 0x0000000081700000, 0x0000000081600000| Untracked 
|  23|0x0000000081700000, 0x0000000081800000, 0x0000000081800000|100%| O|  |TAMS 0x0000000081800000, 0x0000000081700000| Untracked 
|  24|0x0000000081800000, 0x0000000081900000, 0x0000000081900000|100%| O|  |TAMS 0x0000000081900000, 0x0000000081800000| Untracked 
|  25|0x0000000081900000, 0x0000000081a00000, 0x0000000081a00000|100%| O|  |TAMS 0x0000000081a00000, 0x0000000081900000| Untracked 
|  26|0x0000000081a00000, 0x0000000081b00000, 0x0000000081b00000|100%| O|  |TAMS 0x0000000081b00000, 0x0000000081a00000| Untracked 
|  27|0x0000000081b00000, 0x0000000081c00000, 0x0000000081c00000|100%| O|  |TAMS 0x0000000081c00000, 0x0000000081b00000| Untracked 
|  28|0x0000000081c00000, 0x0000000081d00000, 0x0000000081d00000|100%| O|  |TAMS 0x0000000081d00000, 0x0000000081c00000| Updating 
|  29|0x0000000081d00000, 0x0000000081e00000, 0x0000000081e00000|100%| O|  |TAMS 0x0000000081e00000, 0x0000000081d00000| Updating 
|  30|0x0000000081e00000, 0x0000000081f00000, 0x0000000081f00000|100%| O|  |TAMS 0x0000000081f00000, 0x0000000081e00000| Updating 
|  31|0x0000000081f00000, 0x0000000082000000, 0x0000000082000000|100%| O|  |TAMS 0x0000000082000000, 0x0000000081f00000| Updating 
|  32|0x0000000082000000, 0x0000000082100000, 0x0000000082100000|100%|HS|  |TAMS 0x0000000082100000, 0x0000000082000000| Complete 
|  33|0x0000000082100000, 0x0000000082200000, 0x0000000082200000|100%|HC|  |TAMS 0x0000000082200000, 0x0000000082100000| Complete 
|  34|0x0000000082200000, 0x0000000082300000, 0x0000000082300000|100%|HC|  |TAMS 0x0000000082300000, 0x0000000082200000| Complete 
|  35|0x0000000082300000, 0x0000000082400000, 0x0000000082400000|100%|HS|  |TAMS 0x0000000082400000, 0x0000000082300000| Complete 
|  36|0x0000000082400000, 0x0000000082500000, 0x0000000082500000|100%|HC|  |TAMS 0x0000000082500000, 0x0000000082400000| Complete 
|  37|0x0000000082500000, 0x0000000082600000, 0x0000000082600000|100%|HC|  |TAMS 0x0000000082600000, 0x0000000082500000| Complete 
|  38|0x0000000082600000, 0x0000000082700000, 0x0000000082700000|100%| O|  |TAMS 0x0000000082700000, 0x0000000082600000| Untracked 
|  39|0x0000000082700000, 0x0000000082800000, 0x0000000082800000|100%| O|  |TAMS 0x0000000082800000, 0x0000000082700000| Untracked 
|  40|0x0000000082800000, 0x0000000082900000, 0x0000000082900000|100%| O|  |TAMS 0x0000000082900000, 0x0000000082800000| Untracked 
|  41|0x0000000082900000, 0x0000000082a00000, 0x0000000082a00000|100%| O|  |TAMS 0x0000000082a00000, 0x0000000082900000| Untracked 
|  42|0x0000000082a00000, 0x0000000082b00000, 0x0000000082b00000|100%| O|  |TAMS 0x0000000082b00000, 0x0000000082a00000| Updating 
|  43|0x0000000082b00000, 0x0000000082c00000, 0x0000000082c00000|100%| O|  |TAMS 0x0000000082c00000, 0x0000000082b00000| Updating 
|  44|0x0000000082c00000, 0x0000000082d00000, 0x0000000082d00000|100%| O|  |TAMS 0x0000000082d00000, 0x0000000082c00000| Untracked 
|  45|0x0000000082d00000, 0x0000000082e00000, 0x0000000082e00000|100%| O|  |TAMS 0x0000000082e00000, 0x0000000082d00000| Untracked 
|  46|0x0000000082e00000, 0x0000000082f00000, 0x0000000082f00000|100%| O|  |TAMS 0x0000000082f00000, 0x0000000082e00000| Updating 
|  47|0x0000000082f00000, 0x0000000082f00000, 0x0000000083000000|  0%| F|  |TAMS 0x0000000082f00000, 0x0000000082f00000| Untracked 
|  48|0x0000000083000000, 0x0000000083100000, 0x0000000083100000|100%| O|  |TAMS 0x0000000083100000, 0x0000000083000000| Untracked 
|  49|0x0000000083100000, 0x0000000083200000, 0x0000000083200000|100%| O|  |TAMS 0x0000000083200000, 0x0000000083100000| Updating 
|  50|0x0000000083200000, 0x0000000083300000, 0x0000000083300000|100%| O|  |TAMS 0x0000000083300000, 0x0000000083200000| Untracked 
|  51|0x0000000083300000, 0x0000000083400000, 0x0000000083400000|100%| O|  |TAMS 0x0000000083400000, 0x0000000083300000| Untracked 
|  52|0x0000000083400000, 0x0000000083500000, 0x0000000083500000|100%| O|  |TAMS 0x0000000083500000, 0x0000000083400000| Untracked 
|  53|0x0000000083500000, 0x0000000083600000, 0x0000000083600000|100%| O|  |TAMS 0x0000000083600000, 0x0000000083500000| Untracked 
|  54|0x0000000083600000, 0x0000000083700000, 0x0000000083700000|100%| O|  |TAMS 0x0000000083700000, 0x0000000083600000| Untracked 
|  55|0x0000000083700000, 0x0000000083800000, 0x0000000083800000|100%| O|  |TAMS 0x0000000083800000, 0x0000000083700000| Untracked 
|  56|0x0000000083800000, 0x0000000083900000, 0x0000000083900000|100%| O|  |TAMS 0x0000000083900000, 0x0000000083800000| Updating 
|  57|0x0000000083900000, 0x0000000083a00000, 0x0000000083a00000|100%| O|  |TAMS 0x0000000083a00000, 0x0000000083900000| Updating 
|  58|0x0000000083a00000, 0x0000000083b00000, 0x0000000083b00000|100%| O|  |TAMS 0x0000000083b00000, 0x0000000083a00000| Updating 
|  59|0x0000000083b00000, 0x0000000083c00000, 0x0000000083c00000|100%| O|  |TAMS 0x0000000083c00000, 0x0000000083b00000| Updating 
|  60|0x0000000083c00000, 0x0000000083d00000, 0x0000000083d00000|100%| O|  |TAMS 0x0000000083d00000, 0x0000000083c00000| Updating 
|  61|0x0000000083d00000, 0x0000000083e00000, 0x0000000083e00000|100%| O|  |TAMS 0x0000000083e00000, 0x0000000083d00000| Untracked 
|  62|0x0000000083e00000, 0x0000000083f00000, 0x0000000083f00000|100%| O|  |TAMS 0x0000000083f00000, 0x0000000083e00000| Untracked 
|  63|0x0000000083f00000, 0x0000000084000000, 0x0000000084000000|100%| O|  |TAMS 0x0000000084000000, 0x0000000083f00000| Untracked 
|  64|0x0000000084000000, 0x0000000084100000, 0x0000000084100000|100%| O|  |TAMS 0x0000000084100000, 0x0000000084000000| Updating 
|  65|0x0000000084100000, 0x0000000084200000, 0x0000000084200000|100%| O|  |TAMS 0x0000000084200000, 0x0000000084100000| Updating 
|  66|0x0000000084200000, 0x0000000084300000, 0x0000000084300000|100%| O|  |TAMS 0x0000000084300000, 0x0000000084200000| Updating 
|  67|0x0000000084300000, 0x0000000084400000, 0x0000000084400000|100%| O|  |TAMS 0x0000000084400000, 0x0000000084300000| Updating 
|  68|0x0000000084400000, 0x0000000084500000, 0x0000000084500000|100%| O|  |TAMS 0x0000000084500000, 0x0000000084400000| Updating 
|  69|0x0000000084500000, 0x0000000084600000, 0x0000000084600000|100%| O|  |TAMS 0x0000000084600000, 0x0000000084500000| Updating 
|  70|0x0000000084600000, 0x0000000084700000, 0x0000000084700000|100%| O|  |TAMS 0x0000000084700000, 0x0000000084600000| Untracked 
|  71|0x0000000084700000, 0x0000000084800000, 0x0000000084800000|100%| O|  |TAMS 0x0000000084800000, 0x0000000084700000| Updating 
|  72|0x0000000084800000, 0x0000000084900000, 0x0000000084900000|100%| O|  |TAMS 0x0000000084900000, 0x0000000084800000| Untracked 
|  73|0x0000000084900000, 0x0000000084a00000, 0x0000000084a00000|100%| O|  |TAMS 0x0000000084a00000, 0x0000000084900000| Updating 
|  74|0x0000000084a00000, 0x0000000084b00000, 0x0000000084b00000|100%| O|  |TAMS 0x0000000084b00000, 0x0000000084a00000| Updating 
|  75|0x0000000084b00000, 0x0000000084c00000, 0x0000000084c00000|100%| O|  |TAMS 0x0000000084c00000, 0x0000000084b00000| Updating 
|  76|0x0000000084c00000, 0x0000000084d00000, 0x0000000084d00000|100%| O|  |TAMS 0x0000000084d00000, 0x0000000084c00000| Updating 
|  77|0x0000000084d00000, 0x0000000084e00000, 0x0000000084e00000|100%| O|  |TAMS 0x0000000084e00000, 0x0000000084d00000| Updating 
|  78|0x0000000084e00000, 0x0000000084f00000, 0x0000000084f00000|100%| O|  |TAMS 0x0000000084f00000, 0x0000000084e00000| Updating 
|  79|0x0000000084f00000, 0x0000000085000000, 0x0000000085000000|100%|HS|  |TAMS 0x0000000085000000, 0x0000000084f00000| Complete 
|  80|0x0000000085000000, 0x0000000085100000, 0x0000000085100000|100%|HS|  |TAMS 0x0000000085100000, 0x0000000085000000| Complete 
|  81|0x0000000085100000, 0x0000000085200000, 0x0000000085200000|100%|HS|  |TAMS 0x0000000085200000, 0x0000000085100000| Complete 
|  82|0x0000000085200000, 0x0000000085300000, 0x0000000085300000|100%|HS|  |TAMS 0x0000000085300000, 0x0000000085200000| Complete 
|  83|0x0000000085300000, 0x0000000085400000, 0x0000000085400000|100%| O|  |TAMS 0x0000000085400000, 0x0000000085300000| Updating 
|  84|0x0000000085400000, 0x0000000085500000, 0x0000000085500000|100%|HS|  |TAMS 0x0000000085500000, 0x0000000085400000| Complete 
|  85|0x0000000085500000, 0x0000000085600000, 0x0000000085600000|100%|HS|  |TAMS 0x0000000085600000, 0x0000000085500000| Complete 
|  86|0x0000000085600000, 0x0000000085700000, 0x0000000085700000|100%| O|  |TAMS 0x0000000085700000, 0x0000000085600000| Updating 
|  87|0x0000000085700000, 0x0000000085800000, 0x0000000085800000|100%| O|  |TAMS 0x0000000085800000, 0x0000000085700000| Updating 
|  88|0x0000000085800000, 0x0000000085900000, 0x0000000085900000|100%| O|  |TAMS 0x0000000085900000, 0x0000000085800000| Updating 
|  89|0x0000000085900000, 0x0000000085a00000, 0x0000000085a00000|100%| O|  |TAMS 0x0000000085a00000, 0x0000000085900000| Untracked 
|  90|0x0000000085a00000, 0x0000000085b00000, 0x0000000085b00000|100%| O|  |TAMS 0x0000000085b00000, 0x0000000085a00000| Untracked 
|  91|0x0000000085b00000, 0x0000000085c00000, 0x0000000085c00000|100%| O|  |TAMS 0x0000000085c00000, 0x0000000085b00000| Untracked 
|  92|0x0000000085c00000, 0x0000000085d00000, 0x0000000085d00000|100%| O|  |TAMS 0x0000000085d00000, 0x0000000085c00000| Untracked 
|  93|0x0000000085d00000, 0x0000000085e00000, 0x0000000085e00000|100%| O|  |TAMS 0x0000000085e00000, 0x0000000085d00000| Updating 
|  94|0x0000000085e00000, 0x0000000085f00000, 0x0000000085f00000|100%| O|  |TAMS 0x0000000085f00000, 0x0000000085e00000| Untracked 
|  95|0x0000000085f00000, 0x0000000086000000, 0x0000000086000000|100%|HS|  |TAMS 0x0000000086000000, 0x0000000085f00000| Complete 
|  96|0x0000000086000000, 0x0000000086100000, 0x0000000086100000|100%|HC|  |TAMS 0x0000000086100000, 0x0000000086000000| Complete 
|  97|0x0000000086100000, 0x0000000086200000, 0x0000000086200000|100%|HC|  |TAMS 0x0000000086200000, 0x0000000086100000| Complete 
|  98|0x0000000086200000, 0x0000000086300000, 0x0000000086300000|100%| O|  |TAMS 0x0000000086300000, 0x0000000086200000| Untracked 
|  99|0x0000000086300000, 0x0000000086400000, 0x0000000086400000|100%|HS|  |TAMS 0x0000000086400000, 0x0000000086300000| Complete 
| 100|0x0000000086400000, 0x0000000086500000, 0x0000000086500000|100%| O|  |TAMS 0x0000000086500000, 0x0000000086400000| Untracked 
| 101|0x0000000086500000, 0x0000000086600000, 0x0000000086600000|100%| O|  |TAMS 0x0000000086600000, 0x0000000086500000| Untracked 
| 102|0x0000000086600000, 0x0000000086700000, 0x0000000086700000|100%| O|  |TAMS 0x0000000086700000, 0x0000000086600000| Untracked 
| 103|0x0000000086700000, 0x0000000086800000, 0x0000000086800000|100%| O|  |TAMS 0x0000000086800000, 0x0000000086700000| Untracked 
| 104|0x0000000086800000, 0x0000000086900000, 0x0000000086900000|100%| O|  |TAMS 0x0000000086900000, 0x0000000086800000| Untracked 
| 105|0x0000000086900000, 0x0000000086a00000, 0x0000000086a00000|100%| O|  |TAMS 0x0000000086a00000, 0x0000000086900000| Untracked 
| 106|0x0000000086a00000, 0x0000000086b00000, 0x0000000086b00000|100%| O|  |TAMS 0x0000000086b00000, 0x0000000086a00000| Untracked 
| 107|0x0000000086b00000, 0x0000000086c00000, 0x0000000086c00000|100%| O|  |TAMS 0x0000000086c00000, 0x0000000086b00000| Untracked 
| 108|0x0000000086c00000, 0x0000000086d00000, 0x0000000086d00000|100%| O|  |TAMS 0x0000000086d00000, 0x0000000086c00000| Untracked 
| 109|0x0000000086d00000, 0x0000000086e00000, 0x0000000086e00000|100%| O|  |TAMS 0x0000000086e00000, 0x0000000086d00000| Untracked 
| 110|0x0000000086e00000, 0x0000000086f00000, 0x0000000086f00000|100%| O|  |TAMS 0x0000000086f00000, 0x0000000086e00000| Untracked 
| 111|0x0000000086f00000, 0x0000000087000000, 0x0000000087000000|100%| O|  |TAMS 0x0000000087000000, 0x0000000086f00000| Untracked 
| 112|0x0000000087000000, 0x0000000087100000, 0x0000000087100000|100%| O|  |TAMS 0x0000000087100000, 0x0000000087000000| Untracked 
| 113|0x0000000087100000, 0x0000000087200000, 0x0000000087200000|100%| O|  |TAMS 0x0000000087200000, 0x0000000087100000| Untracked 
| 114|0x0000000087200000, 0x0000000087300000, 0x0000000087300000|100%| O|  |TAMS 0x0000000087300000, 0x0000000087200000| Untracked 
| 115|0x0000000087300000, 0x0000000087400000, 0x0000000087400000|100%| O|  |TAMS 0x0000000087400000, 0x0000000087300000| Untracked 
| 116|0x0000000087400000, 0x0000000087500000, 0x0000000087500000|100%| O|  |TAMS 0x0000000087500000, 0x0000000087400000| Untracked 
| 117|0x0000000087500000, 0x0000000087600000, 0x0000000087600000|100%| O|  |TAMS 0x0000000087600000, 0x0000000087500000| Untracked 
| 118|0x0000000087600000, 0x0000000087700000, 0x0000000087700000|100%| O|  |TAMS 0x0000000087700000, 0x0000000087600000| Untracked 
| 119|0x0000000087700000, 0x0000000087800000, 0x0000000087800000|100%| O|  |TAMS 0x0000000087800000, 0x0000000087700000| Untracked 
| 120|0x0000000087800000, 0x0000000087900000, 0x0000000087900000|100%| O|  |TAMS 0x0000000087900000, 0x0000000087800000| Updating 
| 121|0x0000000087900000, 0x0000000087a00000, 0x0000000087a00000|100%| O|  |TAMS 0x0000000087a00000, 0x0000000087900000| Updating 
| 122|0x0000000087a00000, 0x0000000087b00000, 0x0000000087b00000|100%| O|  |TAMS 0x0000000087b00000, 0x0000000087a00000| Updating 
| 123|0x0000000087b00000, 0x0000000087c00000, 0x0000000087c00000|100%| O|  |TAMS 0x0000000087c00000, 0x0000000087b00000| Updating 
| 124|0x0000000087c00000, 0x0000000087d00000, 0x0000000087d00000|100%| O|  |TAMS 0x0000000087d00000, 0x0000000087c00000| Untracked 
| 125|0x0000000087d00000, 0x0000000087e00000, 0x0000000087e00000|100%| O|  |TAMS 0x0000000087e00000, 0x0000000087d00000| Untracked 
| 126|0x0000000087e00000, 0x0000000087f00000, 0x0000000087f00000|100%| O|  |TAMS 0x0000000087f00000, 0x0000000087e00000| Untracked 
| 127|0x0000000087f00000, 0x0000000088000000, 0x0000000088000000|100%| O|  |TAMS 0x0000000088000000, 0x0000000087f00000| Untracked 
| 128|0x0000000088000000, 0x0000000088100000, 0x0000000088100000|100%| O|  |TAMS 0x0000000088100000, 0x0000000088000000| Updating 
| 129|0x0000000088100000, 0x0000000088200000, 0x0000000088200000|100%| O|  |TAMS 0x0000000088200000, 0x0000000088100000| Untracked 
| 130|0x0000000088200000, 0x0000000088300000, 0x0000000088300000|100%| O|  |TAMS 0x0000000088300000, 0x0000000088200000| Updating 
| 131|0x0000000088300000, 0x0000000088400000, 0x0000000088400000|100%| O|  |TAMS 0x0000000088400000, 0x0000000088300000| Updating 
| 132|0x0000000088400000, 0x0000000088500000, 0x0000000088500000|100%| O|  |TAMS 0x0000000088500000, 0x0000000088400000| Updating 
| 133|0x0000000088500000, 0x0000000088600000, 0x0000000088600000|100%| O|  |TAMS 0x0000000088600000, 0x0000000088500000| Updating 
| 134|0x0000000088600000, 0x0000000088700000, 0x0000000088700000|100%|HS|  |TAMS 0x0000000088700000, 0x0000000088600000| Complete 
| 135|0x0000000088700000, 0x0000000088800000, 0x0000000088800000|100%|HS|  |TAMS 0x0000000088800000, 0x0000000088700000| Complete 
| 136|0x0000000088800000, 0x0000000088900000, 0x0000000088900000|100%|HS|  |TAMS 0x0000000088900000, 0x0000000088800000| Complete 
| 137|0x0000000088900000, 0x0000000088a00000, 0x0000000088a00000|100%| O|  |TAMS 0x0000000088a00000, 0x0000000088900000| Untracked 
| 138|0x0000000088a00000, 0x0000000088b00000, 0x0000000088b00000|100%| O|  |TAMS 0x0000000088b00000, 0x0000000088a00000| Updating 
| 139|0x0000000088b00000, 0x0000000088c00000, 0x0000000088c00000|100%| O|  |TAMS 0x0000000088c00000, 0x0000000088b00000| Untracked 
| 140|0x0000000088c00000, 0x0000000088d00000, 0x0000000088d00000|100%| O|  |TAMS 0x0000000088d00000, 0x0000000088c00000| Untracked 
| 141|0x0000000088d00000, 0x0000000088e00000, 0x0000000088e00000|100%| O|  |TAMS 0x0000000088e00000, 0x0000000088d00000| Untracked 
| 142|0x0000000088e00000, 0x0000000088f00000, 0x0000000088f00000|100%| O|  |TAMS 0x0000000088f00000, 0x0000000088e00000| Untracked 
| 143|0x0000000088f00000, 0x0000000089000000, 0x0000000089000000|100%| O|  |TAMS 0x0000000089000000, 0x0000000088f00000| Untracked 
| 144|0x0000000089000000, 0x0000000089100000, 0x0000000089100000|100%| O|  |TAMS 0x0000000089100000, 0x0000000089000000| Untracked 
| 145|0x0000000089100000, 0x0000000089200000, 0x0000000089200000|100%| O|  |TAMS 0x0000000089200000, 0x0000000089100000| Untracked 
| 146|0x0000000089200000, 0x0000000089300000, 0x0000000089300000|100%| O|  |TAMS 0x0000000089300000, 0x0000000089200000| Untracked 
| 147|0x0000000089300000, 0x0000000089400000, 0x0000000089400000|100%| O|  |TAMS 0x0000000089400000, 0x0000000089300000| Updating 
| 148|0x0000000089400000, 0x0000000089500000, 0x0000000089500000|100%| O|  |TAMS 0x0000000089500000, 0x0000000089400000| Updating 
| 149|0x0000000089500000, 0x0000000089600000, 0x0000000089600000|100%| O|  |TAMS 0x0000000089600000, 0x0000000089500000| Untracked 
| 150|0x0000000089600000, 0x0000000089700000, 0x0000000089700000|100%| O|  |TAMS 0x0000000089700000, 0x0000000089600000| Untracked 
| 151|0x0000000089700000, 0x0000000089800000, 0x0000000089800000|100%| O|  |TAMS 0x0000000089800000, 0x0000000089700000| Untracked 
| 152|0x0000000089800000, 0x0000000089900000, 0x0000000089900000|100%| O|  |TAMS 0x0000000089900000, 0x0000000089800000| Updating 
| 153|0x0000000089900000, 0x0000000089a00000, 0x0000000089a00000|100%| O|  |TAMS 0x0000000089a00000, 0x0000000089900000| Updating 
| 154|0x0000000089a00000, 0x0000000089b00000, 0x0000000089b00000|100%| O|  |TAMS 0x0000000089b00000, 0x0000000089a00000| Updating 
| 155|0x0000000089b00000, 0x0000000089c00000, 0x0000000089c00000|100%| O|  |TAMS 0x0000000089c00000, 0x0000000089b00000| Untracked 
| 156|0x0000000089c00000, 0x0000000089d00000, 0x0000000089d00000|100%| O|  |TAMS 0x0000000089d00000, 0x0000000089c00000| Updating 
| 157|0x0000000089d00000, 0x0000000089e00000, 0x0000000089e00000|100%| O|  |TAMS 0x0000000089e00000, 0x0000000089d00000| Untracked 
| 158|0x0000000089e00000, 0x0000000089f00000, 0x0000000089f00000|100%| O|  |TAMS 0x0000000089f00000, 0x0000000089e00000| Updating 
| 159|0x0000000089f00000, 0x000000008a000000, 0x000000008a000000|100%| O|  |TAMS 0x000000008a000000, 0x0000000089f00000| Untracked 
| 160|0x000000008a000000, 0x000000008a100000, 0x000000008a100000|100%|HS|  |TAMS 0x000000008a100000, 0x000000008a000000| Complete 
| 161|0x000000008a100000, 0x000000008a200000, 0x000000008a200000|100%|HS|  |TAMS 0x000000008a200000, 0x000000008a100000| Complete 
| 162|0x000000008a200000, 0x000000008a300000, 0x000000008a300000|100%|HS|  |TAMS 0x000000008a300000, 0x000000008a200000| Complete 
| 163|0x000000008a300000, 0x000000008a400000, 0x000000008a400000|100%| O|  |TAMS 0x000000008a400000, 0x000000008a300000| Updating 
| 164|0x000000008a400000, 0x000000008a500000, 0x000000008a500000|100%| O|  |TAMS 0x000000008a500000, 0x000000008a400000| Updating 
| 165|0x000000008a500000, 0x000000008a600000, 0x000000008a600000|100%| O|  |TAMS 0x000000008a600000, 0x000000008a500000| Untracked 
| 166|0x000000008a600000, 0x000000008a700000, 0x000000008a700000|100%| O|  |TAMS 0x000000008a700000, 0x000000008a600000| Updating 
| 167|0x000000008a700000, 0x000000008a800000, 0x000000008a800000|100%| O|  |TAMS 0x000000008a800000, 0x000000008a700000| Updating 
| 168|0x000000008a800000, 0x000000008a900000, 0x000000008a900000|100%| O|  |TAMS 0x000000008a900000, 0x000000008a800000| Updating 
| 169|0x000000008a900000, 0x000000008aa00000, 0x000000008aa00000|100%| O|  |TAMS 0x000000008aa00000, 0x000000008a900000| Updating 
| 170|0x000000008aa00000, 0x000000008ab00000, 0x000000008ab00000|100%| O|  |TAMS 0x000000008ab00000, 0x000000008aa00000| Untracked 
| 171|0x000000008ab00000, 0x000000008ac00000, 0x000000008ac00000|100%| O|  |TAMS 0x000000008ac00000, 0x000000008ab00000| Updating 
| 172|0x000000008ac00000, 0x000000008ad00000, 0x000000008ad00000|100%| O|  |TAMS 0x000000008ad00000, 0x000000008ac00000| Untracked 
| 173|0x000000008ad00000, 0x000000008ae00000, 0x000000008ae00000|100%| O|  |TAMS 0x000000008ae00000, 0x000000008ad00000| Updating 
| 174|0x000000008ae00000, 0x000000008af00000, 0x000000008af00000|100%| O|  |TAMS 0x000000008af00000, 0x000000008ae00000| Updating 
| 175|0x000000008af00000, 0x000000008b000000, 0x000000008b000000|100%| O|  |TAMS 0x000000008b000000, 0x000000008af00000| Untracked 
| 176|0x000000008b000000, 0x000000008b100000, 0x000000008b100000|100%| O|  |TAMS 0x000000008b100000, 0x000000008b000000| Untracked 
| 177|0x000000008b100000, 0x000000008b200000, 0x000000008b200000|100%| O|  |TAMS 0x000000008b200000, 0x000000008b100000| Updating 
| 178|0x000000008b200000, 0x000000008b300000, 0x000000008b300000|100%| O|  |TAMS 0x000000008b300000, 0x000000008b200000| Untracked 
| 179|0x000000008b300000, 0x000000008b400000, 0x000000008b400000|100%|HS|  |TAMS 0x000000008b400000, 0x000000008b300000| Complete 
| 180|0x000000008b400000, 0x000000008b500000, 0x000000008b500000|100%|HS|  |TAMS 0x000000008b500000, 0x000000008b400000| Complete 
| 181|0x000000008b500000, 0x000000008b600000, 0x000000008b600000|100%| O|  |TAMS 0x000000008b600000, 0x000000008b500000| Untracked 
| 182|0x000000008b600000, 0x000000008b700000, 0x000000008b700000|100%| O|  |TAMS 0x000000008b700000, 0x000000008b600000| Untracked 
| 183|0x000000008b700000, 0x000000008b800000, 0x000000008b800000|100%| O|  |TAMS 0x000000008b800000, 0x000000008b700000| Updating 
| 184|0x000000008b800000, 0x000000008b900000, 0x000000008b900000|100%| O|  |TAMS 0x000000008b900000, 0x000000008b800000| Updating 
| 185|0x000000008b900000, 0x000000008ba00000, 0x000000008ba00000|100%| O|  |TAMS 0x000000008ba00000, 0x000000008b900000| Updating 
| 186|0x000000008ba00000, 0x000000008bb00000, 0x000000008bb00000|100%| O|  |TAMS 0x000000008bb00000, 0x000000008ba00000| Untracked 
| 187|0x000000008bb00000, 0x000000008bc00000, 0x000000008bc00000|100%| O|  |TAMS 0x000000008bc00000, 0x000000008bb00000| Untracked 
| 188|0x000000008bc00000, 0x000000008bd00000, 0x000000008bd00000|100%| O|  |TAMS 0x000000008bd00000, 0x000000008bc00000| Untracked 
| 189|0x000000008bd00000, 0x000000008be00000, 0x000000008be00000|100%| O|  |TAMS 0x000000008be00000, 0x000000008bd00000| Updating 
| 190|0x000000008be00000, 0x000000008bf00000, 0x000000008bf00000|100%| O|  |TAMS 0x000000008bf00000, 0x000000008be00000| Updating 
| 191|0x000000008bf00000, 0x000000008c000000, 0x000000008c000000|100%|HS|  |TAMS 0x000000008c000000, 0x000000008bf00000| Complete 
| 192|0x000000008c000000, 0x000000008c100000, 0x000000008c100000|100%|HS|  |TAMS 0x000000008c100000, 0x000000008c000000| Complete 
| 193|0x000000008c100000, 0x000000008c200000, 0x000000008c200000|100%| O|  |TAMS 0x000000008c200000, 0x000000008c100000| Updating 
| 194|0x000000008c200000, 0x000000008c300000, 0x000000008c300000|100%| O|  |TAMS 0x000000008c300000, 0x000000008c200000| Untracked 
| 195|0x000000008c300000, 0x000000008c400000, 0x000000008c400000|100%| O|  |TAMS 0x000000008c400000, 0x000000008c300000| Untracked 
| 196|0x000000008c400000, 0x000000008c500000, 0x000000008c500000|100%| O|  |TAMS 0x000000008c500000, 0x000000008c400000| Updating 
| 197|0x000000008c500000, 0x000000008c600000, 0x000000008c600000|100%| O|  |TAMS 0x000000008c600000, 0x000000008c500000| Untracked 
| 198|0x000000008c600000, 0x000000008c700000, 0x000000008c700000|100%| O|  |TAMS 0x000000008c700000, 0x000000008c600000| Untracked 
| 199|0x000000008c700000, 0x000000008c800000, 0x000000008c800000|100%| O|  |TAMS 0x000000008c800000, 0x000000008c700000| Untracked 
| 200|0x000000008c800000, 0x000000008c900000, 0x000000008c900000|100%| O|  |TAMS 0x000000008c900000, 0x000000008c800000| Untracked 
| 201|0x000000008c900000, 0x000000008ca00000, 0x000000008ca00000|100%| O|  |TAMS 0x000000008ca00000, 0x000000008c900000| Untracked 
| 202|0x000000008ca00000, 0x000000008cb00000, 0x000000008cb00000|100%| O|  |TAMS 0x000000008cb00000, 0x000000008ca00000| Updating 
| 203|0x000000008cb00000, 0x000000008cc00000, 0x000000008cc00000|100%| O|  |TAMS 0x000000008cc00000, 0x000000008cb00000| Updating 
| 204|0x000000008cc00000, 0x000000008cd00000, 0x000000008cd00000|100%| O|  |TAMS 0x000000008cd00000, 0x000000008cc00000| Untracked 
| 205|0x000000008cd00000, 0x000000008ce00000, 0x000000008ce00000|100%| O|  |TAMS 0x000000008ce00000, 0x000000008cd00000| Untracked 
| 206|0x000000008ce00000, 0x000000008cf00000, 0x000000008cf00000|100%| O|  |TAMS 0x000000008cf00000, 0x000000008ce00000| Untracked 
| 207|0x000000008cf00000, 0x000000008d000000, 0x000000008d000000|100%| O|  |TAMS 0x000000008d000000, 0x000000008cf00000| Untracked 
| 208|0x000000008d000000, 0x000000008d100000, 0x000000008d100000|100%| O|  |TAMS 0x000000008d100000, 0x000000008d000000| Untracked 
| 209|0x000000008d100000, 0x000000008d200000, 0x000000008d200000|100%| O|  |TAMS 0x000000008d200000, 0x000000008d100000| Untracked 
| 210|0x000000008d200000, 0x000000008d300000, 0x000000008d300000|100%| O|  |TAMS 0x000000008d300000, 0x000000008d200000| Untracked 
| 211|0x000000008d300000, 0x000000008d400000, 0x000000008d400000|100%| O|  |TAMS 0x000000008d400000, 0x000000008d300000| Untracked 
| 212|0x000000008d400000, 0x000000008d500000, 0x000000008d500000|100%| O|  |TAMS 0x000000008d500000, 0x000000008d400000| Untracked 
| 213|0x000000008d500000, 0x000000008d600000, 0x000000008d600000|100%| O|  |TAMS 0x000000008d600000, 0x000000008d500000| Updating 
| 214|0x000000008d600000, 0x000000008d700000, 0x000000008d700000|100%| O|  |TAMS 0x000000008d700000, 0x000000008d600000| Untracked 
| 215|0x000000008d700000, 0x000000008d800000, 0x000000008d800000|100%| O|  |TAMS 0x000000008d800000, 0x000000008d700000| Untracked 
| 216|0x000000008d800000, 0x000000008d900000, 0x000000008d900000|100%| O|  |TAMS 0x000000008d900000, 0x000000008d800000| Untracked 
| 217|0x000000008d900000, 0x000000008da00000, 0x000000008da00000|100%| O|  |TAMS 0x000000008da00000, 0x000000008d900000| Updating 
| 218|0x000000008da00000, 0x000000008db00000, 0x000000008db00000|100%| O|  |TAMS 0x000000008db00000, 0x000000008da00000| Untracked 
| 219|0x000000008db00000, 0x000000008dc00000, 0x000000008dc00000|100%| O|  |TAMS 0x000000008dc00000, 0x000000008db00000| Updating 
| 220|0x000000008dc00000, 0x000000008dd00000, 0x000000008dd00000|100%|HS|  |TAMS 0x000000008dd00000, 0x000000008dc00000| Complete 
| 221|0x000000008dd00000, 0x000000008de00000, 0x000000008de00000|100%|HS|  |TAMS 0x000000008de00000, 0x000000008dd00000| Complete 
| 222|0x000000008de00000, 0x000000008df00000, 0x000000008df00000|100%| O|  |TAMS 0x000000008df00000, 0x000000008de00000| Untracked 
| 223|0x000000008df00000, 0x000000008e000000, 0x000000008e000000|100%|HS|  |TAMS 0x000000008e000000, 0x000000008df00000| Complete 
| 224|0x000000008e000000, 0x000000008e100000, 0x000000008e100000|100%|HC|  |TAMS 0x000000008e100000, 0x000000008e000000| Complete 
| 225|0x000000008e100000, 0x000000008e200000, 0x000000008e200000|100%| O|  |TAMS 0x000000008e200000, 0x000000008e100000| Updating 
| 226|0x000000008e200000, 0x000000008e300000, 0x000000008e300000|100%| O|  |TAMS 0x000000008e300000, 0x000000008e200000| Updating 
| 227|0x000000008e300000, 0x000000008e400000, 0x000000008e400000|100%| O|  |TAMS 0x000000008e400000, 0x000000008e300000| Untracked 
| 228|0x000000008e400000, 0x000000008e500000, 0x000000008e500000|100%| O|  |TAMS 0x000000008e500000, 0x000000008e400000| Untracked 
| 229|0x000000008e500000, 0x000000008e600000, 0x000000008e600000|100%| O|  |TAMS 0x000000008e600000, 0x000000008e500000| Untracked 
| 230|0x000000008e600000, 0x000000008e700000, 0x000000008e700000|100%| O|  |TAMS 0x000000008e700000, 0x000000008e600000| Untracked 
| 231|0x000000008e700000, 0x000000008e800000, 0x000000008e800000|100%| O|  |TAMS 0x000000008e800000, 0x000000008e700000| Untracked 
| 232|0x000000008e800000, 0x000000008e900000, 0x000000008e900000|100%| O|  |TAMS 0x000000008e900000, 0x000000008e800000| Untracked 
| 233|0x000000008e900000, 0x000000008ea00000, 0x000000008ea00000|100%| O|  |TAMS 0x000000008ea00000, 0x000000008e900000| Untracked 
| 234|0x000000008ea00000, 0x000000008eb00000, 0x000000008eb00000|100%| O|  |TAMS 0x000000008eb00000, 0x000000008ea00000| Untracked 
| 235|0x000000008eb00000, 0x000000008ec00000, 0x000000008ec00000|100%| O|  |TAMS 0x000000008ec00000, 0x000000008eb00000| Untracked 
| 236|0x000000008ec00000, 0x000000008ed00000, 0x000000008ed00000|100%| O|  |TAMS 0x000000008ed00000, 0x000000008ec00000| Updating 
| 237|0x000000008ed00000, 0x000000008ee00000, 0x000000008ee00000|100%|HS|  |TAMS 0x000000008ee00000, 0x000000008ed00000| Complete 
| 238|0x000000008ee00000, 0x000000008ef00000, 0x000000008ef00000|100%|HS|  |TAMS 0x000000008ef00000, 0x000000008ee00000| Complete 
| 239|0x000000008ef00000, 0x000000008f000000, 0x000000008f000000|100%|HS|  |TAMS 0x000000008f000000, 0x000000008ef00000| Complete 
| 240|0x000000008f000000, 0x000000008f100000, 0x000000008f100000|100%| O|  |TAMS 0x000000008f100000, 0x000000008f000000| Untracked 
| 241|0x000000008f100000, 0x000000008f200000, 0x000000008f200000|100%| O|  |TAMS 0x000000008f200000, 0x000000008f100000| Updating 
| 242|0x000000008f200000, 0x000000008f300000, 0x000000008f300000|100%| O|  |TAMS 0x000000008f300000, 0x000000008f200000| Updating 
| 243|0x000000008f300000, 0x000000008f400000, 0x000000008f400000|100%| O|  |TAMS 0x000000008f400000, 0x000000008f300000| Untracked 
| 244|0x000000008f400000, 0x000000008f500000, 0x000000008f500000|100%| O|  |TAMS 0x000000008f500000, 0x000000008f400000| Updating 
| 245|0x000000008f500000, 0x000000008f600000, 0x000000008f600000|100%| O|  |TAMS 0x000000008f600000, 0x000000008f500000| Updating 
| 246|0x000000008f600000, 0x000000008f700000, 0x000000008f700000|100%| O|  |TAMS 0x000000008f700000, 0x000000008f600000| Untracked 
| 247|0x000000008f700000, 0x000000008f800000, 0x000000008f800000|100%| O|  |TAMS 0x000000008f800000, 0x000000008f700000| Untracked 
| 248|0x000000008f800000, 0x000000008f900000, 0x000000008f900000|100%| O|  |TAMS 0x000000008f900000, 0x000000008f800000| Untracked 
| 249|0x000000008f900000, 0x000000008fa00000, 0x000000008fa00000|100%| O|  |TAMS 0x000000008fa00000, 0x000000008f900000| Untracked 
| 250|0x000000008fa00000, 0x000000008fb00000, 0x000000008fb00000|100%| O|  |TAMS 0x000000008fb00000, 0x000000008fa00000| Updating 
| 251|0x000000008fb00000, 0x000000008fc00000, 0x000000008fc00000|100%| O|  |TAMS 0x000000008fc00000, 0x000000008fb00000| Updating 
| 252|0x000000008fc00000, 0x000000008fd00000, 0x000000008fd00000|100%| O|  |TAMS 0x000000008fd00000, 0x000000008fc00000| Updating 
| 253|0x000000008fd00000, 0x000000008fe00000, 0x000000008fe00000|100%| O|  |TAMS 0x000000008fe00000, 0x000000008fd00000| Untracked 
| 254|0x000000008fe00000, 0x000000008ff00000, 0x000000008ff00000|100%| O|  |TAMS 0x000000008ff00000, 0x000000008fe00000| Untracked 
| 255|0x000000008ff00000, 0x0000000090000000, 0x0000000090000000|100%| O|  |TAMS 0x0000000090000000, 0x000000008ff00000| Untracked 
| 256|0x0000000090000000, 0x0000000090100000, 0x0000000090100000|100%| O|  |TAMS 0x0000000090100000, 0x0000000090000000| Untracked 
| 257|0x0000000090100000, 0x0000000090200000, 0x0000000090200000|100%| O|  |TAMS 0x0000000090200000, 0x0000000090100000| Untracked 
| 258|0x0000000090200000, 0x0000000090300000, 0x0000000090300000|100%| O|  |TAMS 0x0000000090300000, 0x0000000090200000| Untracked 
| 259|0x0000000090300000, 0x0000000090400000, 0x0000000090400000|100%| O|  |TAMS 0x0000000090400000, 0x0000000090300000| Updating 
| 260|0x0000000090400000, 0x0000000090500000, 0x0000000090500000|100%| O|  |TAMS 0x0000000090500000, 0x0000000090400000| Untracked 
| 261|0x0000000090500000, 0x0000000090600000, 0x0000000090600000|100%| O|  |TAMS 0x0000000090600000, 0x0000000090500000| Updating 
| 262|0x0000000090600000, 0x0000000090700000, 0x0000000090700000|100%| O|  |TAMS 0x0000000090700000, 0x0000000090600000| Untracked 
| 263|0x0000000090700000, 0x0000000090800000, 0x0000000090800000|100%| O|  |TAMS 0x0000000090800000, 0x0000000090700000| Untracked 
| 264|0x0000000090800000, 0x0000000090900000, 0x0000000090900000|100%| O|  |TAMS 0x0000000090900000, 0x0000000090800000| Untracked 
| 265|0x0000000090900000, 0x0000000090a00000, 0x0000000090a00000|100%| O|  |TAMS 0x0000000090a00000, 0x0000000090900000| Untracked 
| 266|0x0000000090a00000, 0x0000000090b00000, 0x0000000090b00000|100%| O|  |TAMS 0x0000000090b00000, 0x0000000090a00000| Untracked 
| 267|0x0000000090b00000, 0x0000000090c00000, 0x0000000090c00000|100%| O|  |TAMS 0x0000000090c00000, 0x0000000090b00000| Untracked 
| 268|0x0000000090c00000, 0x0000000090d00000, 0x0000000090d00000|100%| O|  |TAMS 0x0000000090d00000, 0x0000000090c00000| Untracked 
| 269|0x0000000090d00000, 0x0000000090e00000, 0x0000000090e00000|100%| O|  |TAMS 0x0000000090e00000, 0x0000000090d00000| Untracked 
| 270|0x0000000090e00000, 0x0000000090f00000, 0x0000000090f00000|100%| O|  |TAMS 0x0000000090f00000, 0x0000000090e00000| Untracked 
| 271|0x0000000090f00000, 0x0000000091000000, 0x0000000091000000|100%| O|  |TAMS 0x0000000091000000, 0x0000000090f00000| Untracked 
| 272|0x0000000091000000, 0x0000000091100000, 0x0000000091100000|100%| O|  |TAMS 0x0000000091100000, 0x0000000091000000| Updating 
| 273|0x0000000091100000, 0x0000000091200000, 0x0000000091200000|100%| O|  |TAMS 0x0000000091200000, 0x0000000091100000| Updating 
| 274|0x0000000091200000, 0x0000000091300000, 0x0000000091300000|100%| O|  |TAMS 0x0000000091300000, 0x0000000091200000| Untracked 
| 275|0x0000000091300000, 0x0000000091400000, 0x0000000091400000|100%| O|  |TAMS 0x0000000091400000, 0x0000000091300000| Untracked 
| 276|0x0000000091400000, 0x0000000091500000, 0x0000000091500000|100%| O|  |TAMS 0x0000000091500000, 0x0000000091400000| Updating 
| 277|0x0000000091500000, 0x0000000091600000, 0x0000000091600000|100%| O|  |TAMS 0x0000000091600000, 0x0000000091500000| Untracked 
| 278|0x0000000091600000, 0x0000000091700000, 0x0000000091700000|100%| O|  |TAMS 0x0000000091700000, 0x0000000091600000| Untracked 
| 279|0x0000000091700000, 0x0000000091800000, 0x0000000091800000|100%| O|  |TAMS 0x0000000091800000, 0x0000000091700000| Untracked 
| 280|0x0000000091800000, 0x0000000091900000, 0x0000000091900000|100%| O|  |TAMS 0x0000000091900000, 0x0000000091800000| Untracked 
| 281|0x0000000091900000, 0x0000000091a00000, 0x0000000091a00000|100%| O|  |TAMS 0x0000000091a00000, 0x0000000091900000| Untracked 
| 282|0x0000000091a00000, 0x0000000091b00000, 0x0000000091b00000|100%| O|  |TAMS 0x0000000091b00000, 0x0000000091a00000| Untracked 
| 283|0x0000000091b00000, 0x0000000091c00000, 0x0000000091c00000|100%| O|  |TAMS 0x0000000091c00000, 0x0000000091b00000| Updating 
| 284|0x0000000091c00000, 0x0000000091d00000, 0x0000000091d00000|100%| O|  |TAMS 0x0000000091d00000, 0x0000000091c00000| Untracked 
| 285|0x0000000091d00000, 0x0000000091e00000, 0x0000000091e00000|100%| O|  |TAMS 0x0000000091e00000, 0x0000000091d00000| Untracked 
| 286|0x0000000091e00000, 0x0000000091f00000, 0x0000000091f00000|100%| O|  |TAMS 0x0000000091f00000, 0x0000000091e00000| Updating 
| 287|0x0000000091f00000, 0x0000000092000000, 0x0000000092000000|100%| O|  |TAMS 0x0000000092000000, 0x0000000091f00000| Updating 
| 288|0x0000000092000000, 0x0000000092100000, 0x0000000092100000|100%| O|  |TAMS 0x0000000092100000, 0x0000000092000000| Updating 
| 289|0x0000000092100000, 0x0000000092200000, 0x0000000092200000|100%| O|  |TAMS 0x0000000092200000, 0x0000000092100000| Updating 
| 290|0x0000000092200000, 0x0000000092300000, 0x0000000092300000|100%| O|  |TAMS 0x0000000092300000, 0x0000000092200000| Updating 
| 291|0x0000000092300000, 0x0000000092400000, 0x0000000092400000|100%| O|  |TAMS 0x0000000092400000, 0x0000000092300000| Untracked 
| 292|0x0000000092400000, 0x0000000092500000, 0x0000000092500000|100%| O|  |TAMS 0x0000000092500000, 0x0000000092400000| Updating 
| 293|0x0000000092500000, 0x0000000092600000, 0x0000000092600000|100%| O|  |TAMS 0x0000000092600000, 0x0000000092500000| Updating 
| 294|0x0000000092600000, 0x0000000092700000, 0x0000000092700000|100%| O|  |TAMS 0x0000000092700000, 0x0000000092600000| Untracked 
| 295|0x0000000092700000, 0x0000000092800000, 0x0000000092800000|100%| O|  |TAMS 0x0000000092800000, 0x0000000092700000| Untracked 
| 296|0x0000000092800000, 0x0000000092900000, 0x0000000092900000|100%| O|  |TAMS 0x0000000092900000, 0x0000000092800000| Untracked 
| 297|0x0000000092900000, 0x0000000092a00000, 0x0000000092a00000|100%| O|  |TAMS 0x0000000092a00000, 0x0000000092900000| Untracked 
| 298|0x0000000092a00000, 0x0000000092b00000, 0x0000000092b00000|100%| O|  |TAMS 0x0000000092b00000, 0x0000000092a00000| Untracked 
| 299|0x0000000092b00000, 0x0000000092c00000, 0x0000000092c00000|100%| O|  |TAMS 0x0000000092c00000, 0x0000000092b00000| Updating 
| 300|0x0000000092c00000, 0x0000000092d00000, 0x0000000092d00000|100%| O|  |TAMS 0x0000000092d00000, 0x0000000092c00000| Untracked 
| 301|0x0000000092d00000, 0x0000000092e00000, 0x0000000092e00000|100%| O|  |TAMS 0x0000000092e00000, 0x0000000092d00000| Updating 
| 302|0x0000000092e00000, 0x0000000092f00000, 0x0000000092f00000|100%| O|  |TAMS 0x0000000092f00000, 0x0000000092e00000| Updating 
| 303|0x0000000092f00000, 0x0000000093000000, 0x0000000093000000|100%| O|  |TAMS 0x0000000093000000, 0x0000000092f00000| Updating 
| 304|0x0000000093000000, 0x0000000093100000, 0x0000000093100000|100%| O|  |TAMS 0x0000000093100000, 0x0000000093000000| Updating 
| 305|0x0000000093100000, 0x0000000093200000, 0x0000000093200000|100%| O|  |TAMS 0x0000000093200000, 0x0000000093100000| Updating 
| 306|0x0000000093200000, 0x0000000093300000, 0x0000000093300000|100%| O|  |TAMS 0x0000000093300000, 0x0000000093200000| Updating 
| 307|0x0000000093300000, 0x0000000093400000, 0x0000000093400000|100%| O|  |TAMS 0x0000000093400000, 0x0000000093300000| Updating 
| 308|0x0000000093400000, 0x0000000093500000, 0x0000000093500000|100%| O|  |TAMS 0x0000000093500000, 0x0000000093400000| Updating 
| 309|0x0000000093500000, 0x0000000093600000, 0x0000000093600000|100%| O|  |TAMS 0x0000000093600000, 0x0000000093500000| Updating 
| 310|0x0000000093600000, 0x0000000093700000, 0x0000000093700000|100%| O|  |TAMS 0x0000000093700000, 0x0000000093600000| Updating 
| 311|0x0000000093700000, 0x0000000093800000, 0x0000000093800000|100%| O|  |TAMS 0x0000000093800000, 0x0000000093700000| Updating 
| 312|0x0000000093800000, 0x0000000093900000, 0x0000000093900000|100%|HS|  |TAMS 0x0000000093900000, 0x0000000093800000| Complete 
| 313|0x0000000093900000, 0x0000000093a00000, 0x0000000093a00000|100%| O|  |TAMS 0x0000000093a00000, 0x0000000093900000| Updating 
| 314|0x0000000093a00000, 0x0000000093b00000, 0x0000000093b00000|100%| O|  |TAMS 0x0000000093b00000, 0x0000000093a00000| Updating 
| 315|0x0000000093b00000, 0x0000000093c00000, 0x0000000093c00000|100%| O|  |TAMS 0x0000000093c00000, 0x0000000093b00000| Updating 
| 316|0x0000000093c00000, 0x0000000093d00000, 0x0000000093d00000|100%| O|  |TAMS 0x0000000093d00000, 0x0000000093c00000| Updating 
| 317|0x0000000093d00000, 0x0000000093e00000, 0x0000000093e00000|100%| O|  |TAMS 0x0000000093e00000, 0x0000000093d00000| Updating 
| 318|0x0000000093e00000, 0x0000000093f00000, 0x0000000093f00000|100%| O|  |TAMS 0x0000000093f00000, 0x0000000093e00000| Updating 
| 319|0x0000000093f00000, 0x0000000094000000, 0x0000000094000000|100%| O|  |TAMS 0x0000000094000000, 0x0000000093f00000| Updating 
| 320|0x0000000094000000, 0x0000000094100000, 0x0000000094100000|100%|HS|  |TAMS 0x0000000094100000, 0x0000000094000000| Complete 
| 321|0x0000000094100000, 0x0000000094200000, 0x0000000094200000|100%| O|  |TAMS 0x0000000094200000, 0x0000000094100000| Updating 
| 322|0x0000000094200000, 0x0000000094300000, 0x0000000094300000|100%| O|  |TAMS 0x0000000094300000, 0x0000000094200000| Updating 
| 323|0x0000000094300000, 0x0000000094400000, 0x0000000094400000|100%| O|  |TAMS 0x0000000094400000, 0x0000000094300000| Updating 
| 324|0x0000000094400000, 0x0000000094500000, 0x0000000094500000|100%|HS|  |TAMS 0x0000000094500000, 0x0000000094400000| Complete 
| 325|0x0000000094500000, 0x0000000094600000, 0x0000000094600000|100%| O|  |TAMS 0x0000000094600000, 0x0000000094500000| Updating 
| 326|0x0000000094600000, 0x0000000094700000, 0x0000000094700000|100%| O|  |TAMS 0x0000000094700000, 0x0000000094600000| Untracked 
| 327|0x0000000094700000, 0x0000000094800000, 0x0000000094800000|100%| O|  |TAMS 0x0000000094800000, 0x0000000094700000| Untracked 
| 328|0x0000000094800000, 0x0000000094900000, 0x0000000094900000|100%| O|  |TAMS 0x0000000094900000, 0x0000000094800000| Untracked 
| 329|0x0000000094900000, 0x0000000094a00000, 0x0000000094a00000|100%| O|  |TAMS 0x0000000094a00000, 0x0000000094900000| Untracked 
| 330|0x0000000094a00000, 0x0000000094b00000, 0x0000000094b00000|100%| O|  |TAMS 0x0000000094b00000, 0x0000000094a00000| Untracked 
| 331|0x0000000094b00000, 0x0000000094c00000, 0x0000000094c00000|100%| O|  |TAMS 0x0000000094c00000, 0x0000000094b00000| Updating 
| 332|0x0000000094c00000, 0x0000000094d00000, 0x0000000094d00000|100%| O|  |TAMS 0x0000000094d00000, 0x0000000094c00000| Updating 
| 333|0x0000000094d00000, 0x0000000094e00000, 0x0000000094e00000|100%| O|  |TAMS 0x0000000094e00000, 0x0000000094d00000| Updating 
| 334|0x0000000094e00000, 0x0000000094f00000, 0x0000000094f00000|100%| O|  |TAMS 0x0000000094f00000, 0x0000000094e00000| Updating 
| 335|0x0000000094f00000, 0x0000000095000000, 0x0000000095000000|100%| O|  |TAMS 0x0000000095000000, 0x0000000094f00000| Updating 
| 336|0x0000000095000000, 0x0000000095100000, 0x0000000095100000|100%| O|  |TAMS 0x0000000095100000, 0x0000000095000000| Updating 
| 337|0x0000000095100000, 0x0000000095200000, 0x0000000095200000|100%| O|  |TAMS 0x0000000095200000, 0x0000000095100000| Updating 
| 338|0x0000000095200000, 0x0000000095300000, 0x0000000095300000|100%| O|  |TAMS 0x0000000095300000, 0x0000000095200000| Untracked 
| 339|0x0000000095300000, 0x0000000095400000, 0x0000000095400000|100%| O|  |TAMS 0x0000000095400000, 0x0000000095300000| Updating 
| 340|0x0000000095400000, 0x0000000095500000, 0x0000000095500000|100%| O|  |TAMS 0x0000000095500000, 0x0000000095400000| Untracked 
| 341|0x0000000095500000, 0x0000000095600000, 0x0000000095600000|100%| O|  |TAMS 0x0000000095600000, 0x0000000095500000| Untracked 
| 342|0x0000000095600000, 0x0000000095700000, 0x0000000095700000|100%| O|  |TAMS 0x0000000095700000, 0x0000000095600000| Untracked 
| 343|0x0000000095700000, 0x0000000095800000, 0x0000000095800000|100%| O|  |TAMS 0x0000000095800000, 0x0000000095700000| Untracked 
| 344|0x0000000095800000, 0x0000000095900000, 0x0000000095900000|100%| O|  |TAMS 0x0000000095900000, 0x0000000095800000| Untracked 
| 345|0x0000000095900000, 0x0000000095a00000, 0x0000000095a00000|100%| O|  |TAMS 0x0000000095a00000, 0x0000000095900000| Untracked 
| 346|0x0000000095a00000, 0x0000000095b00000, 0x0000000095b00000|100%| O|  |TAMS 0x0000000095b00000, 0x0000000095a00000| Untracked 
| 347|0x0000000095b00000, 0x0000000095c00000, 0x0000000095c00000|100%| O|  |TAMS 0x0000000095c00000, 0x0000000095b00000| Untracked 
| 348|0x0000000095c00000, 0x0000000095d00000, 0x0000000095d00000|100%| O|  |TAMS 0x0000000095d00000, 0x0000000095c00000| Untracked 
| 349|0x0000000095d00000, 0x0000000095e00000, 0x0000000095e00000|100%| O|  |TAMS 0x0000000095e00000, 0x0000000095d00000| Untracked 
| 350|0x0000000095e00000, 0x0000000095f00000, 0x0000000095f00000|100%| O|  |TAMS 0x0000000095f00000, 0x0000000095e00000| Untracked 
| 351|0x0000000095f00000, 0x0000000096000000, 0x0000000096000000|100%| O|  |TAMS 0x0000000096000000, 0x0000000095f00000| Untracked 
| 352|0x0000000096000000, 0x0000000096100000, 0x0000000096100000|100%| O|  |TAMS 0x0000000096100000, 0x0000000096000000| Untracked 
| 353|0x0000000096100000, 0x0000000096200000, 0x0000000096200000|100%| O|  |TAMS 0x0000000096200000, 0x0000000096100000| Untracked 
| 354|0x0000000096200000, 0x0000000096300000, 0x0000000096300000|100%| O|  |TAMS 0x0000000096300000, 0x0000000096200000| Untracked 
| 355|0x0000000096300000, 0x0000000096400000, 0x0000000096400000|100%| O|  |TAMS 0x0000000096400000, 0x0000000096300000| Untracked 
| 356|0x0000000096400000, 0x0000000096500000, 0x0000000096500000|100%| O|  |TAMS 0x0000000096500000, 0x0000000096400000| Updating 
| 357|0x0000000096500000, 0x0000000096600000, 0x0000000096600000|100%| O|  |TAMS 0x0000000096600000, 0x0000000096500000| Untracked 
| 358|0x0000000096600000, 0x0000000096700000, 0x0000000096700000|100%| O|  |TAMS 0x0000000096700000, 0x0000000096600000| Updating 
| 359|0x0000000096700000, 0x0000000096800000, 0x0000000096800000|100%| O|  |TAMS 0x0000000096800000, 0x0000000096700000| Updating 
| 360|0x0000000096800000, 0x0000000096900000, 0x0000000096900000|100%| O|  |TAMS 0x0000000096900000, 0x0000000096800000| Untracked 
| 361|0x0000000096900000, 0x0000000096a00000, 0x0000000096a00000|100%| O|  |TAMS 0x0000000096a00000, 0x0000000096900000| Updating 
| 362|0x0000000096a00000, 0x0000000096b00000, 0x0000000096b00000|100%| O|  |TAMS 0x0000000096b00000, 0x0000000096a00000| Untracked 
| 363|0x0000000096b00000, 0x0000000096c00000, 0x0000000096c00000|100%| O|  |TAMS 0x0000000096c00000, 0x0000000096b00000| Untracked 
| 364|0x0000000096c00000, 0x0000000096d00000, 0x0000000096d00000|100%| O|  |TAMS 0x0000000096d00000, 0x0000000096c00000| Untracked 
| 365|0x0000000096d00000, 0x0000000096e00000, 0x0000000096e00000|100%| O|  |TAMS 0x0000000096e00000, 0x0000000096d00000| Updating 
| 366|0x0000000096e00000, 0x0000000096f00000, 0x0000000096f00000|100%| O|  |TAMS 0x0000000096f00000, 0x0000000096e00000| Untracked 
| 367|0x0000000096f00000, 0x0000000097000000, 0x0000000097000000|100%| O|  |TAMS 0x0000000097000000, 0x0000000096f00000| Untracked 
| 368|0x0000000097000000, 0x0000000097100000, 0x0000000097100000|100%| O|  |TAMS 0x0000000097100000, 0x0000000097000000| Untracked 
| 369|0x0000000097100000, 0x0000000097200000, 0x0000000097200000|100%| O|  |TAMS 0x0000000097200000, 0x0000000097100000| Untracked 
| 370|0x0000000097200000, 0x0000000097300000, 0x0000000097300000|100%| O|  |TAMS 0x0000000097300000, 0x0000000097200000| Untracked 
| 371|0x0000000097300000, 0x0000000097400000, 0x0000000097400000|100%| O|  |TAMS 0x0000000097400000, 0x0000000097300000| Untracked 
| 372|0x0000000097400000, 0x0000000097500000, 0x0000000097500000|100%| O|  |TAMS 0x0000000097500000, 0x0000000097400000| Untracked 
| 373|0x0000000097500000, 0x0000000097600000, 0x0000000097600000|100%| O|  |TAMS 0x0000000097600000, 0x0000000097500000| Untracked 
| 374|0x0000000097600000, 0x0000000097700000, 0x0000000097700000|100%| O|  |TAMS 0x0000000097700000, 0x0000000097600000| Updating 
| 375|0x0000000097700000, 0x0000000097800000, 0x0000000097800000|100%| O|  |TAMS 0x0000000097800000, 0x0000000097700000| Updating 
| 376|0x0000000097800000, 0x0000000097900000, 0x0000000097900000|100%| O|  |TAMS 0x0000000097900000, 0x0000000097800000| Updating 
| 377|0x0000000097900000, 0x0000000097a00000, 0x0000000097a00000|100%| O|  |TAMS 0x0000000097a00000, 0x0000000097900000| Untracked 
| 378|0x0000000097a00000, 0x0000000097b00000, 0x0000000097b00000|100%| O|  |TAMS 0x0000000097b00000, 0x0000000097a00000| Untracked 
| 379|0x0000000097b00000, 0x0000000097c00000, 0x0000000097c00000|100%| O|  |TAMS 0x0000000097c00000, 0x0000000097b00000| Untracked 
| 380|0x0000000097c00000, 0x0000000097d00000, 0x0000000097d00000|100%| O|  |TAMS 0x0000000097d00000, 0x0000000097c00000| Untracked 
| 381|0x0000000097d00000, 0x0000000097e00000, 0x0000000097e00000|100%| O|  |TAMS 0x0000000097e00000, 0x0000000097d00000| Updating 
| 382|0x0000000097e00000, 0x0000000097f00000, 0x0000000097f00000|100%| O|  |TAMS 0x0000000097f00000, 0x0000000097e00000| Updating 
| 383|0x0000000097f00000, 0x0000000098000000, 0x0000000098000000|100%| O|  |TAMS 0x0000000098000000, 0x0000000097f00000| Untracked 
| 384|0x0000000098000000, 0x0000000098100000, 0x0000000098100000|100%| O|  |TAMS 0x0000000098100000, 0x0000000098000000| Updating 
| 385|0x0000000098100000, 0x0000000098200000, 0x0000000098200000|100%| O|  |TAMS 0x0000000098200000, 0x0000000098100000| Untracked 
| 386|0x0000000098200000, 0x0000000098300000, 0x0000000098300000|100%| O|  |TAMS 0x0000000098300000, 0x0000000098200000| Untracked 
| 387|0x0000000098300000, 0x0000000098400000, 0x0000000098400000|100%| O|  |TAMS 0x0000000098400000, 0x0000000098300000| Untracked 
| 388|0x0000000098400000, 0x0000000098500000, 0x0000000098500000|100%| O|  |TAMS 0x0000000098500000, 0x0000000098400000| Untracked 
| 389|0x0000000098500000, 0x0000000098600000, 0x0000000098600000|100%| O|  |TAMS 0x0000000098600000, 0x0000000098500000| Untracked 
| 390|0x0000000098600000, 0x0000000098700000, 0x0000000098700000|100%| O|  |TAMS 0x0000000098700000, 0x0000000098600000| Untracked 
| 391|0x0000000098700000, 0x0000000098800000, 0x0000000098800000|100%| O|  |TAMS 0x0000000098800000, 0x0000000098700000| Untracked 
| 392|0x0000000098800000, 0x0000000098900000, 0x0000000098900000|100%| O|  |TAMS 0x0000000098900000, 0x0000000098800000| Untracked 
| 393|0x0000000098900000, 0x0000000098a00000, 0x0000000098a00000|100%| O|  |TAMS 0x0000000098a00000, 0x0000000098900000| Untracked 
| 394|0x0000000098a00000, 0x0000000098b00000, 0x0000000098b00000|100%| O|  |TAMS 0x0000000098b00000, 0x0000000098a00000| Untracked 
| 395|0x0000000098b00000, 0x0000000098c00000, 0x0000000098c00000|100%| O|  |TAMS 0x0000000098c00000, 0x0000000098b00000| Untracked 
| 396|0x0000000098c00000, 0x0000000098d00000, 0x0000000098d00000|100%| O|  |TAMS 0x0000000098d00000, 0x0000000098c00000| Untracked 
| 397|0x0000000098d00000, 0x0000000098e00000, 0x0000000098e00000|100%| O|  |TAMS 0x0000000098e00000, 0x0000000098d00000| Untracked 
| 398|0x0000000098e00000, 0x0000000098f00000, 0x0000000098f00000|100%| O|  |TAMS 0x0000000098f00000, 0x0000000098e00000| Untracked 
| 399|0x0000000098f00000, 0x0000000099000000, 0x0000000099000000|100%| O|  |TAMS 0x0000000099000000, 0x0000000098f00000| Untracked 
| 400|0x0000000099000000, 0x0000000099100000, 0x0000000099100000|100%| O|  |TAMS 0x0000000099100000, 0x0000000099000000| Untracked 
| 401|0x0000000099100000, 0x0000000099200000, 0x0000000099200000|100%| O|  |TAMS 0x0000000099200000, 0x0000000099100000| Untracked 
| 402|0x0000000099200000, 0x0000000099300000, 0x0000000099300000|100%| O|  |TAMS 0x0000000099300000, 0x0000000099200000| Untracked 
| 403|0x0000000099300000, 0x0000000099400000, 0x0000000099400000|100%| O|  |TAMS 0x0000000099400000, 0x0000000099300000| Untracked 
| 404|0x0000000099400000, 0x0000000099500000, 0x0000000099500000|100%| O|  |TAMS 0x0000000099500000, 0x0000000099400000| Untracked 
| 405|0x0000000099500000, 0x0000000099600000, 0x0000000099600000|100%| O|  |TAMS 0x0000000099600000, 0x0000000099500000| Untracked 
| 406|0x0000000099600000, 0x0000000099700000, 0x0000000099700000|100%| O|  |TAMS 0x0000000099700000, 0x0000000099600000| Untracked 
| 407|0x0000000099700000, 0x0000000099800000, 0x0000000099800000|100%| O|  |TAMS 0x0000000099800000, 0x0000000099700000| Untracked 
| 408|0x0000000099800000, 0x0000000099900000, 0x0000000099900000|100%| O|  |TAMS 0x0000000099900000, 0x0000000099800000| Updating 
| 409|0x0000000099900000, 0x0000000099a00000, 0x0000000099a00000|100%| O|  |TAMS 0x0000000099a00000, 0x0000000099900000| Untracked 
| 410|0x0000000099a00000, 0x0000000099b00000, 0x0000000099b00000|100%| O|  |TAMS 0x0000000099b00000, 0x0000000099a00000| Untracked 
| 411|0x0000000099b00000, 0x0000000099c00000, 0x0000000099c00000|100%| O|  |TAMS 0x0000000099c00000, 0x0000000099b00000| Untracked 
| 412|0x0000000099c00000, 0x0000000099d00000, 0x0000000099d00000|100%| O|  |TAMS 0x0000000099d00000, 0x0000000099c00000| Untracked 
| 413|0x0000000099d00000, 0x0000000099e00000, 0x0000000099e00000|100%|HS|  |TAMS 0x0000000099e00000, 0x0000000099d00000| Complete 
| 414|0x0000000099e00000, 0x0000000099f00000, 0x0000000099f00000|100%|HC|  |TAMS 0x0000000099f00000, 0x0000000099e00000| Complete 
| 415|0x0000000099f00000, 0x000000009a000000, 0x000000009a000000|100%| O|  |TAMS 0x000000009a000000, 0x0000000099f00000| Updating 
| 416|0x000000009a000000, 0x000000009a100000, 0x000000009a100000|100%| O|  |TAMS 0x000000009a100000, 0x000000009a000000| Untracked 
| 417|0x000000009a100000, 0x000000009a200000, 0x000000009a200000|100%| O|  |TAMS 0x000000009a200000, 0x000000009a100000| Untracked 
| 418|0x000000009a200000, 0x000000009a300000, 0x000000009a300000|100%| O|  |TAMS 0x000000009a300000, 0x000000009a200000| Untracked 
| 419|0x000000009a300000, 0x000000009a400000, 0x000000009a400000|100%| O|  |TAMS 0x000000009a400000, 0x000000009a300000| Untracked 
| 420|0x000000009a400000, 0x000000009a500000, 0x000000009a500000|100%| O|  |TAMS 0x000000009a500000, 0x000000009a400000| Untracked 
| 421|0x000000009a500000, 0x000000009a600000, 0x000000009a600000|100%| O|  |TAMS 0x000000009a600000, 0x000000009a500000| Untracked 
| 422|0x000000009a600000, 0x000000009a700000, 0x000000009a700000|100%| O|  |TAMS 0x000000009a700000, 0x000000009a600000| Untracked 
| 423|0x000000009a700000, 0x000000009a800000, 0x000000009a800000|100%| O|  |TAMS 0x000000009a800000, 0x000000009a700000| Untracked 
| 424|0x000000009a800000, 0x000000009a900000, 0x000000009a900000|100%| O|  |TAMS 0x000000009a900000, 0x000000009a800000| Untracked 
| 425|0x000000009a900000, 0x000000009aa00000, 0x000000009aa00000|100%| O|  |TAMS 0x000000009aa00000, 0x000000009a900000| Untracked 
| 426|0x000000009aa00000, 0x000000009ab00000, 0x000000009ab00000|100%| O|  |TAMS 0x000000009ab00000, 0x000000009aa00000| Untracked 
| 427|0x000000009ab00000, 0x000000009ac00000, 0x000000009ac00000|100%| O|  |TAMS 0x000000009ac00000, 0x000000009ab00000| Untracked 
| 428|0x000000009ac00000, 0x000000009ad00000, 0x000000009ad00000|100%| O|  |TAMS 0x000000009ad00000, 0x000000009ac00000| Untracked 
| 429|0x000000009ad00000, 0x000000009ae00000, 0x000000009ae00000|100%| O|  |TAMS 0x000000009ae00000, 0x000000009ad00000| Untracked 
| 430|0x000000009ae00000, 0x000000009af00000, 0x000000009af00000|100%| O|  |TAMS 0x000000009af00000, 0x000000009ae00000| Untracked 
| 431|0x000000009af00000, 0x000000009b000000, 0x000000009b000000|100%| O|  |TAMS 0x000000009b000000, 0x000000009af00000| Untracked 
| 432|0x000000009b000000, 0x000000009b100000, 0x000000009b100000|100%| O|  |TAMS 0x000000009b100000, 0x000000009b000000| Untracked 
| 433|0x000000009b100000, 0x000000009b200000, 0x000000009b200000|100%| O|  |TAMS 0x000000009b200000, 0x000000009b100000| Untracked 
| 434|0x000000009b200000, 0x000000009b300000, 0x000000009b300000|100%| O|  |TAMS 0x000000009b300000, 0x000000009b200000| Untracked 
| 435|0x000000009b300000, 0x000000009b400000, 0x000000009b400000|100%| O|  |TAMS 0x000000009b400000, 0x000000009b300000| Untracked 
| 436|0x000000009b400000, 0x000000009b500000, 0x000000009b500000|100%| O|  |TAMS 0x000000009b500000, 0x000000009b400000| Updating 
| 437|0x000000009b500000, 0x000000009b600000, 0x000000009b600000|100%| O|  |TAMS 0x000000009b600000, 0x000000009b500000| Untracked 
| 438|0x000000009b600000, 0x000000009b700000, 0x000000009b700000|100%| O|  |TAMS 0x000000009b700000, 0x000000009b600000| Untracked 
| 439|0x000000009b700000, 0x000000009b800000, 0x000000009b800000|100%| O|  |TAMS 0x000000009b800000, 0x000000009b700000| Untracked 
| 440|0x000000009b800000, 0x000000009b900000, 0x000000009b900000|100%| O|  |TAMS 0x000000009b900000, 0x000000009b800000| Untracked 
| 441|0x000000009b900000, 0x000000009ba00000, 0x000000009ba00000|100%| O|  |TAMS 0x000000009ba00000, 0x000000009b900000| Untracked 
| 442|0x000000009ba00000, 0x000000009bb00000, 0x000000009bb00000|100%| O|  |TAMS 0x000000009bb00000, 0x000000009ba00000| Untracked 
| 443|0x000000009bb00000, 0x000000009bc00000, 0x000000009bc00000|100%| O|  |TAMS 0x000000009bc00000, 0x000000009bb00000| Untracked 
| 444|0x000000009bc00000, 0x000000009bd00000, 0x000000009bd00000|100%| O|  |TAMS 0x000000009bd00000, 0x000000009bc00000| Updating 
| 445|0x000000009bd00000, 0x000000009be00000, 0x000000009be00000|100%| O|  |TAMS 0x000000009be00000, 0x000000009bd00000| Updating 
| 446|0x000000009be00000, 0x000000009bf00000, 0x000000009bf00000|100%| O|  |TAMS 0x000000009bf00000, 0x000000009be00000| Untracked 
| 447|0x000000009bf00000, 0x000000009c000000, 0x000000009c000000|100%| O|  |TAMS 0x000000009c000000, 0x000000009bf00000| Updating 
| 448|0x000000009c000000, 0x000000009c100000, 0x000000009c100000|100%| O|  |TAMS 0x000000009c100000, 0x000000009c000000| Updating 
| 449|0x000000009c100000, 0x000000009c200000, 0x000000009c200000|100%| O|  |TAMS 0x000000009c200000, 0x000000009c100000| Untracked 
| 450|0x000000009c200000, 0x000000009c300000, 0x000000009c300000|100%| O|  |TAMS 0x000000009c300000, 0x000000009c200000| Untracked 
| 451|0x000000009c300000, 0x000000009c400000, 0x000000009c400000|100%| O|  |TAMS 0x000000009c400000, 0x000000009c300000| Untracked 
| 452|0x000000009c400000, 0x000000009c500000, 0x000000009c500000|100%| O|  |TAMS 0x000000009c500000, 0x000000009c400000| Untracked 
| 453|0x000000009c500000, 0x000000009c600000, 0x000000009c600000|100%| O|  |TAMS 0x000000009c600000, 0x000000009c500000| Untracked 
| 454|0x000000009c600000, 0x000000009c700000, 0x000000009c700000|100%| O|  |TAMS 0x000000009c700000, 0x000000009c600000| Untracked 
| 455|0x000000009c700000, 0x000000009c800000, 0x000000009c800000|100%| O|  |TAMS 0x000000009c800000, 0x000000009c700000| Untracked 
| 456|0x000000009c800000, 0x000000009c900000, 0x000000009c900000|100%| O|  |TAMS 0x000000009c900000, 0x000000009c800000| Untracked 
| 457|0x000000009c900000, 0x000000009ca00000, 0x000000009ca00000|100%| O|  |TAMS 0x000000009ca00000, 0x000000009c900000| Updating 
| 458|0x000000009ca00000, 0x000000009cb00000, 0x000000009cb00000|100%| O|  |TAMS 0x000000009cb00000, 0x000000009ca00000| Updating 
| 459|0x000000009cb00000, 0x000000009cc00000, 0x000000009cc00000|100%| O|  |TAMS 0x000000009cc00000, 0x000000009cb00000| Updating 
| 460|0x000000009cc00000, 0x000000009cd00000, 0x000000009cd00000|100%| O|  |TAMS 0x000000009cd00000, 0x000000009cc00000| Untracked 
| 461|0x000000009cd00000, 0x000000009ce00000, 0x000000009ce00000|100%| O|  |TAMS 0x000000009ce00000, 0x000000009cd00000| Updating 
| 462|0x000000009ce00000, 0x000000009cf00000, 0x000000009cf00000|100%|HS|  |TAMS 0x000000009cf00000, 0x000000009ce00000| Complete 
| 463|0x000000009cf00000, 0x000000009d000000, 0x000000009d000000|100%|HC|  |TAMS 0x000000009d000000, 0x000000009cf00000| Complete 
| 464|0x000000009d000000, 0x000000009d100000, 0x000000009d100000|100%|HC|  |TAMS 0x000000009d100000, 0x000000009d000000| Complete 
| 465|0x000000009d100000, 0x000000009d200000, 0x000000009d200000|100%|HC|  |TAMS 0x000000009d200000, 0x000000009d100000| Complete 
| 466|0x000000009d200000, 0x000000009d300000, 0x000000009d300000|100%|HC|  |TAMS 0x000000009d300000, 0x000000009d200000| Complete 
| 467|0x000000009d300000, 0x000000009d400000, 0x000000009d400000|100%|HS|  |TAMS 0x000000009d300000, 0x000000009d300000| Complete 
| 468|0x000000009d400000, 0x000000009d500000, 0x000000009d500000|100%|HC|  |TAMS 0x000000009d400000, 0x000000009d400000| Complete 
| 469|0x000000009d500000, 0x000000009d600000, 0x000000009d600000|100%|HC|  |TAMS 0x000000009d500000, 0x000000009d500000| Complete 
| 470|0x000000009d600000, 0x000000009d700000, 0x000000009d700000|100%|HC|  |TAMS 0x000000009d600000, 0x000000009d600000| Complete 
| 471|0x000000009d700000, 0x000000009d800000, 0x000000009d800000|100%|HC|  |TAMS 0x000000009d700000, 0x000000009d700000| Complete 
| 472|0x000000009d800000, 0x000000009d800000, 0x000000009d900000|  0%| F|  |TAMS 0x000000009d800000, 0x000000009d800000| Untracked 
| 473|0x000000009d900000, 0x000000009d900000, 0x000000009da00000|  0%| F|  |TAMS 0x000000009d900000, 0x000000009d900000| Untracked 
| 474|0x000000009da00000, 0x000000009da00000, 0x000000009db00000|  0%| F|  |TAMS 0x000000009da00000, 0x000000009da00000| Untracked 
| 475|0x000000009db00000, 0x000000009db00000, 0x000000009dc00000|  0%| F|  |TAMS 0x000000009db00000, 0x000000009db00000| Untracked 
| 476|0x000000009dc00000, 0x000000009dc00000, 0x000000009dd00000|  0%| F|  |TAMS 0x000000009dc00000, 0x000000009dc00000| Untracked 
| 477|0x000000009dd00000, 0x000000009dd00000, 0x000000009de00000|  0%| F|  |TAMS 0x000000009dd00000, 0x000000009dd00000| Untracked 
| 478|0x000000009de00000, 0x000000009de00000, 0x000000009df00000|  0%| F|  |TAMS 0x000000009de00000, 0x000000009de00000| Untracked 
| 479|0x000000009df00000, 0x000000009df00000, 0x000000009e000000|  0%| F|  |TAMS 0x000000009df00000, 0x000000009df00000| Untracked 
| 480|0x000000009e000000, 0x000000009e100000, 0x000000009e100000|100%| O|  |TAMS 0x000000009e100000, 0x000000009e000000| Untracked 
| 481|0x000000009e100000, 0x000000009e200000, 0x000000009e200000|100%| O|  |TAMS 0x000000009e200000, 0x000000009e100000| Untracked 
| 482|0x000000009e200000, 0x000000009e300000, 0x000000009e300000|100%| O|  |TAMS 0x000000009e300000, 0x000000009e200000| Updating 
| 483|0x000000009e300000, 0x000000009e400000, 0x000000009e400000|100%| O|  |TAMS 0x000000009e400000, 0x000000009e300000| Updating 
| 484|0x000000009e400000, 0x000000009e43b400, 0x000000009e500000| 23%| O|  |TAMS 0x000000009e43b400, 0x000000009e400000| Updating 
| 485|0x000000009e500000, 0x000000009e500000, 0x000000009e600000|  0%| F|  |TAMS 0x000000009e500000, 0x000000009e500000| Untracked 
| 486|0x000000009e600000, 0x000000009e600000, 0x000000009e700000|  0%| F|  |TAMS 0x000000009e600000, 0x000000009e600000| Untracked 
| 487|0x000000009e700000, 0x000000009e700000, 0x000000009e800000|  0%| F|  |TAMS 0x000000009e700000, 0x000000009e700000| Untracked 
| 488|0x000000009e800000, 0x000000009e800000, 0x000000009e900000|  0%| F|  |TAMS 0x000000009e800000, 0x000000009e800000| Untracked 
| 489|0x000000009e900000, 0x000000009e900000, 0x000000009ea00000|  0%| F|  |TAMS 0x000000009e900000, 0x000000009e900000| Untracked 
| 490|0x000000009ea00000, 0x000000009ea00000, 0x000000009eb00000|  0%| F|  |TAMS 0x000000009ea00000, 0x000000009ea00000| Untracked 
| 491|0x000000009eb00000, 0x000000009eb00000, 0x000000009ec00000|  0%| F|  |TAMS 0x000000009eb00000, 0x000000009eb00000| Untracked 
| 492|0x000000009ec00000, 0x000000009ec00000, 0x000000009ed00000|  0%| F|  |TAMS 0x000000009ec00000, 0x000000009ec00000| Untracked 
| 493|0x000000009ed00000, 0x000000009ed00000, 0x000000009ee00000|  0%| F|  |TAMS 0x000000009ed00000, 0x000000009ed00000| Untracked 
| 494|0x000000009ee00000, 0x000000009ee00000, 0x000000009ef00000|  0%| F|  |TAMS 0x000000009ee00000, 0x000000009ee00000| Untracked 
| 495|0x000000009ef00000, 0x000000009ef00000, 0x000000009f000000|  0%| F|  |TAMS 0x000000009ef00000, 0x000000009ef00000| Untracked 
| 496|0x000000009f000000, 0x000000009f000000, 0x000000009f100000|  0%| F|  |TAMS 0x000000009f000000, 0x000000009f000000| Untracked 
| 497|0x000000009f100000, 0x000000009f100000, 0x000000009f200000|  0%| F|  |TAMS 0x000000009f100000, 0x000000009f100000| Untracked 
| 498|0x000000009f200000, 0x000000009f200000, 0x000000009f300000|  0%| F|  |TAMS 0x000000009f200000, 0x000000009f200000| Untracked 
| 499|0x000000009f300000, 0x000000009f300000, 0x000000009f400000|  0%| F|  |TAMS 0x000000009f300000, 0x000000009f300000| Untracked 
| 500|0x000000009f400000, 0x000000009f400000, 0x000000009f500000|  0%| F|  |TAMS 0x000000009f400000, 0x000000009f400000| Untracked 
| 501|0x000000009f500000, 0x000000009f500000, 0x000000009f600000|  0%| F|  |TAMS 0x000000009f500000, 0x000000009f500000| Untracked 
| 502|0x000000009f600000, 0x000000009f600000, 0x000000009f700000|  0%| F|  |TAMS 0x000000009f600000, 0x000000009f600000| Untracked 
| 503|0x000000009f700000, 0x000000009f700000, 0x000000009f800000|  0%| F|  |TAMS 0x000000009f700000, 0x000000009f700000| Untracked 
| 504|0x000000009f800000, 0x000000009f800000, 0x000000009f900000|  0%| F|  |TAMS 0x000000009f800000, 0x000000009f800000| Untracked 
| 505|0x000000009f900000, 0x000000009f900000, 0x000000009fa00000|  0%| F|  |TAMS 0x000000009f900000, 0x000000009f900000| Untracked 
| 506|0x000000009fa00000, 0x000000009fa00000, 0x000000009fb00000|  0%| F|  |TAMS 0x000000009fa00000, 0x000000009fa00000| Untracked 
| 507|0x000000009fb00000, 0x000000009fb00000, 0x000000009fc00000|  0%| F|  |TAMS 0x000000009fb00000, 0x000000009fb00000| Untracked 
| 508|0x000000009fc00000, 0x000000009fc00000, 0x000000009fd00000|  0%| F|  |TAMS 0x000000009fc00000, 0x000000009fc00000| Untracked 
| 509|0x000000009fd00000, 0x000000009fd00000, 0x000000009fe00000|  0%| F|  |TAMS 0x000000009fd00000, 0x000000009fd00000| Untracked 
| 510|0x000000009fe00000, 0x000000009fe00000, 0x000000009ff00000|  0%| F|  |TAMS 0x000000009fe00000, 0x000000009fe00000| Untracked 
| 511|0x000000009ff00000, 0x000000009ff00000, 0x00000000a0000000|  0%| F|  |TAMS 0x000000009ff00000, 0x000000009ff00000| Untracked 
| 512|0x00000000a0000000, 0x00000000a0000000, 0x00000000a0100000|  0%| F|  |TAMS 0x00000000a0000000, 0x00000000a0000000| Untracked 
| 513|0x00000000a0100000, 0x00000000a0100000, 0x00000000a0200000|  0%| F|  |TAMS 0x00000000a0100000, 0x00000000a0100000| Untracked 
| 514|0x00000000a0200000, 0x00000000a0200000, 0x00000000a0300000|  0%| F|  |TAMS 0x00000000a0200000, 0x00000000a0200000| Untracked 
| 515|0x00000000a0300000, 0x00000000a0300000, 0x00000000a0400000|  0%| F|  |TAMS 0x00000000a0300000, 0x00000000a0300000| Untracked 
| 516|0x00000000a0400000, 0x00000000a0400000, 0x00000000a0500000|  0%| F|  |TAMS 0x00000000a0400000, 0x00000000a0400000| Untracked 
| 517|0x00000000a0500000, 0x00000000a0500000, 0x00000000a0600000|  0%| F|  |TAMS 0x00000000a0500000, 0x00000000a0500000| Untracked 
| 518|0x00000000a0600000, 0x00000000a0600000, 0x00000000a0700000|  0%| F|  |TAMS 0x00000000a0600000, 0x00000000a0600000| Untracked 
| 519|0x00000000a0700000, 0x00000000a0700000, 0x00000000a0800000|  0%| F|  |TAMS 0x00000000a0700000, 0x00000000a0700000| Untracked 
| 520|0x00000000a0800000, 0x00000000a0800000, 0x00000000a0900000|  0%| F|  |TAMS 0x00000000a0800000, 0x00000000a0800000| Untracked 
| 521|0x00000000a0900000, 0x00000000a0900000, 0x00000000a0a00000|  0%| F|  |TAMS 0x00000000a0900000, 0x00000000a0900000| Untracked 
| 522|0x00000000a0a00000, 0x00000000a0a00000, 0x00000000a0b00000|  0%| F|  |TAMS 0x00000000a0a00000, 0x00000000a0a00000| Untracked 
| 523|0x00000000a0b00000, 0x00000000a0b00000, 0x00000000a0c00000|  0%| F|  |TAMS 0x00000000a0b00000, 0x00000000a0b00000| Untracked 
| 524|0x00000000a0c00000, 0x00000000a0c00000, 0x00000000a0d00000|  0%| F|  |TAMS 0x00000000a0c00000, 0x00000000a0c00000| Untracked 
| 525|0x00000000a0d00000, 0x00000000a0d00000, 0x00000000a0e00000|  0%| F|  |TAMS 0x00000000a0d00000, 0x00000000a0d00000| Untracked 
| 526|0x00000000a0e00000, 0x00000000a0e00000, 0x00000000a0f00000|  0%| F|  |TAMS 0x00000000a0e00000, 0x00000000a0e00000| Untracked 
| 527|0x00000000a0f00000, 0x00000000a0f00000, 0x00000000a1000000|  0%| F|  |TAMS 0x00000000a0f00000, 0x00000000a0f00000| Untracked 
| 528|0x00000000a1000000, 0x00000000a10e1ed0, 0x00000000a1100000| 88%| E|  |TAMS 0x00000000a1000000, 0x00000000a1000000| Complete 
| 529|0x00000000a1100000, 0x00000000a1200000, 0x00000000a1200000|100%| E|CS|TAMS 0x00000000a1100000, 0x00000000a1100000| Complete 
| 530|0x00000000a1200000, 0x00000000a1300000, 0x00000000a1300000|100%| E|CS|TAMS 0x00000000a1200000, 0x00000000a1200000| Complete 
| 531|0x00000000a1300000, 0x00000000a1400000, 0x00000000a1400000|100%| E|CS|TAMS 0x00000000a1300000, 0x00000000a1300000| Complete 
| 532|0x00000000a1400000, 0x00000000a1500000, 0x00000000a1500000|100%| E|CS|TAMS 0x00000000a1400000, 0x00000000a1400000| Complete 
| 533|0x00000000a1500000, 0x00000000a1600000, 0x00000000a1600000|100%| E|CS|TAMS 0x00000000a1500000, 0x00000000a1500000| Complete 
| 534|0x00000000a1600000, 0x00000000a1700000, 0x00000000a1700000|100%| E|CS|TAMS 0x00000000a1600000, 0x00000000a1600000| Complete 
| 535|0x00000000a1700000, 0x00000000a1800000, 0x00000000a1800000|100%| E|CS|TAMS 0x00000000a1700000, 0x00000000a1700000| Complete 
| 536|0x00000000a1800000, 0x00000000a1900000, 0x00000000a1900000|100%| E|CS|TAMS 0x00000000a1800000, 0x00000000a1800000| Complete 
| 537|0x00000000a1900000, 0x00000000a1a00000, 0x00000000a1a00000|100%| E|CS|TAMS 0x00000000a1900000, 0x00000000a1900000| Complete 
| 538|0x00000000a1a00000, 0x00000000a1b00000, 0x00000000a1b00000|100%| E|CS|TAMS 0x00000000a1a00000, 0x00000000a1a00000| Complete 
| 539|0x00000000a1b00000, 0x00000000a1c00000, 0x00000000a1c00000|100%| E|CS|TAMS 0x00000000a1b00000, 0x00000000a1b00000| Complete 
| 540|0x00000000a1c00000, 0x00000000a1d00000, 0x00000000a1d00000|100%| E|CS|TAMS 0x00000000a1c00000, 0x00000000a1c00000| Complete 
| 541|0x00000000a1d00000, 0x00000000a1e00000, 0x00000000a1e00000|100%| E|CS|TAMS 0x00000000a1d00000, 0x00000000a1d00000| Complete 
| 542|0x00000000a1e00000, 0x00000000a1f00000, 0x00000000a1f00000|100%| E|CS|TAMS 0x00000000a1e00000, 0x00000000a1e00000| Complete 
| 543|0x00000000a1f00000, 0x00000000a1fc1e20, 0x00000000a2000000| 75%| S|CS|TAMS 0x00000000a1f00000, 0x00000000a1f00000| Complete 
| 544|0x00000000a2000000, 0x00000000a2100000, 0x00000000a2100000|100%| E|CS|TAMS 0x00000000a2000000, 0x00000000a2000000| Complete 

Card table byte_map: [0x0000025cbbc60000,0x0000025cbc060000] _byte_map_base: 0x0000025cbb860000

Marking Bits (Prev, Next): (CMBitMap*) 0x0000025ca4aa9870, (CMBitMap*) 0x0000025ca4aa98b0
 Prev Bits: [0x0000025cbc460000, 0x0000025cbe460000)
 Next Bits: [0x0000025cbe460000, 0x0000025cc0460000)

Polling page: 0x0000025ca2710000

Metaspace:

Usage:
  Non-class:    118.65 MB used.
      Class:     18.54 MB used.
       Both:    137.19 MB used.

Virtual space:
  Non-class space:      128.00 MB reserved,     119.81 MB ( 94%) committed,  2 nodes.
      Class space:      416.00 MB reserved,      19.56 MB (  5%) committed,  1 nodes.
             Both:      544.00 MB reserved,     139.38 MB ( 26%) committed. 

Chunk freelists:
   Non-Class:  8.17 MB
       Class:  12.33 MB
        Both:  20.50 MB

MaxMetaspaceSize: 512.00 MB
CompressedClassSpaceSize: 416.00 MB
Initial GC threshold: 21.00 MB
Current GC threshold: 206.38 MB
CDS: on
MetaspaceReclaimPolicy: balanced
 - commit_granule_bytes: 65536.
 - commit_granule_words: 8192.
 - virtual_space_node_default_size: 8388608.
 - enlarge_chunks_in_place: 1.
 - new_chunks_are_fully_committed: 0.
 - uncommit_free_chunks: 1.
 - use_allocation_guard: 0.
 - handle_deallocations: 1.


Internal statistics:

num_allocs_failed_limit: 18.
num_arena_births: 3424.
num_arena_deaths: 4.
num_vsnodes_births: 3.
num_vsnodes_deaths: 0.
num_space_committed: 2229.
num_space_uncommitted: 0.
num_chunks_returned_to_freelist: 29.
num_chunks_taken_from_freelist: 10290.
num_chunk_merges: 17.
num_chunk_splits: 6360.
num_chunks_enlarged: 3560.
num_inconsistent_stats: 0.

CodeHeap 'non-profiled nmethods': size=120000Kb used=20678Kb max_used=20685Kb free=99321Kb
 bounds [0x0000025cb3dd0000, 0x0000025cb5230000, 0x0000025cbb300000]
CodeHeap 'profiled nmethods': size=120000Kb used=41463Kb max_used=41741Kb free=78536Kb
 bounds [0x0000025cac300000, 0x0000025caebe0000, 0x0000025cb3830000]
CodeHeap 'non-nmethods': size=5760Kb used=1859Kb max_used=1926Kb free=3900Kb
 bounds [0x0000025cb3830000, 0x0000025cb3aa0000, 0x0000025cb3dd0000]
 total_blobs=22759 nmethods=21800 adapters=868
 compilation: enabled
              stopped_count=0, restarted_count=0
 full_count=0

Compilation events (20 events):
Event: 106.239 Thread 0x0000025cc312eb80 28259       2       java.io.ObjectOutputStream$ReplaceTable::<init> (26 bytes)
Event: 106.240 Thread 0x0000025cc312eb80 nmethod 28259 0x0000025cae128e10 code [0x0000025cae128fc0, 0x0000025cae1292c8]
Event: 106.240 Thread 0x0000025cc312eb80 28260       2       java.io.ObjectOutputStream::writeStreamHeader (19 bytes)
Event: 106.240 Thread 0x0000025cc312eb80 nmethod 28260 0x0000025caeabca90 code [0x0000025caeabcc40, 0x0000025caeabcd98]
Event: 106.242 Thread 0x0000025cc312eb80 28264       2       java.io.ObjectOutputStream::defaultWriteObject (54 bytes)
Event: 106.242 Thread 0x0000025ce8358f00 nmethod 28227 0x0000025cb4c23710 code [0x0000025cb4c23980, 0x0000025cb4c25fd0]
Event: 106.243 Thread 0x0000025ce8358f00 28231 %     4       java.util.Arrays::fill @ 10 (28 bytes)
Event: 106.243 Thread 0x0000025cc312eb80 nmethod 28264 0x0000025caead9810 code [0x0000025caead9a00, 0x0000025caead9d48]
Event: 106.243 Thread 0x0000025cc312eb80 28266       2       java.io.ObjectOutputStream::close (16 bytes)
Event: 106.244 Thread 0x0000025cc312eb80 nmethod 28266 0x0000025caead8d90 code [0x0000025caead8fa0, 0x0000025caead92f8]
Event: 106.245 Thread 0x0000025cc312eb80 28267       2       java.io.ObjectOutputStream::clear (15 bytes)
Event: 106.246 Thread 0x0000025cc312eb80 nmethod 28267 0x0000025cae4ad310 code [0x0000025cae4ad500, 0x0000025cae4ad8e8]
Event: 106.246 Thread 0x0000025cc312eb80 28272       2       org.gradle.internal.instantiation.generator.AbstractClassGenerator$DslMixInPropertyType::visitInstanceMethod (100 bytes)
Event: 106.248 Thread 0x0000025cc312eb80 nmethod 28272 0x0000025cae4acc10 code [0x0000025cae4ace00, 0x0000025cae4ad158]
Event: 106.248 Thread 0x0000025cc312eb80 28268       2       java.io.ObjectOutputStream$ReplaceTable::clear (24 bytes)
Event: 106.250 Thread 0x0000025cc312eb80 nmethod 28268 0x0000025caea82d10 code [0x0000025caea82ee0, 0x0000025caea83248]
Event: 106.250 Thread 0x0000025cc312eb80 28269       2       java.io.ObjectOutputStream$BlockDataOutputStream::close (12 bytes)
Event: 106.250 Thread 0x0000025cc312eb80 nmethod 28269 0x0000025cae9fd810 code [0x0000025cae9fd9c0, 0x0000025cae9fdb48]
Event: 106.250 Thread 0x0000025cc312eb80 28270   !   2       org.gradle.internal.snapshot.impl.AbstractValueProcessor::javaSerialized (69 bytes)
Event: 106.252 Thread 0x0000025cc312eb80 nmethod 28270 0x0000025caea87e90 code [0x0000025caea881a0, 0x0000025caea88c38]

GC Heap History (20 events):
Event: 97.548 GC heap before
{Heap before GC invocations=128 (full 0):
 garbage-first heap   total 558080K, used 478657K [0x0000000080000000, 0x0000000100000000)
  region size 1024K, 86 young (88064K), 6 survivors (6144K)
 Metaspace       used 138124K, committed 140352K, reserved 557056K
  class space    used 18780K, committed 19840K, reserved 425984K
}
Event: 97.557 GC heap after
{Heap after GC invocations=129 (full 0):
 garbage-first heap   total 558080K, used 399167K [0x0000000080000000, 0x0000000100000000)
  region size 1024K, 7 young (7168K), 7 survivors (7168K)
 Metaspace       used 138124K, committed 140352K, reserved 557056K
  class space    used 18780K, committed 19840K, reserved 425984K
}
Event: 98.893 GC heap before
{Heap before GC invocations=129 (full 0):
 garbage-first heap   total 558080K, used 480063K [0x0000000080000000, 0x0000000100000000)
  region size 1024K, 87 young (89088K), 7 survivors (7168K)
 Metaspace       used 138714K, committed 140928K, reserved 557056K
  class space    used 18845K, committed 19904K, reserved 425984K
}
Event: 98.903 GC heap after
{Heap after GC invocations=130 (full 0):
 garbage-first heap   total 558080K, used 401293K [0x0000000080000000, 0x0000000100000000)
  region size 1024K, 7 young (7168K), 7 survivors (7168K)
 Metaspace       used 138714K, committed 140928K, reserved 557056K
  class space    used 18845K, committed 19904K, reserved 425984K
}
Event: 100.491 GC heap before
{Heap before GC invocations=130 (full 0):
 garbage-first heap   total 558080K, used 484237K [0x0000000080000000, 0x0000000100000000)
  region size 1024K, 86 young (88064K), 7 survivors (7168K)
 Metaspace       used 139805K, committed 142016K, reserved 557056K
  class space    used 18960K, committed 20032K, reserved 425984K
}
Event: 100.508 GC heap after
{Heap after GC invocations=131 (full 0):
 garbage-first heap   total 558080K, used 426023K [0x0000000080000000, 0x0000000100000000)
  region size 1024K, 11 young (11264K), 11 survivors (11264K)
 Metaspace       used 139805K, committed 142016K, reserved 557056K
  class space    used 18960K, committed 20032K, reserved 425984K
}
Event: 101.831 GC heap before
{Heap before GC invocations=131 (full 0):
 garbage-first heap   total 558080K, used 476199K [0x0000000080000000, 0x0000000100000000)
  region size 1024K, 52 young (53248K), 11 survivors (11264K)
 Metaspace       used 139948K, committed 142208K, reserved 557056K
  class space    used 18960K, committed 20032K, reserved 425984K
}
Event: 101.862 GC heap after
{Heap after GC invocations=132 (full 0):
 garbage-first heap   total 558080K, used 447388K [0x0000000080000000, 0x0000000100000000)
  region size 1024K, 7 young (7168K), 7 survivors (7168K)
 Metaspace       used 139948K, committed 142208K, reserved 557056K
  class space    used 18960K, committed 20032K, reserved 425984K
}
Event: 102.508 GC heap before
{Heap before GC invocations=132 (full 0):
 garbage-first heap   total 558080K, used 474012K [0x0000000080000000, 0x0000000100000000)
  region size 1024K, 33 young (33792K), 7 survivors (7168K)
 Metaspace       used 139980K, committed 142208K, reserved 557056K
  class space    used 18960K, committed 20032K, reserved 425984K
}
Event: 102.521 GC heap after
{Heap after GC invocations=133 (full 0):
 garbage-first heap   total 558080K, used 461604K [0x0000000080000000, 0x0000000100000000)
  region size 1024K, 5 young (5120K), 5 survivors (5120K)
 Metaspace       used 139980K, committed 142208K, reserved 557056K
  class space    used 18960K, committed 20032K, reserved 425984K
}
Event: 103.644 GC heap before
{Heap before GC invocations=133 (full 0):
 garbage-first heap   total 558080K, used 491300K [0x0000000080000000, 0x0000000100000000)
  region size 1024K, 27 young (27648K), 5 survivors (5120K)
 Metaspace       used 140195K, committed 142400K, reserved 557056K
  class space    used 18971K, committed 20032K, reserved 425984K
}
Event: 103.658 GC heap after
{Heap after GC invocations=134 (full 0):
 garbage-first heap   total 558080K, used 465060K [0x0000000080000000, 0x0000000100000000)
  region size 1024K, 3 young (3072K), 3 survivors (3072K)
 Metaspace       used 140195K, committed 142400K, reserved 557056K
  class space    used 18971K, committed 20032K, reserved 425984K
}
Event: 104.586 GC heap before
{Heap before GC invocations=134 (full 0):
 garbage-first heap   total 558080K, used 489636K [0x0000000080000000, 0x0000000100000000)
  region size 1024K, 27 young (27648K), 3 survivors (3072K)
 Metaspace       used 140216K, committed 142464K, reserved 557056K
  class space    used 18971K, committed 20032K, reserved 425984K
}
Event: 104.599 GC heap after
{Heap after GC invocations=135 (full 0):
 garbage-first heap   total 558080K, used 469460K [0x0000000080000000, 0x0000000100000000)
  region size 1024K, 4 young (4096K), 4 survivors (4096K)
 Metaspace       used 140216K, committed 142464K, reserved 557056K
  class space    used 18971K, committed 20032K, reserved 425984K
}
Event: 105.514 GC heap before
{Heap before GC invocations=135 (full 0):
 garbage-first heap   total 558080K, used 493012K [0x0000000080000000, 0x0000000100000000)
  region size 1024K, 27 young (27648K), 4 survivors (4096K)
 Metaspace       used 140256K, committed 142464K, reserved 557056K
  class space    used 18974K, committed 20032K, reserved 425984K
}
Event: 105.528 GC heap after
{Heap after GC invocations=136 (full 0):
 garbage-first heap   total 558080K, used 476758K [0x0000000080000000, 0x0000000100000000)
  region size 1024K, 4 young (4096K), 4 survivors (4096K)
 Metaspace       used 140256K, committed 142464K, reserved 557056K
  class space    used 18974K, committed 20032K, reserved 425984K
}
Event: 105.661 GC heap before
{Heap before GC invocations=136 (full 0):
 garbage-first heap   total 558080K, used 497238K [0x0000000080000000, 0x0000000100000000)
  region size 1024K, 8 young (8192K), 4 survivors (4096K)
 Metaspace       used 140256K, committed 142464K, reserved 557056K
  class space    used 18974K, committed 20032K, reserved 425984K
}
Event: 105.668 GC heap after
{Heap after GC invocations=137 (full 0):
 garbage-first heap   total 558080K, used 486797K [0x0000000080000000, 0x0000000100000000)
  region size 1024K, 2 young (2048K), 2 survivors (2048K)
 Metaspace       used 140256K, committed 142464K, reserved 557056K
  class space    used 18974K, committed 20032K, reserved 425984K
}
Event: 105.674 GC heap before
{Heap before GC invocations=137 (full 0):
 garbage-first heap   total 558080K, used 491917K [0x0000000080000000, 0x0000000100000000)
  region size 1024K, 3 young (3072K), 2 survivors (2048K)
 Metaspace       used 140256K, committed 142464K, reserved 557056K
  class space    used 18974K, committed 20032K, reserved 425984K
}
Event: 105.677 GC heap after
{Heap after GC invocations=138 (full 0):
 garbage-first heap   total 558080K, used 483316K [0x0000000080000000, 0x0000000100000000)
  region size 1024K, 1 young (1024K), 1 survivors (1024K)
 Metaspace       used 140256K, committed 142464K, reserved 557056K
  class space    used 18974K, committed 20032K, reserved 425984K
}

Deoptimization events (20 events):
Event: 105.644 Thread 0x0000025ce4a77460 DEOPT PACKING pc=0x0000025cad8096f8 sp=0x000000d01b3f9c70
Event: 105.644 Thread 0x0000025ce4a77460 DEOPT UNPACKING pc=0x0000025cb3882b43 sp=0x000000d01b3f9180 mode 0
Event: 105.645 Thread 0x0000025ce4a77460 DEOPT PACKING pc=0x0000025cad8096f8 sp=0x000000d01b3f9c70
Event: 105.645 Thread 0x0000025ce4a77460 DEOPT UNPACKING pc=0x0000025cb3882b43 sp=0x000000d01b3f9180 mode 0
Event: 105.647 Thread 0x0000025ce4a77460 DEOPT PACKING pc=0x0000025cad8096f8 sp=0x000000d01b3f9c70
Event: 105.647 Thread 0x0000025ce4a77460 DEOPT UNPACKING pc=0x0000025cb3882b43 sp=0x000000d01b3f9180 mode 0
Event: 105.648 Thread 0x0000025ce4a77460 DEOPT PACKING pc=0x0000025cad8096f8 sp=0x000000d01b3f9c70
Event: 105.648 Thread 0x0000025ce4a77460 DEOPT UNPACKING pc=0x0000025cb3882b43 sp=0x000000d01b3f9180 mode 0
Event: 105.649 Thread 0x0000025ce4a77460 DEOPT PACKING pc=0x0000025cad8096f8 sp=0x000000d01b3fa000
Event: 105.649 Thread 0x0000025ce4a77460 DEOPT UNPACKING pc=0x0000025cb3882b43 sp=0x000000d01b3f9510 mode 0
Event: 105.651 Thread 0x0000025ce4a77460 DEOPT PACKING pc=0x0000025cad8096f8 sp=0x000000d01b3f9c70
Event: 105.652 Thread 0x0000025ce4a77460 DEOPT UNPACKING pc=0x0000025cb3882b43 sp=0x000000d01b3f9180 mode 0
Event: 105.655 Thread 0x0000025ce4a77460 DEOPT PACKING pc=0x0000025cad8096f8 sp=0x000000d01b3f9c70
Event: 105.655 Thread 0x0000025ce4a77460 DEOPT UNPACKING pc=0x0000025cb3882b43 sp=0x000000d01b3f9180 mode 0
Event: 105.659 Thread 0x0000025ce4a77460 DEOPT PACKING pc=0x0000025cad8096f8 sp=0x000000d01b3f9c70
Event: 105.659 Thread 0x0000025ce4a77460 DEOPT UNPACKING pc=0x0000025cb3882b43 sp=0x000000d01b3f9180 mode 0
Event: 105.660 Thread 0x0000025ce4a77460 Uncommon trap: trap_request=0xffffff45 fr.pc=0x0000025cb4c41ee8 relative=0x00000000000075c8
Event: 105.660 Thread 0x0000025ce4a77460 Uncommon trap: reason=unstable_if action=reinterpret pc=0x0000025cb4c41ee8 method=com.android.utils.XmlUtils.append(Lcom/android/utils/XmlUtils$PositionAwareStringBuilder;Lorg/w3c/dom/Node;Ljava/util/Map;Ljava/util/Set;)V @ 516 c2
Event: 105.660 Thread 0x0000025ce4a77460 DEOPT PACKING pc=0x0000025cb4c41ee8 sp=0x000000d01b3fa200
Event: 105.661 Thread 0x0000025ce4a77460 DEOPT UNPACKING pc=0x0000025cb38823a3 sp=0x000000d01b3fa1d8 mode 2

Classes unloaded (16 events):
Event: 63.314 Thread 0x0000025cc30fc2f0 Unloading class 0x0000025cc60d53e8 '_BuildScript_$_run_closure1$_closure4'
Event: 63.314 Thread 0x0000025cc30fc2f0 Unloading class 0x0000025cc60d5000 '_BuildScript_$_run_closure1$_closure3'
Event: 63.314 Thread 0x0000025cc30fc2f0 Unloading class 0x0000025cc60d48e0 '_BuildScript_$_run_closure1$_closure2'
Event: 63.314 Thread 0x0000025cc30fc2f0 Unloading class 0x0000025cc60d44f8 '_BuildScript_$_run_closure1'
Event: 63.314 Thread 0x0000025cc30fc2f0 Unloading class 0x0000025cc60d4000 '_BuildScript_'
Event: 106.276 Thread 0x0000025cc30fc2f0 Unloading class 0x0000025cc6202bb8 '_BuildScript_$_run_closure3'
Event: 106.277 Thread 0x0000025cc30fc2f0 Unloading class 0x0000025cc62027d0 '_BuildScript_$_run_closure2$_closure10'
Event: 106.277 Thread 0x0000025cc30fc2f0 Unloading class 0x0000025cc62023e8 '_BuildScript_$_run_closure2'
Event: 106.277 Thread 0x0000025cc30fc2f0 Unloading class 0x0000025cc6202000 '_BuildScript_$_run_closure1$_closure7$_closure9'
Event: 106.277 Thread 0x0000025cc30fc2f0 Unloading class 0x0000025cc6201bb8 '_BuildScript_$_run_closure1$_closure7'
Event: 106.277 Thread 0x0000025cc30fc2f0 Unloading class 0x0000025cc62017d0 '_BuildScript_$_run_closure1$_closure6'
Event: 106.277 Thread 0x0000025cc30fc2f0 Unloading class 0x0000025cc62013e8 '_BuildScript_$_run_closure1$_closure5$_closure8'
Event: 106.277 Thread 0x0000025cc30fc2f0 Unloading class 0x0000025cc6201000 '_BuildScript_$_run_closure1$_closure5'
Event: 106.277 Thread 0x0000025cc30fc2f0 Unloading class 0x0000025cc62008f8 '_BuildScript_$_run_closure1$_closure4'
Event: 106.277 Thread 0x0000025cc30fc2f0 Unloading class 0x0000025cc6200510 '_BuildScript_$_run_closure1'
Event: 106.277 Thread 0x0000025cc30fc2f0 Unloading class 0x0000025cc6200000 '_BuildScript_'

Classes redefined (0 events):
No events

Internal exceptions (20 events):
Event: 102.968 Thread 0x0000025ce4a77460 Exception <a 'sun/nio/fs/WindowsException'{0x00000000a12333a8}> (0x00000000a12333a8) 
thrown [s\open\src\hotspot\share\prims\jni.cpp, line 516]
Event: 102.968 Thread 0x0000025ce4a77460 Exception <a 'sun/nio/fs/WindowsException'{0x00000000a1233888}> (0x00000000a1233888) 
thrown [s\open\src\hotspot\share\prims\jni.cpp, line 516]
Event: 102.971 Thread 0x0000025ce4a77460 Exception <a 'sun/nio/fs/WindowsException'{0x00000000a1235570}> (0x00000000a1235570) 
thrown [s\open\src\hotspot\share\prims\jni.cpp, line 516]
Event: 102.971 Thread 0x0000025ce4a77460 Exception <a 'sun/nio/fs/WindowsException'{0x00000000a12359e8}> (0x00000000a12359e8) 
thrown [s\open\src\hotspot\share\prims\jni.cpp, line 516]
Event: 102.972 Thread 0x0000025ce4a77460 Exception <a 'sun/nio/fs/WindowsException'{0x00000000a1238610}> (0x00000000a1238610) 
thrown [s\open\src\hotspot\share\prims\jni.cpp, line 516]
Event: 102.972 Thread 0x0000025ce4a77460 Exception <a 'sun/nio/fs/WindowsException'{0x00000000a1238af0}> (0x00000000a1238af0) 
thrown [s\open\src\hotspot\share\prims\jni.cpp, line 516]
Event: 102.973 Thread 0x0000025ce4a77460 Exception <a 'sun/nio/fs/WindowsException'{0x00000000a123a7d8}> (0x00000000a123a7d8) 
thrown [s\open\src\hotspot\share\prims\jni.cpp, line 516]
Event: 102.973 Thread 0x0000025ce4a77460 Exception <a 'sun/nio/fs/WindowsException'{0x00000000a123ac50}> (0x00000000a123ac50) 
thrown [s\open\src\hotspot\share\prims\jni.cpp, line 516]
Event: 102.974 Thread 0x0000025ce4a77460 Exception <a 'sun/nio/fs/WindowsException'{0x00000000a123d808}> (0x00000000a123d808) 
thrown [s\open\src\hotspot\share\prims\jni.cpp, line 516]
Event: 102.974 Thread 0x0000025ce4a77460 Exception <a 'sun/nio/fs/WindowsException'{0x00000000a123dcb8}> (0x00000000a123dcb8) 
thrown [s\open\src\hotspot\share\prims\jni.cpp, line 516]
Event: 103.000 Thread 0x0000025ce4a77460 Exception <a 'sun/nio/fs/WindowsException'{0x00000000a123f998}> (0x00000000a123f998) 
thrown [s\open\src\hotspot\share\prims\jni.cpp, line 516]
Event: 103.001 Thread 0x0000025ce4a77460 Exception <a 'sun/nio/fs/WindowsException'{0x00000000a123fdf8}> (0x00000000a123fdf8) 
thrown [s\open\src\hotspot\share\prims\jni.cpp, line 516]
Event: 105.539 Thread 0x0000025ce4a77460 Implicit null exception at 0x0000025cb4c3b3f2 to 0x0000025cb4c41ec4
Event: 105.540 Thread 0x0000025ce4a77460 Implicit null exception at 0x0000025cb4c3b3f2 to 0x0000025cb4c41ec4
Event: 105.660 Thread 0x0000025ce4a77460 Implicit null exception at 0x0000025cb4c3b3f2 to 0x0000025cb4c41ec4
Event: 105.903 Thread 0x0000025ce4a77460 Exception <a 'java/lang/NoSuchMethodError'{0x00000000a1ef57f0}: static Lcom/android/ide/common/resources/CompileResourceRequest;.<clinit>()V> (0x00000000a1ef57f0) 
thrown [s\open\src\hotspot\share\prims\jni.cpp, line 1112]
Event: 105.906 Thread 0x0000025ce4a77460 Exception <a 'java/lang/NoSuchMethodError'{0x00000000a1d0cfe0}: static Ljava/lang/Object;.<clinit>()V> (0x00000000a1d0cfe0) 
thrown [s\open\src\hotspot\share\prims\jni.cpp, line 1112]
Event: 105.908 Thread 0x0000025ce4a77460 Exception <a 'java/lang/NoSuchMethodError'{0x00000000a1d1ee98}: static Ljava/lang/Object;.<clinit>()V> (0x00000000a1d1ee98) 
thrown [s\open\src\hotspot\share\prims\jni.cpp, line 1112]
Event: 105.911 Thread 0x0000025ce4a77460 Exception <a 'java/lang/NoSuchMethodError'{0x00000000a1d30b98}: static Ljava/lang/Object;.<clinit>()V> (0x00000000a1d30b98) 
thrown [s\open\src\hotspot\share\prims\jni.cpp, line 1112]
Event: 105.993 Thread 0x0000025ce4a77460 Exception <a 'java/lang/NoSuchMethodError'{0x00000000a1cc92a8}: static Lkotlin/InitializedLazyImpl;.<clinit>()V> (0x00000000a1cc92a8) 
thrown [s\open\src\hotspot\share\prims\jni.cpp, line 1112]

VM Operations (20 events):
Event: 101.723 Executing VM operation: HandshakeAllThreads done
Event: 101.831 Executing VM operation: G1CollectForAllocation
Event: 101.863 Executing VM operation: G1CollectForAllocation done
Event: 102.169 Executing VM operation: HandshakeAllThreads
Event: 102.170 Executing VM operation: HandshakeAllThreads done
Event: 102.507 Executing VM operation: G1CollectForAllocation
Event: 102.521 Executing VM operation: G1CollectForAllocation done
Event: 103.017 Executing VM operation: HandshakeAllThreads
Event: 103.017 Executing VM operation: HandshakeAllThreads done
Event: 103.632 Executing VM operation: G1CollectForAllocation
Event: 103.659 Executing VM operation: G1CollectForAllocation done
Event: 104.586 Executing VM operation: G1CollectForAllocation
Event: 104.599 Executing VM operation: G1CollectForAllocation done
Event: 105.513 Executing VM operation: G1CollectForAllocation
Event: 105.533 Executing VM operation: G1CollectForAllocation done
Event: 105.661 Executing VM operation: G1TryInitiateConcMark
Event: 105.668 Executing VM operation: G1TryInitiateConcMark done
Event: 105.673 Executing VM operation: G1TryInitiateConcMark
Event: 105.677 Executing VM operation: G1TryInitiateConcMark done
Event: 106.253 Executing VM operation: G1Concurrent

Events (20 events):
Event: 102.226 Thread 0x0000025cc3142dd0 flushing nmethod 0x0000025caeaec590
Event: 102.226 Thread 0x0000025cc3142dd0 flushing nmethod 0x0000025caeaef090
Event: 102.226 Thread 0x0000025cc3142dd0 flushing nmethod 0x0000025caeaf1010
Event: 103.019 loading class com/sun/org/apache/xerces/internal/dom/DOMImplementationImpl
Event: 103.020 loading class org/w3c/dom/DOMImplementation
Event: 103.020 loading class org/w3c/dom/DOMImplementation done
Event: 103.020 loading class com/sun/org/apache/xerces/internal/dom/CoreDOMImplementationImpl
Event: 103.020 loading class org/w3c/dom/ls/DOMImplementationLS
Event: 103.021 loading class org/w3c/dom/ls/DOMImplementationLS done
Event: 103.021 loading class com/sun/org/apache/xerces/internal/dom/CoreDOMImplementationImpl done
Event: 103.021 loading class com/sun/org/apache/xerces/internal/dom/DOMImplementationImpl done
Event: 103.021 loading class com/sun/org/apache/xerces/internal/dom/DeferredDOMImplementationImpl
Event: 103.021 loading class com/sun/org/apache/xerces/internal/dom/DeferredDOMImplementationImpl done
Event: 104.563 Thread 0x0000025cef4132c0 Thread exited: 0x0000025cef4132c0
Event: 104.575 Thread 0x0000025ce835a990 Thread exited: 0x0000025ce835a990
Event: 104.649 Thread 0x0000025cef4132c0 Thread added: 0x0000025cef4132c0
Event: 104.691 Thread 0x0000025ce8358f00 Thread added: 0x0000025ce8358f00
Event: 106.088 Thread 0x0000025ce5c5b020 Thread added: 0x0000025ce5c5b020
Event: 106.222 Thread 0x0000025ce5c5ab10 Thread added: 0x0000025ce5c5ab10
Event: 106.245 Thread 0x0000025cf1440a30 Thread added: 0x0000025cf1440a30


Dynamic libraries:
0x00007ff6d2bf0000 - 0x00007ff6d2c00000 	C:\Program Files\Java\jdk-17\bin\java.exe
0x00007ffe88bc0000 - 0x00007ffe88e27000 	C:\WINDOWS\SYSTEM32\ntdll.dll
0x00007ffe877b0000 - 0x00007ffe87879000 	C:\WINDOWS\System32\KERNEL32.DLL
0x00007ffe85490000 - 0x00007ffe85884000 	C:\WINDOWS\System32\KERNELBASE.dll
0x00007ffe86710000 - 0x00007ffe8685b000 	C:\WINDOWS\System32\ucrtbase.dll
0x00007ffe51c00000 - 0x00007ffe51c1b000 	C:\Program Files\Java\jdk-17\bin\VCRUNTIME140.dll
0x00007ffe5fea0000 - 0x00007ffe5feb9000 	C:\Program Files\Java\jdk-17\bin\jli.dll
0x00007ffe87480000 - 0x00007ffe87536000 	C:\WINDOWS\System32\ADVAPI32.dll
0x00007ffe88570000 - 0x00007ffe88619000 	C:\WINDOWS\System32\msvcrt.dll
0x00007ffe86be0000 - 0x00007ffe86c87000 	C:\WINDOWS\System32\sechost.dll
0x00007ffe875e0000 - 0x00007ffe876f8000 	C:\WINDOWS\System32\RPCRT4.dll
0x00007ffe88620000 - 0x00007ffe887e5000 	C:\WINDOWS\System32\USER32.dll
0x00007ffe62620000 - 0x00007ffe628b3000 	C:\WINDOWS\WinSxS\amd64_microsoft.windows.common-controls_6595b64144ccf1df_6.0.26100.8115_none_3e075c82e3354f9c\COMCTL32.dll
0x00007ffe86860000 - 0x00007ffe86887000 	C:\WINDOWS\System32\win32u.dll
0x00007ffe88430000 - 0x00007ffe8845b000 	C:\WINDOWS\System32\GDI32.dll
0x00007ffe85a00000 - 0x00007ffe85b2b000 	C:\WINDOWS\System32\gdi32full.dll
0x00007ffe86660000 - 0x00007ffe86703000 	C:\WINDOWS\System32\msvcp_win.dll
0x00007ffe79bc0000 - 0x00007ffe79bcb000 	C:\WINDOWS\SYSTEM32\VERSION.dll
0x00007ffe87b70000 - 0x00007ffe87ba2000 	C:\WINDOWS\System32\IMM32.DLL
0x00007ffe7d990000 - 0x00007ffe7d99c000 	C:\Program Files\Java\jdk-17\bin\vcruntime140_1.dll
0x00007ffe3ec90000 - 0x00007ffe3ed1e000 	C:\Program Files\Java\jdk-17\bin\msvcp140.dll
0x00007ffd93640000 - 0x00007ffd94220000 	C:\Program Files\Java\jdk-17\bin\server\jvm.dll
0x00007ffe87c00000 - 0x00007ffe87c08000 	C:\WINDOWS\System32\PSAPI.DLL
0x00007ffe717d0000 - 0x00007ffe71806000 	C:\WINDOWS\SYSTEM32\WINMM.dll
0x00007ffe50880000 - 0x00007ffe5088a000 	C:\WINDOWS\SYSTEM32\WSOCK32.dll
0x00007ffe87550000 - 0x00007ffe875d0000 	C:\WINDOWS\System32\WS2_32.dll
0x00007ffe84220000 - 0x00007ffe8423b000 	C:\WINDOWS\SYSTEM32\kernel.appcore.dll
0x00007ffe7ab40000 - 0x00007ffe7ab4a000 	C:\Program Files\Java\jdk-17\bin\jimage.dll
0x00007ffe833f0000 - 0x00007ffe83632000 	C:\WINDOWS\SYSTEM32\DBGHELP.DLL
0x00007ffe887f0000 - 0x00007ffe88b72000 	C:\WINDOWS\System32\combase.dll
0x00007ffe87a90000 - 0x00007ffe87b68000 	C:\WINDOWS\System32\OLEAUT32.dll
0x00007ffe61e10000 - 0x00007ffe61e4b000 	C:\WINDOWS\SYSTEM32\dbgcore.DLL
0x00007ffe85cb0000 - 0x00007ffe85d55000 	C:\WINDOWS\System32\bcryptPrimitives.dll
0x00007ffe4fe00000 - 0x00007ffe4fe0e000 	C:\Program Files\Java\jdk-17\bin\instrument.dll
0x00007ffe3ec60000 - 0x00007ffe3ec85000 	C:\Program Files\Java\jdk-17\bin\java.dll
0x00007ffddc190000 - 0x00007ffddc267000 	C:\Program Files\Java\jdk-17\bin\jsvml.dll
0x00007ffe86d10000 - 0x00007ffe87477000 	C:\WINDOWS\System32\SHELL32.dll
0x00007ffe85890000 - 0x00007ffe859fa000 	C:\WINDOWS\System32\wintypes.dll
0x00007ffe85d60000 - 0x00007ffe865c8000 	C:\WINDOWS\System32\windows.storage.dll
0x00007ffe88130000 - 0x00007ffe88228000 	C:\WINDOWS\System32\SHCORE.dll
0x00007ffe86b70000 - 0x00007ffe86bd6000 	C:\WINDOWS\System32\shlwapi.dll
0x00007ffe853b0000 - 0x00007ffe853d9000 	C:\WINDOWS\SYSTEM32\profapi.dll
0x00007ffe4f870000 - 0x00007ffe4f888000 	C:\Program Files\Java\jdk-17\bin\zip.dll
0x00007ffe50500000 - 0x00007ffe50519000 	C:\Program Files\Java\jdk-17\bin\net.dll
0x00007ffe7b290000 - 0x00007ffe7b3bd000 	C:\WINDOWS\SYSTEM32\WINHTTP.dll
0x00007ffe84800000 - 0x00007ffe8486c000 	C:\WINDOWS\system32\mswsock.dll
0x00007ffe4fc40000 - 0x00007ffe4fc56000 	C:\Program Files\Java\jdk-17\bin\nio.dll
0x00007ffe51970000 - 0x00007ffe51980000 	C:\Program Files\Java\jdk-17\bin\verify.dll
0x00007ffe08cb0000 - 0x00007ffe08cd7000 	C:\Users\Rohit\.gradle\native\1def1411415f61bf3af743bc5b6707747c0891f09f0c88961ee8f79bc544acac\windows-amd64\native-platform.dll
0x00007ffe02770000 - 0x00007ffe027e7000 	C:\Users\Rohit\.gradle\native\0.2.8\x86_64-windows-gnu\gradle-fileevents.dll
0x00007ffe5fe90000 - 0x00007ffe5fe9a000 	C:\Program Files\Java\jdk-17\bin\management.dll
0x00007ffe519c0000 - 0x00007ffe519cb000 	C:\Program Files\Java\jdk-17\bin\management_ext.dll
0x00007ffe83c50000 - 0x00007ffe83c82000 	C:\WINDOWS\SYSTEM32\IPHLPAPI.DLL
0x00007ffe87c10000 - 0x00007ffe87c1a000 	C:\WINDOWS\System32\NSI.dll
0x00007ffe7cae0000 - 0x00007ffe7cafd000 	C:\WINDOWS\SYSTEM32\dhcpcsvc6.DLL
0x00007ffe7cab0000 - 0x00007ffe7cad5000 	C:\WINDOWS\SYSTEM32\dhcpcsvc.DLL
0x00007ffe83cf0000 - 0x00007ffe83e22000 	C:\WINDOWS\SYSTEM32\DNSAPI.dll
0x00007ffe84af0000 - 0x00007ffe84b0b000 	C:\WINDOWS\SYSTEM32\CRYPTSP.dll
0x00007ffe84180000 - 0x00007ffe841b9000 	C:\WINDOWS\system32\rsaenh.dll
0x00007ffe848b0000 - 0x00007ffe848e3000 	C:\WINDOWS\SYSTEM32\USERENV.dll
0x00007ffe85380000 - 0x00007ffe853aa000 	C:\WINDOWS\SYSTEM32\bcrypt.dll
0x00007ffe84ae0000 - 0x00007ffe84aec000 	C:\WINDOWS\SYSTEM32\CRYPTBASE.dll
0x00007ffe4f8c0000 - 0x00007ffe4f8ce000 	C:\Program Files\Java\jdk-17\bin\sunmscapi.dll
0x00007ffe85b30000 - 0x00007ffe85ca7000 	C:\WINDOWS\System32\CRYPT32.dll
0x00007ffe84db0000 - 0x00007ffe84de0000 	C:\WINDOWS\SYSTEM32\ncrypt.dll
0x00007ffe84d60000 - 0x00007ffe84d9f000 	C:\WINDOWS\SYSTEM32\NTASN1.dll
0x00007ffe62a40000 - 0x00007ffe62a48000 	C:\WINDOWS\system32\wshunix.dll
0x00007ffe7c120000 - 0x00007ffe7c12b000 	C:\Windows\System32\rasadhlp.dll
0x00007ffe7cba0000 - 0x00007ffe7cc26000 	C:\WINDOWS\System32\fwpuclnt.dll
0x00007ffe84340000 - 0x00007ffe84376000 	C:\WINDOWS\SYSTEM32\ntmarta.dll

dbghelp: loaded successfully - version: 4.0.5 - missing functions: none
symbol engine: initialized successfully - sym options: 0x614 - pdb path: .;C:\Program Files\Java\jdk-17\bin;C:\WINDOWS\SYSTEM32;C:\WINDOWS\WinSxS\amd64_microsoft.windows.common-controls_6595b64144ccf1df_6.0.26100.8115_none_3e075c82e3354f9c;C:\Program Files\Java\jdk-17\bin\server;C:\Users\Rohit\.gradle\native\1def1411415f61bf3af743bc5b6707747c0891f09f0c88961ee8f79bc544acac\windows-amd64;C:\Users\Rohit\.gradle\native\0.2.8\x86_64-windows-gnu

VM Arguments:
jvm_args: --add-opens=java.base/java.lang=ALL-UNNAMED --add-opens=java.base/java.lang.invoke=ALL-UNNAMED --add-opens=java.base/java.util=ALL-UNNAMED --add-opens=java.prefs/java.util.prefs=ALL-UNNAMED --add-exports=jdk.compiler/com.sun.tools.javac.api=ALL-UNNAMED --add-exports=jdk.compiler/com.sun.tools.javac.util=ALL-UNNAMED --add-opens=java.base/java.util=ALL-UNNAMED --add-opens=java.prefs/java.util.prefs=ALL-UNNAMED --add-opens=java.base/java.nio.charset=ALL-UNNAMED --add-opens=java.base/java.net=ALL-UNNAMED --add-opens=java.base/java.util.concurrent=ALL-UNNAMED --add-opens=java.base/java.util.concurrent.atomic=ALL-UNNAMED --add-opens=java.xml/javax.xml.namespace=ALL-UNNAMED -XX:MaxMetaspaceSize=512m -Xmx2048m -Dfile.encoding=windows-1252 -Duser.country=IN -Duser.language=en -Duser.variant -javaagent:C:\Users\Rohit\.gradle\wrapper\dists\gradle-9.0.0-bin\d6wjpkvcgsg3oed0qlfss3wgl\gradle-9.0.0\lib\agents\gradle-instrumentation-agent-9.0.0.jar 
java_command: org.gradle.launcher.daemon.bootstrap.GradleDaemon 9.0.0
java_class_path (initial): C:\Users\Rohit\.gradle\wrapper\dists\gradle-9.0.0-bin\d6wjpkvcgsg3oed0qlfss3wgl\gradle-9.0.0\lib\gradle-daemon-main-9.0.0.jar
Launcher Type: SUN_STANDARD

[Global flags]
     intx CICompilerCount                          = 4                                         {product} {ergonomic}
   size_t CompressedClassSpaceSize                 = 436207616                                 {product} {ergonomic}
     uint ConcGCThreads                            = 3                                         {product} {ergonomic}
     uint G1ConcRefinementThreads                  = 10                                        {product} {ergonomic}
   size_t G1HeapRegionSize                         = 1048576                                   {product} {ergonomic}
    uintx GCDrainStackTargetSize                   = 64                                        {product} {ergonomic}
   size_t InitialHeapSize                          = 264241152                                 {product} {ergonomic}
   size_t MarkStackSize                            = 4194304                                   {product} {ergonomic}
   size_t MaxHeapSize                              = 2147483648                                {product} {command line}
   size_t MaxMetaspaceSize                         = 536870912                                 {product} {command line}
   size_t MaxNewSize                               = 1287651328                                {product} {ergonomic}
   size_t MinHeapDeltaBytes                        = 1048576                                   {product} {ergonomic}
   size_t MinHeapSize                              = 8388608                                   {product} {ergonomic}
    uintx NonNMethodCodeHeapSize                   = 5839372                                {pd product} {ergonomic}
    uintx NonProfiledCodeHeapSize                  = 122909434                              {pd product} {ergonomic}
    uintx ProfiledCodeHeapSize                     = 122909434                              {pd product} {ergonomic}
    uintx ReservedCodeCacheSize                    = 251658240                              {pd product} {ergonomic}
     bool SegmentedCodeCache                       = true                                      {product} {ergonomic}
   size_t SoftMaxHeapSize                          = 2147483648                             {manageable} {ergonomic}
     bool UseCompressedClassPointers               = true                           {product lp64_product} {ergonomic}
     bool UseCompressedOops                        = true                           {product lp64_product} {ergonomic}
     bool UseG1GC                                  = true                                      {product} {ergonomic}
     bool UseLargePagesIndividualAllocation        = false                                  {pd product} {ergonomic}

Logging:
Log output configuration:
 #0: stdout all=warning uptime,level,tags
 #1: stderr all=off uptime,level,tags

Environment Variables:
JAVA_HOME=C:\Program Files\Java\jdk-17
PATH=D:\my project\main project\FootFlex\forntend\node_modules\.bin;D:\my project\main project\FootFlex\forntend\node_modules\.bin;D:\my project\main project\FootFlex\node_modules\.bin;D:\my project\main project\node_modules\.bin;D:\my project\node_modules\.bin;D:\node_modules\.bin;C:\Program Files\nodejs\node_modules\npm\node_modules\@npmcli\run-script\lib\node-gyp-bin;c:\Users\Rohit\AppData\Roaming\Code\User\globalStorage\github.copilot-chat\debugCommand;c:\Users\Rohit\AppData\Roaming\Code\User\globalStorage\github.copilot-chat\copilotCli;C:\Users\Rohit\AppData\Local\Programs\Microsoft VS Code;C:\Program Files\Java\jdk-17\bin;C:\Program Files\Common Files\Oracle\Java\javapath;C:\oraclexe\app\oracle\product\10.2.0\server\bin;C:\windows\system32;C:\windows;C:\windows\System32\Wbem;C:\windows\System32\WindowsPowerShell\v1.0\;C:\windows\System32\OpenSSH\;C:\Program Files (x86)\NVIDIA Corporation\PhysX\Common;C:\Program Files\NVIDIA Corporation\NVIDIA NvDLISR;C:\Users\Administrator\AppData\Local\Microsoft\WindowsApps;C:\Program Files\HP\OMEN-Broadcast\Common;C:\ProgramData\chocolatey\bin;C:\Program Files\nodejs\;C:\xampp\php;C:\ProgramData\ComposerSetup\bin;C:\Program Files\Git\cmd;C:\Program Files\Microsoft SQL Server\150\Tools\Binn\;C:\Program Files\Microsoft SQL Server\Client SDK\ODBC\170\Tools\Binn\;C:\Program Files\dotnet\;%SystemRoot%\system32;%SystemRoot%;%SystemRoot%\System32\Wbem;%SYSTEMROOT%\System32\WindowsPowerShell\v1.0\;%SYSTEMROOT%\System32\OpenSSH\;C:\Users\Rohit\AppData\Local\Programs\Python\Python313\Scripts\;C:\Users\Rohit\AppData\Local\Programs\Python\Python313\;C:\Users\Rohit\AppData\Local\Microsoft\WindowsApps;C:\Users\Rohit\AppData\Local\Programs\Microsoft VS Code\bin;C:\Program Files\Java\jdk-17\bin;D:\Android\Flutter\SDK\flutter\bin;C:\Users\Rohit\AppData\Local\GitHubDesktop\bin;C:\Users\Rohit\AppData\Roaming\npm;C:\Users\Rohit\AppData\Local\Android\Sdk;C:\Users\Rohit\AppData\Roaming\Composer\vendor\bin;C:\Users\Rohit\.dotnet\tools;C:\Program File
USERNAME=Rohit
LANG=en_US.UTF-8
OS=Windows_NT
PROCESSOR_IDENTIFIER=Intel64 Family 6 Model 186 Stepping 2, GenuineIntel



---------------  S Y S T E M  ---------------

OS:
 Windows 11 , 64 bit Build 26100 (10.0.26100.8246)
OS uptime: 0 days 6:12 hours
Hyper-V role detected

CPU: total 12 (initial active 12) (6 cores per cpu, 2 threads per core) family 6 model 186 stepping 2 microcode 0x4122, cx8, cmov, fxsr, ht, mmx, 3dnowpref, sse, sse2, sse3, ssse3, sse4.1, sse4.2, popcnt, lzcnt, tsc, tscinvbit, avx, avx2, aes, erms, clmul, bmi1, bmi2, adx, sha, fma, vzeroupper, clflush, clflushopt, clwb, hv

Memory: 4k page, system-wide physical 16024M (1748M free)
TotalPageFile size 32408M (AvailPageFile size 181M)
current process WorkingSet (physical memory assigned to process): 1019M, peak: 1029M
current process commit charge ("private bytes"): 1072M, peak: 1354M

vm_info: Java HotSpot(TM) 64-Bit Server VM (17.0.12+8-LTS-286) for windows-amd64 JRE (17.0.12+8-LTS-286), built on Jun  5 2024 06:46:59 by "mach5one" with MS VC++ 17.6 (VS2022)

END.
